SALE TYPE,SOLD DATE,PROPERTY TYPE,ADDRESS,CITY,STATE OR PROVINCE,ZIP OR POSTAL CODE,PRICE,BEDS,BATHS,LOCATION,SQUARE FEET,LOT SIZE,YEAR BUILT,DAYS ON MARKET,$/SQUARE FEET,HOA/MONTH,STATUS,NEXT OPEN HOUSE START TIME,NEXT OPEN HOUSE END TIME,URL (SEE http://www.redfin.com/buy-a-home/comparative-market-analysis FOR INFO ON PRICING),SOURCE,MLS#,FAVORITE,INTERESTED,LATITUDE,LONGITUDE
MLS Listing,,Single Family Residential,55 Bausola Rd,Andover,CT,06232,255000,3,1.5,Andover,2304,34412,1988,15,111,,Active,,,http://www.redfin.com/CT/Andover/55-Bausola-Rd-06232/home/53792734,Smart MLS,170289336,N,Y,41.7078214,-72.3608838
MLS Listing,,Single Family Residential,101 Hutchinson Rd,Andover,CT,06232,409000,5,2.5,Andover,3450,82764,1838,30,119,,Active,,,http://www.redfin.com/CT/Andover/101-Hutchinson-Rd-06232/home/53792173,Smart MLS,170287110,N,Y,41.760814,-72.400762
MLS Listing,,Single Family Residential,68 Windrush Ln,Andover,CT,06232,274900,3,1.5,Windrush,2205,43995,1992,31,125,,Active,,,http://www.redfin.com/CT/Andover/68-Windrush-Ln-06232/home/53792003,Smart MLS,170286977,N,Y,41.7001064,-72.3814967
MLS Listing,,Vacant Land,LOT 4 Shoddy Mill Rd,Andover,CT,06232,60000,,,Andover,,160300,,79,,,Active,,,http://www.redfin.com/CT/Andover/4-Shoddy-Mill-Rd-06232/home/146439405,Smart MLS,170272716,N,Y,41.7413396,-72.3806027
MLS Listing,,Single Family Residential,102 Hendee Rd,Andover,CT,06232,289900,4,2.5,N/A,2720,73616,1983,87,107,,Active,,,http://www.redfin.com/CT/Andover/102-Hendee-Rd-06232/home/53791812,Smart MLS,170270533,N,Y,41.7607545,-72.3885251
MLS Listing,,Vacant Land,0 Shoddy Mill Rd,Andover,CT,06232,750000,,,Andover,,7059333,,93,,,Active,,,http://www.redfin.com/CT/ANDOVER/SHODDY-MILL-RD-06232/home/53792162,Smart MLS,170269769,N,Y,41.737888,-72.393876
MLS Listing,,Vacant Land,126 Shoddy Mill Rd,Andover,CT,06232,95500,,,Andover,,633362,,108,,,Active,,,http://www.redfin.com/CT/ANDOVER/126-SHODDY-MILL-RD-06232/home/53792527,Smart MLS,170265372,N,Y,41.734427,-72.396685
MLS Listing,,Single Family Residential,560 Route 6,Andover,CT,06232,149000,3,1.0,Andover,1724,201682,1948,115,86,,Active,,,http://www.redfin.com/CT/Andover/560-US-6-06232/home/53791845,Smart MLS,170263610,N,Y,41.727485,-72.352638
MLS Listing,,Vacant Land,0 Wheeling Rd,Andover,CT,06232,49900,,,Andover,,102366,,119,,,Active,,,http://www.redfin.com/CT/ANDOVER/WHEELING-RD-06232/home/105174674,Smart MLS,170262509,N,Y,41.755675,-72.363894
MLS Listing,,Single Family Residential,132 Bunker Hill Rd,Andover,CT,06232,549900,6,4.5,Andover,5742,165528,2002,119,96,,Active,,,http://www.redfin.com/CT/Andover/132-Bunker-Hill-Rd-06232/home/53791495,Smart MLS,170262473,N,Y,41.7393517,-72.3442243
MLS Listing,,Vacant Land,0 Jurovaty Rd,Andover,CT,06232,89900,,,Andover,,155944,,177,,,Active,,,http://www.redfin.com/CT/ANDOVER/JUROVATY-RD-06232/home/53791450,Smart MLS,170252170,N,Y,41.720143,-72.391204
MLS Listing,,Vacant Land,00 Lake Rd,Andover,CT,06232,74000,,,Andover,,85377,,248,,,Active,,,http://www.redfin.com/CT/ANDOVER/LAKE-RD-06232/home/53792074,Smart MLS,170231433,N,Y,41.720043,-72.352361
MLS Listing,,Vacant Land,26 Old Farms Rd,Andover,CT,06232,94900,,,Andover,,603741,,871,,,Active,,,http://www.redfin.com/CT/Andover/26-Old-Farms-Rd-06232/home/53791946,Smart MLS,L10239763,N,Y,41.755903,-72.386635
