SALE TYPE,SOLD DATE,PROPERTY TYPE,ADDRESS,CITY,STATE OR PROVINCE,ZIP OR POSTAL CODE,PRICE,BEDS,BATHS,LOCATION,SQUARE FEET,LOT SIZE,YEAR BUILT,DAYS ON MARKET,$/SQUARE FEET,HOA/MONTH,STATUS,NEXT OPEN HOUSE START TIME,NEXT OPEN HOUSE END TIME,URL (SEE http://www.redfin.com/buy-a-home/comparative-market-analysis FOR INFO ON PRICING),SOURCE,MLS#,FAVORITE,INTERESTED,LATITUDE,LONGITUDE
MLS Listing,,Single Family Residential,19 Lester St,Ansonia,CT,06401,115900,4,2.0,Ansonia,2725,11761,1900,3,43,,Active,,,http://www.redfin.com/CT/Ansonia/19-Lester-St-06401/home/54435090,Smart MLS,170292661,N,Y,41.3433385,-73.0834838
MLS Listing,,Single Family Residential,19 Spruce Ln,Ansonia,CT,06401,130000,2,1.5,Ansonia,1281,10018,1938,6,101,,Active,,,http://www.redfin.com/CT/Ansonia/19-Spruce-Ln-06401/home/54438150,Smart MLS,170289535,N,Y,41.3401483,-73.0928902
MLS Listing,,Single Family Residential,66 Benz St,Ansonia,CT,06401,159900,3,1.5,Ansonia,1144,21344,1972,15,140,,Active,,,http://www.redfin.com/CT/Ansonia/66-Benz-St-06401/home/54437603,Smart MLS,170289740,N,Y,41.3429357,-73.0560924
MLS Listing,,Single Family Residential,5 Remer St,Ansonia,CT,06401,129900,3,2.0,Ansonia,1571,26571,1930,15,83,,Active,,,http://www.redfin.com/CT/Ansonia/5-Remer-St-06401/home/54438430,Smart MLS,170290019,N,Y,41.3303889,-73.072368
MLS Listing,,Condo/Co-op,28 3rd St #19,Ansonia,CT,06401,119900,2,1.0,Ansonia,1066,,1988,20,112,189,Active,,,http://www.redfin.com/CT/Ansonia/28-3rd-St-06401/unit-19/home/54435251,Smart MLS,170285695,N,Y,41.3514617,-73.0818132
MLS Listing,,Multi-Family (2-4 Unit),27 Dwight St,Ansonia,CT,06401,285900,5,2.5,Ansonia,2815,7840,1900,24,102,,Active,,,http://www.redfin.com/CT/Ansonia/27-Dwight-St-06401/home/54434574,Smart MLS,170288221,N,Y,41.3487495,-73.0925328
MLS Listing,,Single Family Residential,14 Vose St,Ansonia,CT,06401,98800,3,1.5,Ansonia,960,5227,1923,27,103,,Active,,,http://www.redfin.com/CT/Ansonia/14-Vose-St-06401/home/54438441,Smart MLS,170287355,N,Y,41.3300922,-73.0744518
MLS Listing,,Single Family Residential,47 Woodlawn Ave,Ansonia,CT,06401,177000,4,1.5,Ansonia,1428,6098,1953,29,124,,Active,,,http://www.redfin.com/CT/Ansonia/47-Woodlawn-Ave-06401/home/54435347,Smart MLS,170287108,N,Y,41.356809,-73.0788727
MLS Listing,,Single Family Residential,2 Larovera Ter,Ansonia,CT,06401,249900,3,2.0,Ansonia,1293,8712,2001,36,193,,Active,,,http://www.redfin.com/CT/Ansonia/2-La-Rovera-Ter-06401/home/54437905,Smart MLS,170260729,N,Y,41.353514,-73.0711628
MLS Listing,,Multi-Family (2-4 Unit),42 Fifth St,Ansonia,CT,06401,659900,5,2.0,Ansonia,1787,6098,1910,39,369,,Active,,,http://www.redfin.com/CT/Ansonia/42-5th-St-06401/home/171224512,Smart MLS,170283789,N,Y,41.3532004,-73.0814549
MLS Listing,,Multi-Family (2-4 Unit),185 N Main St,Ansonia,CT,06401,659900,6,3.0,Ansonia,2203,6098,1890,39,300,,Active,,,http://www.redfin.com/CT/Ansonia/185-N-Main-St-06401/home/54435594,Smart MLS,170283787,N,Y,41.353171,-73.081332
MLS Listing,,Single Family Residential,183 N Main St,Ansonia,CT,06401,659900,3,1.0,Ansonia,1253,,1982,39,527,,Active,,,http://www.redfin.com/CT/Ansonia/183-N-Main-St-06401/home/171224373,Smart MLS,170283786,N,Y,41.3531345,-73.0812705
MLS Listing,,Single Family Residential,37 Finney St,Ansonia,CT,06401,284900,3,1.5,Ansonia,1400,15681,1959,42,204,,Active,,,http://www.redfin.com/CT/Ansonia/37-Finney-St-06401/home/54436803,Smart MLS,170284438,N,Y,41.3297357,-73.058721
MLS Listing,,Single Family Residential,14 Belleview Ter,Ansonia,CT,06401,289900,4,2.0,Hilltop,2000,8276,1960,43,145,,Active,,,http://www.redfin.com/CT/Ansonia/14-Belleview-Ter-06401/home/54438543,Smart MLS,170284637,N,Y,41.3377597,-73.0659197
MLS Listing,,Single Family Residential,28 Harris Rd,Ansonia,CT,06401,199500,3,1.0,Hilltop,900,7405,1958,48,222,,Active,,,http://www.redfin.com/CT/Ansonia/28-Harris-Rd-06401/home/54437072,Smart MLS,170281534,N,Y,41.3388438,-73.064301
MLS Listing,,Single Family Residential,123 Benz St,Ansonia,CT,06401,148900,4,3.5,Hilltop,2240,12632,1977,49,66,,Active,,,http://www.redfin.com/CT/Ansonia/123-Benz-St-06401/home/54437558,Smart MLS,170274614,N,Y,41.3339795,-73.0532793
MLS Listing,,Single Family Residential,228 Prindle Ave,Ansonia,CT,06401,239900,3,1.0,Ansonia,1062,27878,1940,51,226,,Active,,,http://www.redfin.com/CT/Ansonia/228-Prindle-Ave-06401/home/54438964,Smart MLS,170282771,N,Y,41.3392597,-73.063713
MLS Listing,,Single Family Residential,142 Rockwood Ave,Ansonia,CT,06401,214500,1,1.0,Ansonia,1554,20908,1959,55,138,,Active,,,http://www.redfin.com/CT/Ansonia/142-Rockwood-Ave-06401/home/54438719,Smart MLS,170281700,N,Y,41.3574265,-73.0718636
MLS Listing,,Single Family Residential,238 N Main St,Ansonia,CT,06401,285000,3,2.5,Ansonia,2374,13068,2004,59,120,,Active,,,http://www.redfin.com/CT/Ansonia/238-N-Main-St-06401/home/54435319,Smart MLS,170279958,N,Y,41.3555503,-73.0806249
MLS Listing,,Single Family Residential,99 Rockwood Ave,Ansonia,CT,06401,209000,3,1.0,Ansonia,1359,7405,1963,60,154,,Active,,,http://www.redfin.com/CT/Ansonia/99-Rockwood-Ave-06401/home/54436405,Smart MLS,170279649,N,Y,41.356972,-73.0737612
MLS Listing,,Single Family Residential,19 Columbia St,Ansonia,CT,06401,120900,4,2.5,Ansonia,1736,11325,1900,64,70,,Active,,,http://www.redfin.com/CT/Ansonia/19-Columbia-St-06401/home/54435133,Smart MLS,170278892,N,Y,41.3328036,-73.0760137
MLS Listing,,Single Family Residential,29 Hull St,Ansonia,CT,06401,169900,2,1.0,Ansonia,1318,9147,1955,73,129,,Active,,,http://www.redfin.com/CT/Ansonia/29-Hull-St-06401/home/54438094,Smart MLS,170275450,N,Y,41.3507503,-73.0934896
MLS Listing,,Single Family Residential,25 Pershing Dr,Ansonia,CT,06401,157000,3,2.0,Ansonia,1050,3920,1900,74,150,,Active,,,http://www.redfin.com/CT/Ansonia/25-Pershing-Dr-06401/home/54435115,Smart MLS,170275240,N,Y,41.333684,-73.084034
MLS Listing,,Vacant Land,26 Gardners Ln,Ansonia,CT,06401,299999,,,Ansonia,,601650,,94,,,Active,,,http://www.redfin.com/CT/Ansonia/26-Gardners-Ln-06401/home/106931159,Smart MLS,170269185,N,Y,41.357298,-73.076638
MLS Listing,,Vacant Land,117 Benz St,Ansonia,CT,06401,299000,,,Ansonia,,339768,,99,,,Active,,,http://www.redfin.com/CT/Ansonia/117-Benz-St-06401/home/54437556,Smart MLS,170267237,N,Y,41.3347145,-73.0536629
MLS Listing,,Single Family Residential,1 Nolan Rd,Ansonia,CT,06401,160000,2,2.0,Ansonia,1473,3920,1951,101,109,,Active,,,http://www.redfin.com/CT/Ansonia/1-Nolan-Rd-06401/home/54435218,Smart MLS,170267185,N,Y,41.3547008,-73.083576
MLS Listing,,Single Family Residential,6 Velms Dr,Ansonia,CT,06401,339900,3,2.5,Hilltop,1912,13503,1993,114,178,,Active,,,http://www.redfin.com/CT/Ansonia/6-Velms-Dr-06401/home/54437434,Smart MLS,170259825,N,Y,41.33829,-73.05738
MLS Listing,,Multi-Family (2-4 Unit),41 Rockwood Ave,Ansonia,CT,06401,199900,4,3.0,Ansonia,1824,11325,1900,142,110,,Active,,,http://www.redfin.com/CT/Ansonia/41-Rockwood-Ave-06401/home/54436308,Smart MLS,170258520,N,Y,41.3541632,-73.0763698
MLS Listing,,Single Family Residential,69 1/2 Franklin St,Ansonia,CT,06401,94900,2,1.0,Ansonia,1200,3920,1900,196,79,,Active,,,http://www.redfin.com/CT/Ansonia/69-1-2-Franklin-St-06401/home/54434654,Smart MLS,170247532,N,Y,41.3489749,-73.0887864
MLS Listing,,Vacant Land,35 Silver Hill Rd,Ansonia,CT,06401,59900,,,Ansonia,,152460,,203,,,Active,,,http://www.redfin.com/CT/Ansonia/35-Silver-Hill-Rd-06401/home/106932221,Smart MLS,170245639,N,Y,41.344193,-73.095359
MLS Listing,,Single Family Residential,6 High Acres Rd,Ansonia,CT,06401,201900,3,2.0,Hilltop,2262,10454,1940,226,89,,Active,,,http://www.redfin.com/CT/Ansonia/6-High-Acres-Rd-06401/home/54439334,Smart MLS,170238999,N,Y,41.3312728,-73.0408248
MLS Listing,,Vacant Land,24 Shortell (aka 135 Hill St) Dr,Ansonia,CT,06401,160000,,,Hilltop,,714383,,337,,,Active,,,http://www.redfin.com/CT/Ansonia/135-Hill-St-06401/home/106929062,Smart MLS,170203495,N,Y,41.3418198,-73.0650019
MLS Listing,,Single Family Residential,695 Main St,Ansonia,CT,06401,196900,3,1.0,Hilltop,2012,6969,1910,870,98,,Active,,,http://www.redfin.com/CT/Ansonia/695-Main-St-06401/home/54435135,Smart MLS,170017393,N,Y,41.3305671,-73.0768438
