SALE TYPE,SOLD DATE,PROPERTY TYPE,ADDRESS,CITY,STATE OR PROVINCE,ZIP OR POSTAL CODE,PRICE,BEDS,BATHS,LOCATION,SQUARE FEET,LOT SIZE,YEAR BUILT,DAYS ON MARKET,$/SQUARE FEET,HOA/MONTH,STATUS,NEXT OPEN HOUSE START TIME,NEXT OPEN HOUSE END TIME,URL (SEE http://www.redfin.com/buy-a-home/comparative-market-analysis FOR INFO ON PRICING),SOURCE,MLS#,FAVORITE,INTERESTED,LATITUDE,LONGITUDE
MLS Listing,,Single Family Residential,223 White Oak Way,Torrington,CT,06790,169900,3,2.5,Torrington,1505,6534,1996,1,113,70,Active,,,http://www.redfin.com/CT/Torrington/223-White-Oak-Way-06790/home/107292767,Smart MLS,170292886,N,Y,41.8594178,-73.0655806
MLS Listing,,Single Family Residential,67 Brentwood Dr,Avon,CT,06001,309000,3,3.0,Cherry Park,2320,33541,1962,1,133,,Active,,,http://www.redfin.com/CT/Avon/67-Brentwood-Dr-06001/home/136392756,Smart MLS,170291231,N,Y,41.8068997,-72.8822166
MLS Listing,,Single Family Residential,43 Old Wheeler Ct,Avon,CT,06001,575000,4,3.0,Avon,3908,36590,1988,1,147,,Active,,,http://www.redfin.com/CT/Avon/43-Old-Wheeler-Ct-06001/home/136486303,Smart MLS,170292556,N,Y,41.7939289,-72.8879852
MLS Listing,,Single Family Residential,75 School St,Avon,CT,06001,475000,4,3.0,Avon,2428,69696,2020,1,196,,Active,,,http://www.redfin.com/CT/Avon/75-School-St-06001/home/136483249,Smart MLS,170293022,N,Y,41.7996178,-72.9194759
MLS Listing,,Single Family Residential,46 Crosswood Rd,Farmington,CT,06032,369900,2,2.5,Unionville,2768,32234,1982,1,134,,Active,,,http://www.redfin.com/CT/Farmington/46-Crosswood-Rd-06032/home/54433770,Smart MLS,170292432,N,Y,41.7535127,-72.8707895
MLS Listing,,Single Family Residential,115 Winterberry Way,Torrington,CT,06790,169900,3,1.5,Arbor Ridge,1450,6534,1998,1,117,70,Active,,,http://www.redfin.com/CT/Torrington/115-Winterberry-Way-06790/home/107290196,Smart MLS,170292859,N,Y,41.8602205,-73.0659611
MLS Listing,,Single Family Residential,2 Arlington Dr,Avon,CT,06001,559000,4,3.5,Buckingham,3690,20037,2005,2,151,90,Active,,,http://www.redfin.com/CT/Avon/2-Arlington-Dr-06001/home/136426628,Smart MLS,170277795,N,Y,41.7822988,-72.9152808
MLS Listing,,Vacant Land,29 Old New Hartford Rd,Barkhamsted,CT,06063,49900,,,Barkhamsted,,199940,,2,,,Active,,,http://www.redfin.com/CT/Barkhamsted/29-Old-New-Hartford-Rd-06063/home/109667474,Smart MLS,170292177,N,Y,41.9139889,-73.0349534
MLS Listing,,Vacant Land,9 Hearthstone Dr,Barkhamsted,CT,06063,69500,,,Hearthstone Estates,,63597,,2,,,Active,,,http://www.redfin.com/CT/Barkhamsted/9-Hearthstone-Dr-06063/home/107032229,Smart MLS,170291972,N,Y,41.9015011,-73.0065554
MLS Listing,,Single Family Residential,80 Secret Lake Rd,Avon,CT,06001,160000,2,1.0,Secret Lake,736,6098,1930,2,217,31,Active,,,http://www.redfin.com/CT/Avon/80-Secret-Lake-Rd-06001/home/136404279,Smart MLS,170290701,N,Y,41.8145344,-72.8785612
MLS Listing,,Single Family Residential,101 Elizabeth Rd,New Hartford,CT,06057,389900,3,2.5,New Hartford,3011,118483,1993,2,129,,Active,,,http://www.redfin.com/CT/New-Hartford/101-Elizabeth-Dr-06057/home/107320799,Smart MLS,170290472,N,Y,41.8189437,-72.9953496
MLS Listing,,Vacant Land,358/360 W Mountain Rd,Simsbury,CT,06070,65000,,,Simsbury,,34412,,2,,,Active,,,http://www.redfin.com/CT/Simsbury/358-360-W-Mountain-RD-06070/home/169700564,Smart MLS,170292607,N,Y,41.827332,-72.866833
MLS Listing,,Single Family Residential,88 Warner Rd,Barkhamsted,CT,06063,349900,4,3.5,Barkhamsted,2145,403801,1750,3,163,,Active,,,http://www.redfin.com/CT/Barkhamsted/88-Warner-Rd-06063/home/107032969,Smart MLS,170290522,N,Y,41.8962335,-72.9417753
MLS Listing,,Condo/Co-op,1646 Farmington Ave #3,Farmington,CT,06085,112000,2,1.0,Unionville,719,,1964,3,156,265,Active,,,http://www.redfin.com/CT/Unionville/1646-Farmington-Ave-06085/unit-3/home/54427472,Smart MLS,170292821,N,Y,41.7527959,-72.873943
MLS Listing,,Single Family Residential,77 Barnes Hill Rd,Burlington,CT,06013,399900,4,2.5,Burlington,1918,61855,1968,3,208,,Active,,,http://www.redfin.com/CT/Burlington/77-Barnes-Hill-Rd-06013/home/53765667,Smart MLS,170292512,N,Y,41.7885408,-72.9348839
MLS Listing,,Single Family Residential,24 Wright Rd,Canton,CT,06019,539000,5,3.0,Canton,3521,339768,1960,4,153,,Active,,,http://www.redfin.com/CT/Collinsville/24-Wright-Rd-06019/home/106973062,Smart MLS,170292444,N,Y,41.883449,-72.898917
MLS Listing,,Single Family Residential,86 Glendale Ave,Winchester,CT,06098,195000,3,2.0,Winsted,1750,35283,1948,6,111,,Active,,,http://www.redfin.com/CT/Winsted/86-Glendale-Ave-06098/home/107324041,Smart MLS,170292046,N,Y,41.9170415,-73.0507755
MLS Listing,,Single Family Residential,169 Stone Rd,Burlington,CT,06013,337500,4,2.5,Burlington,3021,46609,1983,6,112,,Active,,,http://www.redfin.com/CT/Burlington/169-Stone-Rd-06013/home/53765598,Smart MLS,170291422,N,Y,41.7431588,-72.9369297
MLS Listing,,Single Family Residential,14 Scarborough Dr,Avon,CT,06001,929000,5,5.0,Kingswood,6372,41382,2004,6,146,,Active,,,http://www.redfin.com/CT/Avon/14-Scarborough-Dr-06001/home/136479837,Smart MLS,170280835,N,Y,41.8105285,-72.9008835
MLS Listing,,Condo/Co-op,22 Canterbury Ln #104,Avon,CT,06001,145000,2,2.0,Avon,1165,,1974,7,124,357,Active,,,http://www.redfin.com/CT/Avon/22-Canterbury-Ln-06001/unit-104/home/166624725,Smart MLS,170291763,N,Y,41.767583,-72.8793029
MLS Listing,,Single Family Residential,13 Walnut St,Farmington,CT,06085,474600,3,2.5,Unionville,2210,14810,2020,7,215,,Active,,,http://www.redfin.com/CT/Unionville/13-Walnut-St-06085/home/171492926,Smart MLS,170291108,N,Y,41.7546816,-72.8779164
MLS Listing,,Single Family Residential,73 High St,Canton,CT,06019,359000,3,1.5,Collinsville,1840,117612,1906,7,195,,Active,,,http://www.redfin.com/CT/Collinsville/73-High-St-06019/home/54007624,Smart MLS,170291433,N,Y,41.8165313,-72.9164181
MLS Listing,,Single Family Residential,93 Andrew Dr,Canton,CT,06019,449900,4,3.0,Cherry Brook,3339,178160,1999,7,135,,Active,,,http://www.redfin.com/CT/Canton/93-Andrew-Dr-06019/home/54008704,Smart MLS,170290822,N,Y,41.8837064,-72.8857605
MLS Listing,,Single Family Residential,1 Sanford Ave,Farmington,CT,06085,399900,4,3.0,Unionville,2732,19166,1910,9,146,,Active,,,http://www.redfin.com/CT/Unionville/1-Sanford-Ave-06085/home/109642643,Smart MLS,170290347,N,Y,41.7630881,-72.8888194
MLS Listing,,Single Family Residential,8 Garrett Ridge Ct,New Hartford,CT,06057,499900,3,2.0,Nepaug,1850,90169,2020,10,270,,Active,,,http://www.redfin.com/CT/New-Hartford/8-Garrett-Ridge-Ct-06057/home/144527884,Smart MLS,170290738,N,Y,41.8171795,-72.9794846
MLS Listing,,Single Family Residential,37/50 Dilliston/Aquatic Rd,New Hartford,CT,06057,279900,3,2.5,West Hill,1224,3484,2004,11,229,,Active,,,http://www.redfin.com/CT/New-Hartford/50-Dilliston-Rd-06057/home/171427669,Smart MLS,170290559,N,Y,41.8879626,-73.0344491
MLS Listing,,Single Family Residential,37 Dilliston Rd,New Hartford,CT,06057,234900,3,2.5,West Hill,1224,3484,2004,11,192,,Active,,,http://www.redfin.com/CT/New-Hartford/37-Dilliston-Rd-06057/home/107321506,Smart MLS,170290533,N,Y,41.8878691,-73.034852
MLS Listing,,Single Family Residential,291 Mountain Rd,Granby,CT,06060,359000,2,2.0,North Granby,2130,457380,1928,12,169,,Active,,,http://www.redfin.com/CT/North-Granby/291-Mountain-Rd-06060/home/54370196,Smart MLS,170288477,N,Y,41.9957635,-72.8789183
MLS Listing,,Single Family Residential,111 Craigemore Cir,Avon,CT,06001,475000,4,4.0,Avon,3606,61419,1963,14,132,,Active,,,http://www.redfin.com/CT/Avon/111-Craigemore-Cir-06001/home/136441195,Smart MLS,170289774,N,Y,41.8090608,-72.8812935
MLS Listing,,Single Family Residential,1 Julles Ct,Farmington,CT,06085,565000,4,2.5,Unionville,3319,11325,2002,14,170,58,Active,,,http://www.redfin.com/CT/Farmington/1-Julles-Ct-06085/home/171413693,Smart MLS,170289127,N,Y,41.756062,-72.896088
MLS Listing,,Vacant Land,22 Parsonage Dr,New Hartford,CT,06057,64500,,,Bakersville,,176853,,14,,,Active,,,http://www.redfin.com/CT/New-Hartford/22-Parsonage-Dr-06057/home/107322230,Smart MLS,170289606,N,Y,41.8287484,-73.0301059
MLS Listing,,Single Family Residential,330 North Rd,Harwinton,CT,06791,1000000,3,2.5,Harwinton,2297,2450685,1824,15,435,,Active,,,http://www.redfin.com/CT/Harwinton/330-N-Rd-06791/home/107254327,Smart MLS,170289777,N,Y,41.7931558,-73.0581827
MLS Listing,,Multi-Family (5+ Unit),25 Hillside Ave,Winchester,CT,06098,349000,0,,Winsted,5001,27007,1900,16,70,,Active,,,http://www.redfin.com/CT/Winsted/25-Hillside-Ave-06098/home/107607158,Smart MLS,170289739,N,Y,41.9258174,-73.0745256
MLS Listing,,Condo/Co-op,433 Dowd Ave #433,Canton,CT,06019,127000,2,1.5,Canton Center,1190,,1969,17,107,227,Active,,,http://www.redfin.com/CT/Canton/433-Dowd-Ave-06019/unit-433/home/171388216,Smart MLS,170289375,N,Y,41.8243182,-72.9042459
MLS Listing,,Single Family Residential,42 Maple Ave,Canton,CT,06019,299900,3,2.0,Collinsville,1720,19602,1860,17,174,,Active,,,http://www.redfin.com/CT/Canton/42-Maple-Ave-06019/home/54005632,Smart MLS,170289509,N,Y,41.8159992,-72.9185339
MLS Listing,,Single Family Residential,70 Sunrise Dr,Avon,CT,06001,539000,4,2.5,West Avon,2440,134077,1965,17,221,,Active,,,http://www.redfin.com/CT/Avon/70-Sunrise-Dr-06001/home/136415523,Smart MLS,170289518,N,Y,41.770466,-72.868682
MLS Listing,,Single Family Residential,51 Highview Dr,Harwinton,CT,06791,140000,3,1.5,Harwinton,1196,30056,1960,17,117,,Active,,,http://www.redfin.com/CT/Harwinton/51-Highview-Dr-06791/home/107252248,Smart MLS,170289227,N,Y,41.7774117,-73.0720746
MLS Listing,,Single Family Residential,1 Hazelnut Dr,Farmington,CT,06032,599000,3,2.5,Unionville,2718,,2011,19,220,330,Active,,,http://www.redfin.com/CT/Farmington/1-Hazelnut-Dr-06085/unit-1/home/169400453,Smart MLS,170288005,N,Y,41.725534,-72.889589
MLS Listing,,Single Family Residential,21 Lakeshore Dr,New Hartford,CT,06057,265000,3,2.0,West Hill,1344,52272,1985,20,197,,Active,,,http://www.redfin.com/CT/New-Hartford/21-Lakeshore-Dr-06057/home/107319686,Smart MLS,170288940,N,Y,41.877403,-73.0185509
MLS Listing,,Single Family Residential,63 Stagecoach Rd,Burlington,CT,06013,349999,3,1.5,Burlington Center,2234,52272,1980,21,157,,Active,,,http://www.redfin.com/CT/Burlington/63-Stagecoach-Rd-06013/home/53765722,Smart MLS,170288851,N,Y,41.7305025,-72.923681
MLS Listing,,Single Family Residential,241 Albany Tpke,Canton,CT,06019,249900,3,1.0,Canton Center,1329,42688,1940,21,188,,Active,,,http://www.redfin.com/CT/Canton/241-Albany-Tpke-06019/home/171369865,Smart MLS,170288576,N,Y,41.827978,-72.89933
MLS Listing,,Vacant Land,3 Raymond Dr,Barkhamsted,CT,06063,35000,,,Barkhamsted,,67953,,21,,,Active,,,http://www.redfin.com/CT/Barkhamsted/3-Raymond-Dr-06063/home/107033089,Smart MLS,170288557,N,Y,41.9083715,-72.9937654
MLS Listing,,Single Family Residential,89 Hunters Xing,Burlington,CT,06013,444900,4,2.5,Barnes Ridge,3522,85813,1996,23,126,,Active,,,http://www.redfin.com/CT/Burlington/Unknown-06013/home/53763899,Smart MLS,170287989,N,Y,41.790751,-72.935478
MLS Listing,,Single Family Residential,20 Hickory Knl,New Hartford,CT,06057,379900,3,2.5,New Hartford,3320,80586,1992,23,114,,Active,,,http://www.redfin.com/CT/New-Hartford/Unknown-06057/home/107321063,Smart MLS,170288031,N,Y,41.832112,-73.049146
MLS Listing,,Vacant Land,63 High Valley Dr,Canton,CT,06019,165000,,,High Valley,,284446,,23,,,Active,,,http://www.redfin.com/CT/Canton/63-High-Valley-Dr-06019/home/106973803,Smart MLS,170288138,N,Y,41.877575,-72.889795
MLS Listing,,Single Family Residential,160 Lead Mine Brook Rd,Harwinton,CT,06791,329900,4,2.5,Harwinton,2378,65340,1972,24,139,,Active,,,http://www.redfin.com/CT/Harwinton/160-Lead-Mine-Brook-Rd-06791/home/107251963,Smart MLS,170288224,N,Y,41.7920906,-73.066924
MLS Listing,,Single Family Residential,18 Strong Ter,Winchester,CT,06098,119900,3,1.0,Winchester,960,16117,1957,25,125,,Active,,,http://www.redfin.com/CT/Winsted/18-Strong-Ter-06098/home/107323572,Smart MLS,170288028,N,Y,41.9191915,-73.0573511
MLS Listing,,Single Family Residential,20 Knollwood Rd,Burlington,CT,06013,265000,3,1.5,Burlington,1728,17424,1968,25,153,,Active,,,http://www.redfin.com/CT/Burlington/20-Knollwood-Rd-06013/home/53765113,Smart MLS,170287290,N,Y,41.7269262,-72.9293529
MLS Listing,,Single Family Residential,23 Mary Dr,New Hartford,CT,06057,359900,3,2.5,New Hartford,2528,48351,1993,28,142,,Active,,,http://www.redfin.com/CT/New-Hartford/23-Mary-Dr-06057/home/107321414,Smart MLS,170260743,N,Y,41.8824088,-73.0122588
MLS Listing,,Vacant Land,Lot 14 Plymouth Rd,Harwinton,CT,06791,69900,,,Harwinton,,304920,,29,,,Active,,,http://www.redfin.com/CT/Harwinton/14-Plymouth-Rd-06791/home/167211027,Smart MLS,170287301,N,Y,41.7611368,-73.0459689
MLS Listing,,Multi-Family (2-4 Unit),126 Williams Ave,Winchester,CT,06098,74999,4,2.0,Winchester,2225,27442,1890,29,34,,Active,,,http://www.redfin.com/CT/Winsted/126-Williams-Ave-06098/home/107607456,Smart MLS,170287305,N,Y,41.9279814,-73.0725784
MLS Listing,,Vacant Land,8919 Taine Mountain Rd,Farmington,CT,06032,1740000,,,Farmington,,1481040,,30,,,Active,,,http://www.redfin.com/CT/Farmington/8919-Taine-Mountain-Rd-Unknown/home/160465930,Smart MLS,170287171,N,Y,41.760259,-72.902669
MLS Listing,,Single Family Residential,120 Reservoir Rd,Barkhamsted,CT,06063,210000,3,2.0,Barkhamsted,1930,47916,1958,34,109,,Active,,,http://www.redfin.com/CT/Barkhamsted/120-Reservoir-Rd-06063/home/107032424,Smart MLS,170286421,N,Y,41.8981319,-72.9573837
MLS Listing,,Single Family Residential,23 Rust Rd,Barkhamsted,CT,06063,527900,4,2.5,Barkhamsted,4967,141134,2003,35,106,,Active,,,http://www.redfin.com/CT/Barkhamsted/23-Rust-Rd-06063/home/107033395,Smart MLS,170286173,N,Y,41.8984157,-72.9980076
MLS Listing,,Vacant Land,17 Saddle Ridge Dr,Avon,CT,06001,275000,,,BRIDGEWATER,,70567,,35,,,Active,,,http://www.redfin.com/CT/Avon/17-Saddle-Ridge-Dr-06001/home/136440728,Smart MLS,170273813,N,Y,41.801488,-72.903559
MLS Listing,,Condo/Co-op,18 Byron Dr,Avon,CT,06001,279000,2,2.5,Avon Park South,1581,,1978,35,176,399,Active,,,http://www.redfin.com/CT/Avon/18-Byron-Dr-06001/home/136388444,Smart MLS,170283349,N,Y,41.7738305,-72.8790322
MLS Listing,,Single Family Residential,4 Highwood Xing,Burlington,CT,06013,459100,4,3.5,Burlington,5869,197762,2005,36,78,,Active,,,http://www.redfin.com/CT/Burlington/4-Highwood-Xing-06013/home/53763156,Smart MLS,170286057,N,Y,41.7680823,-72.9099161
MLS Listing,,Vacant Land,436 Town Hill Rd,New Hartford,CT,06057,244500,,,New Hartford,,1125590,,36,,,Active,,,http://www.redfin.com/CT/New-Hartford/436-Town-Hill-Rd-06057/home/148563809,Smart MLS,170285998,N,Y,41.8622674,-72.999247
MLS Listing,,Single Family Residential,107 Deepwood Dr,Avon,CT,06001,319900,4,2.5,Avon,2428,30927,1968,37,132,,Active,,,http://www.redfin.com/CT/Avon/107-Deepwood-Dr-06001/home/136459474,Smart MLS,170285935,N,Y,41.7923826,-72.9178879
MLS Listing,,Single Family Residential,41 Scarborough Dr,Avon,CT,06001,598600,4,2.5,Kingswood,3063,41164,2020,37,195,,Active,,,http://www.redfin.com/CT/Avon/41-Scarborough-Dr-06001/home/136462246,Smart MLS,170285686,N,Y,41.810362,-72.897063
MLS Listing,,Single Family Residential,127 Smith Hill Rd,Winchester,CT,06098,249900,3,2.0,Smith Hill,1680,43560,2001,37,149,,Active,,,http://www.redfin.com/CT/Winsted/127-Smith-Hill-Rd-06098/home/107324302,Smart MLS,170285365,N,Y,41.9500012,-73.0540229
MLS Listing,,Single Family Residential,11 Old Creamery Rd,Colebrook,CT,06021,107000,3,1.5,Colebrook,1301,43560,1900,37,82,,Active,,,http://www.redfin.com/CT/COLEBROOK/11-OLD-CREAMERY-RD-06021/home/107268584,Smart MLS,170285588,N,Y,41.969256,-73.038332
MLS Listing,,Single Family Residential,86 Stagecoach Rd,Avon,CT,06001,575000,4,4.0,Avon,4538,98881,1988,38,127,,Active,,,http://www.redfin.com/CT/Avon/86-Stagecoach-Rd-06001/home/136476040,Smart MLS,170284019,N,Y,41.7961892,-72.8741402
MLS Listing,,Single Family Residential,170 Center St,Hartland,CT,06091,135000,4,1.0,Hartland,1170,152460,1935,39,115,,Active,,,http://www.redfin.com/CT/West-Hartland/170-Center-St-06091/home/54137364,Smart MLS,170285375,N,Y,42.0036594,-72.9737193
MLS Listing,,Single Family Residential,345 E Pearl Rd,Torrington,CT,06790,339900,3,3.5,Torrington,2444,64033,2002,39,139,,Active,,,http://www.redfin.com/CT/Torrington/345-E-Pearl-Rd-06790/home/107285848,Smart MLS,170284945,N,Y,41.8308078,-73.0688662
MLS Listing,,Single Family Residential,74 Rickie Dr,New Hartford,CT,06057,105000,2,1.0,New Hartford,624,12632,1960,40,168,17,Active,,,http://www.redfin.com/CT/New-Hartford/74-Rickie-Dr-06057/home/107321022,Smart MLS,170285043,N,Y,41.8848546,-73.0331715
MLS Listing,,Single Family Residential,12 Parkview Dr,Avon,CT,06001,359900,3,2.5,Avon,2254,31363,1959,41,160,,Active,,,http://www.redfin.com/CT/Avon/12-Parkview-Dr-06001/home/136422988,Smart MLS,170284587,N,Y,41.8049331,-72.8868777
MLS Listing,,Condo/Co-op,2 Stonington Ct,Avon,CT,06001,199900,3,2.5,Avon,1800,,1987,41,111,387,Active,,,http://www.redfin.com/CT/Avon/2-Stonington-Ct-06001/home/136463328,Smart MLS,170284121,N,Y,41.769269,-72.8867392
MLS Listing,,Condo/Co-op,1660 Farmington Ave #14,Farmington,CT,06085,99900,1,1.0,Unionville,706,,1964,41,142,252,Active,,,http://www.redfin.com/CT/Unionville/1660-Farmington-Ave-06085/unit-14/home/54431202,Smart MLS,170283514,N,Y,41.7531648,-72.8747194
MLS Listing,,Single Family Residential,5 Blueberry Ln,Canton,CT,06019,500000,4,3.5,North Canton,4320,91476,2000,43,116,,Active,,,http://www.redfin.com/CT/Canton/5-Blueberry-Ln-06019/home/54006546,Smart MLS,170284281,N,Y,41.881726,-72.8919832
MLS Listing,,Single Family Residential,38 Woodhaven Dr,Burlington,CT,06013,259900,3,2.0,Burlington,2008,30056,1977,44,129,,Active,,,http://www.redfin.com/CT/Burlington/38-Woodhaven-Dr-06013/home/53765413,Smart MLS,170284338,N,Y,41.7379406,-72.9127677
MLS Listing,,Vacant Land,596 Hill Rd,Harwinton,CT,06791,119900,,,Harwinton,,93741,,45,,,Active,,,http://www.redfin.com/CT/Harwinton/596-Hill-Rd-06791/home/146425536,Smart MLS,170284100,N,Y,41.7291877,-73.0732595
MLS Listing,,Single Family Residential,6 Silver Mine ACR,Canton,CT,06019,255000,3,2.0,Canton,1420,32670,1963,45,180,,Active,,,http://www.redfin.com/CT/Canton/6-Silver-Mine-Acres-06019/home/54006800,Smart MLS,170284061,N,Y,41.8319766,-72.9100756
MLS Listing,,Single Family Residential,32 Holabird Ave,Winchester,CT,06098,159900,4,1.5,Winchester,1704,8712,1890,46,94,,Active,,,http://www.redfin.com/CT/Winsted/32-Holabird-Ave-06098/home/107607424,Smart MLS,170283012,N,Y,41.9249165,-73.0673906
MLS Listing,,Single Family Residential,18 Pleasant St,Burlington,CT,06013,149900,3,2.0,Lake Garda,1281,13939,1952,47,117,21,Active,,,http://www.redfin.com/CT/Burlington/18-Pleasant-St-06013/home/53765044,Smart MLS,170283594,N,Y,41.7418605,-72.9060339
MLS Listing,,Single Family Residential,54 Queens Peak,Canton,CT,06019,549000,4,3.5,Collinsville,4429,32670,2003,48,124,,Active,,,http://www.redfin.com/CT/Canton/54-Queens-Peak-06019/home/54005291,Smart MLS,170283485,N,Y,41.812195,-72.901234
MLS Listing,,Single Family Residential,100 Johnnycake Mountain Rd,Burlington,CT,06013,424900,3,2.5,Johnny Cake,2450,60983,2007,48,173,,Active,,,http://www.redfin.com/CT/Burlington/100-Johnnycake-Mountain-Rd-06013/home/53764412,Smart MLS,170283491,N,Y,41.7645125,-73.0011393
MLS Listing,,Single Family Residential,6 Stonegate,Farmington,CT,06085,469000,4,2.5,Unionville,3349,24829,1986,49,140,,Active,,,http://www.redfin.com/CT/Unionville/6-Stonegate-06085/home/54433340,Smart MLS,170283224,N,Y,41.7426489,-72.8737091
MLS Listing,,Condo/Co-op,19 Applewood Ln #19,Avon,CT,06001,324900,3,2.5,Avon,2048,,1978,49,159,463,Active,,,http://www.redfin.com/CT/Avon/19-Applewood-Ln-06001/unit-19/home/136411072,Smart MLS,170283196,N,Y,41.7690439,-72.8781092
MLS Listing,,Single Family Residential,348 Northington Dr,Avon,CT,06001,849000,4,5.0,Weatherstone,6552,44866,2013,49,130,33,Active,,,http://www.redfin.com/CT/Avon/348-Northington-Dr-06001/home/136417481,Smart MLS,170283186,N,Y,41.8061586,-72.9029139
MLS Listing,,Single Family Residential,4 Freeland Farms Rd,Canton,CT,06019,599900,4,3.5,North Canton,4871,403801,1986,49,123,,Active,,,http://www.redfin.com/CT/Collinsville/4-Freeland-Farms-Rd-06019/home/54005908,Smart MLS,170281635,N,Y,41.8749899,-72.910969
MLS Listing,,Single Family Residential,63 Westmeath Ln,Farmington,CT,06032,289000,3,1.0,Unionville,1131,17859,1979,50,256,,Active,,,http://www.redfin.com/CT/Farmington/63-Westmeath-LN-06032/home/171152508,Smart MLS,170282656,N,Y,41.744731,-72.892165
MLS Listing,,Single Family Residential,548 Huckleberry Hill Rd,Avon,CT,06001,699900,4,4.0,Avon,5274,60112,2004,51,133,,Active,,,http://www.redfin.com/CT/Avon/548-Huckleberry-Hill-Rd-06001/home/136463806,Smart MLS,170281184,N,Y,41.772625,-72.8970764
MLS Listing,,Multi-Family (2-4 Unit),351 N Main St,Winchester,CT,06098,89000,2,2.0,Winchester,1722,6969,1870,51,52,,Active,,,http://www.redfin.com/CT/Winsted/351-N-Main-St-06098/home/170039835,Smart MLS,170282802,N,Y,41.9326972,-73.0580885
MLS Listing,,Single Family Residential,2 Trailsend Dr,Canton,CT,06019,269900,3,2.0,Canton,1991,20908,1962,51,136,,Active,,,http://www.redfin.com/CT/Canton/2-Trailsend-Dr-06019/home/54005590,Smart MLS,170282439,N,Y,41.824649,-72.888903
MLS Listing,,Single Family Residential,92 Northgate,Avon,CT,06001,675000,7,6.5,Avon,7326,43560,2005,52,92,,Active,,,http://www.redfin.com/CT/Avon/92-Northgate-06001/home/136452569,Smart MLS,170276221,N,Y,41.7934436,-72.8987608
MLS Listing,,Single Family Residential,154 Case St,Canton,CT,06019,269500,4,2.0,Cherry Brook,2016,63162,1940,52,134,,Active,,,http://www.redfin.com/CT/Canton/154-Case-St-06019/home/54005468,Smart MLS,170282242,N,Y,41.916848,-72.891855
MLS Listing,,Single Family Residential,175 Hayward Rd,New Hartford,CT,06057,549900,4,3.5,New Hartford,1864,1810353,2006,52,295,,Active,,,http://www.redfin.com/CT/New-Hartford/175-Hayward-Rd-06057/home/107320903,Smart MLS,170281312,N,Y,41.8006092,-73.0199095
MLS Listing,,Vacant Land,6 Hill Top/ Lot 325,Burlington,CT,06013,130000,,,Johnny Cake,,54014,,53,,,Active,,,http://www.redfin.com/CT/Burlington/6-Hill-Top-Rd-06013/home/171543818,Smart MLS,170281001,N,Y,41.755836,-72.992864
MLS Listing,,Vacant Land,19 Mountain Top/ Lot 311 Pass,Burlington,CT,06013,105000,,,Johnny Cake,,46173,,53,,,Active,,,http://www.redfin.com/CT/Burlington/19-Mountain-Top-Pass-06013/home/167970684,Smart MLS,170280974,N,Y,41.759781,-72.993847
MLS Listing,,Vacant Land,12 Mountain Top/ Lot 307 Pass,Burlington,CT,06013,110000,,,Johnny Cake,,44431,,53,,,Active,,,http://www.redfin.com/CT/Burlington/12-Mountain-Top-Pass-06013/unit-307/home/169057948,Smart MLS,170280964,N,Y,41.758383,-72.995002
MLS Listing,,Vacant Land,8 Mountain Top/ Lot 305 Pass,Burlington,CT,06013,110000,,,Johnny Cake,,67953,,53,,,Active,,,http://www.redfin.com/CT/Burlington/8-Mountain-Top-Pass-06013/unit-305/home/169057924,Smart MLS,170280931,N,Y,41.758008,-72.996049
MLS Listing,,Single Family Residential,124 Hollister Dr,Avon,CT,06001,499900,3,2.5,Avon,2700,140263,2020,55,185,,Active,,,http://www.redfin.com/CT/Avon/124-Hollister-Dr-06001/home/136475656,Smart MLS,170281492,N,Y,41.780871,-72.873813
MLS Listing,,Single Family Residential,135 Hollister Dr,Avon,CT,06001,549900,4,2.5,Avon,3200,74052,2020,55,172,,Active,,,http://www.redfin.com/CT/Avon/135-Hollister-Dr-06001/home/147443107,Smart MLS,170281493,N,Y,41.7799868,-72.8750875
MLS Listing,,Single Family Residential,38 Saw Mill Rd,Burlington,CT,06013,429000,4,2.5,Johnny Cake,2400,80586,2020,57,179,,Active,,,http://www.redfin.com/CT/Burlington/38-Saw-Mill-Rd-06013/home/166475746,Smart MLS,170281195,N,Y,41.7616316,-72.9819847
MLS Listing,,Vacant Land,150 Wright Rd,Canton,CT,06019,75000,,,North Canton,,163350,,57,,,Active,,,http://www.redfin.com/CT/Collinsville/150-Wright-Rd-06019/home/54008016,Smart MLS,170281105,N,Y,41.887431,-72.916144
MLS Listing,,Vacant Land,4 Triangle Rd,Canton,CT,06019,125000,,,North Canton,,194277,,57,,,Active,,,http://www.redfin.com/CT/Collinsville/4-Triangle-Rd-06019/home/54006853,Smart MLS,170281093,N,Y,41.888285,-72.917639
MLS Listing,,Single Family Residential,13 Colony Rd,Canton,CT,06019,300000,4,2.0,Canton,2007,21780,1970,57,149,,Active,,,http://www.redfin.com/CT/Canton/13-Colony-Rd-06019/home/54007378,Smart MLS,170280526,N,Y,41.8300328,-72.9118628
MLS Listing,,Single Family Residential,19 Garnet Hill Ln,Avon,CT,06001,1085000,6,6.0,Avon,7038,57934,2002,58,154,,Active,,,http://www.redfin.com/CT/Avon/19-Garnet-Hill-Ln-06001/home/136454836,Smart MLS,170279069,N,Y,41.7844955,-72.8980224
MLS Listing,,Single Family Residential,83 Beverly Dr,Avon,CT,06001,449900,4,2.5,Avon,3628,41382,1984,58,124,,Active,,,http://www.redfin.com/CT/Avon/83-Beverly-Dr-06001/home/136450668,Smart MLS,170279016,N,Y,41.8050006,-72.8682096
MLS Listing,,Condo/Co-op,29 Applewood Ln #29,Avon,CT,06001,304900,3,2.5,Avon,2048,,1977,58,149,462,Active,,,http://www.redfin.com/CT/Avon/29-Applewood-Ln-06001/unit-29/home/171056178,Smart MLS,170280259,N,Y,41.768553,-72.8784621
MLS Listing,,Single Family Residential,107 Spencer Hill Rd,Winchester,CT,06098,550000,3,2.5,Winchester,2830,709592,1989,58,194,,Active,,,http://www.redfin.com/CT/Winsted/107-Spencer-Hill-Rd-06098/home/107323874,Smart MLS,170271395,N,Y,41.9382047,-73.0733184
MLS Listing,,Single Family Residential,51 Pine Dr,Burlington,CT,06013,265000,6,3.0,Lake Garda,4546,15245,1965,60,58,17,Active,,,http://www.redfin.com/CT/Burlington/51-Pine-Dr-06013/home/53765352,Smart MLS,170280010,N,Y,41.7404601,-72.9025298
MLS Listing,,Vacant Land,0 Riverton Rd,Hartland,CT,06027,150000,,,Hartland,,841579,,60,,,Active,,,http://www.redfin.com/CT/Hartland/Riverton-Rd-Unknown/home/144523482,Smart MLS,170279705,N,Y,41.971745,-73.017133
MLS Listing,,Single Family Residential,73 Lido Rd,Farmington,CT,06085,329900,3,2.5,Unionville,1770,14810,1990,61,186,17,Active,,,http://www.redfin.com/CT/Unionville/73-Lido-Rd-06085/home/54432538,Smart MLS,170279343,N,Y,41.7408266,-72.9000979
MLS Listing,,Multi-Family (2-4 Unit),43 Wallens St,Winchester,CT,06098,159900,4,2.0,Winsted,1729,13068,1900,62,92,,Active,,,http://www.redfin.com/CT/Winsted/43-Wallens-St-06098/home/107324033,Smart MLS,170279411,N,Y,41.9301657,-73.056576
MLS Listing,,Condo/Co-op,8 Sprucewood Ln #8,Avon,CT,06001,349900,3,2.5,Avon,2548,,1978,62,137,522,Active,,,http://www.redfin.com/CT/Avon/8-Sprucewood-Ln-06001/unit-8/home/169090068,Smart MLS,170278653,N,Y,41.76907,-72.881427
MLS Listing,,Single Family Residential,175 Gracey Rd,Canton,CT,06019,299900,3,2.0,Canton,1800,60983,1956,63,167,,Active,,,http://www.redfin.com/CT/Canton/175-Gracey-Rd-06019/home/54007991,Smart MLS,170279259,N,Y,41.8491109,-72.8854355
MLS Listing,,Vacant Land,46 Cedar Ln,Barkhamsted,CT,06063,20000,,,West Hill,,44431,,63,,,Active,,,http://www.redfin.com/CT/Barkhamsted/46-Cedar-Ln-06063/home/107032227,Smart MLS,170279093,N,Y,41.893792,-73.03806
MLS Listing,,Single Family Residential,67 Avonridge,Avon,CT,06001,655000,5,5.0,Avon,5523,48787,1983,63,119,,Active,,,http://www.redfin.com/CT/Avon/67-Avonridge-06001/home/136430632,Smart MLS,170277120,N,Y,41.7989599,-72.8791706
MLS Listing,,Single Family Residential,47 Andrew Dr,Canton,CT,06019,549900,4,2.5,North Canton,3834,177289,2001,63,143,,Active,,,http://www.redfin.com/CT/Canton/47-Andrew-Dr-06019/home/54006380,Smart MLS,170278531,N,Y,41.8859314,-72.8893466
MLS Listing,,Single Family Residential,6 Sweetheart Mountain Rd,Canton,CT,06019,599900,4,4.0,Collinsville,3574,38768,2011,64,168,185,Active,,,http://www.redfin.com/CT/Collinsville/6-Sweetheart-Mountain-Rd-06019/home/54005451,Smart MLS,170277702,N,Y,41.8114585,-72.9353825
MLS Listing,,Single Family Residential,6 Red Fox Run,Canton,CT,06019,849000,4,3.5,Red Fox Run,4000,312760,2020,64,212,,Active,,,http://www.redfin.com/CT/Collinsville/Unknown-06019/home/54004968,Smart MLS,170278042,N,Y,41.851194,-72.885982
MLS Listing,,Single Family Residential,251 Gracey Rd,Canton,CT,06019,649000,4,2.5,Red Fox Run,3400,148975,2020,64,191,,Active,,,http://www.redfin.com/CT/Canton/251-Gracey-Rd-06019/home/54005440,Smart MLS,170278012,N,Y,41.8558804,-72.8868729
MLS Listing,,Single Family Residential,10 Hunters Xing,Burlington,CT,06013,525000,4,2.5,Burlington,2975,87991,1995,66,176,,Active,,,http://www.redfin.com/CT/Burlington/Unknown-06013/home/53765054,Smart MLS,170277752,N,Y,41.785483,-72.941729
MLS Listing,,Single Family Residential,236 North Rd,Harwinton,CT,06791,344900,4,3.5,Harwinton,3480,142441,1989,66,99,,Active,,,http://www.redfin.com/CT/Harwinton/236-N-Rd-06791/home/107253609,Smart MLS,170275799,N,Y,41.7878152,-73.0592284
MLS Listing,,Condo/Co-op,6 Applewood Ln #6,Avon,CT,06001,214900,3,2.5,Avon,1769,,1977,66,121,433,Active,,,http://www.redfin.com/CT/Avon/6-Applewood-Ln-06001/unit-6/home/165273288,Smart MLS,170276891,N,Y,41.7699946,-72.8796321
MLS Listing,,Condo/Co-op,18 Putnam Ln #18,Avon,CT,06001,169900,2,1.5,Avon,1700,,1986,67,100,440,Active,,,http://www.redfin.com/CT/Avon/18-Putnam-Ln-06001/unit-18/home/170935665,Smart MLS,170276524,N,Y,41.7678925,-72.883728
MLS Listing,,Single Family Residential,32 Rockwell Dr,Torrington,CT,06790,315000,4,2.5,Torrington,2661,65775,2002,67,118,,Active,,,http://www.redfin.com/CT/Torrington/32-Rockwell-Dr-06790/home/107294515,Smart MLS,170276079,N,Y,41.8528739,-73.0717714
MLS Listing,,Condo/Co-op,131 Mallard Dr #131,Avon,CT,06001,170900,2,1.5,Avon,1365,,1972,67,125,411,Active,,,http://www.redfin.com/CT/Avon/131-Mallard-Dr-06001/unit-131/home/144513035,Smart MLS,170277194,N,Y,41.766518,-72.881872
MLS Listing,,Single Family Residential,18 Wood Creek Rd,Burlington,CT,06013,349900,4,3.0,Burlington,2312,40510,1979,68,151,,Active,,,http://www.redfin.com/CT/Burlington/18-Wood-Creek-Rd-06013/home/53763740,Smart MLS,170277157,N,Y,41.7499061,-72.9148871
MLS Listing,,Single Family Residential,93 Wetmore Ave,Winchester,CT,06098,230000,2,1.5,Winsted,1815,20908,1941,69,127,,Active,,,http://www.redfin.com/CT/Winsted/93-Wetmore-Ave-06098/home/107607704,Smart MLS,170276813,N,Y,41.925927,-73.0633685
MLS Listing,,Vacant Land,26 Stedman Rd,New Hartford,CT,06057,140000,,,Bakersville,,223898,,70,,,Active,,,http://www.redfin.com/CT/New-Hartford/26-Stedman-Rd-06057/home/107319939,Smart MLS,170276485,N,Y,41.831084,-72.9915267
MLS Listing,,Single Family Residential,38 Riverton Rd,Colebrook,CT,06021,329000,2,2.5,Colebrook,2378,15681,1800,71,138,,Active,,,http://www.redfin.com/CT/Colebrook/38-Riverton-Rd-06021/home/107268535,Smart MLS,170273197,N,Y,41.974857,-73.040613
MLS Listing,,Single Family Residential,19 Walnut St,Winchester,CT,06098,145900,4,1.5,Winsted,2868,12632,1840,71,51,,Active,,,http://www.redfin.com/CT/Winsted/19-Walnut-St-06098/home/107610022,Smart MLS,170274834,N,Y,41.9216915,-73.0634852
MLS Listing,,Single Family Residential,16 Pond St,Farmington,CT,06085,319000,3,1.5,Unionville,1873,13939,1976,72,170,17,Active,,,http://www.redfin.com/CT/Unionville/16-Pond-St-06085/home/54427999,Smart MLS,170275837,N,Y,41.7383996,-72.8978742
MLS Listing,,Single Family Residential,183 South Rd,New Hartford,CT,06057,469900,4,3.0,New Hartford,3370,143748,1987,73,139,,Active,,,http://www.redfin.com/CT/New-Hartford/183-S-Rd-06057/home/107321715,Smart MLS,170253731,N,Y,41.8183385,-73.0076424
MLS Listing,,Single Family Residential,5 Williamsburg Ln,Avon,CT,06001,874900,6,6.5,Avon,6902,55321,1998,74,127,,Active,,,http://www.redfin.com/CT/Avon/5-Williamsburg-Ln-06001/home/136423571,Smart MLS,170274973,N,Y,41.7650632,-72.8702403
MLS Listing,,Condo/Co-op,50 Byron Dr #50,Avon,CT,06001,249900,2,3.0,Avon,2004,,1978,74,125,518,Active,,,http://www.redfin.com/CT/Avon/50-Byron-Dr-06001/unit-50/home/169267797,Smart MLS,170274959,N,Y,41.776438,-72.878589
MLS Listing,,Condo/Co-op,220 Main St Unit 4I,New Hartford,CT,06057,123500,2,1.5,New Hartford,1136,,1973,75,109,448,Active,,,http://www.redfin.com/CT/New-Hartford/220-Main-St-06057/unit-4I/home/107320966,Smart MLS,170274632,N,Y,41.8655587,-72.9581091
MLS Listing,,Single Family Residential,234 Mountain Rd,Granby,CT,06060,645000,4,4.0,North Granby,4739,127195,1995,77,136,,Active,,,http://www.redfin.com/CT/North-Granby/234-Mountain-Rd-06060/home/54370831,Smart MLS,170274425,N,Y,41.9955972,-72.8699865
MLS Listing,,Vacant Land,"906 Torringford East Street, Whitbeck Rd",New Hartford,CT,06057,74900,,,Bakersville,,156816,,78,,,Active,,,http://www.redfin.com/CT/New-Hartford/906-Torringford-East-Street-Lot-3-06057/home/170603870,Smart MLS,170273417,N,Y,41.815654,-73.070724
MLS Listing,,Single Family Residential,15 Silversmith Rd,Farmington,CT,06085,399900,4,3.5,Unionville,2743,30927,1948,79,146,,Active,,,http://www.redfin.com/CT/Unionville/15-Silversmith-Rd-06085/home/54427757,Smart MLS,170270787,N,Y,41.7403971,-72.8896423
MLS Listing,,Single Family Residential,447 N Main St,Winchester,CT,06098,119000,3,1.0,Winsted,1260,13939,1965,79,94,,Active,,,http://www.redfin.com/CT/Winsted/447-N-Main-St-06098/home/107607919,Smart MLS,170273773,N,Y,41.9363134,-73.0561573
MLS Listing,,Single Family Residential,525 Granville Rd,Hartland,CT,06027,289000,3,2.0,East Hartland,2352,34848,1956,79,123,,Active,,,http://www.redfin.com/CT/East-Hartland/525-Granville-Rd-06027/home/54137219,Smart MLS,170273596,N,Y,42.0286249,-72.885978
MLS Listing,,Condo/Co-op,9 Crossroads Ln #9,Avon,CT,06001,340000,3,3.5,Avon,2723,,1982,80,125,388,Active,,,http://www.redfin.com/CT/Avon/9-Crossroads-Ln-06001/unit-9/home/144528727,Smart MLS,170273279,N,Y,41.7724344,-72.8817551
MLS Listing,,Single Family Residential,24 White St,Winchester,CT,06098,39900,3,1.0,Winsted,1483,47480,1900,81,27,,Active,,,http://www.redfin.com/CT/Winsted/24-White-St-06098/home/166952992,Smart MLS,170273126,N,Y,41.9323541,-73.0563285
MLS Listing,,Single Family Residential,50 Barnes Hill Rd,Burlington,CT,06013,149000,3,1.5,Burlington,991,74923,1880,82,150,,Active,,,http://www.redfin.com/CT/Burlington/50-Barnes-Hill-Rd-06013/home/53764410,Smart MLS,170272820,N,Y,41.7857198,-72.9339656
MLS Listing,,Single Family Residential,39 Aquatic Ln,New Hartford,CT,06057,885000,3,2.0,West Hill,1440,62726,1987,83,615,,Active,,,http://www.redfin.com/CT/New-Hartford/39-Aquatic-Ln-06057/home/107321629,Smart MLS,170270071,N,Y,41.8637039,-73.0186849
MLS Listing,,Single Family Residential,53 Park Pl,Winchester,CT,06098,129000,12,7.0,Winsted,3878,17424,1897,84,33,,Active,,,http://www.redfin.com/CT/Winsted/53-Park-Pl-06098/home/146114717,Smart MLS,170272555,N,Y,41.9223692,-73.0605052
MLS Listing,,Single Family Residential,6 Berkshire Xing,Avon,CT,06001,619900,4,3.5,Avon,3988,43124,2007,84,155,,Active,,,http://www.redfin.com/CT/Avon/6-Berkshire-Xing-06001/home/136443190,Smart MLS,170271687,N,Y,41.7860231,-72.9200104
MLS Listing,,Single Family Residential,6 Scoville Rd,Canton,CT,06019,399999,3,2.5,Canton,2318,104979,1974,84,173,,Active,,,http://www.redfin.com/CT/Canton/6-Scoville-Rd-06019/home/54006132,Smart MLS,170271353,N,Y,41.8886178,-72.8905234
MLS Listing,,Single Family Residential,40 Scarborough Dr,Avon,CT,06001,632600,4,2.5,Kingswood,3163,41382,2020,86,200,,Active,,,http://www.redfin.com/CT/Avon/40-Scarborough-Dr-06001/home/136451682,Smart MLS,170271626,N,Y,41.811005,-72.897205
MLS Listing,,Multi-Family (2-4 Unit),156 Main St,Canton,CT,06019,409000,8,4.0,Collinsville,2981,27878,1972,87,137,,Active,,,http://www.redfin.com/CT/Collinsville/156-Main-St-06019/home/54006284,Smart MLS,170271468,N,Y,41.811507,-72.919282
MLS Listing,,Single Family Residential,12 Ratlum Mountain Rd,Barkhamsted,CT,06063,270000,3,2.0,Barkhamsted,1642,52272,1968,88,164,,Active,,,http://www.redfin.com/CT/Barkhamsted/12-Ratlum-Mountain-Rd-06063/home/107032782,Smart MLS,170269898,N,Y,41.9053654,-72.9338283
MLS Listing,,Single Family Residential,23 Sweetheart Mountain Rd,Canton,CT,06019,589000,4,3.5,Canton,3431,33105,2010,88,172,167,Active,,,http://www.redfin.com/CT/Canton/23-Sweetheart-Mountain-Rd-06019/home/54004966,Smart MLS,170270527,N,Y,41.8116849,-72.9350517
MLS Listing,,Single Family Residential,250 Northington Dr,Avon,CT,06001,869000,4,4.0,BRIDGEWATER,3888,44866,2020,88,224,,Active,,,http://www.redfin.com/CT/Avon/250-Northington-Dr-06001/home/136428023,Smart MLS,170270503,N,Y,41.800122,-72.901743
MLS Listing,,Single Family Residential,261 Northington Dr,Avon,CT,06001,889000,4,4.0,BRIDGEWATER,3888,40946,2020,88,229,,Active,,,http://www.redfin.com/CT/Avon/261-Northington-Dr-06001/home/136468334,Smart MLS,170270502,N,Y,41.801431,-72.901867
MLS Listing,,Single Family Residential,24 High Ridge Holw,Avon,CT,06001,499000,4,3.5,Avon,3602,40075,1985,88,139,,Active,,,http://www.redfin.com/CT/Avon/24-High-Ridge-Holw-06001/home/136388214,Smart MLS,170258381,N,Y,41.7802379,-72.8999375
MLS Listing,,Vacant Land,0 Highland Park,Winchester,CT,06098,125000,,,Winsted,,1829520,,89,,,Active,,,http://www.redfin.com/CT/Winchester/0-Highland-PARK-06098/home/170544069,Smart MLS,170270784,N,Y,41.91634,-73.069685
MLS Listing,,Single Family Residential,19 High St,Winchester,CT,06098,50000,4,2.0,Winsted,2328,6969,1900,90,21,,Active,,,http://www.redfin.com/CT/Winsted/19-High-St-06098/home/107607219,Smart MLS,170270594,N,Y,41.9227737,-73.0743998
MLS Listing,,Single Family Residential,17 Christmas Tree Hl,Canton,CT,06019,284000,4,2.0,Canton,2012,44866,1971,91,141,,Active,,,http://www.redfin.com/CT/Canton/17-Christmas-Tree-Hl-06019/home/54005716,Smart MLS,170268589,N,Y,41.868415,-72.887529
MLS Listing,,Vacant Land,Lot 6-8B Gavitt Rd,Barkhamsted,CT,06063,44500,,,Barkhamsted,,106286,,91,,,Active,,,http://www.redfin.com/CT/Barkhamsted/8-Gavitt-Rd-06063/home/170517031,Smart MLS,170269952,N,Y,41.9473801,-72.8992145
MLS Listing,,Single Family Residential,10 Alpine Dr,Burlington,CT,06013,259900,3,2.0,Burlington,1732,22215,1972,91,150,,Active,,,http://www.redfin.com/CT/Burlington/10-Alpine-Dr-06013/home/53764505,Smart MLS,170269241,N,Y,41.7458196,-72.9047728
MLS Listing,,Single Family Residential,14 Crosswood Rd,Farmington,CT,06032,403000,4,2.5,Farmington,2391,30056,1983,91,169,,Active,,,http://www.redfin.com/CT/Farmington/14-Crosswood-Rd-06032/home/54430217,Smart MLS,170268886,N,Y,41.7574368,-72.8700477
MLS Listing,,Vacant Land,54 Belden Rd,Burlington,CT,06013,60000,,,Burlington,,57934,,92,,,Active,,,http://www.redfin.com/CT/Burlington/54-Belden-Rd-06013/home/53764226,Smart MLS,170269922,N,Y,41.7697445,-72.9547135
MLS Listing,,Single Family Residential,31 Flanders Xing,New Hartford,CT,06057,489600,4,2.5,Flanders Crossing,2989,106722,2020,93,164,,Active,,,http://www.redfin.com/CT/New-Hartford/31-Flanders-Xing-06057/home/107319793,Smart MLS,170264849,N,Y,41.8083443,-73.0618911
MLS Listing,,Multi-Family (2-4 Unit),37 Case Ave,Winchester,CT,06098,149900,6,2.0,Winsted,2232,6098,1900,93,67,,Active,,,http://www.redfin.com/CT/Winsted/37-Case-Ave-06098/home/107322333,Smart MLS,170269567,N,Y,41.9226239,-73.0681169
MLS Listing,,Condo/Co-op,6 Essex Ct #6,Avon,CT,06001,298000,3,3.0,Avon,2192,,1997,93,136,576,Active,,,http://www.redfin.com/CT/Avon/6-Essex-Ct-06001/unit-6/home/170498125,Smart MLS,170265265,N,Y,41.7702013,-72.8872179
MLS Listing,,Multi-Family (2-4 Unit),45 Center St,Winchester,CT,06098,149000,4,2.5,Winsted,3868,7405,1900,94,39,,Active,,,http://www.redfin.com/CT/Winsted/45-Center-St-06098/home/146073092,Smart MLS,170269298,N,Y,41.9222714,-73.0685896
MLS Listing,,Vacant Land,0 Mill St,Hartland,CT,06027,99000,,,West Hartland,,1393920,,95,,,Active,,,http://www.redfin.com/CT/Hartland/Mill-St-06091/home/166763567,Smart MLS,170269079,N,Y,41.999774,-73.000994
MLS Listing,,Single Family Residential,261 New Rd,Avon,CT,06001,525000,3,2.5,Avon,3567,83199,1987,95,147,,Active,,,http://www.redfin.com/CT/Avon/261-New-Rd-06001/home/136451943,Smart MLS,170268642,N,Y,41.7904829,-72.9223868
MLS Listing,,Single Family Residential,51 Cedar Spring Rd,Burlington,CT,06013,444900,4,3.5,Burlington,3813,138085,2004,97,117,,Active,,,http://www.redfin.com/CT/Burlington/51-Cedar-Spring-Rd-06013/home/53763003,Smart MLS,170268318,N,Y,41.7566482,-72.9280554
MLS Listing,,Vacant Land,1509 Farmington Ave,Farmington,CT,06032,139900,,,Unionville,,23958,,98,,,Active,,,http://www.redfin.com/CT/Farmington/1509-Farmington-Ave-06032/home/54431779,Smart MLS,170268054,N,Y,41.7469522,-72.8670121
MLS Listing,,Single Family Residential,256 Lovely St,Avon,CT,06001,489900,4,2.5,Avon,2300,62290,2020,98,213,,Active,,,http://www.redfin.com/CT/Avon/256-Lovely-St-06001/home/136492339,Smart MLS,170268172,N,Y,41.798542,-72.8899031
MLS Listing,,Vacant Land,000 old north Rd,Barkhamsted,CT,06063,99900,,,Barkhamsted,,435600,,100,,,Active,,,http://www.redfin.com/CT/Barkhamsted/N-Old-Rd-06063/home/144528467,Smart MLS,170267259,N,Y,41.925662,-73.028881
MLS Listing,,Condo/Co-op,702 Timber Ln,Canton,CT,06019,167500,2,2.5,Collinsville,1200,,1972,101,140,406,Active,,,http://www.redfin.com/CT/Collinsville/702-Timber-Ln-06019/home/106972265,Smart MLS,170267127,N,Y,41.8244161,-72.9233907
MLS Listing,,Single Family Residential,7 Pond St,Farmington,CT,06085,479900,4,3.5,Unionville,2828,5662,2020,102,170,,Active,,,http://www.redfin.com/CT/Unionville/7-Pond-St-06085/home/167133299,Smart MLS,170267227,N,Y,41.7382096,-72.8977675
MLS Listing,,Single Family Residential,57 Westledge Rd,Simsbury,CT,06092,349900,3,2.0,West Simsbury,2450,24829,1883,102,143,,Active,,,http://www.redfin.com/CT/West-Simsbury/57-Westledge-Rd-06092/home/54002600,Smart MLS,170264913,N,Y,41.8786891,-72.8662943
MLS Listing,,Single Family Residential,lot 34 Gateshead Way,Farmington,CT,06085,799900,4,4.0,Unionville,3821,31363,2020,103,209,13,Active,,,http://www.redfin.com/CT/Unionville/34-Gateshead-Way-06085/home/144534938,Smart MLS,170266717,N,Y,41.7504209,-72.9026076
MLS Listing,,Single Family Residential,366 Milford St,Burlington,CT,06013,499900,4,4.0,Burlington,3506,217800,1970,104,143,,Active,,,http://www.redfin.com/CT/Burlington/366-Milford-St-06013/home/53766333,Smart MLS,170266121,N,Y,41.7301947,-72.9518569
MLS Listing,,Single Family Residential,99 Westledge Rd,Simsbury,CT,06092,249990,4,2.5,West Simsbury,2218,62290,1969,105,113,,Active,,,http://www.redfin.com/CT/West-Simsbury/99-Westledge-Rd-06092/home/53999419,Smart MLS,170266139,N,Y,41.882567,-72.8711864
MLS Listing,,Condo/Co-op,8 Great Meadow Ln #8,Farmington,CT,06032,125000,1,1.0,Farmington,964,,1971,106,130,392,Active,,,http://www.redfin.com/CT/Farmington/8-Great-Meadow-LN-06032/unit-8/home/170408487,Smart MLS,170266228,N,Y,41.762538,-72.879638
MLS Listing,,Vacant Land,150 Oak St,Winchester,CT,06098,10000,,,Winsted,,16117,,107,,,Active,,,http://www.redfin.com/CT/Winsted/150-Oak-St-06098/home/166956042,Smart MLS,170265834,N,Y,41.9261047,-73.0629999
MLS Listing,,Single Family Residential,1511 Farmington Ave,Farmington,CT,06032,230000,3,1.5,Farmington,1496,16552,1930,107,154,,Active,,,http://www.redfin.com/CT/Farmington/1511-Farmington-Ave-06032/home/54424295,Smart MLS,170265810,N,Y,41.746912,-72.8673442
MLS Listing,,Single Family Residential,1 Center St,Hartland,CT,06091,41000,3,1.0,West Hartland,1224,17424,1957,109,33,,Active,,,http://www.redfin.com/CT/West-Hartland/1-Center-St-06091/home/54137345,Smart MLS,170265161,N,Y,42.0028567,-72.9741884
MLS Listing,,Vacant Land,10 Kelsey Ct,Barkhamsted,CT,06063,44000,,,Barkhamsted,,94089,,111,,,Active,,,http://www.redfin.com/CT/Barkhamsted/10-Kelsey-Ct-06063/home/107032697,Smart MLS,170264843,N,Y,41.947929,-72.900508
MLS Listing,,Vacant Land,100 Gavitt Rd,Barkhamsted,CT,06063,48000,,,Barkhamsted,,102801,,111,,,Active,,,http://www.redfin.com/CT/Barkhamsted/100-Gavitt-Rd-06063/home/107032089,Smart MLS,170264844,N,Y,41.9385955,-72.9182041
MLS Listing,,Single Family Residential,320 Albany Tpke,Canton,CT,06019,230000,3,2.0,Canton Village,1630,31798,1865,111,141,,Active,,,http://www.redfin.com/CT/Canton/320-Albany-Tpke-06019/unit-320/home/144523848,Smart MLS,170264824,N,Y,41.8306178,-72.9080707
MLS Listing,,Single Family Residential,493 Cherry Brook Rd,Canton,CT,06019,142300,5,3.0,Canton,2448,44866,1970,112,58,,Active,,,http://www.redfin.com/CT/Canton/493-Cherry-Brook-Rd-06019/home/54005615,Smart MLS,170264644,N,Y,41.8878661,-72.8925078
MLS Listing,,Vacant Land,1030 Litchfield Tpke,New Hartford,CT,06057,97000,,,Bakersville,,824590,,113,,,Active,,,http://www.redfin.com/CT/New-Hartford/1030B-Litchfield-Tpke-06057/unit-A/home/107320441,Smart MLS,170264258,N,Y,41.8342534,-73.0265635
MLS Listing,,Single Family Residential,16 Tanglewood Dr,Canton,CT,06019,364000,3,2.5,Canton,2658,165963,1987,114,137,,Active,,,http://www.redfin.com/CT/Canton/16-Tanglewood-Dr-06019/home/54006739,Smart MLS,170263842,N,Y,41.845705,-72.90191
MLS Listing,,Condo/Co-op,16 Walnut Ln #16,Avon,CT,06001,224900,3,2.5,Avon,1531,,1978,115,147,489,Active,,,http://www.redfin.com/CT/Avon/16-Walnut-Ln-06001/unit-16/home/170289525,Smart MLS,170262880,N,Y,41.77072,-72.877399
MLS Listing,,Single Family Residential,102 Huckleberry Hill Rd,Avon,CT,06001,279900,3,1.0,Avon,1554,66646,1924,115,180,,Active,,,http://www.redfin.com/CT/Avon/102-Huckleberry-Hill-Rd-06001/home/136405658,Smart MLS,170263272,N,Y,41.8010883,-72.9130889
MLS Listing,,Condo/Co-op,144 Mallard Dr #144,Avon,CT,06001,129900,1,1.0,Avon,895,,1973,116,145,367,Active,,,http://www.redfin.com/CT/Avon/144-Mallard-Dr-06001/unit-144/home/147937277,Smart MLS,170258110,N,Y,41.766876,-72.88072
MLS Listing,,Single Family Residential,153 Holabird Ave,Winchester,CT,06098,229500,4,3.0,Winchester,2645,31363,1870,116,87,,Active,,,http://www.redfin.com/CT/Winsted/153-Holabird-Ave-06098/home/107607167,Smart MLS,170262337,N,Y,41.9240677,-73.0610496
MLS Listing,,Single Family Residential,18 Livingston Rd,Canton,CT,06019,795000,4,3.5,Canton,4000,33105,2020,119,199,,Active,,,http://www.redfin.com/CT/Collinsville/18-Livingston-Rd-06019/home/54005362,Smart MLS,170262718,N,Y,41.8152028,-72.9063109
MLS Listing,,Single Family Residential,22 Canterbury Ln,Farmington,CT,06085,449000,4,2.5,Unionville,2760,19166,1986,119,163,,Active,,,http://www.redfin.com/CT/Unionville/22-Canterbury-Ln-06085/home/54428926,Smart MLS,170261666,N,Y,41.7605146,-72.8744049
MLS Listing,,Single Family Residential,10 Ruthies Ln,Simsbury,CT,06092,549900,4,5.5,West Simsbury,4340,78408,2003,120,127,,Active,,,http://www.redfin.com/CT/West-Simsbury/10-Ruthie-s-Ln-06092/home/53996809,Smart MLS,170259383,N,Y,41.8820107,-72.8724555
MLS Listing,,Multi-Family (2-4 Unit),207 Old New Hartford Rd,Winchester,CT,06098,87400,4,2.0,Winsted,1600,30491,1958,121,55,,Active,,,http://www.redfin.com/CT/Winsted/207-Old-New-Hartford-Rd-06098/home/107609941,Smart MLS,170261842,N,Y,41.9106029,-73.0483074
MLS Listing,,Vacant Land,15 Red Fox Run,Canton,CT,06019,135000,,,Red Fox Run,,89733,,121,,,Active,,,http://www.redfin.com/CT/Collinsville/15-Red-Fox-RUN-06019/home/170231552,Smart MLS,170261771,N,Y,41.851291,-72.885443
MLS Listing,,Single Family Residential,157 High Valley Dr,Canton,CT,06019,479900,4,2.5,Canton,3221,102366,2000,121,149,,Active,,,http://www.redfin.com/CT/Canton/157-High-Valley-Dr-06019/home/54008518,Smart MLS,170262023,N,Y,41.880062,-72.881767
MLS Listing,,Multi-Family (2-4 Unit),90-92 New Rd,Avon,CT,06001,329000,4,2.0,Avon,2320,43560,1893,122,142,,Active,,,http://www.redfin.com/CT/Avon/90-92-New-Rd-06001/home/136445787,Smart MLS,170261318,N,Y,41.801455,-72.92082
MLS Listing,,Single Family Residential,16 Strong St,Burlington,CT,06013,203500,3,2.0,Lake Garda,1344,10890,1948,122,151,,Active,,,http://www.redfin.com/CT/Burlington/16-Strong-St-06013/home/53764026,Smart MLS,170261630,N,Y,41.7408491,-72.9060799
MLS Listing,,Single Family Residential,10 Old Village Ln,Farmington,CT,06085,384900,3,2.5,Unionville,2231,12196,1984,122,173,107,Active,,,http://www.redfin.com/CT/Unionville/10-Old-Village-Ln-06085/home/54428337,Smart MLS,170261344,N,Y,41.73211,-72.8974917
MLS Listing,,Vacant Land,493A N Main St,Winchester,CT,06098,25000,,,Winchester,,788436,,123,,,Active,,,http://www.redfin.com/CT/Winsted/493-A-N-Main-St-06098/home/171304715,Smart MLS,170261214,N,Y,41.944457,-73.052722
MLS Listing,,Single Family Residential,176 Bruning Rd,New Hartford,CT,06057,399900,4,2.5,New Hartford,2092,131986,2019,126,191,,Active,,,http://www.redfin.com/CT/New-Hartford/176-Bruning-Rd-06057/home/107322178,Smart MLS,170260629,N,Y,41.8547513,-73.0167577
MLS Listing,,Single Family Residential,5 Brick Kiln Rd,Harwinton,CT,06791,270000,4,2.5,Harwinton,2616,94960,1970,127,103,,Active,,,http://www.redfin.com/CT/Harwinton/5-Brick-Kiln-Rd-06791/home/107251410,Smart MLS,170260211,N,Y,41.7738114,-73.0435486
MLS Listing,,Single Family Residential,38 Fox Brook Rd,Hartland,CT,06027,164900,3,2.0,East Hartland,1548,43560,1975,127,107,117,Active,,,http://www.redfin.com/CT/East-Hartland/38-Fox-Brook-Rd-06027/home/54137673,Smart MLS,170260118,N,Y,42.0298113,-72.8786213
MLS Listing,,Single Family Residential,9 W Ledge,Burlington,CT,06013,559380,4,2.5,Clearwater Creek,2909,74052,2020,128,192,,Active,,,http://www.redfin.com/CT/Burlington/9-W-Ledge-Rd-06013/home/109850184,Smart MLS,170257945,N,Y,41.7840755,-72.959275
MLS Listing,,Single Family Residential,3 W Ledge,Burlington,CT,06013,573790,4,2.5,Clearwater Creek,2865,91476,2020,128,200,,Active,,,http://www.redfin.com/CT/Burlington/3-W-Ledge-Rd-06013/home/109850173,Smart MLS,170257943,N,Y,41.7840755,-72.959275
MLS Listing,,Single Family Residential,38 W Ledge,Burlington,CT,06013,549770,4,2.5,Clearwater Creek,2958,169884,2020,128,186,,Active,,,http://www.redfin.com/CT/Burlington/38-W-Ledge-Rd-06013/home/143752441,Smart MLS,170257949,N,Y,41.7847161,-72.958463
MLS Listing,,Single Family Residential,75 W Ledge Rd,Burlington,CT,06013,582615,4,3.5,Clearwater Creek,3369,47916,2020,128,173,,Active,,,http://www.redfin.com/CT/Burlington/75-W-Ledge-Rd-06013/home/143752442,Smart MLS,170257944,N,Y,41.7872097,-72.9585659
MLS Listing,,Single Family Residential,4 Ava's Way,Burlington,CT,06013,526170,4,2.5,Clearwater Creek,2842,47916,2020,128,185,,Active,,,http://www.redfin.com/CT/Burlington/4-Avas-Way-06013/home/170192445,Smart MLS,170257947,N,Y,41.783532,-72.959502
MLS Listing,,Single Family Residential,5 Ava's Way Rd,Burlington,CT,06013,609805,4,3.5,Clearwater Creek,3485,99403,2020,128,175,,Active,,,http://www.redfin.com/CT/Burlington/5-Avas-Way-06013/home/170192395,Smart MLS,170257942,N,Y,41.783532,-72.959502
MLS Listing,,Single Family Residential,30 W Ledge,Burlington,CT,06013,629900,4,3.5,Clearwater Creek,2852,69347,2019,128,221,,Active,,,http://www.redfin.com/CT/Burlington/30-W-Ledge-Rd-06013/home/143752439,Smart MLS,170257948,N,Y,41.7847161,-72.958463
MLS Listing,,Single Family Residential,132 Nelson(Lot 10) Dr,Burlington,CT,06013,629900,4,3.5,Clearwater Creek,3485,,2020,128,181,,Active,,,http://www.redfin.com/CT/Burlington/10-Nelson-Dr-06013/home/167908974,Smart MLS,170257936,N,Y,41.7482404,-72.9084036
MLS Listing,,Single Family Residential,142 Nelson (Lot 9) Dr,Burlington,CT,06013,643900,5,3.5,Washington Farms,3651,87120,2020,128,176,,Active,,,http://www.redfin.com/CT/Burlington/9-Nelson-Dr-06013/home/167908534,Smart MLS,170257937,N,Y,41.7485917,-72.9090759
MLS Listing,,Single Family Residential,152 Nelson(Lot 8) Dr,Burlington,CT,06013,602615,4,3.5,Washington Farms,3369,63597,2020,128,179,,Active,,,http://www.redfin.com/CT/Burlington/8-Nelson-Dr-06013/home/167902563,Smart MLS,170257939,N,Y,41.7480332,-72.9084458
MLS Listing,,Single Family Residential,142 Nelson Dr,Burlington,CT,06013,618900,4,3.5,Washington Farms,3195,87120,2020,128,194,,Active,,,http://www.redfin.com/CT/Burlington/142-Nelson-Dr-06013/home/168799686,Smart MLS,170257950,N,Y,41.76009,-72.9104178
MLS Listing,,Single Family Residential,152 Nelson Dr,Burlington,CT,06013,607900,5,3.5,Washington Farms,3494,63597,2020,128,174,,Active,,,http://www.redfin.com/CT/Burlington/152-Nelson-Dr-06013/home/168799684,Smart MLS,170257952,N,Y,41.76009,-72.9104178
MLS Listing,,Single Family Residential,24 Perry Dr,Burlington,CT,06013,549900,3,2.5,Washington Farms,2851,,2020,128,193,,Active,,,http://www.redfin.com/CT/Burlington/24-Perry-Dr-06013/home/109850195,Smart MLS,170257955,N,Y,41.7587724,-72.8915441
MLS Listing,,Single Family Residential,28 Perry Dr,Burlington,CT,06013,546900,3,2.5,Washington Farms,2228,,2020,128,245,,Active,,,http://www.redfin.com/CT/Burlington/28-Perry-Dr-06013/home/109850186,Smart MLS,170257956,N,Y,41.7589808,-72.8906365
MLS Listing,,Single Family Residential,69 Alpine Dr,Burlington,CT,06013,544700,4,2.5,Washington Farms,2929,33105,2020,128,186,,Active,,,http://www.redfin.com/CT/Burlington/69-Alpine-Dr-06013/home/53764948,Smart MLS,170257958,N,Y,41.7504163,-72.904394
MLS Listing,,Single Family Residential,73 Alpine (Lot 3) Dr,Burlington,CT,06013,575700,4,3.5,Washington Farms,2728,30491,2020,128,211,,Active,,,http://www.redfin.com/CT/Burlington/73-Alpine-Dr-06013/home/53764936,Smart MLS,170257934,N,Y,41.7507211,-72.90434
MLS Listing,,Single Family Residential,3 Kings Grant Rd,Burlington,CT,06013,699900,4,3.5,Washington Farms,3199,47916,2018,128,219,,Active,,,http://www.redfin.com/CT/BURLINGTON/3-KINGS-GRANT-RD-06013/home/53763115,Smart MLS,170257957,N,Y,41.762392,-72.907174
MLS Listing,,Single Family Residential,160 Walnut St,Winchester,CT,06098,158900,3,1.5,Winsted,1674,19602,1950,147,95,,Active,,,http://www.redfin.com/CT/Winsted/160-Walnut-St-06098/home/107609282,Smart MLS,170255014,N,Y,41.9273598,-73.0612475
MLS Listing,,Single Family Residential,46 Pond Rd,New Hartford,CT,06057,114900,3,,New Hartford,1200,18730,1987,149,96,,Active,,,http://www.redfin.com/CT/New-Hartford/46-Pond-Rd-06057/home/107319676,Smart MLS,170257507,N,Y,41.883374,-73.0328027
MLS Listing,,Single Family Residential,54 Hollister Dr,Avon,CT,06001,365000,5,2.5,Avon,4150,63162,1986,151,88,,Active,,,http://www.redfin.com/CT/Avon/54-Hollister-Dr-06001/home/136462060,Smart MLS,170256884,N,Y,41.7827219,-72.8687865
MLS Listing,,Single Family Residential,6 Erickson Dr,Canton,CT,06019,139000,3,1.0,Collinsville,1440,29620,1959,153,97,,Active,,,http://www.redfin.com/CT/Collinsville/6-Erickson-Dr-06019/home/54006873,Smart MLS,170256825,N,Y,41.8218699,-72.931306
MLS Listing,,Vacant Land,110 Windsor Ct,Avon,CT,06001,289000,,,Avon,,54014,,154,,,Active,,,http://www.redfin.com/CT/Avon/110-Windsor-Ct-06001/home/136479959,Smart MLS,170256725,N,Y,41.808883,-72.90898
MLS Listing,,Single Family Residential,177 Hi View Rd,Hartland,CT,06065,275000,2,1.0,West Hartland,1344,1785960,1952,155,205,,Active,,,http://www.redfin.com/CT/Riverton/177-Hi-View-Rd-06065/home/54136946,Smart MLS,170256492,N,Y,41.9739907,-72.9989427
MLS Listing,,Single Family Residential,8 River Rd,Farmington,CT,06085,229900,3,2.0,Unionville,1614,19602,1958,157,142,,Active,,,http://www.redfin.com/CT/Unionville/8-River-Rd-06085/home/54427092,Smart MLS,170256009,N,Y,41.7452238,-72.8974917
MLS Listing,,Vacant Land,23 Red Fox Run,Canton,CT,06019,149900,,,Red Fox Run,,199504,,158,,,Active,,,http://www.redfin.com/CT/Collinsville/23-Red-Fox-RUN-06019/home/169988801,Smart MLS,170255538,N,Y,41.851672,-72.885442
MLS Listing,,Vacant Land,21 Red Fox Run,Canton,CT,06019,149900,,,Red Fox Run,,188614,,158,,,Active,,,http://www.redfin.com/CT/Collinsville/21-Red-Fox-RUN-06019/home/169988792,Smart MLS,170255534,N,Y,41.851599,-72.885417
MLS Listing,,Vacant Land,11 Red Fox Run,Canton,CT,06019,119900,,,Red Fox Run,,82764,,158,,,Active,,,http://www.redfin.com/CT/Collinsville/Unknown-06019/home/54005075,Smart MLS,170255528,N,Y,41.851126,-72.885551
MLS Listing,,Single Family Residential,100 Cherry Brook Rd,Canton,CT,06019,875000,3,3.5,Canton,3087,709592,1986,164,283,,Active,,,http://www.redfin.com/CT/Canton/100-Cherry-Brook-Rd-06019/home/106973788,Smart MLS,170254910,N,Y,41.847422,-72.925686
MLS Listing,,Condo/Co-op,17 Farm Dr #17,Farmington,CT,06032,248000,3,2.5,Farmington,1932,,1979,167,128,205,Active,,,http://www.redfin.com/CT/Farmington/17-Farm-Dr-06032/unit-17/home/148689183,Smart MLS,170254430,N,Y,41.7336371,-72.8761249
MLS Listing,,Single Family Residential,29 Fuller Rd,Barkhamsted,CT,06063,339900,4,2.0,Pleasant Valley,2465,84942,1831,168,138,,Active,,,http://www.redfin.com/CT/Barkhamsted/29-Fuller-Rd-06063/home/107033510,Smart MLS,170254215,N,Y,41.913725,-72.9815034
MLS Listing,,Condo/Co-op,220 Main St Unit 2K,New Hartford,CT,06057,105000,2,1.5,Pine Meadow,1136,,1973,171,92,448,Active,,,http://www.redfin.com/CT/New-Hartford/220-Main-St-06057/unit-2K/home/107320556,Smart MLS,170253541,N,Y,41.8655587,-72.9581091
MLS Listing,,Vacant Land,46 Behrens Rd,New Hartford,CT,06057,49900,,,New Hartford,,87120,,175,,,Active,,,http://www.redfin.com/CT/New-Hartford/46-Behrens-Rd-06057/home/107319742,Smart MLS,170251932,N,Y,41.8383971,-73.0489974
MLS Listing,,Condo/Co-op,38 Crocus Ln #38,Avon,CT,06001,139500,2,2.0,Avon,1185,,1971,177,118,427,Active,,,http://www.redfin.com/CT/Avon/38-Crocus-Ln-06001/unit-38/home/169788064,Smart MLS,170252219,N,Y,41.767375,-72.875654
MLS Listing,,Vacant Land,95 Deer Run,Avon,CT,06001,235000,,,Avon,,47916,,178,,,Active,,,http://www.redfin.com/CT/Avon/95-Deer-Run-06001/home/136459485,Smart MLS,170252060,N,Y,41.786302,-72.898952
MLS Listing,,Vacant Land,99 Deer Run,Avon,CT,06001,335000,,,Avon,,127195,,178,,,Active,,,http://www.redfin.com/CT/Avon/99-Deer-Run-06001/home/169782216,Smart MLS,170252057,N,Y,41.7867849,-72.8981043
MLS Listing,,Single Family Residential,7 Saddle Rdg,Avon,CT,06001,969000,4,4.0,Bridgewater,3888,50965,2019,181,249,,Active,,,http://www.redfin.com/CT/Avon/7-Saddle-Ridge-Dr-06001/home/136464989,Smart MLS,170251191,N,Y,41.799371,-72.903873
MLS Listing,,Single Family Residential,267 Northington Dr,Avon,CT,06001,969000,5,5.0,Bridgewater,4236,41382,2019,181,229,,Active,,,http://www.redfin.com/CT/Avon/267-Northington-Dr-06001/home/136464957,Smart MLS,170251196,N,Y,41.801806,-72.901447
MLS Listing,,Vacant Land,135 Southeast Rd,New Hartford,CT,06057,499900,,,New Hartford,,3367188,,181,,,Active,,,http://www.redfin.com/CT/New-Hartford/135-S-East-Rd-06057/home/109754956,Smart MLS,170251373,N,Y,41.8207473,-72.9786399
MLS Listing,,Single Family Residential,4 Pond St,Farmington,CT,06085,299900,3,2.5,Unionville,2138,18730,1950,182,140,17,Active,,,http://www.redfin.com/CT/Unionville/4-Pond-St-06085/home/54427990,Smart MLS,170251288,N,Y,41.7383714,-72.897507
MLS Listing,,Single Family Residential,46 Princeton Dr,Avon,CT,06001,995000,6,5.5,Avon,5538,50529,2005,182,180,,Active,,,http://www.redfin.com/CT/Avon/46-Princeton-Dr-06001/home/136436695,Smart MLS,170250922,N,Y,41.8121041,-72.8904542
MLS Listing,,Single Family Residential,27 Helen Hwy,New Hartford,CT,06057,150000,4,2.0,West Hill,1591,12196,1971,182,94,17,Active,,,http://www.redfin.com/CT/New-Hartford/27-Helen-Hwy-06057/home/107320607,Smart MLS,170251099,N,Y,41.8868578,-73.0321278
MLS Listing,,Vacant Land,3222 Torringford St,Torrington,CT,06790,42000,,,Torrington,,222155,,183,,,Active,,,http://www.redfin.com/CT/Torrington/3222-Torringford-St-06790/home/107287114,Smart MLS,170249253,N,Y,41.8652984,-73.0693629
MLS Listing,,Single Family Residential,688 Town Hill Rd,New Hartford,CT,06057,250000,3,2.0,New Hartford,2736,100187,1979,183,91,,Active,,,http://www.redfin.com/CT/New-Hartford/688-Town-Hill-Rd-06057/home/107319944,Smart MLS,170250991,N,Y,41.8457616,-73.0049678
MLS Listing,,Vacant Land,3226 Torringford St,Torrington,CT,06790,42000,,,Torrington,,164656,,184,,,Active,,,http://www.redfin.com/CT/Torrington/3226-Torringford-St-06790/home/107291415,Smart MLS,170249107,N,Y,41.8653638,-73.0693455
MLS Listing,,Vacant Land,264 Cedar Ln,New Hartford,CT,06057,47000,,,West Hill,,91476,,188,,,Active,,,http://www.redfin.com/CT/New-Hartford/264-Cedar-Ln-06057/home/107321277,Smart MLS,170249617,N,Y,41.8471744,-73.0398619
MLS Listing,,Single Family Residential,295 Stub Hollow Rd,New Hartford,CT,06057,799000,4,3.5,West Hill,2974,1986336,1922,196,269,,Active,,,http://www.redfin.com/CT/New-Hartford/295-Stub-Hollow-Rd-06057/home/107320182,Smart MLS,170244504,N,Y,41.8601099,-73.0128367
MLS Listing,,Single Family Residential,3 Nauset Ln,Farmington,CT,06032,699000,4,2.5,Unionville,3359,20908,2004,197,208,100,Active,,,http://www.redfin.com/CT/Farmington/3-Nauset-LN-06032/home/170474127,Smart MLS,170238936,N,Y,41.730267,-72.891374
MLS Listing,,Single Family Residential,767 George Washington Tpke,Burlington,CT,06013,230000,3,2.0,Burlington Center,2200,54014,1830,198,105,,Active,,,http://www.redfin.com/CT/Burlington/767-George-Washington-Tpke-06013/home/53764368,Smart MLS,170246898,N,Y,41.768579,-72.9640259
MLS Listing,,Vacant Land,55 Orchard St,Avon,CT,06001,85000,,,Avon,,23086,,203,,,Active,,,http://www.redfin.com/CT/Avon/55-Orchard-St-06001/home/136462562,Smart MLS,170245844,N,Y,41.764749,-72.894905
MLS Listing,,Single Family Residential,146 Spencer Hill Rd,Winchester,CT,06098,359900,5,3.5,Winchester,3204,95832,2001,203,112,,Active,,,http://www.redfin.com/CT/Winsted/146-Spencer-Hill-Rd-06098/home/107607415,Smart MLS,170245685,N,Y,41.941289,-73.0707569
MLS Listing,,Single Family Residential,18 Cider Mill Rd,Burlington,CT,06013,439900,4,4.5,Burlington,3249,156380,2000,205,135,,Active,,,http://www.redfin.com/CT/Burlington/18-Cider-Mill-Rd-06013/home/53763206,Smart MLS,170244691,N,Y,41.7704373,-73.0004749
MLS Listing,,Condo/Co-op,14 Willow Ln #14,Avon,CT,06001,140000,2,2.5,Avon,1251,,1976,206,112,434,Active,,,http://www.redfin.com/CT/Avon/14-Willow-Ln-06001/unit-14/home/169429937,Smart MLS,170244570,N,Y,41.769488,-72.8756049
MLS Listing,,Vacant Land,20 Fairview Ave,New Hartford,CT,06057,79000,,,New Hartford Center,,378971,,207,,,Active,,,http://www.redfin.com/CT/New-Hartford/20-Fairview-Ave-06057/home/109754834,Smart MLS,170244451,N,Y,41.8749867,-72.9776256
MLS Listing,,Vacant Land,166+ E Hi-View Rd,Hartland,CT,06091,125000,,,West Hartland,,1742400,,208,,,Active,,,http://www.redfin.com/CT/Hartland/166-E-Hi-View-RD-06091/home/169408968,Smart MLS,170244012,N,Y,41.980727,-73.00199
MLS Listing,,Single Family Residential,9 Harmony Hill Rd,New Hartford,CT,06057,219900,3,1.0,Bakersville,1229,87120,1947,212,179,,Active,,,http://www.redfin.com/CT/New-Hartford/9-Harmony-Hill-Rd-06057/home/107321750,Smart MLS,170242423,N,Y,41.8002209,-73.0437312
MLS Listing,,Single Family Residential,12 & 13 E River Rd,Barkhamsted,CT,06063,549900,4,2.5,Pleasant Valley,2776,122839,1890,214,198,,Active,,,http://www.redfin.com/CT/Barkhamsted/13-E-River-Rd-06063/home/107032130,Smart MLS,170242166,N,Y,41.9143834,-72.9873137
MLS Listing,,Vacant Land,16 Hill Top,Burlington,CT,06013,150000,,,Burlington,,63162,,216,,,Active,,,http://www.redfin.com/CT/Burlington/16-Hill-Top-Rd-06013/home/171436605,Smart MLS,170242053,N,Y,41.758006,-72.993919
MLS Listing,,Vacant Land,1526 Litchfield Tpke,New Hartford,CT,06057,99000,,,New Hartford,,178595,,217,,,Active,,,http://www.redfin.com/CT/New-Hartford/1526-Litchfield-Tpke-06057/home/107319492,Smart MLS,170242021,N,Y,41.8222534,-73.0633357
MLS Listing,,Single Family Residential,125 Hollister Dr,Avon,CT,06001,499900,4,2.5,Avon,2900,41817,2020,218,172,,Active,,,http://www.redfin.com/CT/Avon/125-Hollister-Dr-06001/home/147443867,Smart MLS,170240650,N,Y,41.779626,-72.872968
MLS Listing,,Single Family Residential,61 Stratford Xing,Avon,CT,06001,649900,4,3.5,Avon,3700,22128,2020,218,176,33,Active,,,http://www.redfin.com/CT/Avon/61-Stratford-Xing-06001/home/169265574,Smart MLS,170240459,N,Y,41.7767932,-72.8746867
MLS Listing,,Single Family Residential,14 New Rd,Avon,CT,06001,399000,3,3.0,Avon,1800,57499,2019,221,222,,Active,,,http://www.redfin.com/CT/Avon/14-New-Rd-06001/home/136445773,Smart MLS,170240352,N,Y,41.806031,-72.918496
MLS Listing,,Vacant Land,L#107 Saddle Ridge Dr,Avon,CT,06001,289000,,,BRIDGEWATER,,50965,,222,,,Active,,,http://www.redfin.com/CT/Avon/L107-Saddle-Ridge-Dr-06001/home/147300896,Smart MLS,170239925,N,Y,41.80141,-72.90295
MLS Listing,,Vacant Land,20 Saddle Ridge Dr,Avon,CT,06001,276250,,,Bridgewater,,67953,,222,,,Active,,,http://www.redfin.com/CT/Avon/20-Saddle-Ridge-Dr-06001/home/136443149,Smart MLS,170239923,N,Y,41.801962,-72.902266
MLS Listing,,Vacant Land,19 Saddle Ridge Dr,Avon,CT,06001,276250,,,BRIDGEWATER,,44431,,222,,,Active,,,http://www.redfin.com/CT/Avon/19-Saddle-Ridge-Dr-06001/home/136483117,Smart MLS,170239922,N,Y,41.801811,-72.903121
MLS Listing,,Vacant Land,10 Saddle Ridge Dr,Avon,CT,06001,255000,,,Bridgewater,,40075,,222,,,Active,,,http://www.redfin.com/CT/Avon/10-Saddle-Ridge-Dr-06001/home/136467062,Smart MLS,170239921,N,Y,41.800454,-72.903508
MLS Listing,,Vacant Land,50 Stockbridge Dr,Avon,CT,06001,210000,,,BRIDGEWATER,,40510,,222,,,Active,,,http://www.redfin.com/CT/Avon/50-Stockbridge-Dr-06001/home/136394653,Smart MLS,170239918,N,Y,41.8024727,-72.8980514
MLS Listing,,Vacant Land,49 Stockbridge Dr,Avon,CT,06001,210000,,,Bridgewater,,40075,,222,,,Active,,,http://www.redfin.com/CT/Avon/49-Stockbridge-Dr-06001/home/136416510,Smart MLS,170239916,N,Y,41.802386,-72.8991269
MLS Listing,,Vacant Land,31 Stockbridge Dr,Avon,CT,06001,199000,,,Bridgewater,,40075,,222,,,Active,,,http://www.redfin.com/CT/Avon/31-Stockbridge-Dr-06001/home/136426570,Smart MLS,170239915,N,Y,41.800741,-72.899713
MLS Listing,,Vacant Land,5 Stockbridge Dr,Avon,CT,06001,199000,,,BRIDGEWATER,,40075,,222,,,Active,,,http://www.redfin.com/CT/Avon/5-Stockbridge-Dr-06001/home/136412899,Smart MLS,170239914,N,Y,41.798287,-72.898863
MLS Listing,,Vacant Land,L#119 Northington Dr,Avon,CT,06001,199000,,,Bridgewater,,41382,,222,,,Active,,,http://www.redfin.com/CT/Avon/119-Northington-Dr-06001/home/147300978,Smart MLS,170239913,N,Y,41.7910247,-72.9026452
MLS Listing,,Vacant Land,255 Northington Dr,Avon,CT,06001,199000,,,BRIDGEWATER,,40510,,222,,,Active,,,http://www.redfin.com/CT/Avon/255-Northington-Dr-06001/home/136443125,Smart MLS,170239910,N,Y,41.801101,-72.9022789
MLS Listing,,Vacant Land,249 Northington Dr,Avon,CT,06001,199000,,,BRIDGEWATER,,42253,,222,,,Active,,,http://www.redfin.com/CT/Avon/249-Northington-Dr-06001/home/136483088,Smart MLS,170239909,N,Y,41.800747,-72.902615
MLS Listing,,Vacant Land,243 Northington Dr,Avon,CT,06001,199000,,,Bridgewater,,48787,,222,,,Active,,,http://www.redfin.com/CT/Avon/243-Northington-Dr-06001/home/136440667,Smart MLS,170239908,N,Y,41.800217,-72.902826
MLS Listing,,Vacant Land,Lot#118 Northington Dr,Avon,CT,06001,199000,,,BRIDGEWATER,,40946,,222,,,Active,,,http://www.redfin.com/CT/Avon/118-Northington-Dr-06001/home/160469647,Smart MLS,170239906,N,Y,41.7908787,-72.9015581
MLS Listing,,Vacant Land,274 Northington Dr,Avon,CT,06001,199000,,,Bridgewater,,46609,,222,,,Active,,,http://www.redfin.com/CT/Avon/274-Northington-Dr-06001/home/136467006,Smart MLS,170239903,N,Y,41.802265,-72.899928
MLS Listing,,Vacant Land,Lot#123 Northington Dr,Avon,CT,06001,179000,,,BRIDGEWATER,,44866,,222,,,Active,,,http://www.redfin.com/CT/Avon/123-Northington-Dr-06001/home/160469489,Smart MLS,170239902,N,Y,41.791765,-72.902576
MLS Listing,,Vacant Land,256 Northington Dr,Avon,CT,06001,179000,,,BRIDGEWATER,,47480,,222,,,Active,,,http://www.redfin.com/CT/Avon/256-Northington-Dr-06001/home/136487520,Smart MLS,170239900,N,Y,41.80048,-72.901408
MLS Listing,,Vacant Land,0 Turnbull Rd,New Hartford,CT,06057,65000,,,New Hartford,,101494,,224,,,Active,,,http://www.redfin.com/CT/NEW-HARTFORD/TURNBULL-RD-06057/home/107321607,Smart MLS,170239627,N,Y,41.876045,-73.016963
MLS Listing,,Single Family Residential,20 Hilltop Dr,Canton,CT,06019,244900,4,2.5,Canton,2402,43560,1976,225,102,,Active,,,http://www.redfin.com/CT/Canton/20-Hilltop-Dr-06019/home/54005820,Smart MLS,170239122,N,Y,41.8610618,-72.8868315
MLS Listing,,Single Family Residential,144 Lakeshore Dr,New Hartford,CT,06057,295000,4,2.0,West Hill,1914,43560,1969,230,154,,Active,,,http://www.redfin.com/CT/New-Hartford/144-Lakeshore-Dr-06057/home/107321479,Smart MLS,170237740,N,Y,41.8849967,-73.0157124
MLS Listing,,Single Family Residential,93 Oakwood Dr,Harwinton,CT,06791,1099000,3,2.5,Harwinton,3001,2779128,1999,233,366,,Active,,,http://www.redfin.com/CT/Harwinton/93-Oakwood-Dr-06791/home/107254162,Smart MLS,170236459,N,Y,41.7850538,-73.0681817
MLS Listing,,Single Family Residential,31 Deer Run Rd,Barkhamsted,CT,06063,1695000,4,6.0,Barkhamsted,8470,923472,1988,238,200,,Active,,,http://www.redfin.com/CT/Barkhamsted/31-Deer-Run-Rd-06063/home/107032961,Smart MLS,170231767,N,Y,41.9610292,-72.9201203
MLS Listing,,Single Family Residential,36 Carlson Dr,New Hartford,CT,06057,160000,3,1.5,New Hartford,1056,34848,1972,242,152,,Active,,,http://www.redfin.com/CT/New-Hartford/36-Carlson-Dr-06057/home/107320665,Smart MLS,170233853,N,Y,41.8743267,-73.0305888
MLS Listing,,Condo/Co-op,759 George Washington Unit E,Burlington,CT,06013,299000,3,2.5,Burlington,1838,,2019,244,163,30,Active,,,http://www.redfin.com/CT/Burlington/759-George-Washington-Tpke-06013/unit-E/home/168945483,Smart MLS,170233357,N,Y,41.7683397,-72.9633206
MLS Listing,,Single Family Residential,20 Barberry Dr,New Hartford,CT,06057,519900,4,3.5,New Hartford,3921,268329,2004,244,133,,Active,,,http://www.redfin.com/CT/New-Hartford/20-Barberry-Dr-06057/home/107321411,Smart MLS,170224450,N,Y,41.8087564,-73.0689239
MLS Listing,,Vacant Land,86 Hidden Hill Rd,New Hartford,CT,06057,109000,,,New Hartford,,174240,,250,,,Active,,,http://www.redfin.com/CT/New-Hartford/86-Hidden-Hill-Rd-06057/home/107319707,Smart MLS,170229981,N,Y,41.8177449,-73.017809
MLS Listing,,Single Family Residential,88 Eno Hill Rd,Colebrook,CT,06021,825000,3,2.5,Colebrook,2801,3165505,1987,252,295,,Active,,,http://www.redfin.com/CT/COLEBROOK/88-ENO-HILL-RD-06021/home/160574546,Smart MLS,170230787,N,Y,41.979214,-73.029702
MLS Listing,,Vacant Land,97 Davis Rd,Burlington,CT,06013,165000,,,Burlington,,205603,,262,,,Active,,,http://www.redfin.com/CT/Burlington/97-Davis-Rd-06013/home/53764524,Smart MLS,170227839,N,Y,41.7929914,-72.9855281
MLS Listing,,Single Family Residential,117 Vineyard Rd,Burlington,CT,06013,274800,3,2.5,Burlington,2411,117612,2006,264,114,,Active,,,http://www.redfin.com/CT/Burlington/117-Vineyard-Rd-06013/home/53763265,Smart MLS,170227152,N,Y,41.7825981,-72.9582409
MLS Listing,,Condo/Co-op,2 Whirling Dun #2,Canton,CT,06019,204900,2,2.5,Collinsville,2398,,1985,266,85,324,Active,,,http://www.redfin.com/CT/Collinsville/2-Whirling-Dun-06019/unit-2/home/168676024,Smart MLS,170226369,N,Y,41.8264899,-72.925904
MLS Listing,,Vacant Land,Lot 361 Mountain Top Pass,Burlington,CT,06013,125000,,,Johnny Cake,,158994,,268,,,Active,,,http://www.redfin.com/CT/Burlington/Lot-361-Mountain-Top-Pass-06013/home/168657107,Smart MLS,170225666,N,Y,41.754305,-72.995639
MLS Listing,,Single Family Residential,8 Highfield Dr,Burlington,CT,06013,369900,4,2.5,Burlington,2502,172497,2000,269,148,,Active,,,http://www.redfin.com/CT/Burlington/8-Highfield-Dr-06013/home/53764307,Smart MLS,170223747,N,Y,41.7857878,-72.9379343
MLS Listing,,Condo/Co-op,2 Willow Ln #2,Avon,CT,06001,144900,2,2.5,Avon,1251,,1977,270,116,434,Active,,,http://www.redfin.com/CT/Avon/2-Willow-Ln-06001/unit-2/home/168643466,Smart MLS,170221297,N,Y,41.769579,-72.875913
MLS Listing,,Single Family Residential,268 Center St,Hartland,CT,06091,589000,4,3.0,West Hartland,3419,139827,1927,270,172,,Active,,,http://www.redfin.com/CT/West-Hartland/268-Center-St-06091/home/54137380,Smart MLS,170222426,N,Y,42.011273,-72.971633
MLS Listing,,Single Family Residential,6 Davis Rd,New Hartford,CT,06057,120000,3,1.0,New Hartford,600,3049,1949,271,200,,Active,,,http://www.redfin.com/CT/New-Hartford/6-Davis-Rd-06057/home/107319798,Smart MLS,170224681,N,Y,41.8871354,-73.0328711
MLS Listing,,Single Family Residential,551 Wood Duck Dr,Torrington,CT,06790,214900,4,2.5,Torrington,1888,13939,2001,279,114,58,Active,,,http://www.redfin.com/CT/Torrington/551-Wood-Duck-Dr-06790/home/107289919,Smart MLS,170222450,N,Y,41.8583618,-73.0630905
MLS Listing,,Single Family Residential,96 Putter Ln,Torrington,CT,06790,574000,3,2.0,Torrington,2948,689990,2010,280,195,,Active,,,http://www.redfin.com/CT/Torrington/96-Putter-Ln-06790/home/107289649,Smart MLS,170221459,N,Y,41.878585,-73.068653
MLS Listing,,Vacant Land,321 Colebrook Rd,Winchester,CT,06021,69900,,,Winchester,,392040,,281,,,Active,,,http://www.redfin.com/CT/Winchester/321-Colebrook-RD-06021/home/170446464,Smart MLS,170222143,N,Y,41.982857,-73.045894
MLS Listing,,Single Family Residential,59 Andrew Dr,Canton,CT,06019,499000,4,2.5,North Canton,2824,182952,2018,283,177,,Active,,,http://www.redfin.com/CT/Canton/59-Andrew-Dr-06019/home/54006464,Smart MLS,170220260,N,Y,41.8847,-72.886758
MLS Listing,,Single Family Residential,452 E River Rd,Barkhamsted,CT,06065,199900,3,2.0,Riverton,1516,23086,1840,283,132,,Active,,,http://www.redfin.com/CT/Riverton/452-E-River-Rd-06065/home/107032038,Smart MLS,170221019,N,Y,41.9652407,-73.0172266
MLS Listing,,Vacant Land,28 Fuller Rd,Barkhamsted,CT,06063,65000,,,Pleasant Valley,,90169,,285,,,Active,,,http://www.redfin.com/CT/Barkhamsted/28-Fuller-Rd-06063/home/107032187,Smart MLS,170220478,N,Y,41.9158593,-72.9845647
MLS Listing,,Vacant Land,32-4 West Chippens Hill Rd,Burlington,CT,06013,114900,,,Stone House Estates,,192099,,295,,,Active,,,http://www.redfin.com/CT/Burlington/32-W-Chippens-Hill-Rd-06013/home/53764980,Smart MLS,170217029,N,Y,41.7385714,-72.983598
MLS Listing,,Single Family Residential,28-44 S Main St,Winchester,CT,06098,908000,18,7.0,Winsted,8457,54450,1900,295,107,,Active,,,http://www.redfin.com/CT/Winsted/28-S-Main-St-06098/home/167612728,Smart MLS,170215808,N,Y,41.9184553,-73.0572324
MLS Listing,,Vacant Land,46 Claire Hill Rd,Burlington,CT,06013,74900,,,Burlington,,16988,,298,,,Active,,,http://www.redfin.com/CT/Burlington/46-Claire-Hill-Rd-06013/home/109850163,Smart MLS,170216665,N,Y,41.8036887,-72.9295252
MLS Listing,,Vacant Land,4 Red Fox Run,Canton,CT,06019,219900,,,Red Fox Run,,470012,,298,,,Active,,,http://www.redfin.com/CT/Canton/4-Barbourtown-Rd-06019/home/54005255,Smart MLS,170216273,N,Y,41.8598809,-72.9151607
MLS Listing,,Single Family Residential,215 Locust Rd,Harwinton,CT,06791,950000,6,5.0,Harwinton,5974,820234,1800,298,159,,Active,,,http://www.redfin.com/CT/Harwinton/215-Locust-Rd-06791/home/107251837,Smart MLS,170212955,N,Y,41.7608627,-73.0411526
MLS Listing,,Vacant Land,381 Northington Dr,Avon,CT,06001,275000,,,Avon,,51836,,302,,25,Active,,,http://www.redfin.com/CT/Avon/381-Northington-Dr-06001/home/136414572,Smart MLS,170215340,N,Y,41.8059454,-72.9067876
MLS Listing,,Vacant Land,107 Goose Green Rd,Barkhamsted,CT,06063,95000,,,Barkhamsted,,691297,,305,,,Active,,,http://www.redfin.com/CT/Barkhamsted/107-Goose-Green-Rd-06063/home/107032491,Smart MLS,170214187,N,Y,41.8986865,-72.9747473
MLS Listing,,Vacant Land,2949 Torringford St,Torrington,CT,06790,109999,,,Torrington,,1316818,,310,,,Active,,,http://www.redfin.com/CT/Torrington/2949-Torringford-St-06790/home/144529524,Smart MLS,170212817,N,Y,41.8604577,-73.0706054
MLS Listing,,Vacant Land,39 Princeton Dr,Avon,CT,06001,349000,,,Avon,,54885,,316,,,Active,,,http://www.redfin.com/CT/Avon/39-Princeton-Dr-06001/home/136423980,Smart MLS,170210836,N,Y,41.8125987,-72.8916053
MLS Listing,,Vacant Land,28 Windsor Ct,Avon,CT,06001,279000,,,Avon,,43560,,316,,,Active,,,http://www.redfin.com/CT/Avon/28-Windsor-Ct-06001/home/136430470,Smart MLS,170210832,N,Y,41.8104468,-72.9032878
MLS Listing,,Vacant Land,132 Spencer Hill Rd,Winchester,CT,06098,995000,,,Winsted,,3571920,,324,,,Active,,,http://www.redfin.com/CT/Winsted/132-Spencer-Hill-Rd-06098/home/167111010,Smart MLS,170207910,N,Y,41.9409078,-73.0723765
MLS Listing,,Vacant Land,0 Cotton Hill Rd,New Hartford,CT,06057,64900,,,New Hartford,,299692,,326,,,Active,,,http://www.redfin.com/CT/NEW-HARTFORD/COTTON-HILL-RD-06057/home/107319762,Smart MLS,170207523,N,Y,41.827015,-73.036722
MLS Listing,,Vacant Land,0 Litchfield Tpke,New Hartford,CT,06057,234900,,,New Hartford,,2888028,,326,,,Active,,,http://www.redfin.com/CT/NEW-HARTFORD/LITCHFIELD-TPKE-06057/home/107321008,Smart MLS,170207518,N,Y,41.830193,-73.013206
MLS Listing,,Single Family Residential,15 Highwood Xing,Burlington,CT,06013,549600,4,3.5,Highwood Crossing,3300,142005,2019,331,167,,Active,,,http://www.redfin.com/CT/Burlington/15-Highwood-Xing-06013/home/53763327,Smart MLS,170205131,N,Y,41.7689844,-72.9097197
MLS Listing,,Single Family Residential,8 Highwood Xing,Burlington,CT,06013,549600,4,3.0,Highwood Crossing,3300,90169,2019,331,167,,Active,,,http://www.redfin.com/CT/Burlington/8-Highwood-Xing-06013/home/53763341,Smart MLS,170205119,N,Y,41.7683928,-72.9098422
MLS Listing,,Single Family Residential,683 Heron Dr,Torrington,CT,06790,166600,4,2.5,Torrington,2094,9583,2003,344,80,53,Active,,,http://www.redfin.com/CT/Torrington/683-Heron-Dr-06790/home/107295433,Smart MLS,170201061,N,Y,41.8601351,-73.0609711
MLS Listing,,Single Family Residential,187 Johnnycake Mountain Rd,Burlington,CT,06013,425000,4,2.5,Riverside,3075,117176,2002,351,138,,Active,,,http://www.redfin.com/CT/Burlington/187-Johnnycake-Mountain-Rd-06013/home/53764344,Smart MLS,170197915,N,Y,41.7441752,-72.990647
MLS Listing,,Single Family Residential,13 Meadow St,New Hartford,CT,06057,59000,2,1.0,New Hartford,648,34848,1870,352,91,,Active,,,http://www.redfin.com/CT/New-Hartford/13-Meadow-St-06057/home/107321369,Smart MLS,170198078,N,Y,41.8816397,-72.9678621
MLS Listing,,Single Family Residential,8 Southgate,Avon,CT,06001,688800,4,3.5,Avon,3500,145054,2019,352,197,,Active,,,http://www.redfin.com/CT/Avon/8-Southgate-06001/home/136419967,Smart MLS,170197970,N,Y,41.7874025,-72.8946253
MLS Listing,,Vacant Land,28 Fox Brook Rd,Hartland,CT,06027,49900,,,East Hartland,,43560,,364,,,Active,,,http://www.redfin.com/CT/East-Hartland/28-Fox-Brook-Rd-06027/home/54137201,Smart MLS,170191884,N,Y,42.0297255,-72.878358
MLS Listing,,Vacant Land,28 Eddy Rd,Barkhamsted,CT,06063,47900,,,Barkhamsted,,33976,,365,,,Active,,,http://www.redfin.com/CT/Barkhamsted/28-Eddy-Rd-06063/home/107032129,Smart MLS,170193475,N,Y,41.9005751,-73.0130763
MLS Listing,,Vacant Land,18 Pine Hill Rd,New Hartford,CT,06057,470000,,,West Wind,,1118620,,369,,,Active,,,http://www.redfin.com/CT/New-Hartford/18-Pine-Hill-Rd-06057/home/107320355,Smart MLS,170191635,N,Y,41.8333686,-72.9746079
MLS Listing,,Vacant Land,35 Hemlock Dr,New Hartford,CT,06057,125000,,,Homestead Acres,,206038,,376,,,Active,,,http://www.redfin.com/CT/New-Hartford/35-Hemlock-Dr-06057/home/143126310,Smart MLS,170186872,N,Y,41.8310701,-73.0582207
MLS Listing,,Vacant Land,358 George Washington Tpke,Burlington,CT,06013,55000,,,Burlington,,117612,,379,,,Active,,,http://www.redfin.com/CT/Burlington/358-George-Washington-Tpke-06013/home/53764189,Smart MLS,170187931,N,Y,41.756666,-72.93085
MLS Listing,,Vacant Land,119 N Canton Rd,Barkhamsted,CT,06063,49000,,,Barkhamsted,,95832,,380,,,Active,,,http://www.redfin.com/CT/Barkhamsted/119-N-Canton-Rd-06063/home/109667452,Smart MLS,170186939,N,Y,41.9337298,-72.917801
MLS Listing,,Vacant Land,166 Old North Rd,Barkhamsted,CT,06063,37900,,,Barkhamsted,,87120,,388,,,Active,,,http://www.redfin.com/CT/Barkhamsted/166-N-Old-Rd-06063/home/107033353,Smart MLS,170184001,N,Y,41.9296311,-73.0321177
MLS Listing,,Vacant Land,0 NEW HARTFORD RD /HEATHER HILL/CARRIAGE LN Rd,Barkhamsted,CT,06063,274000,,,Barkhamsted,,2818332,,399,,,Active,,,http://www.redfin.com/CT/Barkhamsted/Unknown-06063/home/161099966,Smart MLS,170180488,N,Y,41.908147,-73.007288
MLS Listing,,Vacant Land,560 Main St,New Hartford,CT,06057,89900,,,New Hartford,,27007,,403,,,Active,,,http://www.redfin.com/CT/NEW-HARTFORD/560-MAIN-ST-06057/home/107319888,Smart MLS,170176277,N,Y,41.880913,-72.980447
MLS Listing,,Vacant Land,102 Windsor Ct,Avon,CT,06001,319000,,,Avon,,50093,,413,,,Active,,,http://www.redfin.com/CT/Avon/102-Windsor-Ct-06001/home/136430480,Smart MLS,170175272,N,Y,41.809271,-72.90857
MLS Listing,,Single Family Residential,44 Ratlum Mountain Rd,Barkhamsted,CT,06063,449900,5,3.5,Barkhamsted,3679,169884,2004,416,122,,Active,,,http://www.redfin.com/CT/Barkhamsted/44-Ratlum-Mountain-Rd-06063/home/107032795,Smart MLS,170172055,N,Y,41.9052378,-72.927437
MLS Listing,,Single Family Residential,390 Bruning Rd,New Hartford,CT,06057,499900,4,2.5,Poley Farms,2500,420354,2019,426,200,,Active,,,http://www.redfin.com/CT/New-Hartford/390-Bruning-Rd-06057/home/107321351,Smart MLS,170171090,N,Y,41.867476,-73.0209502
MLS Listing,,Vacant Land,39 Ratlum Mountain Rd,Barkhamsted,CT,06063,49900,,,Barkhamsted,,213879,,429,,,Active,,,http://www.redfin.com/CT/Barkhamsted/39-Ratlum-Mountain-Rd-06063/home/107032868,Smart MLS,170169953,N,Y,41.9046641,-72.9283637
MLS Listing,,Vacant Land,19 Ratlum Mountain Rd,Barkhamsted,CT,06063,89900,,,Barkhamsted,,342381,,429,,,Active,,,http://www.redfin.com/CT/Barkhamsted/19-Ratlum-Mountain-Rd-06063/home/107032007,Smart MLS,170169941,N,Y,41.9049998,-72.9301767
MLS Listing,,Vacant Land,Lot 3 Mountain Spgs,Canton,CT,06019,159000,,,Mountain Springs Estates,,115434,,434,,,Active,,,http://www.redfin.com/CT/Canton/3-N-Mountain-Rd-06019/home/144530616,Smart MLS,170168372,N,Y,41.8648707,-72.9034556
MLS Listing,,Vacant Land,Lot 2 Mountain Spgs,Canton,CT,06019,159000,,,Mountain Springs Estates,,67518,,434,,,Active,,,http://www.redfin.com/CT/Collinsville/Lot-2-Mountain-Spgs-06019/home/148352927,Smart MLS,170168376,N,Y,41.83661,-72.898682
MLS Listing,,Vacant Land,lot3-1 George Washington Tpke,Burlington,CT,06013,94900,,,Burlington,,159865,,466,,,Active,,,http://www.redfin.com/CT/Burlington/1-George-Washington-Tpke-06013/home/53763429,Smart MLS,170158538,N,Y,41.7452031,-72.9028689
MLS Listing,,Vacant Land,lot3 George Washington Tpke,Burlington,CT,06013,94900,,,Burlington,,117612,,466,,,Active,,,http://www.redfin.com/CT/Burlington/lot3-George-Washington-Tpke-06013/home/166584990,Smart MLS,170158528,N,Y,41.756039,-72.935417
MLS Listing,,Multi-Family (2-4 Unit),142 Main St,Winchester,CT,06098,375000,0,4.5,Winchester Center,3965,18295,1900,488,95,,Active,,,http://www.redfin.com/CT/Winsted/142-Main-St-06098/home/144512210,Smart MLS,170153390,N,Y,41.921235,-73.063159
MLS Listing,,Vacant Land,302 Gillette Rd,New Hartford,CT,06057,96500,,,New Hartford,,87120,,489,,,Active,,,http://www.redfin.com/CT/New-Hartford/302-Gillette-Rd-06057/home/107320417,Smart MLS,170152007,N,Y,41.8340706,-73.0601828
MLS Listing,,Single Family Residential,82 Eddy Rd,Barkhamsted,CT,06063,699900,3,2.5,Barkhamsted,4124,4813380,2001,520,170,,Active,,,http://www.redfin.com/CT/Barkhamsted/82-Eddy-Rd-06063/home/107033273,Smart MLS,170148242,N,Y,41.9007641,-73.0083441
MLS Listing,,Vacant Land,124 E West Hill Rd,Barkhamsted,CT,06063,90000,,,Barkhamsted,,60983,,530,,,Active,,,http://www.redfin.com/CT/Barkhamsted/124-E-West-Hill-Rd-06063/home/107032202,Smart MLS,170145785,N,Y,41.8957598,-73.0149367
MLS Listing,,Vacant Land,86 Winchester Rd,New Hartford,CT,06057,44900,,,New Hartford,,91476,,575,,,Active,,,http://www.redfin.com/CT/New-Hartford/86-Winchester-Rd-06057/home/107321417,Smart MLS,170132974,N,Y,41.840566,-73.0326934
MLS Listing,,Single Family Residential,50 Edgerton Rd,Granby,CT,06090,315000,3,2.5,West Granby,1764,87120,2018,598,179,,Active,,,http://www.redfin.com/CT/West-Granby/50-Edgerton-Rd-06090/home/54372027,Smart MLS,170097342,N,Y,41.941741,-72.89624
MLS Listing,,Vacant Land,7 Stadler Hts,Winchester,CT,06098,105000,,,Stadler Heights,,909097,,599,,,Active,,,http://www.redfin.com/CT/Winchester/Stadler-Hts-06098/home/144533886,Smart MLS,170125905,N,Y,41.894414,-73.056128
MLS Listing,,Vacant Land,609 W Hill Rd,New Hartford,CT,06057,155000,,,New Hartford,,1018432,,647,,,Active,,,http://www.redfin.com/CT/New-Hartford/609-W-Hill-Rd-06057/home/107321792,Smart MLS,170109755,N,Y,41.8254799,-73.0132045
MLS Listing,,Vacant Land,Lot 2 W Chippens Hill Rd,Burlington,CT,06013,95000,,,Burlington,,43995,,676,,,Active,,,http://www.redfin.com/CT/Burlington/2-W-Chippens-Hill-Rd-06013/home/170364544,Smart MLS,170100889,N,Y,41.7401235,-72.9840615
MLS Listing,,Vacant Land,Lot 1 W Chippens Hill Rd,Burlington,CT,06013,95000,,,Burlington,,58806,,676,,,Active,,,http://www.redfin.com/CT/Burlington/1-W-Chippens-Hill-Rd-06013/home/170364543,Smart MLS,170100890,N,Y,41.7401235,-72.9840615
MLS Listing,,Vacant Land,0 Bank St,Winchester,CT,06098,24900,,,Winsted,,10018,,688,,,Active,,,http://www.redfin.com/CT/WINSTED/BANK-ST-06098/home/166949754,Smart MLS,170095274,N,Y,41.930089,-73.063569
MLS Listing,,Vacant Land,37 Sepous Rd,Avon,CT,06001,155000,,,Avon,,27007,,695,,,Active,,,http://www.redfin.com/CT/Avon/37-Sepous-Rd-06001/home/136415334,Smart MLS,170095182,N,Y,41.7824375,-72.920518
MLS Listing,,Vacant Land,54 Edgerton Rd,Granby,CT,06090,69900,,,West Granby,,87120,,707,,,Active,,,http://www.redfin.com/CT/West-Granby/54-Edgerton-Rd-06090/home/54372028,Smart MLS,170090635,N,Y,41.942473,-72.897694
