SALE TYPE,SOLD DATE,PROPERTY TYPE,ADDRESS,CITY,STATE OR PROVINCE,ZIP OR POSTAL CODE,PRICE,BEDS,BATHS,LOCATION,SQUARE FEET,LOT SIZE,YEAR BUILT,DAYS ON MARKET,$/SQUARE FEET,HOA/MONTH,STATUS,NEXT OPEN HOUSE START TIME,NEXT OPEN HOUSE END TIME,URL (SEE http://www.redfin.com/buy-a-home/comparative-market-analysis FOR INFO ON PRICING),SOURCE,MLS#,FAVORITE,INTERESTED,LATITUDE,LONGITUDE
MLS Listing,,Condo/Co-op,11 Spy Glass Cir #11,Bloomfield,CT,06002,524750,3,3.0,Bloomfield,3358,,2008,5,156,600,Active,,,http://www.redfin.com/CT/Bloomfield/11-Spy-Glass-Cir-06002/unit-11/home/145892834,Smart MLS,170292172,N,Y,41.8182407,-72.7505865
MLS Listing,,Single Family Residential,1097 Blue Hills Ave,Bloomfield,CT,06002,98000,3,1.0,Bloomfield,1236,20908,1885,8,79,,Active,,,http://www.redfin.com/CT/Bloomfield/1097-Blue-Hills-Ave-06002/home/53941894,Smart MLS,170291333,N,Y,41.8288369,-72.6973951
MLS Listing,,Single Family Residential,31 Grant Hill Rd,Bloomfield,CT,06002,319900,3,3.5,Bloomfield,2719,43560,1985,9,118,,Active,,,http://www.redfin.com/CT/Bloomfield/31-Grant-Hill-Rd-06002/home/53943625,Smart MLS,170291127,N,Y,41.8228697,-72.7617427
MLS Listing,,Vacant Land,440 Tunxis Ave,Bloomfield,CT,06002,74900,,,Bloomfield,,23086,,11,,,Active,,,http://www.redfin.com/CT/Bloomfield/440-Tunxis-Ave-06002/home/53946613,Smart MLS,170290625,N,Y,41.8483435,-72.7434963
MLS Listing,,Single Family Residential,5 Anthonys Way,Bloomfield,CT,06002,494900,4,3.0,Bloomfield,2295,26136,2020,11,216,,Active,,,http://www.redfin.com/CT/Bloomfield/5-Anthonys-Way-06002/home/147116368,Smart MLS,170290544,N,Y,41.838912,-72.756902
MLS Listing,,Condo/Co-op,287 Castlewood Dr #287,Bloomfield,CT,06002,209900,2,2.0,Bloomfield,2756,,1989,14,76,445,Active,,,http://www.redfin.com/CT/Bloomfield/287-Castlewood-Dr-06002/unit-287/home/170359893,Smart MLS,170290093,N,Y,41.8525105,-72.7264544
MLS Listing,,Vacant Land,80-90 Hoskins Rd,Bloomfield,CT,06002,70000,,,North Bloomfield,,232174,,15,,,Active,,,http://www.redfin.com/CT/Bloomfield/80-Hoskins-Rd-06002/home/53944133,Smart MLS,170288624,N,Y,41.8801162,-72.7662206
MLS Listing,,Single Family Residential,10 S Ridge Dr,Bloomfield,CT,06002,469900,4,4.0,Bloomfield,4142,52707,2002,15,113,280,Active,,,http://www.redfin.com/CT/Bloomfield/10-S-Ridge-Dr-06002/home/53940495,Smart MLS,170289332,N,Y,41.8522191,-72.7685245
MLS Listing,,Single Family Residential,27 Sycamore Rd,Bloomfield,CT,06002,249900,4,2.5,North Bloomfield,1389,14810,1957,16,180,,Active,,,http://www.redfin.com/CT/Bloomfield/27-Sycamore-Rd-06002/home/53946347,Smart MLS,170289656,N,Y,41.8309478,-72.7238706
MLS Listing,,Single Family Residential,11 Filley St,Bloomfield,CT,06002,269900,5,3.5,Bloomfield,3062,138520,1785,17,88,,Active,,,http://www.redfin.com/CT/Bloomfield/11-Filley-St-06002/home/53943310,Smart MLS,170289540,N,Y,41.8383895,-72.7214459
MLS Listing,,Single Family Residential,26 Colonial Dr N #26,Bloomfield,CT,06002,599900,5,4.5,Bloomfield,5353,43560,2007,17,112,600,Active,,,http://www.redfin.com/CT/Bloomfield/26-Colonial-Dr-N-06002/unit-26/home/167111835,Smart MLS,170286693,N,Y,41.8197094,-72.7505317
MLS Listing,,Single Family Residential,27 High Wood Rd,Bloomfield,CT,06002,385000,5,3.5,Bloomfield,3443,40946,1980,19,112,25,Active,,,http://www.redfin.com/CT/Bloomfield/27-High-Wood-Rd-06002/home/53943809,Smart MLS,170289118,N,Y,41.8150278,-72.7808038
MLS Listing,,Single Family Residential,110 Vista Way,Bloomfield,CT,06002,389900,2,2.0,Bloomfield,2243,18730,2006,20,174,246,Active,,,http://www.redfin.com/CT/Bloomfield/110-Vista-Way-06002/home/53940414,Smart MLS,170288907,N,Y,41.8447433,-72.759011
MLS Listing,,Condo/Co-op,11 Woodland Ave Unit G,Bloomfield,CT,06002,124900,2,1.5,Bloomfield,1368,,1971,21,91,286,Active,,,http://www.redfin.com/CT/Bloomfield/11-Woodland-Ave-06002/unit-G/home/53947464,Smart MLS,170286590,N,Y,41.8337941,-72.7335069
MLS Listing,,Single Family Residential,36 Carpenter Ln,Bloomfield,CT,06002,249000,3,2.5,North Bloomfield,1776,43560,2003,23,140,,Active,,,http://www.redfin.com/CT/Bloomfield/36-Carpenter-Ln-06002/home/53940129,Smart MLS,170288377,N,Y,41.8409528,-72.7317672
MLS Listing,,Single Family Residential,8 Drummer Trl,Bloomfield,CT,06002,248000,3,2.5,Bloomfield,1730,23958,1976,25,143,,Active,,,http://www.redfin.com/CT/Bloomfield/8-Drummer-Trl-06002/home/53942607,Smart MLS,170287973,N,Y,41.8494163,-72.7304281
MLS Listing,,Single Family Residential,36 S Barn Hill Rd,Bloomfield,CT,06002,369000,3,2.0,Regency,2523,30056,2005,27,146,246,Active,,,http://www.redfin.com/CT/Bloomfield/36-S-Barn-Hill-Rd-06002/home/53940535,Smart MLS,170287526,N,Y,41.8496392,-72.7587339
MLS Listing,,Condo/Co-op,8 Biltmore Park #8,Bloomfield,CT,06002,199900,3,2.5,Bloomfield,2108,,1984,28,95,716,Active,,,http://www.redfin.com/CT/Bloomfield/8-Biltmore-Park-06002/unit-8/home/171305692,Smart MLS,170281822,N,Y,41.8091671,-72.768187
MLS Listing,,Condo/Co-op,231 Wintonbury Ave Unit 4B,Bloomfield,CT,06002,62231,1,1.0,Bloomfield,836,,1965,36,74,231,Active,,,http://www.redfin.com/CT/Bloomfield/231-Wintonbury-Ave-06002/unit-4B/home/53947226,Smart MLS,170283852,N,Y,41.8303604,-72.7045898
MLS Listing,,Single Family Residential,77 West Eggleston St,Bloomfield,CT,06002,164900,3,1.0,Bloomfield,1000,15681,1957,39,165,,Active,,,http://www.redfin.com/CT/Bloomfield/77-W-Eggleston-St-06002/home/53946872,Smart MLS,170285180,N,Y,41.8213613,-72.7074762
MLS Listing,,Single Family Residential,1262 Blue Hills Ave,Bloomfield,CT,06002,241000,3,2.0,Blue Hills,1282,20037,1947,42,188,,Active,,,http://www.redfin.com/CT/Bloomfield/1262-Blue-Hills-Ave-06002/home/53941877,Smart MLS,170284771,N,Y,41.8510427,-72.7017033
MLS Listing,,Condo/Co-op,4 Camelot Dr #4,Bloomfield,CT,06002,84900,2,1.5,Blue Hills,1088,,1965,42,78,475,Active,,,http://www.redfin.com/CT/Bloomfield/4-Camelot-Dr-06002/unit-4/home/146959857,Smart MLS,170284351,N,Y,41.8304398,-72.7040828
MLS Listing,,Single Family Residential,82 Daniel Blvd,Bloomfield,CT,06002,153000,3,1.0,North Bloomfield,1140,10454,1953,50,134,,Active,,,http://www.redfin.com/CT/Bloomfield/82-Daniel-Blvd-06002/home/53942701,Smart MLS,170282722,N,Y,41.8296629,-72.6916812
MLS Listing,,Single Family Residential,9 Terry Plains Rd,Bloomfield,CT,06002,269900,4,2.5,Bloomfield,1682,20908,1949,52,160,,Active,,,http://www.redfin.com/CT/Bloomfield/9-Terry-Plains-Rd-06002/home/53947009,Smart MLS,170281997,N,Y,41.8447467,-72.7460821
MLS Listing,,Single Family Residential,207 Duncaster Rd,Bloomfield,CT,06002,334900,4,2.0,North Bloomfield,2825,288802,1992,52,119,,Active,,,http://www.redfin.com/CT/Bloomfield/207-Duncaster-Rd-06002/home/53942995,Smart MLS,170281174,N,Y,41.8789002,-72.7578566
MLS Listing,,Single Family Residential,9 Pine Grove Rd,Bloomfield,CT,06002,219000,4,2.5,Bloomfield,1792,13939,1949,54,122,,Active,,,http://www.redfin.com/CT/Bloomfield/9-Pine-Grove-Rd-06002/home/53945739,Smart MLS,170281626,N,Y,41.8225366,-72.69436
MLS Listing,,Single Family Residential,5 Timothy Ln,Bloomfield,CT,06002,344900,2,2.0,Bloomfield,1803,17424,2005,55,191,105,Active,,,http://www.redfin.com/CT/Bloomfield/5-Timothy-Ln-06002/home/53940126,Smart MLS,170281382,N,Y,41.8500965,-72.7548553
MLS Listing,,Condo/Co-op,18 Pebble Beach Dr #18,Bloomfield,CT,06002,419000,4,3.5,Bloomfield,3600,,2013,55,116,600,Active,,,http://www.redfin.com/CT/Bloomfield/18-Pebble-Beach-Dr-06002/unit-18/home/160708256,Smart MLS,170280244,N,Y,41.8181271,-72.7419482
MLS Listing,,Single Family Residential,79 Filley St,Bloomfield,CT,06002,299900,3,2.5,Bloomfield Ridge,2058,17424,2015,59,146,,Active,,,http://www.redfin.com/CT/Bloomfield/79-Filley-St-06002/home/53941029,Smart MLS,170276956,N,Y,41.8482989,-72.7175901
MLS Listing,,Condo/Co-op,19 Saddle Rdg #19,Bloomfield,CT,06002,425000,4,3.5,Bloomfield,3082,,1989,60,138,925,Active,,,http://www.redfin.com/CT/Bloomfield/19-Saddle-Rdg-06002/unit-19/home/144519289,Smart MLS,170278641,N,Y,41.8331215,-72.7749526
MLS Listing,,Single Family Residential,184 Tunxis Ave,Bloomfield,CT,06002,219999,3,1.5,North Bloomfield,1765,37461,1954,61,125,,Active,,,http://www.redfin.com/CT/Bloomfield/184-Tunxis-Ave-06002/home/53946734,Smart MLS,170279539,N,Y,41.8457189,-72.7438162
MLS Listing,,Single Family Residential,24 Bear Ridge Dr,Bloomfield,CT,06002,285000,4,2.5,Bloomfield,2568,63597,1974,64,111,,Active,,,http://www.redfin.com/CT/Bloomfield/24-Bear-Ridge-Dr-06002/home/53941464,Smart MLS,170276018,N,Y,41.8777716,-72.7466362
MLS Listing,,Single Family Residential,6 Pebble Beach Dr,Bloomfield,CT,06002,429900,3,2.5,Bloomfield,2547,43560,2013,66,169,600,Active,,,http://www.redfin.com/CT/Bloomfield/6-Pebble-Beach-Dr-06002/home/53940776,Smart MLS,170277652,N,Y,41.8172414,-72.7429297
MLS Listing,,Single Family Residential,16 Maple Edge Dr,Bloomfield,CT,06002,299900,4,2.5,Bloomfield,2438,30491,1964,67,123,,Active,,,http://www.redfin.com/CT/Bloomfield/16-Maple-Edge-Dr-06002/home/53944765,Smart MLS,170277372,N,Y,41.8489625,-72.7635128
MLS Listing,,Single Family Residential,121 Hubbard St,Bloomfield,CT,06002,154900,3,1.5,Bloomfield,1257,7840,1920,67,123,,Active,,,http://www.redfin.com/CT/Bloomfield/121-Hubbard-St-06002/home/53944193,Smart MLS,170277206,N,Y,41.8086458,-72.700397
MLS Listing,,Condo/Co-op,93 Sutton Pl #93,Bloomfield,CT,06002,109500,2,2.0,Bloomfield,1344,,1972,68,81,340,Active,,,http://www.redfin.com/CT/Bloomfield/93-Sutton-Pl-06002/unit-93/home/170934216,Smart MLS,170277182,N,Y,41.8248584,-72.7055753
MLS Listing,,Condo/Co-op,8 Reed Ct #8,Bloomfield,CT,06002,159999,2,1.5,North Bloomfield,1202,,1987,71,133,345,Active,,,http://www.redfin.com/CT/Bloomfield/8-Reed-Ct-06002/unit-8/home/170681953,Smart MLS,170275300,N,Y,41.8346645,-72.7546744
MLS Listing,,Single Family Residential,39 Crystal Ln,Bloomfield,CT,06002,389000,3,2.0,Bloomfield,1867,20037,2020,71,208,,Active,,,http://www.redfin.com/CT/Bloomfield/39-Crystal-Ln-06002/home/53942791,Smart MLS,170276288,N,Y,41.8138604,-72.7319879
MLS Listing,,Single Family Residential,33 Crystal Ln,Bloomfield,CT,06002,389000,3,2.0,Bloomfield,1867,20037,2020,71,208,,Active,,,http://www.redfin.com/CT/Bloomfield/33-Crystal-Ln-06002/home/53942794,Smart MLS,170276271,N,Y,41.8137268,-72.7314495
MLS Listing,,Single Family Residential,151 Wintonbury Ave,Bloomfield,CT,06002,264900,4,2.0,Bloomfield,1720,40075,1946,72,154,,Active,,,http://www.redfin.com/CT/Bloomfield/151-Wintonbury-Ave-06002/home/53947247,Smart MLS,170269848,N,Y,41.8347028,-72.7152348
MLS Listing,,Single Family Residential,45 Old Windsor Rd,Bloomfield,CT,06002,159900,4,2.0,Bloomfield,1459,21780,1939,75,110,,Active,,,http://www.redfin.com/CT/Bloomfield/45-Old-Windsor-Rd-06002/home/53945284,Smart MLS,170274764,N,Y,41.8591251,-72.699625
MLS Listing,,Single Family Residential,11 Nelson Dr,Bloomfield,CT,06002,134900,2,1.0,Blue Hills,1025,14810,1951,77,132,,Active,,,http://www.redfin.com/CT/Bloomfield/11-Nelson-Dr-06002/home/53944575,Smart MLS,170272831,N,Y,41.8239301,-72.7016571
MLS Listing,,Condo/Co-op,15 Bay Hill Dr #15,Bloomfield,CT,06002,417000,3,2.5,Bloomfield,2500,,2014,78,167,600,Active,,,http://www.redfin.com/CT/Bloomfield/15-Bay-Hill-Dr-06002/unit-15/home/170603110,Smart MLS,170265852,N,Y,41.8117119,-72.7641035
MLS Listing,,Single Family Residential,116 Spring Wood Ln,Bloomfield,CT,06002,425000,4,3.5,North Bloomfield,2861,47480,1996,81,149,,Active,,,http://www.redfin.com/CT/Bloomfield/116-Springwood-Ln-06002/home/53946175,Smart MLS,170272890,N,Y,41.8853841,-72.7608117
MLS Listing,,Single Family Residential,6 Brookdale Ave,Bloomfield,CT,06002,174900,3,1.0,Blue Hills,1099,10018,1915,82,159,,Active,,,http://www.redfin.com/CT/Bloomfield/6-Brookdale-Ave-06002/home/53941570,Smart MLS,170271115,N,Y,41.8198839,-72.6950066
MLS Listing,,Condo/Co-op,163 Oliver Way #163,Bloomfield,CT,06002,259900,2,2.0,Bloomfield,2440,,2004,83,107,325,Active,,,http://www.redfin.com/CT/Bloomfield/163-Oliver-Way-06002/unit-163/home/166893196,Smart MLS,170272498,N,Y,41.8383099,-72.7194239
MLS Listing,,Vacant Land,2 Maple Ave,Bloomfield,CT,06002,99900,,,Bloomfield,,74487,,94,,,Active,,,http://www.redfin.com/CT/Bloomfield/2-Maple-Ave-06002/home/53944835,Smart MLS,170269314,N,Y,41.8298287,-72.7484834
MLS Listing,,Condo/Co-op,4 Spy Glass Cir #4,Bloomfield,CT,06002,534000,4,2.5,Bloomfield,3494,,2008,95,153,600,Active,,,http://www.redfin.com/CT/Bloomfield/4-Spy-Glass-Cir-06002/unit-4/home/170490460,Smart MLS,170264327,N,Y,41.818239,-72.751
MLS Listing,,Single Family Residential,4 Tiffany Ln,Bloomfield,CT,06002,229900,4,2.0,Bloomfield,1220,18730,1974,100,188,,Active,,,http://www.redfin.com/CT/Bloomfield/4-Tiffany-Ln-06002/home/53946957,Smart MLS,170261153,N,Y,41.8527091,-72.7383245
MLS Listing,,Single Family Residential,94 Springwood Ln,Bloomfield,CT,06002,329900,4,2.5,North Bloomfield,2172,54885,1999,102,152,,Active,,,http://www.redfin.com/CT/Bloomfield/94-Springwood-Ln-06002/home/53946165,Smart MLS,170265129,N,Y,41.8826856,-72.7617583
MLS Listing,,Single Family Residential,35 Wade Ave,Bloomfield,CT,06002,135900,2,1.5,Bloomfield,1224,10018,1925,113,111,,Active,,,http://www.redfin.com/CT/Bloomfield/35-Wade-Ave-06002/home/53946814,Smart MLS,170264022,N,Y,41.817746,-72.6931938
MLS Listing,,Single Family Residential,3 Alfred Cir,Bloomfield,CT,06002,399900,4,2.5,Bloomfield,3050,15245,2014,115,131,,Active,,,http://www.redfin.com/CT/Bloomfield/3-Alfred-Cir-06002/home/53940988,Smart MLS,170263631,N,Y,41.8463545,-72.7192757
MLS Listing,,Single Family Residential,6 Cindy Ln,Bloomfield,CT,06002,159000,3,1.5,Bloomfield,1600,11325,1972,116,99,,Active,,,http://www.redfin.com/CT/Bloomfield/6-Cindy-Ln-06002/home/53942273,Smart MLS,170263365,N,Y,41.820908,-72.6886508
MLS Listing,,Vacant Land,400 Tunxis Ave,Bloomfield,CT,06002,59900,,,Bloomfield,,57934,,116,,,Active,,,http://www.redfin.com/CT/Bloomfield/400-Tunxis-Ave-06002/home/53940679,Smart MLS,170263326,N,Y,41.8790996,-72.7439646
MLS Listing,,Single Family Residential,23 Beaudry Ln,Bloomfield,CT,06002,509000,3,2.5,North Bloomfield,2562,24829,2008,118,199,,Active,,,http://www.redfin.com/CT/Bloomfield/23-Beaudry-Ln-06002/home/53940836,Smart MLS,170262793,N,Y,41.8792369,-72.7462437
MLS Listing,,Single Family Residential,44 Cottage Grove Cir,Bloomfield,CT,06002,169900,3,1.0,Bloomfield,985,10890,1951,123,172,,Active,,,http://www.redfin.com/CT/Bloomfield/44-Cottage-Grove-Cir-06002/home/53942132,Smart MLS,170261121,N,Y,41.8202184,-72.7189072
MLS Listing,,Single Family Residential,2 Muirfield Ln #2,Bloomfield,CT,06002,575000,5,4.5,Gillette Ridge,4192,43,2006,128,137,600,Active,,,http://www.redfin.com/CT/Bloomfield/2-Muirfield-Ln-06002/unit-2/home/144527924,Smart MLS,170260170,N,Y,41.8185729,-72.746527
MLS Listing,,Single Family Residential,27 Forest Ln,Bloomfield,CT,06002,195000,3,1.5,Blue Hills,1004,10018,1969,140,194,,Active,,,http://www.redfin.com/CT/Bloomfield/27-Forest-Ln-06002/home/53943092,Smart MLS,170238187,N,Y,41.8265316,-72.6945909
MLS Listing,,Vacant Land,31 Tower Ave,Bloomfield,CT,06002,69900,,,Bloomfield,,156816,,158,,,Active,,,http://www.redfin.com/CT/Bloomfield/31-Tower-Ave-06002/home/169995098,Smart MLS,170255706,N,Y,41.8061289,-72.6883204
MLS Listing,,Condo/Co-op,282 Castlewood Dr #282,Bloomfield,CT,06002,219000,3,3.5,Bloomfield,2320,,1996,161,94,466,Active,,,http://www.redfin.com/CT/Bloomfield/282-Castlewood-Dr-06002/unit-282/home/169985229,Smart MLS,170249349,N,Y,41.8515414,-72.7269299
MLS Listing,,Vacant Land,45 Filley St,Bloomfield,CT,06002,349900,,,Bloomfield,,436906,,164,,,Active,,,http://www.redfin.com/CT/Bloomfield/45-Filley-St-06002/home/170119354,Smart MLS,170254881,N,Y,41.8393811,-72.7205511
MLS Listing,,Single Family Residential,95 Spring Wood Ln,Bloomfield,CT,06002,285000,3,2.5,Bloomfield,2343,45738,1999,177,122,,Active,,,http://www.redfin.com/CT/Bloomfield/95-Springwood-Ln-06002/home/53946166,Smart MLS,170252440,N,Y,41.8828281,-72.7626817
MLS Listing,,Condo/Co-op,13 Font Hill Park #13,Bloomfield,CT,06002,249900,3,2.0,Bloomfield,1842,,1982,178,136,716,Active,,,http://www.redfin.com/CT/Bloomfield/13-Font-Hill-Park-06002/unit-13/home/169782876,Smart MLS,170250030,N,Y,41.8085671,-72.7678884
MLS Listing,,Single Family Residential,25 Hubbard St,Bloomfield,CT,06002,69900,3,1.5,Bloomfield,1177,3920,1910,185,59,,Active,,,http://www.redfin.com/CT/Bloomfield/25-Hubbard-St-06002/home/53944155,Smart MLS,170250282,N,Y,41.8087498,-72.6969002
MLS Listing,,Single Family Residential,9 Emerson St,Bloomfield,CT,06002,157900,3,2.0,Bloomfield,1105,8712,1925,188,143,,Active,,,http://www.redfin.com/CT/Bloomfield/9-Emerson-St-06002/home/53943346,Smart MLS,170246370,N,Y,41.8187735,-72.7075686
MLS Listing,,Single Family Residential,11 Cross St,Bloomfield,CT,06002,149900,2,1.0,Bloomfield,1470,7840,1935,193,102,,Active,,,http://www.redfin.com/CT/Bloomfield/11-Cross-St-06002/home/53940519,Smart MLS,170248039,N,Y,41.8123096,-72.7057675
MLS Listing,,Vacant Land,90 Hoskins Rd,Bloomfield,CT,06002,35000,,,Bloomfield,,54014,,196,,,Active,,,http://www.redfin.com/CT/Bloomfield/90-Hoskins-Rd-06002/home/53940999,Smart MLS,170247676,N,Y,41.8777604,-72.7659006
MLS Listing,,Vacant Land,88 Hoskins Rd,Bloomfield,CT,06002,45500,,,Bloomfield,,178160,,196,,,Active,,,http://www.redfin.com/CT/Bloomfield/88-Hoskins-Rd-06002/home/53943735,Smart MLS,170247674,N,Y,41.8781785,-72.7657362
MLS Listing,,Single Family Residential,71 Tunxis Ave,Bloomfield,CT,06002,215900,3,2.0,Bloomfield,1901,29620,1925,213,114,,Active,,,http://www.redfin.com/CT/Bloomfield/71-Tunxis-Ave-06002/home/53946897,Smart MLS,170242807,N,Y,41.8371284,-72.7404486
MLS Listing,,Vacant Land,92 Hoskins Rd,Bloomfield,CT,06002,380000,,,Bloomfield,,716997,,248,,,Active,,,http://www.redfin.com/CT/Bloomfield/92-Hoskins-Rd-06002/home/53941000,Smart MLS,170231872,N,Y,41.8771224,-72.7653925
MLS Listing,,Vacant Land,0 Wintonbury Ave,Bloomfield,CT,06002,249900,,,Bloomfield,,838530,,276,,,Active,,,http://www.redfin.com/CT/Bloomfield/Unknown-06002/home/171323895,Smart MLS,170223695,N,Y,41.834623,-72.716182
MLS Listing,,Vacant Land,7154 Juniper Rd,Bloomfield,CT,06002,109900,,,Bloomfield,,579348,,286,,,Active,,,http://www.redfin.com/CT/Bloomfield/7154-Juniper-Rd-06002/home/167959836,Smart MLS,170220475,N,Y,41.828134,-72.778834
MLS Listing,,Vacant Land,159 School St Lot B,Bloomfield,CT,06002,79000,,,Bloomfield,,32670,,366,,,Active,,,http://www.redfin.com/CT/Bloomfield/159-School-St-06002/unit-B/home/167974661,Smart MLS,170192755,N,Y,41.8244742,-72.7082642
MLS Listing,,Vacant Land,Lot 2022 Bloomfield Ave,Bloomfield,CT,06002,74900,,,Bloomfield,,16988,,715,,,Active,,,http://www.redfin.com/CT/Bloomfield/Bloomfield-Ave-Unknown/home/145788351,Smart MLS,170087381,N,Y,41.813655,-72.736395
MLS Listing,,Vacant Land,Lot 1058 Bloomfield Ave,Bloomfield,CT,06002,74900,,,Bloomfield,,24829,,716,,,Active,,,http://www.redfin.com/CT/Bloomfield/1058-Bloomfield-Ave-06002/home/145772503,Smart MLS,170087412,N,Y,41.8309775,-72.7374675
MLS Listing,,Vacant Land,Lot 2019 Bloomfield Ave,Bloomfield,CT,06002,74900,,,Bloomfield,,15245,,716,,,Active,,,http://www.redfin.com/CT/Bloomfield/Lot-2019-Bloomfield-Ave-06002/home/145772506,Smart MLS,170087394,N,Y,41.814039,-72.736874
MLS Listing,,Vacant Land,1114 Juniper Rd,Bloomfield,CT,06002,79900,,,Bloomfield,,479160,,799,,,Active,,,http://www.redfin.com/CT/Bloomfield/1114-Juniper-Rd-06002/home/144983035,Smart MLS,170057447,N,Y,41.82843,-72.781715
