SALE TYPE,SOLD DATE,PROPERTY TYPE,ADDRESS,CITY,STATE OR PROVINCE,ZIP OR POSTAL CODE,PRICE,BEDS,BATHS,LOCATION,SQUARE FEET,LOT SIZE,YEAR BUILT,DAYS ON MARKET,$/SQUARE FEET,HOA/MONTH,STATUS,NEXT OPEN HOUSE START TIME,NEXT OPEN HOUSE END TIME,URL (SEE http://www.redfin.com/buy-a-home/comparative-market-analysis FOR INFO ON PRICING),SOURCE,MLS#,FAVORITE,INTERESTED,LATITUDE,LONGITUDE
MLS Listing,,Single Family Residential,14 Schwartz Rd,Bozrah,CT,06334,179000,3,2.0,Bozrah,1004,10890,1962,1,178,,Active,,,http://www.redfin.com/CT/Bozrah/14-Schwartz-Rd-06334/home/54346570,Smart MLS,170293543,N,Y,41.5681839,-72.1708838
MLS Listing,,Single Family Residential,40 Bashon Hill Rd,Bozrah,CT,06334,659900,5,6.5,Gilman,5889,710899,1989,95,112,,Active,,,http://www.redfin.com/CT/Bozrah/40-Bashon-Hill-Rd-06334/home/54346207,Smart MLS,170268483,N,Y,41.5675296,-72.1857158
MLS Listing,,Vacant Land,77 Bashon Hill Rd,Bozrah,CT,06334,125000,,,Bashan Hill,,622908,,116,,,Active,,,http://www.redfin.com/CT/Bozrah/77-Bashon-Hill-Rd-06334/home/170275538,Smart MLS,170263368,N,Y,41.5678052,-72.1926188
MLS Listing,,Single Family Residential,30 Cottage Rd,Bozrah,CT,06334,210000,3,2.0,Bozrah,1364,39204,1978,283,154,,Active,,,http://www.redfin.com/CT/Bozrah/30-Cottage-Rd-06334/home/54346941,Smart MLS,170221378,N,Y,41.5191542,-72.2147957
