SALE TYPE,SOLD DATE,PROPERTY TYPE,ADDRESS,CITY,STATE OR PROVINCE,ZIP OR POSTAL CODE,PRICE,BEDS,BATHS,LOCATION,SQUARE FEET,LOT SIZE,YEAR BUILT,DAYS ON MARKET,$/SQUARE FEET,HOA/MONTH,STATUS,NEXT OPEN HOUSE START TIME,NEXT OPEN HOUSE END TIME,URL (SEE http://www.redfin.com/buy-a-home/comparative-market-analysis FOR INFO ON PRICING),SOURCE,MLS#,FAVORITE,INTERESTED,LATITUDE,LONGITUDE
MLS Listing,,Condo/Co-op,44 Quarry Dock Rd #44,Branford,CT,06405,599000,3,3.5,Indian Neck,2378,,1988,11,252,481,Active,,,http://www.redfin.com/CT/Branford/44-Quarry-Dock-Rd-06405/unit-44/home/171434851,Smart MLS,170290570,N,Y,41.2678322,-72.8175587
MLS Listing,,Single Family Residential,189 Laurel Hill Rd,Branford,CT,06405,299000,3,2.0,Branford,2017,10454,1953,1,148,,Active,,,http://www.redfin.com/CT/Branford/189-Laurel-Hill-Rd-06405/home/54118893,Smart MLS,170293468,N,Y,41.3157209,-72.8055954
MLS Listing,,Condo/Co-op,25 Castle ROCK #25,Branford,CT,06405,550000,3,2.5,Branford Point,1900,,1976,2,289,445,Active,,,http://www.redfin.com/CT/Branford/25-Castle-Rock-06405/unit-25/home/171553125,Smart MLS,170292962,N,Y,41.2641077,-72.8253301
MLS Listing,,Single Family Residential,60 Yowago Ave,Branford,CT,06405,1185000,5,4.0,Pine Orchard,4232,27007,2004,3,280,,Active,,,http://www.redfin.com/CT/Branford/60-Yowago-Ave-06405/home/54121960,Smart MLS,170292585,N,Y,41.2723253,-72.7847512
MLS Listing,,Single Family Residential,158 Alps Rd,Branford,CT,06405,350000,4,2.0,Branford,1473,14810,1954,5,238,,Active,,,http://www.redfin.com/CT/Branford/158-Alps-Rd-06405/home/54123325,Smart MLS,170288945,N,Y,41.2675307,-72.8429974
MLS Listing,,Single Family Residential,1 5th Ave,Branford,CT,06405,759000,3,1.5,Hotchkiss Grove,2005,6098,1930,8,379,29,Active,,,http://www.redfin.com/CT/Branford/1-5th-Ave-06405/home/54124447,Smart MLS,170282252,N,Y,41.2645433,-72.7882831
MLS Listing,,Single Family Residential,2 Hemingway St,Branford,CT,06405,650000,2,2.0,Pawson Park,1770,5227,1922,8,367,39,Active,,,http://www.redfin.com/CT/Branford/2-Hemingway-St-06405/home/54120328,Smart MLS,170291317,N,Y,41.2523354,-72.8094847
MLS Listing,,Single Family Residential,22 Matthew Rd,Branford,CT,06405,229900,2,1.0,Branford,1131,13503,1945,10,203,,Active,,,http://www.redfin.com/CT/Branford/22-Matthew-Rd-06405/home/54114779,Smart MLS,170290554,N,Y,41.2767327,-72.8404472
MLS Listing,,Single Family Residential,6 Lakeview Ter,Branford,CT,06405,259000,2,2.5,Branford Hills,1782,17859,1950,11,145,,Active,,,http://www.redfin.com/CT/Branford/6-Lakeview-Ter-06405/home/54114388,Smart MLS,170279865,N,Y,41.276238,-72.855957
MLS Listing,,Condo/Co-op,35 Quarry Dock Rd #35,Branford,CT,06405,399000,3,2.5,Indian Neck,1860,,1982,12,215,364,Active,,,http://www.redfin.com/CT/Branford/35-Quarry-Dock-Rd-06405/unit-35/home/145298410,Smart MLS,170290422,N,Y,41.268292,-72.8169067
MLS Listing,,Condo/Co-op,158 Turtle Bay Dr #158,Branford,CT,06405,327999,3,2.5,Double Beach,1540,,1983,19,213,352,Active,,,http://www.redfin.com/CT/Branford/158-Turtle-Bay-Dr-06405/unit-158/home/144537831,Smart MLS,170289018,N,Y,41.2586262,-72.8344467
MLS Listing,,Condo/Co-op,6 Harbour Vlg Unit D,Branford,CT,06405,289000,2,2.0,Branford,1583,,1971,21,183,542,Active,,,http://www.redfin.com/CT/Branford/Harbour-Vlg-06405/unit-D/home/54116582,Smart MLS,170288717,N,Y,41.26595,-72.829754
MLS Listing,,Single Family Residential,84 Northford Rd,Branford,CT,06405,439000,4,2.5,Branford,3372,64033,1973,23,130,,Active,,,http://www.redfin.com/CT/Branford/84-Northford-Rd-06405/home/54120232,Smart MLS,170280394,N,Y,41.3052541,-72.7880061
MLS Listing,,Condo/Co-op,113 Florence Rd Unit A,Branford,CT,06405,169900,3,2.5,Branford Hills,1380,,1966,23,123,543,Active,,,http://www.redfin.com/CT/Branford/113-Florence-Rd-06405/unit-A/home/54116040,Smart MLS,170288253,N,Y,41.274941,-72.83998
MLS Listing,,Condo/Co-op,198 Austin Ryer Ln #198,Branford,CT,06405,154900,2,1.5,Branford,992,,1987,23,156,267,Active,,,http://www.redfin.com/CT/Branford/198-Austin-Ryer-Ln-06405/unit-198/home/171342905,Smart MLS,170287786,N,Y,41.2973274,-72.8167982
MLS Listing,,Single Family Residential,7 Bellview Rd,Branford,CT,06405,344900,3,3.0,Branford Hills,1600,13068,1943,31,216,,Active,,,http://www.redfin.com/CT/Branford/7-Bellview-Rd-06405/home/54114586,Smart MLS,170286945,N,Y,41.2800637,-72.844786
MLS Listing,,Single Family Residential,56 Laurel Hill Rd,Branford,CT,06405,269000,3,2.0,Brushy Plain,1256,47044,1963,35,214,,Active,,,http://www.redfin.com/CT/Branford/56-Laurel-Hill-Rd-06405/home/54117076,Smart MLS,170286344,N,Y,41.3080788,-72.8145973
MLS Listing,,Vacant Land,0 East Crib Is,Branford,CT,06405,975000,,,Branford,,22651,,36,,,Active,,,http://www.redfin.com/CT/Branford/East-Crib-Is-06405/home/144525025,Smart MLS,170286142,N,Y,41.252908,-72.752432
MLS Listing,,Single Family Residential,0 Wheelers Is,Branford,CT,06405,3000000,8,4.5,Thimble Island,2462,33541,2001,37,1219,,Active,,,http://www.redfin.com/CT/Branford/Wheelers-IS-06405/home/171241693,Smart MLS,170247557,N,Y,41.259805,-72.752548
MLS Listing,,Single Family Residential,0 Jepson Is,Branford,CT,06405,800000,2,1.0,Branford,962,12196,1980,37,832,,Active,,,http://www.redfin.com/CT/Branford/0-Jepson-IS-06405/home/171436140,Smart MLS,170247503,N,Y,41.263434,-72.754991
MLS Listing,,Single Family Residential,0 Belden Is,Branford,CT,06405,1500000,4,2.0,Branford,2038,45302,1912,37,736,,Active,,,http://www.redfin.com/CT/BRANFORD/BELDEN-IS-06405/home/54122323,Smart MLS,170247161,N,Y,41.2631,-72.761915
MLS Listing,,Single Family Residential,24 Wakefield Rd,Branford,CT,06405,2600000,5,4.0,Pawson Park,5062,30491,1946,40,514,,Active,,,http://www.redfin.com/CT/Branford/24-Wakefield-Rd-06405/home/54118810,Smart MLS,170282258,N,Y,41.2559668,-72.8217986
MLS Listing,,Single Family Residential,95 Beckett Ave,Branford,CT,06405,425000,3,1.5,Short Beach,1324,3484,1930,42,321,5,Active,,,http://www.redfin.com/CT/Branford/95-Beckett-Ave-06405/home/54123217,Smart MLS,170284645,N,Y,41.2573483,-72.8469343
MLS Listing,,Condo/Co-op,307 Plymouth Colony #307,Branford,CT,06405,207900,3,1.5,Short Beach,1838,,1973,44,113,311,Active,,,http://www.redfin.com/CT/Branford/307-Plymouth-Colony-06405/unit-307/home/144950693,Smart MLS,170284172,N,Y,41.2663635,-72.8426586
MLS Listing,,Single Family Residential,61 Gould Ln,Branford,CT,06405,479900,4,2.5,Stony Creek Crossing,2255,14374,2020,45,213,,Active,,,http://www.redfin.com/CT/Branford/61-Gould-Ln-06405/home/109603543,Smart MLS,170284099,N,Y,41.2937025,-72.7658707
MLS Listing,,Single Family Residential,5 5th Ave,Branford,CT,06405,659000,3,3.5,Hotchkiss Grove,2080,4791,1940,45,317,,Active,,,http://www.redfin.com/CT/Branford/5-5th-Ave-06405/home/54120620,Smart MLS,170282254,N,Y,41.264793,-72.78863
MLS Listing,,Single Family Residential,69 Sunset Beach Rd,Branford,CT,06405,1299000,5,3.5,Sunset Beach,4246,11325,1913,47,306,,Active,,,http://www.redfin.com/CT/Branford/69-Sunset-Beach-Rd-06405/home/54118847,Smart MLS,170283261,N,Y,41.2513,-72.8174594
MLS Listing,,Condo/Co-op,29 Sundance Dr #29,Branford,CT,06405,157500,2,1.5,Cherry Hill,1259,,1986,50,125,240,Active,,,http://www.redfin.com/CT/Branford/29-Sundance-Dr-06405/unit-29/home/171154343,Smart MLS,170282828,N,Y,41.2810053,-72.8256643
MLS Listing,,Single Family Residential,11 Riverwalk,Branford,CT,06405,579000,3,2.5,Branford,2305,,2008,51,251,325,Active,,,http://www.redfin.com/CT/Branford/11-River-Walk-06405/home/54113634,Smart MLS,170282784,N,Y,41.287346,-72.792161
MLS Listing,,Single Family Residential,133 Hotchkiss Grove Rd,Branford,CT,06405,619000,4,3.5,Hotchkiss Grove,2600,10890,2017,51,238,,Active,,,http://www.redfin.com/CT/Branford/133-Hotchkiss-Grove-Rd-06405/home/54120775,Smart MLS,170282455,N,Y,41.266529,-72.7885601
MLS Listing,,Single Family Residential,15 Riverwalk,Branford,CT,06405,550000,2,2.5,Branford,2525,435,2007,54,218,325,Active,,,http://www.redfin.com/CT/Branford/15-River-Walk-06405/home/54113738,Smart MLS,170281130,N,Y,41.2853474,-72.7908147
MLS Listing,,Single Family Residential,56 Palmer Woods Cir,Branford,CT,06405,379900,5,3.0,PALMER WOODS CIR.,2528,13068,1962,56,150,,Active,,,http://www.redfin.com/CT/Branford/56-Palmer-Woods-Cir-06405/home/54117805,Smart MLS,170281335,N,Y,41.281811,-72.8176441
MLS Listing,,Condo/Co-op,31 Harbour Vlg Unit B,Branford,CT,06405,195000,2,2.0,Branford,1266,,1972,56,154,446,Active,,,http://www.redfin.com/CT/Branford/Harbour-Vlg-06405/unit-B/home/54116396,Smart MLS,170281280,N,Y,41.267085,-72.828464
MLS Listing,,Single Family Residential,77 Sunset Beach Rd,Branford,CT,06405,899900,3,3.0,Branford,3539,7405,1979,56,254,,Active,,,http://www.redfin.com/CT/Branford/77-Sunset-Beach-Rd-06405/home/54118845,Smart MLS,170281315,N,Y,41.2511553,-72.8181204
MLS Listing,,Single Family Residential,105 Damascus Rd,Branford,CT,06405,310000,3,1.0,Branford Hills,1776,43560,1850,56,175,,Active,,,http://www.redfin.com/CT/Branford/105-Damascus-Rd-06405/home/54121328,Smart MLS,170280450,N,Y,41.282439,-72.7877291
MLS Listing,,Single Family Residential,112 Pine Orchard Rd,Branford,CT,06405,700000,6,4.0,Pine Orchard,4946,47480,2007,60,142,,Active,,,http://www.redfin.com/CT/Branford/112-Pine-Orchard-Rd-06405/home/54113700,Smart MLS,170276367,N,Y,41.2770747,-72.7924843
MLS Listing,,Multi-Family (2-4 Unit),33 Harrison Ave,Branford,CT,06405,675000,4,3.0,Branford,2235,20037,1900,63,302,,Active,,,http://www.redfin.com/CT/Branford/33-Harrison-Ave-06405/home/54119429,Smart MLS,170279013,N,Y,41.2817221,-72.813373
MLS Listing,,Single Family Residential,13 Bishop Rd,Branford,CT,06405,220000,3,1.5,Indian Neck,1242,8276,1920,64,177,,Active,,,http://www.redfin.com/CT/Branford/13-Bishop-Rd-06405/home/54120616,Smart MLS,170278794,N,Y,41.2630954,-72.7962238
MLS Listing,,Single Family Residential,0 Potato Is,Branford,CT,06405,4900000,4,3.5,Thimble Islands,3871,47916,1912,64,1266,3,Active,,,http://www.redfin.com/CT/BRANFORD/POTATO-IS-06405/home/54122961,Smart MLS,170278356,N,Y,41.256783,-72.757972
MLS Listing,,Condo/Co-op,27 Sundance Dr #27,Branford,CT,06405,124000,2,1.0,Cherry Hill,770,,1986,65,161,225,Active,,,http://www.redfin.com/CT/Branford/27-Sundance-Dr-06405/unit-27/home/170953983,Smart MLS,170273860,N,Y,41.2810053,-72.8256643
MLS Listing,,Condo/Co-op,193 Turtle Bay Dr #193,Branford,CT,06405,319900,2,2.5,Branford,1529,,1987,66,209,313,Active,,,http://www.redfin.com/CT/Branford/193-Turtle-Bay-Dr-06405/unit-193/home/144524275,Smart MLS,170277686,N,Y,41.2596127,-72.8355903
MLS Listing,,Single Family Residential,30 Sunrise Cove Rd,Branford,CT,06405,325000,2,1.0,Branford,524,,1950,68,620,150,Active,,,http://www.redfin.com/CT/Branford/30-Sunrise-Cove-Rd-06405/home/54116720,Smart MLS,170274985,N,Y,41.2571,-72.8316189
MLS Listing,,Condo/Co-op,1 Indian Neck Ave #9,Branford,CT,06405,375000,2,2.0,Branford,1836,,1902,68,204,711,Active,,,http://www.redfin.com/CT/Branford/1-Indian-Neck-Ave-06405/unit-9/home/54114010,Smart MLS,170273322,N,Y,41.2743392,-72.8120537
MLS Listing,,Single Family Residential,47 Meadow Wood Rd,Branford,CT,06405,595000,2,3.5,Pine Orchard,3168,44866,1956,74,188,,Active,,,http://www.redfin.com/CT/Branford/47-Meadow-Wood-Rd-06405/home/54122031,Smart MLS,170275078,N,Y,41.2785796,-72.7814502
MLS Listing,,Condo/Co-op,447 Thoreau Rd #447,Branford,CT,06405,209000,3,2.5,Branford,1464,,1977,77,143,424,Active,,,http://www.redfin.com/CT/Branford/447-Thoreau-Rd-06405/unit-447/home/170619305,Smart MLS,170274489,N,Y,41.272097,-72.844148
MLS Listing,,Single Family Residential,19 Cadwell Pl,Branford,CT,06405,289000,4,1.5,Pine Orchard,1416,7405,1950,81,204,,Active,,,http://www.redfin.com/CT/Branford/19-Cadwell-Pl-06405/home/54120561,Smart MLS,170272937,N,Y,41.2915142,-72.7887909
MLS Listing,,Condo/Co-op,505 Emerson Dr #505,Branford,CT,06405,195000,3,2.5,Branford,1464,,1979,88,133,424,Active,,,http://www.redfin.com/CT/Branford/505-Emerson-Dr-06405/unit-505/home/145747181,Smart MLS,170271118,N,Y,41.2728657,-72.8433284
MLS Listing,,Condo/Co-op,238 Greens Farm Rd #238,Branford,CT,06405,174900,2,2.0,Branford,1350,,1983,88,130,336,Active,,,http://www.redfin.com/CT/Branford/238-Greens-Farm-Rd-06405/unit-238/home/164695174,Smart MLS,170270454,N,Y,41.3049835,-72.8263441
MLS Listing,,Single Family Residential,30 Lomartra Ln,Branford,CT,06405,589900,3,2.5,Stony Creek Crossing,2851,20037,2020,92,207,,Active,,,http://www.redfin.com/CT/Branford/30-Lomartra-Ln-06405/home/109603572,Smart MLS,170269966,N,Y,41.2904144,-72.7657832
MLS Listing,,Single Family Residential,29 Lomartra Ln,Branford,CT,06405,489900,4,2.5,Stony Creek Crossing,2237,12196,2020,93,219,,Active,,,http://www.redfin.com/CT/Branford/29-Lomartra-Ln-06405/home/109603535,Smart MLS,170269766,N,Y,41.2904869,-72.7654325
MLS Listing,,Single Family Residential,63 Gould Ln,Branford,CT,06405,469900,4,2.5,Stony Creek Crossing,2157,14374,2020,93,218,,Active,,,http://www.redfin.com/CT/Branford/63-Gould-Ln-06405/home/109603550,Smart MLS,170269753,N,Y,41.2937338,-72.7654952
MLS Listing,,Single Family Residential,20 Lomartra Ln,Branford,CT,06405,539900,3,2.5,Stony Creek Crossing,2433,14810,2020,95,222,,Active,,,http://www.redfin.com/CT/Branford/20-Lomartra-Ln-06405/home/109603582,Smart MLS,170269148,N,Y,41.2902846,-72.7657307
MLS Listing,,Single Family Residential,31 Lomartra Ln,Branford,CT,06405,549900,3,2.5,Stony Creek Crossing,2451,18295,2020,95,224,,Active,,,http://www.redfin.com/CT/Branford/31-Lomartra-Ln-06405/home/109603554,Smart MLS,170269146,N,Y,41.2905124,-72.7654423
MLS Listing,,Single Family Residential,8 Linden Shrs #8,Branford,CT,06405,759000,3,2.5,Pawson Park,3400,,1994,95,223,695,Active,,,http://www.redfin.com/CT/Branford/8-Waters-Edge-06405/unit-8/home/169879763,Smart MLS,170267029,N,Y,41.257229,-72.805812
MLS Listing,,Condo/Co-op,60 Maple St #34,Branford,CT,06405,500000,3,2.5,Branford,2205,,2006,97,227,945,Active,,,http://www.redfin.com/CT/Branford/60-Maple-St-06405/unit-34/home/54113954,Smart MLS,170267423,N,Y,41.2720432,-72.8180572
MLS Listing,,Single Family Residential,33 Sunrise Cove Rd,Branford,CT,06405,425000,2,1.5,Branford,864,,1973,98,492,156,Active,,,http://www.redfin.com/CT/Branford/33-Sunrise-Cove-Rd-06405/home/54116721,Smart MLS,170267469,N,Y,41.2571177,-72.8311417
MLS Listing,,Condo/Co-op,49 Rose St #410,Branford,CT,06405,218000,2,2.0,Branford,1027,,1993,98,212,282,Active,,,http://www.redfin.com/CT/Branford/49-Rose-St-06405/unit-410/home/54119423,Smart MLS,170268179,N,Y,41.2837416,-72.8121197
MLS Listing,,Single Family Residential,34 Sunrise Cove Rd,Branford,CT,06405,1150000,4,3.5,Sunrise Cove Camp,1995,,2003,98,576,130,Active,,,http://www.redfin.com/CT/Branford/34-Sunrise-Cove-Rd-06405/home/54113872,Smart MLS,170265243,N,Y,41.2570227,-72.8312741
MLS Listing,,Condo/Co-op,92 Rogers St #3,Branford,CT,06405,329000,3,2.5,Branford,1832,,2000,106,180,316,Active,,,http://www.redfin.com/CT/Branford/92-Rogers-St-06405/unit-3/home/54113119,Smart MLS,170265586,N,Y,41.2779962,-72.8152466
MLS Listing,,Single Family Residential,2 Edgewood Rd,Branford,CT,06405,150000,3,1.0,Granite Bay,1353,20473,1880,107,111,3,Active,,,http://www.redfin.com/CT/Branford/2-Edgewood-Rd-06405/home/54114967,Smart MLS,170265652,N,Y,41.2626358,-72.8422012
MLS Listing,,Single Family Residential,88 Riverview Ave,Branford,CT,06405,649000,2,1.5,Short Beach,822,3920,1900,107,790,,Active,,,http://www.redfin.com/CT/Branford/88-Riverview-Ave-06405/home/54114479,Smart MLS,170262751,N,Y,41.2552752,-72.8539214
MLS Listing,,Single Family Residential,139 Shore Dr,Branford,CT,06405,349900,2,2.0,Short Beach,1520,4356,1923,110,230,,Active,,,http://www.redfin.com/CT/Branford/139-Shore-Dr-06405/home/54123218,Smart MLS,170264928,N,Y,41.2582031,-72.8472695
MLS Listing,,Condo/Co-op,133 Turtle Bay Dr #133,Branford,CT,06405,314900,2,2.5,Branford,1529,,1986,140,206,348,Active,,,http://www.redfin.com/CT/Branford/133-Turtle-Bay-Dr-06405/unit-133/home/170149194,Smart MLS,170258956,N,Y,41.2596655,-72.8347714
MLS Listing,,Condo/Co-op,6 Castle ROCK #6,Branford,CT,06405,369000,2,2.5,Branford Point,1562,,1977,142,236,355,Active,,,http://www.redfin.com/CT/Branford/6-Castle-Rock-06405/unit-6/home/170130516,Smart MLS,170258669,N,Y,41.2656255,-72.8259294
MLS Listing,,Single Family Residential,9 4th Ave,Branford,CT,06405,379000,3,1.5,Hotchkiss Grove,1144,4356,1933,143,331,17,Active,,,http://www.redfin.com/CT/Branford/9-4th-Ave-06405/home/54120758,Smart MLS,170258508,N,Y,41.2654126,-72.7882369
MLS Listing,,Single Family Residential,59 Flax Mill Rd,Branford,CT,06405,373999,3,2.5,Branford,2596,41382,1986,145,144,,Active,,,http://www.redfin.com/CT/Branford/59-Flax-Mill-Rd-06405/home/54121469,Smart MLS,170256890,N,Y,41.307156,-72.77852
MLS Listing,,Single Family Residential,28 Spring Rock Rd,Branford,CT,06405,829000,4,3.5,Branford,3109,5227,1915,148,267,12,Active,,,http://www.redfin.com/CT/Branford/28-Spring-Rock-Rd-06405/home/54121771,Smart MLS,170257749,N,Y,41.2668773,-72.7816326
MLS Listing,,Vacant Land,4 Hotchkiss Grove Rd,Branford,CT,06405,250000,,,Pine Orchard,,14810,,157,,,Active,,,http://www.redfin.com/CT/Branford/4-Hotchkiss-Grove-Rd-06405/home/54114079,Smart MLS,170256004,N,Y,41.2727968,-72.7857605
MLS Listing,,Single Family Residential,33 Totoket Rd,Branford,CT,06405,999995,4,4.0,Pine Orchard,5306,50093,1900,175,188,,Active,,,http://www.redfin.com/CT/Branford/33-Totoket-Rd-06405/home/54122043,Smart MLS,170252689,N,Y,41.2792546,-72.7743169
MLS Listing,,Condo/Co-op,1 Indian Neck Ave #6,Branford,CT,06405,319000,2,2.0,Branford Point,1046,,1902,176,305,473,Active,,,http://www.redfin.com/CT/Branford/1-Indian-Neck-Ave-06405/unit-6/home/54113852,Smart MLS,170251105,N,Y,41.2743392,-72.8120537
MLS Listing,,Single Family Residential,72 Sunset Beach Rd,Branford,CT,06405,799000,3,1.5,Sunset Beach,1728,23958,1973,177,462,,Active,,,http://www.redfin.com/CT/Branford/72-Sunset-Beach-Rd-06405/home/54118834,Smart MLS,170240446,N,Y,41.2508792,-72.8172632
MLS Listing,,Condo/Co-op,11 Pineview Dr Unit C,Branford,CT,06405,109900,2,1.5,Branford,906,,1983,181,121,185,Active,,,http://www.redfin.com/CT/Branford/11-Pineview-Dr-06405/unit-C/home/54118996,Smart MLS,170251444,N,Y,41.307125,-72.813228
MLS Listing,,Single Family Residential,40 Thimble Farm Rd,Branford,CT,06405,689000,4,5.0,Pine Orchard,4265,10890,2006,184,162,33,Active,,,http://www.redfin.com/CT/Branford/40-Thimble-Farm-Rd-06405/home/54113735,Smart MLS,170249388,N,Y,41.2678552,-72.7690632
MLS Listing,,Condo/Co-op,23 Linden Shrs,Branford,CT,06405,825000,3,3.5,Indian Neck,4467,,1990,193,185,695,Active,,,http://www.redfin.com/CT/Branford/23-Linden-Shrs-06405/home/54119680,Smart MLS,170248056,N,Y,41.2601703,-72.8091962
MLS Listing,,Single Family Residential,34 Thimble Farms,Branford,CT,06405,799000,3,2.5,Branford,2800,10454,2020,193,285,25,Active,,,http://www.redfin.com/CT/Branford/34-Thimble-Farms-Rd-06405/home/160605012,Smart MLS,170248030,N,Y,41.2672864,-72.7693271
MLS Listing,,Condo/Co-op,26 Castle ROCK #26,Branford,CT,06405,350000,2,2.5,Double Beach,1562,,1976,220,224,355,Active,,,http://www.redfin.com/CT/Branford/26-Castle-Rock-St-06405/unit-26/home/169248725,Smart MLS,170240112,N,Y,41.2648523,-72.8260514
MLS Listing,,Single Family Residential,139 Linden Ave,Branford,CT,06405,1400000,5,3.5,Branford,3701,34848,1913,224,378,84,Active,,,http://www.redfin.com/CT/Branford/139-Linden-Ave-06405/home/54119607,Smart MLS,170237972,N,Y,41.2543009,-72.8079498
MLS Listing,,Single Family Residential,2 Esther Pl,Branford,CT,06405,2995000,4,5.0,Branford Point,5716,28314,2003,227,524,,Active,,,http://www.redfin.com/CT/Branford/2-Esther-Pl-06405/home/54118410,Smart MLS,170236733,N,Y,41.2635239,-72.8188904
MLS Listing,,Single Family Residential,125 Mill Plain Rd,Branford,CT,06405,779000,3,2.5,Branford,1712,323215,1938,231,455,,Active,,,http://www.redfin.com/CT/Branford/125-Mill-Plain-Rd-06405/home/54120165,Smart MLS,170237048,N,Y,41.2993189,-72.793842
MLS Listing,,Single Family Residential,22 Jacob Ln,Branford,CT,06405,380000,4,2.5,Branford,2172,6969,2006,235,175,,Active,,,http://www.redfin.com/CT/Branford/22-Jacob-Ln-06405/home/54113851,Smart MLS,170236110,N,Y,41.2826976,-72.8500478
MLS Listing,,Single Family Residential,0 Green Is,Branford,CT,06405,2650000,4,2.0,Branford,2307,33541,1990,239,1149,,Active,,,http://www.redfin.com/CT/Branford/60-Hillside-Ave-06405/home/106621099,Smart MLS,170235043,N,Y,41.2842828,-72.8135914
MLS Listing,,Condo/Co-op,53 Quarry Dock Rd #53,Branford,CT,06405,429000,3,2.5,Indian Neck,2858,,1984,245,150,411,Active,,,http://www.redfin.com/CT/Branford/53-Quarry-Dock-Rd-06405/unit-53/home/168926908,Smart MLS,170232280,N,Y,41.2678317,-72.8164602
MLS Listing,,Single Family Residential,44 Bayberry Ln,Branford,CT,06405,575000,4,1.0,Indian Neck,1536,23958,1918,260,374,38,Active,,,http://www.redfin.com/CT/Branford/44-Bayberry-Ln-06405/home/54124195,Smart MLS,170225968,N,Y,41.2521364,-72.8124738
MLS Listing,,Multi-Family (5+ Unit),3-17 Curve St,Branford,CT,06405,1500000,0,,Branford,10000,49222,1880,302,150,,Active,,,http://www.redfin.com/CT/Branford/3-Curve-St-06405/home/54118166,Smart MLS,170215488,N,Y,41.272685,-72.8175587
MLS Listing,,Single Family Residential,8 Wood Rd,Branford,CT,06405,1100000,5,3.5,Branford,3194,10890,1920,308,344,67,Active,,,http://www.redfin.com/CT/Branford/8-Wood-Rd-06405/home/54116750,Smart MLS,170212221,N,Y,41.2530666,-72.8335926
MLS Listing,,Single Family Residential,38A Brocketts Point Rd,Branford,CT,06405,535000,3,2.0,Branford,2234,6098,1911,313,239,,Active,,,http://www.redfin.com/CT/Branford/38-Brocketts-Point-Rd-06405/home/54123421,Smart MLS,170200790,N,Y,41.2620829,-72.829687
MLS Listing,,Single Family Residential,6 Halls Point Rd,Branford,CT,06405,1247000,2,2.0,Branford,2186,1742,1870,317,570,13,Active,,,http://www.redfin.com/CT/Branford/6-Halls-Point-Rd-06405/home/54122772,Smart MLS,170210455,N,Y,41.267482,-72.752577
MLS Listing,,Vacant Land,379 Brushy Plain Rd,Branford,CT,06405,209900,,,Branford,,91040,,337,,,Active,,,http://www.redfin.com/CT/Branford/379-Brushy-Plain-Rd-06405/home/54116981,Smart MLS,170203588,N,Y,41.315262,-72.8186659
MLS Listing,,Vacant Land,10 Cocheco Ave,Branford,CT,06405,220000,,,Branford,,6403,,352,,,Active,,,http://www.redfin.com/CT/Branford/10-Cocheco-Ave-06405/home/54121105,Smart MLS,170193907,N,Y,41.2599828,-72.7999791
MLS Listing,,Single Family Residential,15-19 Etzel Rd,Branford,CT,06405,1350000,3,1.5,Branford,2114,20473,1915,381,639,42,Active,,,http://www.redfin.com/CT/Branford/15-Etzel-Rd-06405/home/54118645,Smart MLS,170186689,N,Y,41.2597522,-72.8174152
MLS Listing,,Single Family Residential,85 Cherry Hill Rd,Branford,CT,06405,680000,9,7.5,Branford,5028,133729,1870,389,135,,Active,,,http://www.redfin.com/CT/Branford/85-Cherry-Hill-Rd-06405/home/54115715,Smart MLS,170181926,N,Y,41.2841539,-72.8280239
MLS Listing,,Single Family Residential,220 Damascus Rd,Branford,CT,06405,1175000,7,5.5,Branford,2978,284446,1948,420,395,,Active,,,http://www.redfin.com/CT/Branford/220-Damascus-Rd-06405/home/54124768,Smart MLS,170172629,N,Y,41.285603,-72.775632
MLS Listing,,Single Family Residential,39 Prospect Hill Rd,Branford,CT,06405,3400000,5,5.0,Branford,2786,87120,1932,423,1220,,Active,,,http://www.redfin.com/CT/Branford/39-Prospect-Hill-Rd-06405/home/54122675,Smart MLS,170171982,N,Y,41.2609194,-72.7432885
MLS Listing,,Single Family Residential,525 east main St #28,Branford,CT,06405,105000,3,2.0,Branford,1196,,2019,437,88,495,Active,,,http://www.redfin.com/CT/Branford/525-E-Main-St-06405/unit-28/home/160538595,Smart MLS,170159337,N,Y,41.2981185,-72.7690765
MLS Listing,,Vacant Land,175 Cherry Hill Rd,Branford,CT,06405,375000,,,Branford,,540579,,456,,,Active,,,http://www.redfin.com/CT/Branford/175-Cherry-Hill-Rd-06405/home/54115475,Smart MLS,170162260,N,Y,41.2988519,-72.829232
MLS Listing,,Condo/Co-op,60 Maple St #37,Branford,CT,06405,265000,1,1.0,Branford,758,,2006,480,350,350,Active,,,http://www.redfin.com/CT/Branford/60-Maple-St-06405/unit-37/home/54113924,Smart MLS,170155758,N,Y,41.2720432,-72.8180572
MLS Listing,,Single Family Residential,265 Pine Orchard Rd,Branford,CT,06405,1375000,9,6.5,Branford,10105,64468,1890,595,136,,Active,,,http://www.redfin.com/CT/Branford/265-Pine-Orchard-Rd-06405/home/54121828,Smart MLS,170120070,N,Y,41.2667942,-72.7780105
MLS Listing,,Single Family Residential,279 Linden Ave,Branford,CT,06405,509000,3,1.5,Branford,878,3920,1900,605,580,,Active,,,http://www.redfin.com/CT/Branford/279-Linden-Ave-06405/home/54120360,Smart MLS,170123056,N,Y,41.2505085,-72.8118622
MLS Listing,,Vacant Land,96-104 Stony Creek Rd,Branford,CT,06405,195000,,,Branford,,89733,,701,,,Active,,,http://www.redfin.com/CT/Branford/96-Stony-Creek-Rd-06405/home/54122530,Smart MLS,170079125,N,Y,41.283858,-72.764015
MLS Listing,,Single Family Residential,51 Beckett Ave,Branford,CT,06405,750000,3,3.5,Branford,3413,5662,1989,743,220,5,Active,,,http://www.redfin.com/CT/Branford/51-Beckett-Ave-06405/home/54123228,Smart MLS,170076909,N,Y,41.2574101,-72.8484996
MLS Listing,,Vacant Land,251 N Main St,Branford,CT,06405,1800000,,,Branford,,423838,,788,,,Active,,,http://www.redfin.com/CT/Branford/251-N-Main-St-06405/home/144535866,Smart MLS,170060689,N,Y,41.289071,-72.80462
MLS Listing,,Vacant Land,312 Leetes Island Rd,Branford,CT,06405,179000,,,Branford,,41382,,870,,,Active,,,http://www.redfin.com/CT/Branford/312-Leetes-Island-Rd-06405/home/144537588,Smart MLS,N10237317,N,Y,41.2805178,-72.755126
MLS Listing,,Single Family Residential,100 Stony Creek Rd,Branford,CT,06405,1395000,4,4.5,Branford,4427,185130,1975,870,315,,Active,,,http://www.redfin.com/CT/Branford/100-Stony-Creek-Rd-06405/home/54122538,Smart MLS,N10153495,N,Y,41.2850429,-72.7639044
MLS Listing,,Single Family Residential,16 & 18 Halls Point Rd,Branford,CT,06405,559000,1,1.0,Branford,928,4356,1901,870,602,,Active,,,http://www.redfin.com/CT/Branford/18-Halls-Point-Rd-06405/home/145893939,Smart MLS,N10126234,N,Y,41.2671009,-72.753081
MLS Listing,,Condo/Co-op,607 Longfellow Dr #607,Branford,CT,06405,174900,2,1.5,Branford,1042,,1983,870,168,346,Active,,,http://www.redfin.com/CT/Branford/607-Longfellow-Dr-06405/unit-607/home/144528404,Smart MLS,N10231627,N,Y,41.2723747,-72.8426944
