SALE TYPE,SOLD DATE,PROPERTY TYPE,ADDRESS,CITY,STATE OR PROVINCE,ZIP OR POSTAL CODE,PRICE,BEDS,BATHS,LOCATION,SQUARE FEET,LOT SIZE,YEAR BUILT,DAYS ON MARKET,$/SQUARE FEET,HOA/MONTH,STATUS,NEXT OPEN HOUSE START TIME,NEXT OPEN HOUSE END TIME,URL (SEE http://www.redfin.com/buy-a-home/comparative-market-analysis FOR INFO ON PRICING),SOURCE,MLS#,FAVORITE,INTERESTED,LATITUDE,LONGITUDE
MLS Listing,,Single Family Residential,158 Alba Ave,Bridgeport,CT,06606,269900,4,2.0,North End,1702,4791,1965,1,159,,Active,,,http://www.redfin.com/CT/Bridgeport/158-Alba-Ave-06606/home/109670563,Smart MLS,170293526,N,Y,41.2161525,-73.1951364
MLS Listing,,Single Family Residential,196 Beverly Dr,Bridgeport,CT,06610,349900,3,2.5,Beardsley Park,1938,13068,2020,1,181,,Active,,,http://www.redfin.com/CT/Bridgeport/196-Beverly-Dr-06610/home/107057129,Smart MLS,170293421,N,Y,41.2197397,-73.174708
MLS Listing,,Multi-Family (2-4 Unit),130 Poplar St,Bridgeport,CT,06605,299900,4,2.0,West End,2957,5227,1920,1,101,,Active,,,http://www.redfin.com/CT/Bridgeport/130-Poplar-St-06605/home/107063252,Smart MLS,170293292,N,Y,41.1731455,-73.2134944
MLS Listing,,Multi-Family (2-4 Unit),399-401 Myrtle Ave,Bridgeport,CT,06604,374900,12,5.0,Bridgeport,3901,4356,1887,1,96,,Active,,,http://www.redfin.com/CT/Bridgeport/399-Myrtle-Ave-06604/home/107050935,Smart MLS,170292710,N,Y,41.1684769,-73.1916264
MLS Listing,,Single Family Residential,75 Overland Ave,Bridgeport,CT,06606,279900,4,2.0,North End,1905,4791,1925,2,147,,Active,May-10-2020 12:00 PM,May-10-2020 02:00 PM,http://www.redfin.com/CT/Bridgeport/75-Overland-Ave-06606/home/107061341,Smart MLS,170293091,N,Y,41.2155687,-73.2091007
MLS Listing,,Single Family Residential,162 Griffin Ave,Bridgeport,CT,06606,399900,3,1.5,North End,1900,6534,1941,3,210,,Active,,,http://www.redfin.com/CT/Bridgeport/162-Griffin-Ave-06606/home/107044383,Smart MLS,170292863,N,Y,41.2170062,-73.2056904
MLS Listing,,Multi-Family (2-4 Unit),690 William St,Bridgeport,CT,06608,289000,6,3.0,East Side,3493,4356,1897,3,83,,Active,,,http://www.redfin.com/CT/Bridgeport/690-William-St-06608/home/107045844,Smart MLS,170292788,N,Y,41.1937427,-73.1849969
MLS Listing,,Multi-Family (2-4 Unit),299 Coleman St,Bridgeport,CT,06604,249000,4,2.0,West End,2513,4791,1930,3,99,,Active,,,http://www.redfin.com/CT/Bridgeport/299-Coleman-St-06604/home/107037645,Smart MLS,170292755,N,Y,41.1806607,-73.2007779
MLS Listing,,Single Family Residential,15 Washington Ter,Bridgeport,CT,06604,114999,4,1.5,East End,1683,1742,1920,3,68,,Active,,,http://www.redfin.com/CT/Bridgeport/15-Washington-Ter-06604/home/107062657,Smart MLS,170292749,N,Y,41.17751,-73.2003443
MLS Listing,,Single Family Residential,264 Griffin Ave,Bridgeport,CT,06606,219900,3,2.0,North End,1104,13503,1965,3,199,,Active,,,http://www.redfin.com/CT/Bridgeport/264-Griffin-Ave-06606/home/107057548,Smart MLS,170292445,N,Y,41.218067,-73.2043749
MLS Listing,,Multi-Family (2-4 Unit),335 Priscilla St,Bridgeport,CT,06610,182000,4,2.0,Treeland,1890,6534,1942,4,96,,Active,,,http://www.redfin.com/CT/Bridgeport/335-Priscilla-St-06610/home/107057984,Smart MLS,170292146,N,Y,41.2116359,-73.1718981
MLS Listing,,Single Family Residential,144 Seaside Ave,Bridgeport,CT,06605,369000,2,1.5,Black Rock,1491,4791,1947,4,247,,Active,,,http://www.redfin.com/CT/Bridgeport/144-Seaside-Ave-06605/home/107044850,Smart MLS,170277589,N,Y,41.1517695,-73.2276607
MLS Listing,,Single Family Residential,409 Lakeside Dr,Bridgeport,CT,06606,279900,4,2.0,Lake Forest,2100,16552,1954,4,133,,Active,,,http://www.redfin.com/CT/Bridgeport/409-Lakeside-Dr-06606/home/107047022,Smart MLS,170291798,N,Y,41.2253483,-73.2050451
MLS Listing,,Condo/Co-op,800 Seaview Ave Unit 750-2,Bridgeport,CT,06607,209000,2,2.5,Bridgeport,1200,,2007,5,174,150,Active,,,http://www.redfin.com/CT/Bridgeport/800-Seaview-Ave-06607/unit-750-2/home/107042262,Smart MLS,170292182,N,Y,41.1745207,-73.1711935
MLS Listing,,Multi-Family (2-4 Unit),1738 Stratford Ave,Bridgeport,CT,06607,279900,6,4.0,East Side,3864,3484,1924,5,72,,Active,,,http://www.redfin.com/CT/Bridgeport/1738-Stratford-Ave-06607/home/169625527,Smart MLS,170292151,N,Y,41.1812454,-73.1576843
MLS Listing,,Single Family Residential,120 Hollister Ave,Bridgeport,CT,06607,207000,5,3.0,Bridgeport,1885,4791,1928,5,110,,Active,,,http://www.redfin.com/CT/Bridgeport/120-Hollister-Ave-06607/home/107049365,Smart MLS,170291450,N,Y,41.176596,-73.1595537
MLS Listing,,Multi-Family (2-4 Unit),1189 Central Ave,Bridgeport,CT,06607,359000,5,2.0,East Side,3000,4791,1920,6,120,,Active,,,http://www.redfin.com/CT/Bridgeport/1189-Central-Ave-06607/home/171519862,Smart MLS,170292018,N,Y,41.1834095,-73.1668096
MLS Listing,,Multi-Family (2-4 Unit),179 Bunnell St,Bridgeport,CT,06607,239900,6,2.0,East End,2055,4356,1920,6,117,,Active,,,http://www.redfin.com/CT/Bridgeport/179-Bunnell-St-06607/home/107037038,Smart MLS,170291995,N,Y,41.1805289,-73.1674358
MLS Listing,,Multi-Family (2-4 Unit),1000 Maplewood Ave,Bridgeport,CT,06605,349000,0,,Bridgeport,3000,3484,1900,7,116,,Active,,,http://www.redfin.com/CT/Bridgeport/1000-Maplewood-Ave-06605/home/107038778,Smart MLS,170291934,N,Y,41.173361,-73.2171478
MLS Listing,,Single Family Residential,161 Woodside Ave,Bridgeport,CT,06606,289900,3,2.0,North End,1639,5227,1941,7,177,,Active,,,http://www.redfin.com/CT/Bridgeport/161-Woodside-Ave-06606/home/107064546,Smart MLS,170291520,N,Y,41.2165884,-73.2109434
MLS Listing,,Multi-Family (2-4 Unit),439 Charles St,Bridgeport,CT,06606,449900,8,3.0,Brooklawn,4645,6969,1900,7,97,,Active,,,http://www.redfin.com/CT/Bridgeport/439-Charles-St-06606/home/107056816,Smart MLS,170291765,N,Y,41.1930504,-73.2031962
MLS Listing,,Multi-Family (2-4 Unit),105-07 Ashley St,Bridgeport,CT,06610,379000,6,3.0,Bridgeport,3420,6969,1920,7,111,,Active,,,http://www.redfin.com/CT/Bridgeport/105-Ashley-St-06610/home/107063866,Smart MLS,170291737,N,Y,41.20505,-73.1846633
MLS Listing,,Single Family Residential,15 Harborview Pl,Bridgeport,CT,06605,339000,3,1.5,Black Rock,1404,5227,1922,7,241,,Active,,,http://www.redfin.com/CT/Bridgeport/15-Harborview-Pl-06605/home/107044762,Smart MLS,170291090,N,Y,41.1527267,-73.2273497
MLS Listing,,Single Family Residential,245 Sailors Ln,Bridgeport,CT,06605,609000,6,3.5,Black Rock,2876,16117,1977,7,212,,Active,,,http://www.redfin.com/CT/Bridgeport/245-Sailors-Ln-06605/home/107045461,Smart MLS,170291665,N,Y,41.1475298,-73.2299302
MLS Listing,,Single Family Residential,306 Lynne Pl,Bridgeport,CT,06610,239900,4,2.0,Treeland,2048,7840,1944,8,117,,Active,,,http://www.redfin.com/CT/Bridgeport/306-Lynne-Pl-06610/home/107049500,Smart MLS,170291423,N,Y,41.2182146,-73.1648769
MLS Listing,,Multi-Family (2-4 Unit),818 Iranistan Ave,Bridgeport,CT,06605,419000,8,3.0,West End,3442,4791,1892,8,122,,Active,,,http://www.redfin.com/CT/Bridgeport/818-Iranistan-Ave-06605/home/107060792,Smart MLS,170290930,N,Y,41.1718362,-73.2009193
MLS Listing,,Multi-Family (2-4 Unit),1573 Park Ave,Bridgeport,CT,06604,339900,6,3.0,West End,4227,3920,1915,9,80,,Active,,,http://www.redfin.com/CT/Bridgeport/1573-Park-Ave-06604/home/107037065,Smart MLS,170289478,N,Y,41.1811387,-73.2051457
MLS Listing,,Single Family Residential,780 Iranistan Ave,Bridgeport,CT,06605,134900,3,1.0,West End,1924,3049,1891,9,70,,Active,,,http://www.redfin.com/CT/Bridgeport/780-Iranistan-Ave-06605/home/107059346,Smart MLS,170289596,N,Y,41.1712522,-73.2009258
MLS Listing,,Multi-Family (2-4 Unit),224 Denver Ave,Bridgeport,CT,06605,259900,4,2.0,West End,3068,6969,1916,10,85,,Active,,,http://www.redfin.com/CT/Bridgeport/224-Denver-Ave-06605/home/107062659,Smart MLS,170291024,N,Y,41.1752001,-73.2132848
MLS Listing,,Condo/Co-op,38 Teresa Pl #38,Bridgeport,CT,06606,149999,2,2.0,North End,1157,,1983,10,130,402,Active,,,http://www.redfin.com/CT/Bridgeport/38-Teresa-Pl-06606/unit-38/home/171437935,Smart MLS,170290855,N,Y,41.2115288,-73.2259079
MLS Listing,,Vacant Land,1650 Reservoir Ave,Bridgeport,CT,06606,9900,,,Bridgeport,,4791,,11,,,Active,,,http://www.redfin.com/CT/Bridgeport/1650-Reservoir-Ave-06606/home/107053539,Smart MLS,170290802,N,Y,41.2229529,-73.1936728
MLS Listing,,Condo/Co-op,5 Nob Hill Cir #115,Bridgeport,CT,06610,70000,2,1.0,Bridgeport,960,,1949,11,73,348,Active,,,http://www.redfin.com/CT/Bridgeport/5-Nob-Hill-Cir-06610/unit-115/home/171431872,Smart MLS,170289579,N,Y,41.2088261,-73.1740667
MLS Listing,,Multi-Family (2-4 Unit),192 Harriet St,Bridgeport,CT,06608,249900,8,3.0,East Side,3495,4791,1877,11,72,,Active,,,http://www.redfin.com/CT/Bridgeport/192-Harriet-St-06608/home/107038595,Smart MLS,170290600,N,Y,41.1869012,-73.1854342
MLS Listing,,Single Family Residential,104 Pixlee Pl,Bridgeport,CT,06610,169900,3,2.5,Mill Hill,1315,4356,1912,11,129,,Active,,,http://www.redfin.com/CT/Bridgeport/104-Pixlee-Pl-06610/home/107060506,Smart MLS,170290560,N,Y,41.1899314,-73.1598879
MLS Listing,,Multi-Family (2-4 Unit),408 Barnum Ave,Bridgeport,CT,06608,329900,0,,East Side,4444,6098,1910,12,74,,Active,,,http://www.redfin.com/CT/Bridgeport/408-Barnum-Ave-06608/home/107044889,Smart MLS,170290297,N,Y,41.1869911,-73.181494
MLS Listing,,Multi-Family (2-4 Unit),145-147 Lenox Ave,Bridgeport,CT,06605,419000,7,3.0,West End,3257,3920,1910,13,129,,Active,,,http://www.redfin.com/CT/Bridgeport/145-Lenox-Ave-06605/home/107059725,Smart MLS,170289748,N,Y,41.1718342,-73.2153695
MLS Listing,,Single Family Residential,179 Dekalb Ave,Bridgeport,CT,06607,105000,3,1.0,East End,1174,3920,1896,14,89,,Active,,,http://www.redfin.com/CT/Bridgeport/179-Dekalb-Ave-06607/home/107058778,Smart MLS,170290279,N,Y,41.1700687,-73.1687726
MLS Listing,,Condo/Co-op,17 Lance Cir #17,Bridgeport,CT,06606,189000,2,1.0,North End,1027,,1983,14,184,153,Active,,,http://www.redfin.com/CT/Bridgeport/17-Lance-Cir-06606/unit-17/home/144535859,Smart MLS,170290090,N,Y,41.2270653,-73.2323488
MLS Listing,,Vacant Land,26 Moss St,Bridgeport,CT,06602,9900,,,Bridgeport,,4791,,15,,,Active,,,http://www.redfin.com/CT/Bridgeport/26-Moss-ST-06602/home/170047480,Smart MLS,170290070,N,Y,41.222968,-73.216056
MLS Listing,,Multi-Family (2-4 Unit),115 Oak St,Bridgeport,CT,06604,385000,6,3.0,North End,3522,4791,1917,15,109,,Active,,,http://www.redfin.com/CT/Bridgeport/115-Oak-St-06604/home/107062700,Smart MLS,170290032,N,Y,41.1856895,-73.200425
MLS Listing,,Vacant Land,78 Hanford Ave,Bridgeport,CT,06605,159900,,,Black Rock,,4791,,15,,,Active,,,http://www.redfin.com/CT/Bridgeport/78-Hanford-Ave-06605/home/107043862,Smart MLS,170289965,N,Y,41.1549296,-73.2277644
MLS Listing,,Single Family Residential,975 Reservoir Ave,Bridgeport,CT,06606,139500,3,1.5,Bridgeport,1140,2178,1986,15,122,,Active,,,http://www.redfin.com/CT/Bridgeport/975-Reservoir-Ave-06606/home/107044429,Smart MLS,170289888,N,Y,41.2138923,-73.192103
MLS Listing,,Multi-Family (2-4 Unit),607 Courtland Ave,Bridgeport,CT,06605,449900,5,2.0,Black Rock,2618,6098,1941,15,172,,Active,,,http://www.redfin.com/CT/Bridgeport/607-Courtland-Ave-06605/home/107045257,Smart MLS,170289867,N,Y,41.1538056,-73.2309901
MLS Listing,,Multi-Family (2-4 Unit),259 Laurel Ave,Bridgeport,CT,06605,305000,8,3.0,West End,3984,7405,1904,16,77,,Active,,,http://www.redfin.com/CT/Bridgeport/259-Laurel-Ave-06605/home/107058775,Smart MLS,170289523,N,Y,41.1753579,-73.2040192
MLS Listing,,Single Family Residential,366 Exeter St,Bridgeport,CT,06606,279900,3,2.0,North End,1134,4791,1917,17,247,,Active,,,http://www.redfin.com/CT/Bridgeport/366-Exeter-St-06606/home/107055466,Smart MLS,170289547,N,Y,41.2114795,-73.205506
MLS Listing,,Single Family Residential,100 Marcy Rd,Bridgeport,CT,06606,260000,3,2.0,North End,1504,9147,1954,17,173,,Active,,,http://www.redfin.com/CT/Bridgeport/100-Marcy-Rd-06606/home/107056147,Smart MLS,170282255,N,Y,41.2242386,-73.2254603
MLS Listing,,Condo/Co-op,31 Teresa Pl #31,Bridgeport,CT,06606,120000,1,1.0,North End,1028,,1983,18,117,357,Active,,,http://www.redfin.com/CT/Bridgeport/31-Teresa-Pl-06606/unit-31/home/144528097,Smart MLS,170289257,N,Y,41.2117248,-73.226313
MLS Listing,,Single Family Residential,110 Kaechele Pl,Bridgeport,CT,06606,249900,3,2.0,North End,1373,12632,1980,19,182,,Active,,,http://www.redfin.com/CT/Bridgeport/110-Kaechele-Pl-06606/home/107035490,Smart MLS,170288953,N,Y,41.2219391,-73.2159848
MLS Listing,,Single Family Residential,1867 Chopsey Hill Rd,Bridgeport,CT,06606,245000,3,1.0,North End,1104,17859,1959,19,222,,Active,,,http://www.redfin.com/CT/Bridgeport/1867-Chopsey-Hill-Rd-06606/home/107050700,Smart MLS,170289038,N,Y,41.2260746,-73.2014677
MLS Listing,,Condo/Co-op,2625 Park Ave Unit 10N,Bridgeport,CT,06604,151500,2,2.0,Brooklawn,1128,,1964,20,134,677,Active,,,http://www.redfin.com/CT/Bridgeport/2625-Park-Ave-06604/unit-10N/home/107036536,Smart MLS,170288731,N,Y,41.1932295,-73.2167747
MLS Listing,,Vacant Land,29 Infield St,Bridgeport,CT,06606,84900,,,North End,,4791,,21,,,Active,,,http://www.redfin.com/CT/Bridgeport/29-Infield-St-06606/home/107041605,Smart MLS,170288837,N,Y,41.2062022,-73.1978781
MLS Listing,,Multi-Family (2-4 Unit),421 Lincoln Ave,Bridgeport,CT,06606,189900,0,,Brooklawn,3830,4791,1932,21,50,,Active,,,http://www.redfin.com/CT/Bridgeport/421-Lincoln-Ave-06606/home/107049986,Smart MLS,170288778,N,Y,41.1947186,-73.2076846
MLS Listing,,Vacant Land,63 Hastings St,Bridgeport,CT,06610,44000,,,Bridgeport,,6098,,21,,,Active,,,http://www.redfin.com/CT/Bridgeport/63-Hastings-St-06610/home/171366382,Smart MLS,170288745,N,Y,41.2002257,-73.175911
MLS Listing,,Vacant Land,73 Hastings St,Bridgeport,CT,06610,44000,,,Bridgeport,,6098,,21,,,Active,,,http://www.redfin.com/CT/Bridgeport/73-Hastings-St-06610/home/171366271,Smart MLS,170288291,N,Y,41.2003499,-73.1758408
MLS Listing,,Single Family Residential,80 Moffitt St,Bridgeport,CT,06606,210000,3,2.0,Bridgeport,1128,7405,1939,21,186,,Active,,,http://www.redfin.com/CT/Bridgeport/80-Moffitt-St-06606/home/107035698,Smart MLS,170288679,N,Y,41.2130512,-73.1932323
MLS Listing,,Multi-Family (2-4 Unit),56 Bradley St,Bridgeport,CT,06610,239900,4,2.0,Mill Hill,1917,4356,1917,25,125,,Active,,,http://www.redfin.com/CT/Bridgeport/56-Bradley-St-06610/home/107038605,Smart MLS,170287803,N,Y,41.1987483,-73.1791433
MLS Listing,,Multi-Family (2-4 Unit),41 Pleasant St,Bridgeport,CT,06608,119900,4,2.0,East End,2032,2613,1892,25,59,,Active,,,http://www.redfin.com/CT/Bridgeport/41-Pleasant-St-06608/home/107040278,Smart MLS,170287053,N,Y,41.1923919,-73.1849047
MLS Listing,,Vacant Land,19 Infield St,Bridgeport,CT,06606,69900,,,North End,,4356,,27,,,Active,,,http://www.redfin.com/CT/Bridgeport/19-Infield-St-06606/home/107040951,Smart MLS,170287712,N,Y,41.2060702,-73.1977699
MLS Listing,,Multi-Family (2-4 Unit),677 Boston Ave,Bridgeport,CT,06610,260000,4,2.0,East Side,2188,4791,1908,28,119,,Active,,,http://www.redfin.com/CT/Bridgeport/677-Boston-Ave-06610/home/107053276,Smart MLS,170287259,N,Y,41.1977945,-73.1788322
MLS Listing,,Condo/Co-op,2625 Park Ave Unit 10J,Bridgeport,CT,06604,124999,1,1.5,North End,2262,,1964,29,55,642,Active,,,http://www.redfin.com/CT/Bridgeport/2625-Park-Ave-06604/unit-10J/home/107045467,Smart MLS,170286948,N,Y,41.1932295,-73.2167747
MLS Listing,,Single Family Residential,171 Moffitt St,Bridgeport,CT,06606,224900,3,1.5,North End,1310,10018,1930,30,172,,Active,,,http://www.redfin.com/CT/Bridgeport/171-Moffitt-St-06606/home/107050130,Smart MLS,170287189,N,Y,41.212486,-73.1946871
MLS Listing,,Condo/Co-op,155 Brewster St Unit 2D,Bridgeport,CT,06605,184900,2,2.0,Black Rock,1365,,1972,31,135,401,Active,,,http://www.redfin.com/CT/Bridgeport/155-Brewster-St-06605/unit-2D/home/107036516,Smart MLS,170287020,N,Y,41.1537265,-73.2196425
MLS Listing,,Condo/Co-op,405 Granfield Ave Unit D,Bridgeport,CT,06610,21000,1,1.0,Mill Hill,400,,1942,31,53,477,Active,,,http://www.redfin.com/CT/Bridgeport/405-Granfield-Ave-06610/unit-D/home/144523946,Smart MLS,170286924,N,Y,41.1958214,-73.1580927
MLS Listing,,Multi-Family (2-4 Unit),185 Beechwood Ave,Bridgeport,CT,06604,335000,5,2.0,West End,3447,3920,1907,31,97,,Active,,,http://www.redfin.com/CT/Bridgeport/185-Beechwood-Ave-06604/home/107037008,Smart MLS,170281071,N,Y,41.180437,-73.2083886
MLS Listing,,Multi-Family (2-4 Unit),8 Elmwood Ave,Bridgeport,CT,06605,335000,9,3.0,West End,4087,4356,1915,31,82,,Active,,,http://www.redfin.com/CT/Bridgeport/8-Elmwood-Ave-06605/home/107045427,Smart MLS,170280541,N,Y,41.1776056,-73.2072049
MLS Listing,,Multi-Family (2-4 Unit),544 Laurel Ave,Bridgeport,CT,06605,290000,8,3.5,West End,3668,4356,1907,31,79,,Active,,,http://www.redfin.com/CT/Bridgeport/544-Laurel-Ave-06605/home/107040411,Smart MLS,170280237,N,Y,41.1764093,-73.2084302
MLS Listing,,Multi-Family (2-4 Unit),118-120 Pequonnock St,Bridgeport,CT,06604,299900,8,4.0,East Side,3056,3484,1877,32,98,,Active,,,http://www.redfin.com/CT/Bridgeport/118-Pequonnock-St-06604/home/107062818,Smart MLS,170286679,N,Y,41.1808769,-73.1971167
MLS Listing,,Multi-Family (2-4 Unit),365 Wood Ave,Bridgeport,CT,06605,225000,4,2.0,West End,1918,3049,1900,32,117,,Active,,,http://www.redfin.com/CT/Bridgeport/365-Wood-Ave-06605/home/107048383,Smart MLS,170279994,N,Y,41.1779114,-73.2076259
MLS Listing,,Multi-Family (2-4 Unit),274 Beechwood Ave,Bridgeport,CT,06604,310000,6,3.0,West End,2967,5662,1930,32,104,,Active,,,http://www.redfin.com/CT/Bridgeport/274-Beechwood-Ave-06604/home/107050634,Smart MLS,170280439,N,Y,41.1798809,-73.2097296
MLS Listing,,Multi-Family (2-4 Unit),301 Beechwood Ave,Bridgeport,CT,06604,405000,11,4.0,West End,3956,4791,1912,32,102,,Active,,,http://www.redfin.com/CT/Bridgeport/301-Beechwood-Ave-06604/home/107054620,Smart MLS,170280250,N,Y,41.1794069,-73.2101304
MLS Listing,,Single Family Residential,220 Sunrise Ter,Bridgeport,CT,06606,319000,5,3.0,North End,1265,9583,1950,32,252,,Active,,,http://www.redfin.com/CT/Bridgeport/220-Sunrise-Ter-06606/home/107063748,Smart MLS,170286669,N,Y,41.2137357,-73.2183498
MLS Listing,,Multi-Family (2-4 Unit),57 Taft Ave,Bridgeport,CT,06606,350000,6,3.0,West End,2848,3920,1915,32,123,,Active,,,http://www.redfin.com/CT/Bridgeport/57-Taft-Ave-06606/home/107065929,Smart MLS,170279815,N,Y,41.1911319,-73.204907
MLS Listing,,Single Family Residential,37 Tarinelli Cir,Bridgeport,CT,06606,269900,4,1.0,North End,1539,10018,1957,35,175,,Active,,,http://www.redfin.com/CT/Bridgeport/37-Tarinelli-Cir-06606/home/107041994,Smart MLS,170279997,N,Y,41.2224076,-73.2346765
MLS Listing,,Condo/Co-op,609 Ameridge Dr #109,Bridgeport,CT,06606,99900,1,1.0,North End,921,,1971,35,108,327,Active,,,http://www.redfin.com/CT/Bridgeport/609-Ameridge-Dr-06606/unit-109/home/171256331,Smart MLS,170285733,N,Y,41.2115524,-73.2211435
MLS Listing,,Condo/Co-op,2660 North Ave #223,Bridgeport,CT,06604,150000,2,2.0,Brooklawn,1032,,2010,36,145,285,Active,,,http://www.redfin.com/CT/Bridgeport/2660-North-Ave-06604/unit-223/home/107056303,Smart MLS,170286181,N,Y,41.1774473,-73.2208201
MLS Listing,,Multi-Family (2-4 Unit),76 Commercial St,Bridgeport,CT,06604,323800,8,3.0,Central,2727,3484,1892,36,119,,Active,,,http://www.redfin.com/CT/Bridgeport/76-Commercial-St-06604/home/107054328,Smart MLS,170286159,N,Y,41.1904069,-73.1949248
MLS Listing,,Single Family Residential,80 Oakwood St,Bridgeport,CT,06606,289000,3,1.5,North End,1592,4791,1930,36,182,,Active,,,http://www.redfin.com/CT/Bridgeport/80-Oakwood-St-06606/home/107035094,Smart MLS,170281761,N,Y,41.2064212,-73.1985008
MLS Listing,,Single Family Residential,429 Summit St,Bridgeport,CT,06606,299000,4,1.5,North End,1600,4356,1917,36,187,,Active,,,http://www.redfin.com/CT/Bridgeport/429-Summit-St-06606/home/107043034,Smart MLS,170286015,N,Y,41.2049093,-73.2032017
MLS Listing,,Multi-Family (2-4 Unit),172 Morehouse St,Bridgeport,CT,06605,459000,5,3.0,Black Rock,2932,5227,1912,38,157,,Active,,,http://www.redfin.com/CT/Bridgeport/172-Morehouse-St-06605/home/107066174,Smart MLS,170285426,N,Y,41.1578917,-73.2317273
MLS Listing,,Single Family Residential,282 Lakeside Dr,Bridgeport,CT,06606,229900,3,1.5,North End,1124,11325,1969,38,205,,Active,,,http://www.redfin.com/CT/Bridgeport/282-Lakeside-Dr-06606/home/107049214,Smart MLS,170285359,N,Y,41.2254618,-73.2027408
MLS Listing,,Single Family Residential,74 Ridgevale Pl,Bridgeport,CT,06610,279000,4,2.0,Treeland,2253,35283,1959,39,124,,Active,,,http://www.redfin.com/CT/Bridgeport/74-Ridgevale-Pl-06610/home/107043729,Smart MLS,170285160,N,Y,41.224679,-73.1622633
MLS Listing,,Condo/Co-op,2625 Park Ave Unit 3A,Bridgeport,CT,06604,88000,1,1.0,North End,565,,1964,41,156,305,Active,,,http://www.redfin.com/CT/Bridgeport/2625-Park-Ave-06604/unit-3A/home/107044018,Smart MLS,170284928,N,Y,41.1932295,-73.2167747
MLS Listing,,Vacant Land,190 Prince St,Bridgeport,CT,06610,59900,,,Mill Hill,,3484,,42,,,Active,,,http://www.redfin.com/CT/Bridgeport/190-Prince-St-06610/home/107046633,Smart MLS,170284862,N,Y,41.1904277,-73.1607342
MLS Listing,,Condo/Co-op,881 Lafayette Blvd Unit 5K,Bridgeport,CT,06604,124900,1,1.0,Bridgeport,776,,1929,43,161,343,Active,,,http://www.redfin.com/CT/Bridgeport/881-Lafayette-Blvd-06604/unit-5K/home/107042500,Smart MLS,170277272,N,Y,41.1747413,-73.1924403
MLS Listing,,Multi-Family (2-4 Unit),600 Shelton St,Bridgeport,CT,06608,269900,5,2.0,East Side,2157,4791,1897,43,125,,Active,,,http://www.redfin.com/CT/Bridgeport/600-Shelton-St-06608/home/107049675,Smart MLS,170284477,N,Y,41.1906129,-73.1781293
MLS Listing,,Multi-Family (2-4 Unit),34-40 Hayes St,Bridgeport,CT,06608,460000,12,4.0,East Side,7620,6098,1917,44,60,,Active,,,http://www.redfin.com/CT/Bridgeport/34-Hayes-St-06608/home/107060069,Smart MLS,170283661,N,Y,41.1923652,-73.1864448
MLS Listing,,Multi-Family (2-4 Unit),594 Brooks St,Bridgeport,CT,06608,279900,9,3.0,East Side,3441,4356,1907,45,81,,Active,,,http://www.redfin.com/CT/Bridgeport/594-Brooks-St-06608/home/107049890,Smart MLS,170284164,N,Y,41.194189,-73.1790512
MLS Listing,,Multi-Family (2-4 Unit),134 Martin Ter,Bridgeport,CT,06605,310000,0,,Bridgeport,2717,4791,1939,45,114,,Active,,,http://www.redfin.com/CT/Bridgeport/134-Martin-Ter-06605/home/107036130,Smart MLS,170284144,N,Y,41.1627101,-73.2223958
MLS Listing,,Single Family Residential,23 Wood Ter,Bridgeport,CT,06604,259900,6,2.0,Brooklawn,1924,5227,1912,45,135,,Active,,,http://www.redfin.com/CT/Bridgeport/23-Wood-Ter-06604/home/107059823,Smart MLS,170283977,N,Y,41.1808444,-73.2096076
MLS Listing,,Condo/Co-op,3200 Park Ave Unit 7E1,Bridgeport,CT,06604,179900,2,2.0,North End,1686,,1974,45,107,783,Active,,,http://www.redfin.com/CT/Bridgeport/7-Park-Ave-06604/unit-7E1/home/107041411,Smart MLS,170283940,N,Y,41.201129,-73.220886
MLS Listing,,Multi-Family (5+ Unit),146 George St,Bridgeport,CT,06604,799000,18,6.0,Bridgeport,7548,6534,1900,46,106,,Active,,,http://www.redfin.com/CT/Bridgeport/146-George-St-06604/home/107057498,Smart MLS,170283835,N,Y,41.1871308,-73.1965882
MLS Listing,,Single Family Residential,458 Garfield Ave,Bridgeport,CT,06606,198500,2,1.0,North End,1300,4791,1954,46,153,,Active,,,http://www.redfin.com/CT/Bridgeport/458-Garfield-Ave-06606/home/107063462,Smart MLS,170283737,N,Y,41.1940634,-73.2080062
MLS Listing,,Multi-Family (2-4 Unit),765 Arctic St,Bridgeport,CT,06608,409000,9,3.0,Bridgeport,3960,5227,2007,46,103,,Active,,,http://www.redfin.com/CT/Bridgeport/765-Arctic-St-06608/home/107046616,Smart MLS,170283765,N,Y,41.1890889,-73.175073
MLS Listing,,Single Family Residential,0 Bayberry Ln,Bridgeport,CT,06602,269900,3,2.0,Treeland,1413,57934,1948,48,191,,Active,,,http://www.redfin.com/CT/Bridgeport/0-Bayberry-LN-06602/home/169605307,Smart MLS,170283498,N,Y,41.22147,-73.165434
MLS Listing,,Multi-Family (2-4 Unit),431-433 Hollister Ave,Bridgeport,CT,06607,210000,6,2.0,Bridgeport,3102,5227,1915,48,68,,Active,,,http://www.redfin.com/CT/Bridgeport/431-Hollister-Ave-06607/home/107036154,Smart MLS,170283397,N,Y,41.1805372,-73.1620086
MLS Listing,,Multi-Family (2-4 Unit),388 Boston Ave,Bridgeport,CT,06610,329900,8,3.0,Bridgeport,3003,3484,1912,48,110,,Active,,,http://www.redfin.com/CT/Bridgeport/388-Boston-Ave-06610/home/107034506,Smart MLS,170280157,N,Y,41.1998882,-73.1833447
MLS Listing,,Condo/Co-op,2370 North Ave Unit 4A,Bridgeport,CT,06604,69900,1,1.0,Brooklawn,911,,1962,49,77,693,Active,,,http://www.redfin.com/CT/Bridgeport/2370-North-Ave-06604/unit-4A/home/107056444,Smart MLS,170283296,N,Y,41.1788227,-73.216242
MLS Listing,,Single Family Residential,169 Old Battery Rd,Bridgeport,CT,06605,775000,4,2.5,Black Rock,3159,22651,1948,49,245,,Active,,,http://www.redfin.com/CT/Bridgeport/169-Old-Battery-Rd-06605/home/107053665,Smart MLS,170280998,N,Y,41.1458072,-73.2276014
MLS Listing,,Single Family Residential,475 Amsterdam Ave,Bridgeport,CT,06606,249000,4,1.5,North End,2246,4791,1937,51,111,,Active,,,http://www.redfin.com/CT/Bridgeport/475-Amsterdam-Ave-06606/home/107051750,Smart MLS,170282701,N,Y,41.2049059,-73.2116699
MLS Listing,,Condo/Co-op,785 Connecticut Ave #2,Bridgeport,CT,06607,14000,1,1.0,East End,625,,1916,51,22,406,Active,,,http://www.redfin.com/CT/Bridgeport/785-Connecticut-Ave-06607/unit-2/home/171148575,Smart MLS,170282692,N,Y,41.1813458,-73.1633385
MLS Listing,,Single Family Residential,23 Fremont St,Bridgeport,CT,06605,289000,8,3.0,West End,2996,2178,2008,51,96,,Active,,,http://www.redfin.com/CT/Bridgeport/23-Fremont-St-06605/home/107049605,Smart MLS,170282615,N,Y,41.1728989,-73.2032073
MLS Listing,,Multi-Family (2-4 Unit),238 Pearl Harbor St,Bridgeport,CT,06610,240000,4,2.0,Mill Hill,1500,6969,1942,52,160,,Active,,,http://www.redfin.com/CT/Bridgeport/238-Pearl-Harbor-St-06610/home/107059121,Smart MLS,170282397,N,Y,41.1991265,-73.160451
MLS Listing,,Multi-Family (2-4 Unit),43 4th St,Bridgeport,CT,06607,319900,6,3.0,Bridgeport,3237,3920,1898,52,99,,Active,,,http://www.redfin.com/CT/Bridgeport/43-4th-St-06607/home/107050764,Smart MLS,170266173,N,Y,41.1778854,-73.1695627
MLS Listing,,Single Family Residential,107 Pond St,Bridgeport,CT,06606,132900,3,1.5,North End,1800,8712,1979,52,74,,Active,,,http://www.redfin.com/CT/Bridgeport/107-Pond-St-06606/home/107053555,Smart MLS,170282118,N,Y,41.2057567,-73.1955844
MLS Listing,,Single Family Residential,298 Stillman St,Bridgeport,CT,06608,135000,3,1.5,East End,1368,1742,1887,52,99,,Active,,,http://www.redfin.com/CT/Bridgeport/298-Stillman-St-06608/home/107056388,Smart MLS,170282208,N,Y,41.192512,-73.1826462
MLS Listing,,Single Family Residential,56 Bond St,Bridgeport,CT,06610,175000,3,1.5,Bridgeport,1280,2613,1988,53,137,,Active,,,http://www.redfin.com/CT/Bridgeport/56-Bond-St-06610/home/107049223,Smart MLS,170281985,N,Y,41.1941926,-73.1691989
MLS Listing,,Condo/Co-op,2660 North Ave #239,Bridgeport,CT,06604,149900,2,2.0,Brooklawn,1064,,2010,53,141,294,Active,,,http://www.redfin.com/CT/Bridgeport/2660-North-Ave-06604/unit-239/home/107056861,Smart MLS,170281645,N,Y,41.1774473,-73.2208201
MLS Listing,,Single Family Residential,66 Hallock St,Bridgeport,CT,06606,244000,3,1.0,North End,1229,5227,1942,55,199,,Active,,,http://www.redfin.com/CT/Bridgeport/66-Hallock-St-06606/home/107059096,Smart MLS,170281708,N,Y,41.2159625,-73.2116699
MLS Listing,,Single Family Residential,60 Marion St,Bridgeport,CT,06606,289900,3,1.5,North End,2400,6098,1913,55,121,,Active,,,http://www.redfin.com/CT/Bridgeport/60-Marion-St-06606/home/107044154,Smart MLS,170281594,N,Y,41.1991592,-73.2030634
MLS Listing,,Multi-Family (2-4 Unit),436 Poplar St,Bridgeport,CT,06605,215000,5,3.0,West End,2098,3920,1950,56,102,,Active,,,http://www.redfin.com/CT/Bridgeport/436-Poplar-St-06605/home/107052810,Smart MLS,170281555,N,Y,41.1761619,-73.2173959
MLS Listing,,Single Family Residential,720 Huntington Tpke,Bridgeport,CT,06610,184999,2,1.5,North End,1360,9583,1942,56,136,,Active,,,http://www.redfin.com/CT/Bridgeport/720-Huntington-Tpke-06610/home/107059220,Smart MLS,170281465,N,Y,41.2180468,-73.1710772
MLS Listing,,Single Family Residential,180 Daniels Ave,Bridgeport,CT,06606,229900,4,1.5,North End,1240,7405,1955,56,185,,Active,,,http://www.redfin.com/CT/Bridgeport/180-Daniels-Ave-06606/home/107047931,Smart MLS,170281396,N,Y,41.221219,-73.189191
MLS Listing,,Single Family Residential,255 Brooks St,Bridgeport,CT,06608,177000,4,1.0,East Side,1534,5227,1910,56,115,,Active,,,http://www.redfin.com/CT/Bridgeport/255-Brooks-St-06608/home/107045267,Smart MLS,170281345,N,Y,41.1895965,-73.1798232
MLS Listing,,Single Family Residential,327 Willow St,Bridgeport,CT,06610,155000,4,1.0,Mill Hill,2380,3049,1917,56,65,,Active,,,http://www.redfin.com/CT/Bridgeport/327-Willow-St-06610/home/107038480,Smart MLS,170281227,N,Y,41.1909096,-73.1593762
MLS Listing,,Multi-Family (2-4 Unit),179 Monroe St,Bridgeport,CT,06605,329900,6,3.0,Black Rock,2406,6534,1912,56,137,,Active,,,http://www.redfin.com/CT/Bridgeport/179-Monroe-St-06605/home/107053423,Smart MLS,170280017,N,Y,41.1615391,-73.2210825
MLS Listing,,Single Family Residential,1098 William St,Bridgeport,CT,06608,259900,3,1.0,Beardsley Park,1192,8712,1956,57,218,,Active,,,http://www.redfin.com/CT/Bridgeport/1098-William-St-06608/home/107046003,Smart MLS,170280845,N,Y,41.1992188,-73.185089
MLS Listing,,Single Family Residential,384 Broad St,Bridgeport,CT,06604,190000,3,2.0,South End,1118,2178,1883,58,170,,Active,,,http://www.redfin.com/CT/Bridgeport/384-Broad-St-06604/home/107042738,Smart MLS,170280093,N,Y,41.1687662,-73.187117
MLS Listing,,Single Family Residential,252 Stillman St,Bridgeport,CT,06608,159000,3,1.5,East Side,1576,2613,1897,58,101,,Active,,,http://www.redfin.com/CT/Bridgeport/252-Stillman-St-06608/home/107038526,Smart MLS,170280739,N,Y,41.192533,-73.1834874
MLS Listing,,Multi-Family (2-4 Unit),476 Lincoln Ave,Bridgeport,CT,06606,345000,4,2.0,Bridgeport,3075,6969,1928,58,112,,Active,,,http://www.redfin.com/CT/Bridgeport/476-Lincoln-Ave-06606/home/107061903,Smart MLS,170280319,N,Y,41.1943971,-73.2087795
MLS Listing,,Single Family Residential,218 Harbor Ave,Bridgeport,CT,06605,296900,3,1.5,Black Rock,2372,4791,1953,59,125,,Active,,,http://www.redfin.com/CT/Bridgeport/218-Harbor-Ave-06605/home/107036294,Smart MLS,170280489,N,Y,41.159354,-73.2205295
MLS Listing,,Multi-Family (2-4 Unit),42 Cottage St,Bridgeport,CT,06605,235000,6,3.0,West End,3111,2613,1900,59,76,,Active,,,http://www.redfin.com/CT/Bridgeport/42-Cottage-St-06605/home/107061643,Smart MLS,170279760,N,Y,41.1726672,-73.1978546
MLS Listing,,Multi-Family (2-4 Unit),19 Dewey Ct,Bridgeport,CT,06605,185000,5,3.0,West End,2011,3484,1920,60,92,,Active,,,http://www.redfin.com/CT/Bridgeport/19-Dewey-Ct-06605/home/107059827,Smart MLS,170279766,N,Y,41.176509,-73.2176724
MLS Listing,,Single Family Residential,1868 Reservoir Ave,Bridgeport,CT,06606,195000,2,1.5,North End,1192,7840,1968,62,164,,Active,,,http://www.redfin.com/CT/Bridgeport/1868-Reservoir-Ave-06606/home/107041593,Smart MLS,170279326,N,Y,41.225827,-73.1947216
MLS Listing,,Single Family Residential,95 Edwards St,Bridgeport,CT,06606,264999,4,2.0,North End,1484,4791,1937,63,179,,Active,,,http://www.redfin.com/CT/Bridgeport/95-Edwards-St-06606/home/107056617,Smart MLS,170279288,N,Y,41.2134765,-73.1898247
MLS Listing,,Single Family Residential,31 Burnsford Ave,Bridgeport,CT,06606,250000,3,2.0,North End,1556,4791,1915,63,161,,Active,,,http://www.redfin.com/CT/Bridgeport/31-Burnsford-Ave-06606/home/107064757,Smart MLS,170279214,N,Y,41.2097877,-73.2095154
MLS Listing,,Vacant Land,98 Morgan Ave,Bridgeport,CT,06606,100000,,,North End,,3920,,63,,,Active,,,http://www.redfin.com/CT/Bridgeport/98-Morgan-Ave-06606/home/107065715,Smart MLS,170279225,N,Y,41.1905813,-73.2052871
MLS Listing,,Single Family Residential,434 Dewey St,Bridgeport,CT,06605,169000,2,2.0,Bridgeport,1025,2178,1887,63,165,,Active,,,http://www.redfin.com/CT/Bridgeport/434-Dewey-St-06605/home/107056041,Smart MLS,170279202,N,Y,41.1733633,-73.2181677
MLS Listing,,Multi-Family (2-4 Unit),13 Armstrong Pl,Bridgeport,CT,06608,329000,9,3.0,East Side,2155,2613,1882,64,153,,Active,,,http://www.redfin.com/CT/Bridgeport/13-Armstrong-Pl-06608/home/107035663,Smart MLS,170278902,N,Y,41.1881182,-73.1869787
MLS Listing,,Single Family Residential,125 Robert St,Bridgeport,CT,06606,115000,2,1.0,West End,748,4791,1922,64,154,,Active,,,http://www.redfin.com/CT/Bridgeport/125-Robert-St-06606/home/107046935,Smart MLS,170278669,N,Y,41.2096196,-73.1943529
MLS Listing,,Multi-Family (2-4 Unit),78 Beechmont Ave,Bridgeport,CT,06606,419900,6,3.0,North End,3644,6534,1911,64,115,,Active,,,http://www.redfin.com/CT/Bridgeport/78-Beechmont-Ave-06606/home/107045858,Smart MLS,170278633,N,Y,41.2064381,-73.205506
MLS Listing,,Single Family Residential,247 Alice St,Bridgeport,CT,06606,145000,3,2.0,Bridgeport,960,1742,1887,65,151,,Active,,,http://www.redfin.com/CT/Bridgeport/247-Alice-St-06606/home/107063460,Smart MLS,170278291,N,Y,41.1910962,-73.2029828
MLS Listing,,Single Family Residential,48 Gaspee Rd,Bridgeport,CT,06606,259000,4,2.0,North End,2396,8712,1960,65,108,,Active,,,http://www.redfin.com/CT/Bridgeport/48-Gaspee-Rd-06606/home/107059942,Smart MLS,170278123,N,Y,41.218384,-73.2294694
MLS Listing,,Single Family Residential,112 Glenvale Ter,Bridgeport,CT,06610,234900,3,1.5,Treeland,1720,7840,1955,66,137,,Active,,,http://www.redfin.com/CT/Bridgeport/112-Glenvale-Ter-06610/home/107051281,Smart MLS,170278023,N,Y,41.2255216,-73.1625535
MLS Listing,,Multi-Family (2-4 Unit),331 Poplar St,Bridgeport,CT,06605,350000,0,,West End,3111,5662,1910,66,113,,Active,,,http://www.redfin.com/CT/Bridgeport/331-Poplar-St-06605/home/107049341,Smart MLS,170277306,N,Y,41.1747581,-73.2163852
MLS Listing,,Multi-Family (2-4 Unit),48-50 Price St,Bridgeport,CT,06610,289000,4,2.0,Mill Hill,2520,2613,1968,67,115,,Active,,,http://www.redfin.com/CT/Bridgeport/48-Price-St-06610/home/107053258,Smart MLS,170277689,N,Y,41.1965164,-73.1646151
MLS Listing,,Condo/Co-op,2992 Madison Ave Unit C,Bridgeport,CT,06606,115000,2,1.0,North End,875,,1975,67,131,346,Active,,,http://www.redfin.com/CT/Bridgeport/2992-Madison-Ave-06606/unit-C/home/107051413,Smart MLS,170277685,N,Y,41.2146969,-73.2270173
MLS Listing,,Multi-Family (2-4 Unit),1051 Capitol Ave,Bridgeport,CT,06606,395000,0,,North End,2340,4791,1941,67,169,,Active,,,http://www.redfin.com/CT/Bridgeport/1051-Capitol-Ave-06606/home/107058706,Smart MLS,170275671,N,Y,41.192405,-73.208732
MLS Listing,,Condo/Co-op,155 Brewster St Unit 3E,Bridgeport,CT,06605,147000,1,1.5,Black Rock,1040,,1972,67,141,324,Active,,,http://www.redfin.com/CT/Bridgeport/155-Brewster-St-06605/unit-3E/home/107043123,Smart MLS,170276338,N,Y,41.1537265,-73.2196425
MLS Listing,,Condo/Co-op,373 Iranistan Ave,Bridgeport,CT,06604,115000,2,1.5,South End,850,,1918,69,135,388,Active,,,http://www.redfin.com/CT/Bridgeport/373-Iranistan-Ave-06604/home/144527683,Smart MLS,170276906,N,Y,41.1662021,-73.1986711
MLS Listing,,Single Family Residential,3697 Old Town Rd,Bridgeport,CT,06606,265000,3,2.0,North End,1940,9147,1963,69,137,,Active,,,http://www.redfin.com/CT/Bridgeport/3697-Old-Town-Rd-06606/home/107046203,Smart MLS,170276841,N,Y,41.2253065,-73.2376601
MLS Listing,,Condo/Co-op,164 Virginia Ave Unit D,Bridgeport,CT,06610,67000,1,1.0,Beardsley Park,650,,1949,69,103,310,Active,,,http://www.redfin.com/CT/Bridgeport/164-Virginia-Ave-06610/unit-D/home/107046793,Smart MLS,170276907,N,Y,41.2108668,-73.1750995
MLS Listing,,Multi-Family (5+ Unit),439 Hallett St,Bridgeport,CT,06608,449900,14,6.0,East End,5438,6098,1902,69,83,,Active,,,http://www.redfin.com/CT/Bridgeport/439-Hallett-St-06608/home/107062007,Smart MLS,170275342,N,Y,41.1877062,-73.17594
MLS Listing,,Multi-Family (2-4 Unit),162 Bronx Ave,Bridgeport,CT,06606,340000,6,3.0,North End,3361,5662,1919,69,101,,Active,,,http://www.redfin.com/CT/Bridgeport/162-Bronx-Ave-06606/home/107050123,Smart MLS,170276705,N,Y,41.2001585,-73.2060659
MLS Listing,,Single Family Residential,152 Deacon St,Bridgeport,CT,06607,136850,2,2.5,Bridgeport,1540,11761,1872,70,89,,Active,,,http://www.redfin.com/CT/Bridgeport/152-Deacon-St-06607/home/107065752,Smart MLS,170276626,N,Y,41.181883,-73.1698894
MLS Listing,,Condo/Co-op,35 Leslie Rd Unit G,Bridgeport,CT,06606,209000,3,2.5,North End,1920,,1972,70,109,145,Active,,,http://www.redfin.com/CT/Bridgeport/35-Leslie-Rd-06606/unit-G/home/107043744,Smart MLS,170276393,N,Y,41.2159925,-73.2267365
MLS Listing,,Condo/Co-op,3388 Madison Ave #10,Bridgeport,CT,06606,220000,3,2.5,North End,1659,,2004,70,133,185,Active,,,http://www.redfin.com/CT/Bridgeport/3388-Madison-Ave-06606/unit-10/home/107042156,Smart MLS,170276412,N,Y,41.2199226,-73.2257458
MLS Listing,,Condo/Co-op,3404 Madison Ave #2,Bridgeport,CT,06606,220000,3,2.5,North End,1659,,2004,70,133,185,Active,,,http://www.redfin.com/CT/Bridgeport/3404-Madison-Ave-06606/unit-2/home/107056417,Smart MLS,170276428,N,Y,41.2201598,-73.2258785
MLS Listing,,Single Family Residential,195 N Anthony St,Bridgeport,CT,06606,219900,3,1.0,North End,1200,6098,1955,70,183,,Active,,,http://www.redfin.com/CT/Bridgeport/195-N-Anthony-St-06606/home/107056965,Smart MLS,170276508,N,Y,41.2164585,-73.2208636
MLS Listing,,Multi-Family (2-4 Unit),188 Hewitt St,Bridgeport,CT,06607,279900,6,3.0,East End,3187,3920,1917,70,88,,Active,,,http://www.redfin.com/CT/Bridgeport/188-Hewitt-St-06607/home/109667882,Smart MLS,170274727,N,Y,41.181243,-73.1599685
MLS Listing,,Multi-Family (2-4 Unit),161 Beechwood Ave,Bridgeport,CT,06604,365000,6,3.0,Brooklawn,3815,3920,1907,71,96,,Active,,,http://www.redfin.com/CT/Bridgeport/161-Beechwood-Ave-06604/home/107063821,Smart MLS,170276244,N,Y,41.1806738,-73.2080354
MLS Listing,,Single Family Residential,145 Sunburst Rd,Bridgeport,CT,06606,339000,3,2.0,North End,2392,8712,1961,71,142,,Active,,,http://www.redfin.com/CT/Bridgeport/145-Sunburst-Rd-06606/home/107047780,Smart MLS,170276131,N,Y,41.2204426,-73.2240779
MLS Listing,,Multi-Family (2-4 Unit),754-756 Norman St Unit 754-756,Bridgeport,CT,06605,310000,6,3.0,West End,2415,3049,1897,72,128,,Active,,,http://www.redfin.com/CT/Bridgeport/754-Norman-St-06605/unit-754-756/home/170671395,Smart MLS,170276029,N,Y,41.1787633,-73.2051394
MLS Listing,,Single Family Residential,181 Birdsey St,Bridgeport,CT,06610,185500,3,1.0,Mill Hill,1744,5227,1941,73,106,,Active,,,http://www.redfin.com/CT/Bridgeport/181-Birdsey-St-06610/home/107050164,Smart MLS,170275607,N,Y,41.1958094,-73.162596
MLS Listing,,Multi-Family (2-4 Unit),2578 Fairfield Ave,Bridgeport,CT,06605,439000,5,3.5,Black Rock,3241,5662,1910,73,135,,Active,,,http://www.redfin.com/CT/Bridgeport/2578-Fairfield-Ave-06605/home/107057411,Smart MLS,170275201,N,Y,41.1604751,-73.2239396
MLS Listing,,Multi-Family (2-4 Unit),692 Maple St,Bridgeport,CT,06608,214900,4,2.0,East Side,1662,2178,1907,73,129,,Active,,,http://www.redfin.com/CT/Bridgeport/692-Maple-St-06608/home/107059456,Smart MLS,170275220,N,Y,41.1878986,-73.1763317
MLS Listing,,Multi-Family (2-4 Unit),642 Bishop Ave,Bridgeport,CT,06610,349900,6,3.0,Mill Hill,2745,4791,1924,74,127,,Active,,,http://www.redfin.com/CT/Bridgeport/642-Bishop-Ave-06610/home/107038849,Smart MLS,170275183,N,Y,41.1910853,-73.1571932
MLS Listing,,Multi-Family (2-4 Unit),95-97 Englewood Ave,Bridgeport,CT,06606,299900,4,2.0,North End,2442,5662,1940,74,123,,Active,,,http://www.redfin.com/CT/Bridgeport/95-Englewood-Ave-06606/home/170652489,Smart MLS,170275047,N,Y,41.2130923,-73.2133479
MLS Listing,,Single Family Residential,91 Summit St,Bridgeport,CT,06606,209900,3,1.5,North End,1072,4791,1925,75,196,,Active,,,http://www.redfin.com/CT/Bridgeport/91-Summit-St-06606/home/107058740,Smart MLS,170274903,N,Y,41.2070374,-73.1977058
MLS Listing,,Multi-Family (2-4 Unit),346 Bond St,Bridgeport,CT,06610,199999,4,2.0,Bridgeport,1712,2613,1910,77,117,,Active,,,http://www.redfin.com/CT/Bridgeport/346-Bond-St-06610/home/107038029,Smart MLS,170274601,N,Y,41.1979631,-73.1677721
MLS Listing,,Single Family Residential,269 East Ave,Bridgeport,CT,06610,139000,3,1.5,Mill Hill,1390,2613,1917,77,100,,Active,,,http://www.redfin.com/CT/Bridgeport/269-East-Ave-06610/home/107053313,Smart MLS,170274002,N,Y,41.1896616,-73.1583437
MLS Listing,,Condo/Co-op,80 Cartright St Unit PHC,Bridgeport,CT,06604,149900,2,1.0,Brooklawn,1251,,1972,78,120,573,Active,,,http://www.redfin.com/CT/Bridgeport/80-Cartright-St-06604/unit-PHC/home/107060985,Smart MLS,170273881,N,Y,41.1782092,-73.2193566
MLS Listing,,Vacant Land,583 Gregory St,Bridgeport,CT,06604,40000,,,South End,,4356,,78,,,Active,,,http://www.redfin.com/CT/Bridgeport/583-Gregory-St-06604/home/107045556,Smart MLS,170274213,N,Y,41.165343,-73.1968226
MLS Listing,,Vacant Land,271 Pitt St,Bridgeport,CT,06606,34900,,,North End,,4791,,78,,,Active,,,http://www.redfin.com/CT/Bridgeport/271-Pitt-St-06606/home/107051993,Smart MLS,170273515,N,Y,41.2133778,-73.1989968
MLS Listing,,Single Family Residential,291 Hanover St,Bridgeport,CT,06605,179000,3,1.0,Black Rock,1338,1306,1870,78,134,,Active,,,http://www.redfin.com/CT/Bridgeport/291-Hanover-St-06605/home/107056282,Smart MLS,170273846,N,Y,41.1715589,-73.2021731
MLS Listing,,Single Family Residential,26 Woodmont Ave,Bridgeport,CT,06606,274900,4,1.5,North End,1778,6534,1922,78,155,,Active,,,http://www.redfin.com/CT/Bridgeport/26-Woodmont-Ave-06606/home/107034104,Smart MLS,170274058,N,Y,41.2152644,-73.2133855
MLS Listing,,Single Family Residential,1035 Noble Ave,Bridgeport,CT,06608,395000,4,3.5,Beardsley Park,4175,5227,1894,78,95,,Active,,,http://www.redfin.com/CT/Bridgeport/1035-Noble-Ave-06608/home/107046615,Smart MLS,170273506,N,Y,41.1957682,-73.1839829
MLS Listing,,Single Family Residential,250 Douglas St,Bridgeport,CT,06606,119000,1,1.0,North End,936,4791,1955,79,127,,Active,,,http://www.redfin.com/CT/Bridgeport/250-Douglas-St-06606/home/107034876,Smart MLS,170273501,N,Y,41.2131936,-73.1989041
MLS Listing,,Single Family Residential,420 Beechwood Ave,Bridgeport,CT,06604,179000,4,1.5,West End,2658,5227,1911,79,67,,Active,,,http://www.redfin.com/CT/Bridgeport/420-Beechwood-Ave-06604/home/107036821,Smart MLS,170273887,N,Y,41.1786042,-73.212004
MLS Listing,,Condo/Co-op,333 Vincellette St #22,Bridgeport,CT,06606,110000,1,1.0,North End,882,,1968,79,125,286,Active,,,http://www.redfin.com/CT/Bridgeport/333-Vincellette-St-06606/unit-22/home/107052922,Smart MLS,170264188,N,Y,41.2152002,-73.2190007
MLS Listing,,Single Family Residential,857 Pearl Harbor St,Bridgeport,CT,06610,180000,3,1.0,Mill Hill,936,5662,1942,80,192,,Active,,,http://www.redfin.com/CT/Bridgeport/857-Pearl-Harbor-St-06610/home/107059307,Smart MLS,170273524,N,Y,41.2032387,-73.1576864
MLS Listing,,Multi-Family (2-4 Unit),171 Wake St,Bridgeport,CT,06610,440000,8,3.0,Mill Hill,2128,3920,1942,80,207,,Active,,,http://www.redfin.com/CT/Bridgeport/171-Wake-St-06610/home/107056543,Smart MLS,170269520,N,Y,41.2019079,-73.1600172
MLS Listing,,Multi-Family (2-4 Unit),108 Wake St,Bridgeport,CT,06610,225000,3,2.0,Mill Hill,1196,6969,1942,80,188,,Active,,,http://www.redfin.com/CT/Bridgeport/108-Wake-St-06610/home/107060233,Smart MLS,170269519,N,Y,41.2008786,-73.1596032
MLS Listing,,Single Family Residential,82 Barclay St,Bridgeport,CT,06610,255000,4,2.0,Bridgeport,1267,9147,1943,80,201,,Active,,,http://www.redfin.com/CT/Bridgeport/82-Barclay-St-06610/home/107058719,Smart MLS,170273367,N,Y,41.2183748,-73.1672169
MLS Listing,,Vacant Land,427 Chopsey Hill Rd,Bridgeport,CT,06606,799900,,,Bridgeport,,98881,,80,,,Active,,,http://www.redfin.com/CT/Bridgeport/427-Chopsey-Hill-Rd-06606/home/107046059,Smart MLS,170273232,N,Y,41.2081308,-73.1971643
MLS Listing,,Single Family Residential,40 Laurel Pl,Bridgeport,CT,06604,264000,3,2.0,Brooklawn,1602,7840,1949,80,165,,Active,,,http://www.redfin.com/CT/Bridgeport/40-Laurel-Pl-06604/home/107039607,Smart MLS,170263620,N,Y,41.1853807,-73.2154143
MLS Listing,,Single Family Residential,367 East Ave,Bridgeport,CT,06610,144900,5,1.5,Mill Hill,1720,2613,1917,81,84,,Active,,,http://www.redfin.com/CT/Bridgeport/367-East-Ave-06610/home/107063034,Smart MLS,170272946,N,Y,41.1909487,-73.1585398
MLS Listing,,Multi-Family (2-4 Unit),4 Beatrice St,Bridgeport,CT,06607,249500,5,3.0,East End,2480,3920,1917,81,101,,Active,,,http://www.redfin.com/CT/Bridgeport/4-Beatrice-St-06607/home/107045226,Smart MLS,170272375,N,Y,41.1780458,-73.1577384
MLS Listing,,Multi-Family (2-4 Unit),445 Brooks St,Bridgeport,CT,06608,198500,7,3.0,East End,2202,3049,1877,81,90,,Active,,,http://www.redfin.com/CT/Bridgeport/445-Brooks-St-06608/home/107037872,Smart MLS,170272406,N,Y,41.1921805,-73.1795893
MLS Listing,,Single Family Residential,420 Brooklawn Ave,Bridgeport,CT,06604,450000,5,4.0,Brooklawn,4757,14810,1925,83,95,,Active,,,http://www.redfin.com/CT/Bridgeport/420-Brooklawn-Ave-06604/home/107038669,Smart MLS,170272678,N,Y,41.1841986,-73.2182352
MLS Listing,,Single Family Residential,15 Eastway Rd,Bridgeport,CT,06606,259900,3,2.0,North End,1209,10018,1948,83,215,,Active,,,http://www.redfin.com/CT/Bridgeport/15-Eastway-Rd-06606/home/107059945,Smart MLS,170272649,N,Y,41.224459,-73.2014619
MLS Listing,,Single Family Residential,736 Hart St,Bridgeport,CT,06606,359000,3,2.5,North End,1791,4791,2020,84,200,,Active,,,http://www.redfin.com/CT/Bridgeport/736-Hart-St-06606/home/107050152,Smart MLS,170271658,N,Y,41.2086632,-73.2019685
MLS Listing,,Condo/Co-op,,Bridgeport,CT,06604,200000,3,2.0,,1755,,1971,86,114,650,Active,,,http://www.redfin.com/CT/Bridgeport/Undisclosed-address-06604/home/107063780,Smart MLS,170271503,N,Y,41.1777,-73.219171
MLS Listing,,Condo/Co-op,25 Cartright St Unit 6G,Bridgeport,CT,06604,190000,3,2.0,Brooklawn,1755,,1971,87,108,650,Active,,,http://www.redfin.com/CT/Bridgeport/25-Cartright-St-06604/unit-6G/home/107037513,Smart MLS,170271457,N,Y,41.1777,-73.219171
MLS Listing,,Single Family Residential,50 Oxbrook Rd,Bridgeport,CT,06606,249900,3,1.0,North End,1190,10454,1955,87,210,,Active,,,http://www.redfin.com/CT/Bridgeport/50-Oxbrook-Rd-06606/home/107061856,Smart MLS,170271293,N,Y,41.2232289,-73.222304
MLS Listing,,Single Family Residential,110 Dewey St,Bridgeport,CT,06605,170000,3,1.5,Treeland,2552,3920,1944,87,67,,Active,,,http://www.redfin.com/CT/Bridgeport/110-Dewey-St-06605/home/107056240,Smart MLS,170271341,N,Y,41.1688853,-73.2183175
MLS Listing,,Single Family Residential,208 Rocton Ave,Bridgeport,CT,06606,285000,5,2.0,North End,1527,5662,1909,89,187,,Active,,,http://www.redfin.com/CT/Bridgeport/208-Rocton-Ave-06606/home/107053010,Smart MLS,170270742,N,Y,41.205076,-73.2094233
MLS Listing,,Vacant Land,27 Bywatyr Ln,Bridgeport,CT,06605,149900,,,Black Rock,,6969,,91,,,Active,,,http://www.redfin.com/CT/Bridgeport/27-Bywater-Ln-06605/home/107058017,Smart MLS,170270417,N,Y,41.1543471,-73.2193693
MLS Listing,,Condo/Co-op,3200 Park Ave Unit 6D2,Bridgeport,CT,06604,129900,2,2.0,North End,1686,,1974,91,77,773,Active,,,http://www.redfin.com/CT/Bridgeport/3200-Park-Ave-06604/unit-6D2/home/107064739,Smart MLS,170257981,N,Y,41.2013192,-73.2203257
MLS Listing,,Multi-Family (2-4 Unit),125-127 Smith St,Bridgeport,CT,06607,385000,0,,East Side,3405,4356,1917,92,113,,Active,,,http://www.redfin.com/CT/Bridgeport/125-Smith-St-06607/home/107062244,Smart MLS,170270169,N,Y,41.1748149,-73.1683055
MLS Listing,,Single Family Residential,64 Beachview Ave,Bridgeport,CT,06605,249900,3,2.5,Black Rock,2208,2613,1983,93,113,,Active,,,http://www.redfin.com/CT/Bridgeport/64-Beachview-Ave-06605/home/107059257,Smart MLS,170269398,N,Y,41.1538206,-73.2350217
MLS Listing,,Single Family Residential,37 Sunshine Cir,Bridgeport,CT,06606,159000,3,1.5,North End,1184,3049,1989,93,134,,Active,,,http://www.redfin.com/CT/Bridgeport/37-Sunshine-Cir-06606/home/107041121,Smart MLS,170269700,N,Y,41.2226245,-73.1944184
MLS Listing,,Condo/Co-op,715 Frenchtown Rd #36,Bridgeport,CT,06606,155000,2,1.5,North End,1200,,1971,95,129,275,Active,,,http://www.redfin.com/CT/Bridgeport/715-Frenchtown-Rd-06606/unit-36/home/107061237,Smart MLS,170269072,N,Y,41.2260815,-73.2111742
MLS Listing,,Multi-Family (2-4 Unit),2528 Main St,Bridgeport,CT,06606,439000,9,3.0,Beardsley Park,3950,3920,1919,95,111,,Active,,,http://www.redfin.com/CT/Bridgeport/2528-E-Main-St-06610/home/107044637,Smart MLS,170269023,N,Y,41.197236,-73.200351
MLS Listing,,Condo/Co-op,490 Success Ave Bldg 77 #13,Bridgeport,CT,06610,29999,2,1.0,Bridgeport,514,,1941,96,58,500,Active,,,http://www.redfin.com/CT/Bridgeport/490-Success-Ave-06610/unit-13/home/170486272,Smart MLS,170266981,N,Y,41.1993647,-73.1563204
MLS Listing,,Condo/Co-op,"49 Court A, Bldg. 7 Ct Unit 49C",Bridgeport,CT,06610,22500,1,1.0,Mill Hill,400,,1942,97,56,478,Active,,,http://www.redfin.com/CT/Bridgeport/49-Court-A-06610/unit-49C/home/170484541,Smart MLS,170268610,N,Y,41.1974889,-73.1579724
MLS Listing,,Multi-Family (2-4 Unit),557 Arctic St,Bridgeport,CT,06608,449000,12,4.0,East Side,6175,7405,1892,97,73,,Active,,,http://www.redfin.com/CT/Bridgeport/557-Arctic-St-06608/home/107055667,Smart MLS,170268495,N,Y,41.1892382,-73.1788631
MLS Listing,,Condo/Co-op,881 Lafayette Blvd Unit 4L,Bridgeport,CT,06604,122500,1,1.0,Bridgeport,748,,1929,98,164,343,Active,,,http://www.redfin.com/CT/Bridgeport/881-Lafayette-Blvd-06604/unit-4L/home/107055879,Smart MLS,170265476,N,Y,41.1747413,-73.1924403
MLS Listing,,Single Family Residential,353 Jackson Ave,Bridgeport,CT,06606,330000,4,2.0,Brooklawn,2011,6534,1941,99,164,,Active,,,http://www.redfin.com/CT/Bridgeport/353-Jackson-Ave-06606/home/107048105,Smart MLS,170264062,N,Y,41.1900101,-73.210345
MLS Listing,,Multi-Family (2-4 Unit),136-138 Mill Hill Ave,Bridgeport,CT,06610,255000,6,3.0,Bridgeport,3753,7405,1910,100,68,,Active,,,http://www.redfin.com/CT/Bridgeport/136-Mill-Hill-Ave-06610/home/107063117,Smart MLS,170267763,N,Y,41.1882895,-73.1651772
MLS Listing,,Vacant Land,65 Agnes St,Bridgeport,CT,06606,4900,,,North End,,4356,,101,,,Active,,,http://www.redfin.com/CT/Bridgeport/65-Agnes-St-06606/home/107046808,Smart MLS,170267229,N,Y,41.2150747,-73.2037762
MLS Listing,,Single Family Residential,55 Hazelwood Ave,Bridgeport,CT,06605,269000,7,2.0,Bridgeport,1730,3484,1920,105,155,,Active,,,http://www.redfin.com/CT/Bridgeport/55-Hazelwood-Ave-06605/home/107043326,Smart MLS,170266548,N,Y,41.1776082,-73.2084094
MLS Listing,,Multi-Family (2-4 Unit),680 680-690-756-Sylvan Ave,Bridgeport,CT,06606,434900,9,4.0,North End,3904,49222,1926,107,111,,Active,,,http://www.redfin.com/CT/Bridgeport/756-Sylvan-Ave-06606/home/107039696,Smart MLS,170265739,N,Y,41.2124687,-73.188131
MLS Listing,,Condo/Co-op,67 Court A Blgd 18 #67,Bridgeport,CT,06610,47000,2,1.0,Bridgeport,646,,1941,108,73,500,Active,,,http://www.redfin.com/CT/Bridgeport/67-Court-A-06610/unit-67/home/144537692,Smart MLS,170265410,N,Y,41.1975151,-73.1582621
MLS Listing,,Single Family Residential,440 Hilltop Rd,Bridgeport,CT,06605,549000,6,5.5,Black Rock,5202,29620,1949,109,106,,Active,,,http://www.redfin.com/CT/BRIDGEPORT/440-HILLTOP-RD-06605/home/107036281,Smart MLS,170263691,N,Y,41.146382,-73.229248
MLS Listing,,Condo/Co-op,112 Sims St,Bridgeport,CT,06604,27900,1,1.0,South End,650,,1918,110,43,320,Active,,,http://www.redfin.com/CT/Bridgeport/112-Sims-St-06604/home/170358442,Smart MLS,170264893,N,Y,41.165594,-73.200422
MLS Listing,,Multi-Family (2-4 Unit),139-141 Highland Ave,Bridgeport,CT,06604,329900,8,2.0,East End,3936,4356,1910,111,84,,Active,,,http://www.redfin.com/CT/Bridgeport/139-Highland-Ave-06604/home/107045282,Smart MLS,170264799,N,Y,41.1832296,-73.1969468
MLS Listing,,Multi-Family (2-4 Unit),88-92 Harbor Ave,Bridgeport,CT,06605,355000,6,3.0,Bridgeport,3834,4791,1917,111,93,,Active,,,http://www.redfin.com/CT/Bridgeport/88-Harbor-Ave-06605/unit-3/home/170349801,Smart MLS,170264729,N,Y,41.1580369,-73.2201738
MLS Listing,,Condo/Co-op,830 Seaview Ave #3,Bridgeport,CT,06607,219900,2,2.5,East End,1400,,2017,112,157,150,Active,,,http://www.redfin.com/CT/Bridgeport/830-Seaview-Ave-06607/unit-3/home/144526230,Smart MLS,170264664,N,Y,41.1749801,-73.1721339
MLS Listing,,Condo/Co-op,790 Seaview Ave #3,Bridgeport,CT,06607,219900,2,2.5,East End,1400,,2017,112,157,150,Active,,,http://www.redfin.com/CT/Bridgeport/790-Seaview-Ave-06607/unit-3/home/160411996,Smart MLS,170264602,N,Y,41.1747422,-73.1716842
MLS Listing,,Condo/Co-op,850 Seaview Ave #3,Bridgeport,CT,06607,219900,2,2.5,East End,1400,,2017,112,157,150,Active,,,http://www.redfin.com/CT/Bridgeport/850-Seaview-Ave-06607/unit-3/home/144538875,Smart MLS,170264325,N,Y,41.1750793,-73.1721693
MLS Listing,,Multi-Family (2-4 Unit),160-162 Main St,Bridgeport,CT,06604,465000,4,3.0,Bridgeport,3906,2613,1913,112,119,,Active,,,http://www.redfin.com/CT/Bridgeport/160-E-Main-St-06608/home/170331983,Smart MLS,170264314,N,Y,41.1771005,-73.1811064
MLS Listing,,Condo/Co-op,3845 Park Ave #18,Fairfield,CT,06825,315000,3,2.5,Fairfield,1996,,1987,113,158,350,Active,,,http://www.redfin.com/CT/Fairfield/3845-Park-Ave-06825/unit-18/home/107125398,Smart MLS,170264013,N,Y,41.2074199,-73.2276274
MLS Listing,,Multi-Family (5+ Unit),12 Oak St,Bridgeport,CT,06604,399000,10,6.0,Bridgeport,6342,4791,1920,114,63,,Active,,,http://www.redfin.com/CT/Bridgeport/12-Oak-St-06604/home/107065322,Smart MLS,170264093,N,Y,41.1846637,-73.1989801
MLS Listing,,Single Family Residential,104 Terry Pl,Bridgeport,CT,06606,334900,5,2.5,North End,3531,7405,1926,114,95,,Active,,,http://www.redfin.com/CT/Bridgeport/104-Terry-Pl-06606/home/107055909,Smart MLS,170263868,N,Y,41.2065625,-73.2088839
MLS Listing,,Single Family Residential,185 Grandview Ave,Bridgeport,CT,06606,264600,6,2.0,North End,2068,4791,1924,115,128,,Active,,,http://www.redfin.com/CT/Bridgeport/185-Grandview-Ave-06606/home/107044427,Smart MLS,170263685,N,Y,41.2200165,-73.1908502
MLS Listing,,Single Family Residential,193 Marigold Ave,Bridgeport,CT,06606,205000,3,2.0,North End,1688,6098,1920,116,121,,Active,,,http://www.redfin.com/CT/Bridgeport/193-Marigold-Ave-06606/home/107041053,Smart MLS,170263307,N,Y,41.2187381,-73.1910461
MLS Listing,,Multi-Family (2-4 Unit),37-39 Lenox Ave,Bridgeport,CT,06605,400000,0,,West End,2524,4791,1953,117,158,,Active,,,http://www.redfin.com/CT/Bridgeport/37-Lenox-Ave-06605/home/107045305,Smart MLS,170263022,N,Y,41.1707397,-73.2138474
MLS Listing,,Multi-Family (2-4 Unit),525 Connecticut Ave,Bridgeport,CT,06607,329000,8,3.0,East End,3026,4791,1912,119,109,,Active,,,http://www.redfin.com/CT/Bridgeport/525-Connecticut-Ave-06607/home/107044824,Smart MLS,170262802,N,Y,41.1797903,-73.1674741
MLS Listing,,Multi-Family (2-4 Unit),2534-2538 Main St,Bridgeport,CT,06606,380000,9,3.0,North End,3849,3920,1919,121,99,,Active,,,http://www.redfin.com/CT/Bridgeport/2534-E-Main-St-06610/home/107042934,Smart MLS,170261952,N,Y,41.2093799,-73.1786084
MLS Listing,,Vacant Land,1213 Wood Ave,Bridgeport,CT,06604,22000,,,Bridgeport,,5662,,121,,,Active,,,http://www.redfin.com/CT/Bridgeport/1213-Wood-Ave-06604/home/107053178,Smart MLS,170262016,N,Y,41.1875732,-73.2168293
MLS Listing,,Condo/Co-op,2660 North Ave #111,Bridgeport,CT,06604,169900,2,2.0,Brooklawn,1092,,2010,123,156,304,Active,,,http://www.redfin.com/CT/Bridgeport/2660-North-Ave-06604/unit-111/home/107044416,Smart MLS,170261437,N,Y,41.1774473,-73.2208201
MLS Listing,,Vacant Land,,Bridgeport,CT,06610,50000,,,,,7405,,126,,,Active,,,http://www.redfin.com/CT/Bridgeport/Undisclosed-address-06610/home/107055125,Smart MLS,170260330,N,Y,41.1980415,-73.1769216
MLS Listing,,Multi-Family (2-4 Unit),254 Pearl Harbor St,Bridgeport,CT,06610,220000,4,2.0,Mill Hill,1500,8712,1942,127,147,,Active,,,http://www.redfin.com/CT/Bridgeport/254-Pearl-Harbor-St-06610/home/107060508,Smart MLS,170260621,N,Y,41.1995167,-73.1608727
MLS Listing,,Condo/Co-op,3200 Park Ave Unit 11F2,Bridgeport,CT,06604,239900,3,2.5,Brooklawn,2355,,1974,128,102,1106,Active,,,http://www.redfin.com/CT/Bridgeport/3200-Park-Ave-06604/unit-11F2/home/107065754,Smart MLS,170257741,N,Y,41.2013192,-73.2203257
MLS Listing,,Single Family Residential,181 Quarry St,Bridgeport,CT,06606,269900,3,1.5,Bridgeport,1390,4791,1985,130,194,,Active,,,http://www.redfin.com/CT/Bridgeport/181-Quarry-St-06606/home/107064078,Smart MLS,170259926,N,Y,41.2095827,-73.2032939
MLS Listing,,Vacant Land,184 Walnut St,Bridgeport,CT,06604,135000,,,South End,,6534,,131,,,Active,,,http://www.redfin.com/CT/Bridgeport/184-Walnut-St-06604/home/107034386,Smart MLS,170259803,N,Y,41.1660797,-73.1966537
MLS Listing,,Condo/Co-op,287 Iranistan Ave,Bridgeport,CT,06604,40000,2,1.0,South End,900,,1918,137,44,388,Active,,,http://www.redfin.com/CT/Bridgeport/287-Iranistan-Ave-06604/home/170156225,Smart MLS,170258824,N,Y,41.1653004,-73.1977868
MLS Listing,,Multi-Family (2-4 Unit),46 Palm St,Bridgeport,CT,06610,249900,5,2.0,Beardsley Park,3064,4791,1950,140,82,,Active,,,http://www.redfin.com/CT/Bridgeport/46-Palm-St-06610/home/107039328,Smart MLS,170251292,N,Y,41.201987,-73.1831079
MLS Listing,,Condo/Co-op,3200 Park Ave Unit 2D2,Bridgeport,CT,06604,135000,2,2.0,North End,1686,,1974,140,80,737,Active,,,http://www.redfin.com/CT/Bridgeport/3200-Park-Ave-06604/unit-2D2/home/107040042,Smart MLS,170259014,N,Y,41.2013192,-73.2203257
MLS Listing,,Multi-Family (2-4 Unit),435 Davidson St,Bridgeport,CT,06605,439000,6,3.0,Black Rock,3170,5227,1917,140,138,,Active,,,http://www.redfin.com/CT/Bridgeport/435-Davidson-St-06605/home/107065380,Smart MLS,170258704,N,Y,41.1566288,-73.2326373
MLS Listing,,Vacant Land,115 Clifford St,Bridgeport,CT,06607,22900,,,East End,,3484,,140,,,Active,,,http://www.redfin.com/CT/Bridgeport/115-Clifford-St-06607/home/107053257,Smart MLS,170258964,N,Y,41.1770741,-73.168251
MLS Listing,,Single Family Residential,779 Fairview Ave,Bridgeport,CT,06606,235000,4,2.0,North End,1441,5227,1917,142,163,,Active,,,http://www.redfin.com/CT/Bridgeport/779-Fairview-Ave-06606/home/107054900,Smart MLS,170258437,N,Y,41.201526,-73.2132611
MLS Listing,,Single Family Residential,586 Maplewood Ave,Bridgeport,CT,06605,299900,4,1.5,Bridgeport,2212,6969,1912,142,136,,Active,,,http://www.redfin.com/CT/Bridgeport/586-Maplewood-Ave-06605/home/107058629,Smart MLS,170256804,N,Y,41.1770239,-73.2113446
MLS Listing,,Condo/Co-op,2625 Park Ave Unit 1N,Bridgeport,CT,06604,129000,2,2.0,North End,1128,,1964,143,114,650,Active,,,http://www.redfin.com/CT/Bridgeport/2625-Park-Ave-06604/unit-1N/home/107045904,Smart MLS,170258340,N,Y,41.1932295,-73.2167747
MLS Listing,,Multi-Family (2-4 Unit),2345 Fairfield Ave,Bridgeport,CT,06605,649000,10,4.0,Black Rock,5768,10890,1908,146,113,,Active,,,http://www.redfin.com/CT/Bridgeport/2345-Fairfield-Ave-06605/home/146634647,Smart MLS,170258143,N,Y,41.1626787,-73.2209165
MLS Listing,,Single Family Residential,518 Queen St,Bridgeport,CT,06606,284900,3,2.0,North End,1316,4791,1943,146,216,,Active,,,http://www.redfin.com/CT/Bridgeport/518-Queen-St-06606/home/107041410,Smart MLS,170257350,N,Y,41.2082554,-73.2184903
MLS Listing,,Single Family Residential,20 Mill Hill Ave,Bridgeport,CT,06610,225500,4,1.5,Mill Hill,1951,4356,1897,148,116,,Active,,,http://www.redfin.com/CT/Bridgeport/20-Mill-Hill-Ave-06610/home/107063686,Smart MLS,170257844,N,Y,41.1867057,-73.1653155
MLS Listing,,Multi-Family (2-4 Unit),96 Read St,Bridgeport,CT,06607,125000,6,2.0,East End,2023,12196,1909,149,62,,Active,,,http://www.redfin.com/CT/Bridgeport/96-Read-St-06607/home/107044743,Smart MLS,170257615,N,Y,41.1790917,-73.156834
MLS Listing,,Single Family Residential,41 Fern St,Bridgeport,CT,06606,230000,3,1.5,North End,1986,4791,1966,149,116,,Active,,,http://www.redfin.com/CT/Bridgeport/41-Fern-St-06606/home/107039253,Smart MLS,170256854,N,Y,41.2103214,-73.2100468
MLS Listing,,Single Family Residential,90 Hillside Ave,Bridgeport,CT,06604,215000,3,1.5,Bridgeport,1478,5227,1954,151,145,,Active,,,http://www.redfin.com/CT/Bridgeport/90-Hillside-Ave-06604/home/107064236,Smart MLS,170257044,N,Y,41.1902158,-73.2173109
MLS Listing,,Single Family Residential,41 Charron St,Bridgeport,CT,06606,259900,4,2.0,North End,1110,12632,1953,156,234,,Active,,,http://www.redfin.com/CT/Bridgeport/41-Charron-St-06606/home/107065482,Smart MLS,170256072,N,Y,41.217311,-73.2120614
MLS Listing,,Multi-Family (2-4 Unit),1005-1007 Hancock Ave,Bridgeport,CT,06605,179000,4,2.0,Bridgeport,2004,3484,1900,157,89,,Active,,,http://www.redfin.com/CT/Bridgeport/1005-Hancock-Ave-06605/home/107043434,Smart MLS,170255572,N,Y,41.1728917,-73.2154603
MLS Listing,,Multi-Family (2-4 Unit),141 Eagle St,Bridgeport,CT,06607,264900,5,3.0,South End,3021,4791,1918,158,88,,Active,,,http://www.redfin.com/CT/Bridgeport/141-Eagle-St-06607/home/107049948,Smart MLS,170255781,N,Y,41.1743235,-73.1691619
MLS Listing,,Condo/Co-op,3200 Park Ave Unit 4E2,Bridgeport,CT,06604,132900,2,2.0,Bridgeport,1686,,1974,158,79,753,Active,,,http://www.redfin.com/CT/Bridgeport/4-Park-Ave-06604/unit-4E2/home/107034524,Smart MLS,170255647,N,Y,41.1632099,-73.1894328
MLS Listing,,Single Family Residential,1836 Noble Ave,Bridgeport,CT,06610,349900,4,1.5,Beardsley Park,3414,14810,1890,158,102,,Active,,,http://www.redfin.com/CT/Bridgeport/1836-Noble-Ave-06610/home/169991680,Smart MLS,170255597,N,Y,41.2068069,-73.1834759
MLS Listing,,Single Family Residential,1127 Norman St,Bridgeport,CT,06604,259000,3,2.0,North End,2852,4791,1928,159,91,,Active,,,http://www.redfin.com/CT/Bridgeport/1127-Norman-St-06604/home/107058800,Smart MLS,170255524,N,Y,41.1827888,-73.209458
MLS Listing,,Single Family Residential,1876 Noble Ave,Bridgeport,CT,06610,285000,5,1.5,North End,2531,9583,1909,164,113,,Active,,,http://www.redfin.com/CT/Bridgeport/1876-Noble-Ave-06610/home/107057772,Smart MLS,170254849,N,Y,41.2074234,-73.1831923
MLS Listing,,Single Family Residential,738 Platt St,Bridgeport,CT,06606,139900,5,2.0,Bridgeport,2126,8276,1943,170,66,,Active,,,http://www.redfin.com/CT/Bridgeport/738-Platt-St-06606/home/107062425,Smart MLS,170253816,N,Y,41.2142446,-73.204627
MLS Listing,,Single Family Residential,75 Judson Pl,Bridgeport,CT,06610,209000,3,1.5,Mill Hill,1384,4791,1951,175,151,,Active,,,http://www.redfin.com/CT/Bridgeport/75-Judson-Pl-06610/home/107035134,Smart MLS,170252759,N,Y,41.1897251,-73.1632874
MLS Listing,,Single Family Residential,49 Jane St,Bridgeport,CT,06608,185000,6,2.5,East Side,1494,3049,1902,176,124,,Active,,,http://www.redfin.com/CT/Bridgeport/49-Jane-St-06608/home/107034800,Smart MLS,170252330,N,Y,41.1905205,-73.1848177
MLS Listing,,Condo/Co-op,378 Atlantic St #1,Bridgeport,CT,06604,89900,2,1.0,South End,1150,,1908,177,78,300,Active,,,http://www.redfin.com/CT/Bridgeport/378-Atlantic-St-06604/unit-1/home/169888924,Smart MLS,170252376,N,Y,41.1671568,-73.1911728
MLS Listing,,Single Family Residential,588 Lincoln Ave,Bridgeport,CT,06606,259000,5,3.0,North End,1617,5662,1983,178,160,,Active,,,http://www.redfin.com/CT/Bridgeport/588-Lincoln-Ave-06606/home/107059475,Smart MLS,170252125,N,Y,41.19389,-73.2099763
MLS Listing,,Single Family Residential,124 Manila St,Bridgeport,CT,06610,179900,3,1.0,Bridgeport,936,6098,1942,178,192,,Active,,,http://www.redfin.com/CT/Bridgeport/124-Manila-St-06610/home/107049395,Smart MLS,170252080,N,Y,41.2017597,-73.158724
MLS Listing,,Multi-Family (2-4 Unit),32 Autumn St,Bridgeport,CT,06608,229000,8,3.0,Bridgeport,3211,3049,1904,179,71,,Active,,,http://www.redfin.com/CT/Bridgeport/32-Autumn-St-06608/home/107055038,Smart MLS,170250708,N,Y,41.196828,-73.1811837
MLS Listing,,Condo/Co-op,3250 Fairfield Ave #204,Bridgeport,CT,06605,179900,2,2.0,Black Rock,1145,,2006,182,157,265,Active,,,http://www.redfin.com/CT/Bridgeport/3250-Fairfield-Ave-06605/unit-204/home/107042048,Smart MLS,170251294,N,Y,41.1556587,-73.232628
MLS Listing,,Single Family Residential,748 Capitol Ave,Bridgeport,CT,06606,199000,3,2.0,North End,1721,3920,1913,182,116,,Active,,,http://www.redfin.com/CT/Bridgeport/748-Capitol-Ave-06606/home/107046292,Smart MLS,170249131,N,Y,41.1950287,-73.2043078
MLS Listing,,Multi-Family (5+ Unit),536 Noble Ave,Bridgeport,CT,06608,399000,6,,Bridgeport,3940,4356,1910,183,101,,Active,,,http://www.redfin.com/CT/Bridgeport/536-Noble-Ave-06608/home/107049740,Smart MLS,170251097,N,Y,41.1889687,-73.1840598
MLS Listing,,Condo/Co-op,"79 Court A, Building 19",Bridgeport,CT,06610,39900,2,1.0,Mill Hill,622,,1943,184,64,510,Active,,,http://www.redfin.com/CT/Bridgeport/79-Court-A-06610/home/169657939,Smart MLS,170249966,N,Y,41.19757,-73.1584944
MLS Listing,,Single Family Residential,923 Gilman St,Bridgeport,CT,06605,629900,3,2.5,Black Rock,3012,14810,1966,186,209,,Active,,,http://www.redfin.com/CT/Bridgeport/923-Gilman-St-06605/home/107060752,Smart MLS,170249968,N,Y,41.1444959,-73.2316352
MLS Listing,,Condo/Co-op,85 Ameridge Dr #85,Bridgeport,CT,06606,162900,2,1.5,North End,1082,,1971,186,151,340,Active,,,http://www.redfin.com/CT/Bridgeport/85-Ameridge-Dr-06606/unit-85/home/169644518,Smart MLS,170249184,N,Y,41.2128613,-73.2217795
MLS Listing,,Single Family Residential,97 Holroyd St,Bridgeport,CT,06606,209900,3,2.0,Brooklawn,1320,4791,1955,191,159,,Active,,,http://www.redfin.com/CT/Bridgeport/97-Holroyd-St-06606/home/107052977,Smart MLS,170248954,N,Y,41.1962473,-73.2106676
MLS Listing,,Single Family Residential,825 Laurel Ave,Bridgeport,CT,06604,250000,4,3.0,Bridgeport,3137,9583,1892,191,80,,Active,,,http://www.redfin.com/CT/Bridgeport/825-Laurel-Ave-06604/home/107035795,Smart MLS,170248850,N,Y,41.179125,-73.2120545
MLS Listing,,Multi-Family (2-4 Unit),1174-1176 Fairfield Ave,Bridgeport,CT,06605,450000,9,5.0,West End,4712,7405,1907,192,96,,Active,,,http://www.redfin.com/CT/Bridgeport/1174-Fairfield-Ave-06605/home/144521331,Smart MLS,170247385,N,Y,41.1742488,-73.2068563
MLS Listing,,Vacant Land,189 Arctic St,Bridgeport,CT,06608,18000,,,Beardsley Park,,2613,,192,,,Active,,,http://www.redfin.com/CT/Bridgeport/189-Arctic-St-06608/home/107038512,Smart MLS,170248026,N,Y,41.1895374,-73.1857309
MLS Listing,,Single Family Residential,1005 Noble Ave,Bridgeport,CT,06608,299500,5,2.0,Bridgeport,2776,13939,1897,195,108,,Active,,,http://www.redfin.com/CT/Bridgeport/1005-Noble-Ave-06608/home/107043584,Smart MLS,170247524,N,Y,41.1953618,-73.184075
MLS Listing,,Single Family Residential,94 Asylum St,Bridgeport,CT,06610,90000,2,1.0,Bridgeport,1232,2613,1917,208,73,,Active,,,http://www.redfin.com/CT/Bridgeport/94-Asylum-St-06610/home/107063027,Smart MLS,170244179,N,Y,41.1978496,-73.1763474
MLS Listing,,Multi-Family (2-4 Unit),194 Arctic St,Bridgeport,CT,06608,269900,8,3.0,Bridgeport,3150,3920,1900,212,86,,Active,,,http://www.redfin.com/CT/Bridgeport/194-Arctic-St-06608/home/107058645,Smart MLS,170243243,N,Y,41.1893455,-73.1855431
MLS Listing,,Single Family Residential,70 Hawthorne St,Bridgeport,CT,06610,195000,3,1.5,Beardsley Park,3912,12196,1934,215,50,,Active,,,http://www.redfin.com/CT/Bridgeport/70-Hawthorne-St-06610/home/107042633,Smart MLS,170242064,N,Y,41.2039062,-73.1862298
MLS Listing,,Multi-Family (5+ Unit),533 Madison Ave,Bridgeport,CT,06604,319900,8,5.0,Brooklawn,4104,9147,1905,218,78,,Active,,,http://www.redfin.com/CT/Bridgeport/533-Madison-Ave-06604/home/107044856,Smart MLS,170241503,N,Y,41.1894476,-73.20122
MLS Listing,,Condo/Co-op,3200 Park Ave Unit 11F1,Bridgeport,CT,06604,540000,3,2.0,Brooklawn,2355,,1974,219,229,1077,Active,,,http://www.redfin.com/CT/Bridgeport/11-Park-Ave-06604/unit-11F1/home/107046424,Smart MLS,170241060,N,Y,41.1631291,-73.1899034
MLS Listing,,Multi-Family (2-4 Unit),71 Wood Ave,Bridgeport,CT,06605,699000,2,2.5,West End,3311,4791,2009,219,211,,Active,,,http://www.redfin.com/CT/Bridgeport/71-Wood-Ave-06605/home/169255615,Smart MLS,170240965,N,Y,41.1773951,-73.2025356
MLS Listing,,Multi-Family (2-4 Unit),1150 Central Ave,Bridgeport,CT,06607,289900,0,,North End,3584,4791,1909,220,81,,Active,,,http://www.redfin.com/CT/Bridgeport/1150-Central-Ave-06607/home/107038325,Smart MLS,170240790,N,Y,41.1828774,-73.1664946
MLS Listing,,Single Family Residential,37 Eames Blvd,Bridgeport,CT,06605,875000,7,5.5,Black Rock,7492,76665,1914,228,117,,Active,,,http://www.redfin.com/CT/Bridgeport/37-Eames-Blvd-06605/home/169154997,Smart MLS,170237060,N,Y,41.1439345,-73.228644
MLS Listing,,Single Family Residential,615 Bishop Ave,Bridgeport,CT,06610,168500,4,1.5,Mill Hill,1668,3049,1930,228,101,,Active,,,http://www.redfin.com/CT/Bridgeport/615-Bishop-Ave-06610/home/107063220,Smart MLS,170237931,N,Y,41.1906249,-73.1575716
MLS Listing,,Condo/Co-op,29 Cole St #29,Bridgeport,CT,06604,75000,2,1.0,South End,750,,1917,228,100,374,Active,,,http://www.redfin.com/CT/Bridgeport/29-Cole-St-06604/unit-29/home/169153427,Smart MLS,170235696,N,Y,41.1656701,-73.1988106
MLS Listing,,Vacant Land,1310 Howard Ave,Bridgeport,CT,06605,155000,,,West End,,3920,,233,,,Active,,,http://www.redfin.com/CT/Bridgeport/1310-Howard-Ave-06605/home/107048663,Smart MLS,170236960,N,Y,41.1771483,-73.2173553
MLS Listing,,Single Family Residential,50 Sampson St,Bridgeport,CT,06606,208600,3,2.0,North End,1832,4791,1918,234,114,,Active,,,http://www.redfin.com/CT/Bridgeport/50-Sampson-St-06606/home/107052959,Smart MLS,170236195,N,Y,41.1949559,-73.2102067
MLS Listing,,Multi-Family (2-4 Unit),76 Waterman St,Bridgeport,CT,06607,219000,4,2.0,Bridgeport,2136,3920,1907,261,103,,Active,,,http://www.redfin.com/CT/Bridgeport/76-Waterman-St-06607/home/107050501,Smart MLS,170227730,N,Y,41.1822584,-73.1580786
MLS Listing,,Multi-Family (2-4 Unit),26-28 Hayes St,Bridgeport,CT,06608,249000,7,3.0,Bridgeport,3023,6098,1920,262,82,,Active,,,http://www.redfin.com/CT/Bridgeport/26-Hayes-St-06608/home/107064510,Smart MLS,170226172,N,Y,41.1922834,-73.1864335
MLS Listing,,Single Family Residential,55 Grovers Ave,Bridgeport,CT,06605,1399000,5,3.5,Black Rock,5000,14810,2015,262,280,,Active,,,http://www.redfin.com/CT/Bridgeport/55-Grovers-Ave-06605/home/107062130,Smart MLS,170227784,N,Y,41.1475774,-73.2260945
MLS Listing,,Single Family Residential,285 E Pasadena Pl,Bridgeport,CT,06610,230000,4,2.0,Treeland,1267,9147,1943,262,182,,Active,,,http://www.redfin.com/CT/Bridgeport/285-E-Pasadena-Pl-06610/home/107058895,Smart MLS,170227594,N,Y,41.2168767,-73.1663296
MLS Listing,,Multi-Family (5+ Unit),370 Olive St,Bridgeport,CT,06604,850000,24,8.0,Bridgeport,7224,6969,1887,287,118,,Active,,,http://www.redfin.com/CT/Bridgeport/370-Olive-St-06604/home/107040313,Smart MLS,170215083,N,Y,41.1808898,-73.2000851
MLS Listing,,Single Family Residential,155 Old Town Rd,Bridgeport,CT,06606,399900,4,2.5,North End,3624,7405,2003,290,110,,Active,,,http://www.redfin.com/CT/Bridgeport/155-Old-Town-Rd-06606/home/107058650,Smart MLS,170218918,N,Y,41.2204711,-73.1830972
MLS Listing,,Multi-Family (2-4 Unit),23-25 Carroll Ct,Bridgeport,CT,06607,225000,3,1.0,East End,2432,4356,1915,296,93,,Active,,,http://www.redfin.com/CT/Bridgeport/23-Carroll-Ct-06607/home/107052660,Smart MLS,170217264,N,Y,41.1773561,-73.1629269
MLS Listing,,Multi-Family (5+ Unit),1549-1555 Central Ave,Bridgeport,CT,06610,464995,14,5.0,East Side,7290,9583,1904,298,64,,Active,,,http://www.redfin.com/CT/Bridgeport/1549-Central-Ave-06610/home/107046393,Smart MLS,170216523,N,Y,41.1882609,-73.1676409
MLS Listing,,Single Family Residential,59 Platt Pl,Bridgeport,CT,06606,319000,4,3.0,North End,2835,8712,2005,301,113,,Active,,,http://www.redfin.com/CT/Bridgeport/59-Platt-Pl-06606/home/107048147,Smart MLS,170215645,N,Y,41.2158823,-73.2014965
MLS Listing,,Single Family Residential,68 Pond St,Bridgeport,CT,06606,290000,4,3.0,North End,2010,4791,1955,301,144,,Active,,,http://www.redfin.com/CT/Bridgeport/68-Pond-St-06606/home/107144911,Smart MLS,170215606,N,Y,41.2053241,-73.1949982
MLS Listing,,Condo/Co-op,"75 Court A, Bld#19",Bridgeport,CT,06610,44900,2,1.0,Mill Hill,673,,1943,303,67,499,Active,,,http://www.redfin.com/CT/Bridgeport/75-Court-A-06610/home/167216686,Smart MLS,170215100,N,Y,41.1975477,-73.1583996
MLS Listing,,Multi-Family (2-4 Unit),1388 Stratford Ave,Bridgeport,CT,06607,128900,2,2.5,East End,2304,3920,1892,306,56,,Active,,,http://www.redfin.com/CT/Bridgeport/1388-Stratford-Ave-06607/home/146083323,Smart MLS,170213639,N,Y,41.1790076,-73.1633667
MLS Listing,,Vacant Land,185 Ezra St,Bridgeport,CT,06606,4900,,,Bridgeport,,6098,,320,,,Active,,,http://www.redfin.com/CT/Bridgeport/185-Ezra-St-06606/home/107050081,Smart MLS,170209488,N,Y,41.2030196,-73.1997268
MLS Listing,,Single Family Residential,23-35 Willow St,Bridgeport,CT,06610,480000,3,2.0,Bridgeport,1823,14810,1952,326,263,,Active,,,http://www.redfin.com/CT/Bridgeport/23-Willow-St-06610/home/167105600,Smart MLS,170207354,N,Y,41.1867331,-73.1589128
MLS Listing,,Single Family Residential,19 Eames Blvd,Bridgeport,CT,06605,749000,4,3.0,Black Rock,2254,20037,1941,339,332,,Active,,,http://www.redfin.com/CT/Bridgeport/19-Grovers-Ave-06605/home/107059766,Smart MLS,170196225,N,Y,41.1440311,-73.230837
MLS Listing,,Single Family Residential,193 Summerfield Ave,Bridgeport,CT,06610,199000,3,2.0,Mill Hill,1283,6534,1926,413,155,,Active,,,http://www.redfin.com/CT/Bridgeport/193-Summerfield-Ave-06610/home/107051862,Smart MLS,170175164,N,Y,41.1902776,-73.1621384
MLS Listing,,Condo/Co-op,300 Success Ave Unit 90-11,Bridgeport,CT,06610,24900,2,1.0,Bridgeport,950,,1943,453,26,500,Active,,,http://www.redfin.com/CT/Bridgeport/300-Success-Ave-06610/unit-90-11/home/160451268,Smart MLS,170163090,N,Y,41.1969764,-73.1571101
MLS Listing,,Vacant Land,373 Stillman St,Bridgeport,CT,06608,14500,,,East End,,3920,,528,,,Active,,,http://www.redfin.com/CT/Bridgeport/373-Stillman-St-06608/home/107036697,Smart MLS,170144965,N,Y,41.1927626,-73.1811986
MLS Listing,,Single Family Residential,131 Dewey St,Bridgeport,CT,06605,149000,2,1.0,West End,1056,3049,1907,548,141,,Active,,,http://www.redfin.com/CT/Bridgeport/131-Dewey-St-06605/home/107050420,Smart MLS,170141599,N,Y,41.1691935,-73.2186612
MLS Listing,,Vacant Land,150 Polk St,Bridgeport,CT,06606,40000,,,North End,,4791,,690,,,Active,,,http://www.redfin.com/CT/Bridgeport/150-Polk-St-06606/home/107062707,Smart MLS,170096910,N,Y,41.2106928,-73.1933294
MLS Listing,,Vacant Land,110 Polk St,Bridgeport,CT,06606,120000,,,North End,,30056,,690,,,Active,,,http://www.redfin.com/CT/Bridgeport/110-Polk-St-06606/home/107050720,Smart MLS,170096701,N,Y,41.2102397,-73.1931314
MLS Listing,,Vacant Land,311-363 Woodlawn Avenue Ext,Bridgeport,CT,06606,54500,,,North End,,9147,,731,,,Active,,,http://www.redfin.com/CT/Bridgeport/311-Woodlawn-Ave-Ext-06606/home/107049631,Smart MLS,170078089,N,Y,41.2145593,-73.197556
MLS Listing,,Multi-Family (2-4 Unit),38 Suggetts Ln,Bridgeport,CT,06607,349900,8,4.0,South End,6820,3920,1897,871,51,,Active,,,http://www.redfin.com/CT/Bridgeport/38-Suggetts-Ln-06607/home/107058796,Smart MLS,170006420,N,Y,41.1723884,-73.1681468
MLS Listing,,Single Family Residential,337 Alba Ave,Bridgeport,CT,06606,185000,3,1.5,North End,1254,4791,1990,871,148,,Active,,,http://www.redfin.com/CT/Bridgeport/337-Alba-Ave-06606/home/107042535,Smart MLS,170034323,N,Y,41.2151228,-73.1981437
MLS Listing,,Vacant Land,269 Gregory St,Bridgeport,CT,06604,99900,,,South End,,4791,,871,,,Active,,,http://www.redfin.com/CT/Bridgeport/269-Gregory-St-06604/home/107036610,Smart MLS,170033222,N,Y,41.1675431,-73.1920178
MLS Listing,,Vacant Land,192 Berkshire Ave,Bridgeport,CT,06608,14500,,,East End,,2178,,872,,,Active,,,http://www.redfin.com/CT/Bridgeport/192-Berkshire-Ave-06608/home/107046798,Smart MLS,170035075,N,Y,41.1935186,-73.1832454
For-Sale-by-Owner Listing,,Single Family Residential,716 Park St,Bridgeport,CT,06608,170000,3,1.0,Bridgeport,1335,9148,1951,41,127,,Active,,,http://www.redfin.com/CT/Bridgeport/716-Park-St-06608/home/107065708,Fizber.com,5052088,N,Y,41.1971378,-73.1824158
For-Sale-by-Owner Listing,,Single Family Residential,350 Eckart St,Bridgeport,CT,06606,355000,4,2.5,Bridgeport,2323,18730,1951,54,153,,Active,,,http://www.redfin.com/CT/Bridgeport/350-Eckart-St-06606/home/107064588,Fizber.com,5050850,N,Y,41.2199786,-73.2366075
For-Sale-by-Owner Listing,,Multi-Family (2-4 Unit),73 Orange St,Bridgeport,CT,06607,400000,5,3.0,Bridgeport,2446,,1897,77,164,,Active,,,http://www.redfin.com/CT/Bridgeport/73-Orange-St-06607/home/107039548,Fizber.com,5048562,N,Y,41.1756883,-73.1657304
For-Sale-by-Owner Listing,,Single Family Residential,445 Platt St,Bridgeport,CT,06606,330000,4,3.0,Bridgeport,1304,6463,2003,231,253,,Active,,,http://www.redfin.com/CT/Bridgeport/445-Platt-St-06606/home/107056441,Fizber.com,5032631,N,Y,41.215318,-73.2000217
