SALE TYPE,SOLD DATE,PROPERTY TYPE,ADDRESS,CITY,STATE OR PROVINCE,ZIP OR POSTAL CODE,PRICE,BEDS,BATHS,LOCATION,SQUARE FEET,LOT SIZE,YEAR BUILT,DAYS ON MARKET,$/SQUARE FEET,HOA/MONTH,STATUS,NEXT OPEN HOUSE START TIME,NEXT OPEN HOUSE END TIME,URL (SEE http://www.redfin.com/buy-a-home/comparative-market-analysis FOR INFO ON PRICING),SOURCE,MLS#,FAVORITE,INTERESTED,LATITUDE,LONGITUDE
MLS Listing,,Single Family Residential,60 Berkshire Dr,Bristol,CT,06010,249900,4,1.5,Chippens Hill,1786,20037,1965,1,140,,Active,,,http://www.redfin.com/CT/Bristol/60-Berkshire-Dr-06010/home/54407984,Smart MLS,170293555,N,Y,41.6985219,-72.9526295
MLS Listing,,Single Family Residential,28 Stewart St,Bristol,CT,06010,189900,3,2.5,Bristol,2162,8712,1910,1,88,,Active,,,http://www.redfin.com/CT/Bristol/28-Stewart-St-06010/home/54392892,Smart MLS,170293548,N,Y,41.6809363,-72.9390666
MLS Listing,,Condo/Co-op,125 West St #15,Bristol,CT,06010,54900,1,1.0,Bristol,528,,1989,1,104,215,Active,,,http://www.redfin.com/CT/Bristol/125-West-St-06010/unit-15/home/54402651,Smart MLS,170293232,N,Y,41.670654,-72.9491369
MLS Listing,,Single Family Residential,45 Christopher St,Bristol,CT,06010,239900,3,2.5,Forestville,1184,21780,1987,1,203,,Active,,,http://www.redfin.com/CT/Bristol/45-Christopher-St-06010/home/54396719,Smart MLS,170293245,N,Y,41.6652926,-72.9154348
MLS Listing,,Single Family Residential,2 Marion St,Bristol,CT,06010,154900,3,2.0,Bristol,1044,8712,1940,2,148,,Active,,,http://www.redfin.com/CT/Bristol/2-Marion-St-06010/home/54407796,Smart MLS,170293153,N,Y,41.6687317,-72.8908234
MLS Listing,,Single Family Residential,91 Page Ave,Bristol,CT,06010,175000,3,2.0,Forestville,1114,11761,1953,3,157,,Active,,,http://www.redfin.com/CT/Bristol/91-Page-Ave-06010/home/54407586,Smart MLS,170292603,N,Y,41.685142,-72.9326532
MLS Listing,,Single Family Residential,245 Morningside Dr W,Bristol,CT,06010,129900,2,1.0,Forestville,780,6969,1942,4,167,,Active,,,http://www.redfin.com/CT/Bristol/245-Morningside-Dr-W-06010/home/54410364,Smart MLS,170290888,N,Y,41.686736,-72.90627
MLS Listing,,Single Family Residential,110 Wildewood Run,Bristol,CT,06010,265000,3,2.0,Bristol,1808,30927,1991,4,147,,Active,,,http://www.redfin.com/CT/Bristol/110-Wildewood-Run-06010/home/54403079,Smart MLS,170292235,N,Y,41.699102,-72.933694
MLS Listing,,Single Family Residential,58 Tyler Way,Bristol,CT,06010,279900,3,2.5,Bristol,2036,27442,1996,5,137,,Active,,,http://www.redfin.com/CT/Bristol/58-Tyler-Way-06010/home/54403245,Smart MLS,170291772,N,Y,41.6482987,-72.9805521
MLS Listing,,Multi-Family (2-4 Unit),240 Crown St,Bristol,CT,06010,199900,6,2.0,Bristol,2640,10454,1969,5,76,,Active,,,http://www.redfin.com/CT/Bristol/240-Crown-St-06010/home/54393712,Smart MLS,170292061,N,Y,41.6609706,-72.9583059
MLS Listing,,Single Family Residential,957 Pine St,Bristol,CT,06010,169900,2,1.0,Forestville,1008,5227,1946,6,169,,Active,,,http://www.redfin.com/CT/Bristol/957-Pine-St-06010/home/54397309,Smart MLS,170291976,N,Y,41.6693957,-72.888231
MLS Listing,,Multi-Family (2-4 Unit),47 Alexander St,Bristol,CT,06010,179900,4,2.0,n/a,1630,14374,1912,6,110,,Active,,,http://www.redfin.com/CT/Bristol/47-Alexander-St-06010/home/54403751,Smart MLS,170290969,N,Y,41.6667482,-72.9122882
MLS Listing,,Vacant Land,50 Wildewood Run,Bristol,CT,06010,44900,,,Wild Wood Estates,,110642,,7,,,Active,,,http://www.redfin.com/CT/Bristol/50-Wildewood-Run-06010/home/144523828,Smart MLS,170291908,N,Y,41.7012458,-72.9317181
MLS Listing,,Single Family Residential,63 Fanway Ave,Bristol,CT,06010,229788,4,2.0,Bristol,1754,13939,1940,7,131,,Active,,,http://www.redfin.com/CT/Bristol/63-Fanway-Ave-06010/home/54395918,Smart MLS,170291857,N,Y,41.6901875,-72.9181763
MLS Listing,,Single Family Residential,950 Stafford Ave,Bristol,CT,06010,184900,4,1.0,Bristol,1114,12632,1956,7,166,,Active,,,http://www.redfin.com/CT/Bristol/950-Stafford-Ave-06010/home/54398561,Smart MLS,170288511,N,Y,41.7020749,-72.9105049
MLS Listing,,Single Family Residential,139 Marconi Ave,Bristol,CT,06010,169900,3,1.0,Bristol,1201,5662,1942,8,141,,Active,,,http://www.redfin.com/CT/Bristol/139-Marconi-Ave-06010/home/54407450,Smart MLS,170288972,N,Y,41.6700933,-72.9670231
MLS Listing,,Single Family Residential,29 Hillside Pl,Bristol,CT,06010,179900,3,1.5,Bristol,2126,10018,1900,11,85,,Active,,,http://www.redfin.com/CT/Bristol/29-Hillside-Pl-06010/home/54396758,Smart MLS,170290778,N,Y,41.6705549,-72.9519158
MLS Listing,,Condo/Co-op,130 Jefferson Ave #4,Bristol,CT,06010,98000,2,1.5,Bristol,720,,1972,11,136,300,Active,,,http://www.redfin.com/CT/Bristol/130-Jefferson-Ave-06010/unit-4/home/54398489,Smart MLS,170290531,N,Y,41.7097134,-72.9274002
MLS Listing,,Vacant Land,13-1 James P Casey Rd,Bristol,CT,06010,80000,,,Bristol,,25264,,11,,,Active,,,http://www.redfin.com/CT/Bristol/13-James-P-Casey-Rd-06010/home/163309762,Smart MLS,170290556,N,Y,41.7024832,-72.9564971
MLS Listing,,Single Family Residential,1192 Hill St,Bristol,CT,06010,385000,4,2.5,Chippens Hill,2860,25264,2005,11,135,,Active,,,http://www.redfin.com/CT/Bristol/1192-Hill-St-06010/home/54392111,Smart MLS,170288475,N,Y,41.7135979,-72.9783047
MLS Listing,,Single Family Residential,84 Claremont St,Bristol,CT,06010,169900,4,1.0,Bristol,1183,5227,1963,13,144,,Active,,,http://www.redfin.com/CT/Bristol/84-Claremont-St-06010/home/54405155,Smart MLS,170289961,N,Y,41.6623533,-72.9353294
MLS Listing,,Single Family Residential,1 Ridgewood St,Bristol,CT,06010,243800,2,2.0,Bristol,1250,12632,1948,15,195,,Active,,,http://www.redfin.com/CT/Bristol/1-Ridgewood-St-06010/home/54395212,Smart MLS,170289682,N,Y,41.6656337,-72.9595976
MLS Listing,,Single Family Residential,365 Allentown Rd #34,Bristol,CT,06010,259000,3,2.5,Bristol,1756,,2019,15,147,197,Active,,,http://www.redfin.com/CT/Bristol/365-Allentown-Rd-06010/unit-34/home/166861169,Smart MLS,170289958,N,Y,41.6527575,-72.9809428
MLS Listing,,Single Family Residential,365 Allentown Rd #24,Bristol,CT,06010,269000,4,2.5,Bristol,1850,,2020,16,145,197,Active,,,http://www.redfin.com/CT/Bristol/365-Allentown-Rd-06010/unit-24/home/147303015,Smart MLS,170289773,N,Y,41.6527575,-72.9809428
MLS Listing,,Single Family Residential,365 Allentown Rd #30,Bristol,CT,06010,264900,3,2.5,Bristol,1764,,2020,16,150,197,Active,,,http://www.redfin.com/CT/Bristol/365-Allentown-Rd-06010/unit-30/home/168982857,Smart MLS,170289761,N,Y,41.6527575,-72.9809428
MLS Listing,,Single Family Residential,30 Oehler Dr,Bristol,CT,06010,230000,3,2.0,Chippens Hill,1208,26136,1964,17,190,,Active,,,http://www.redfin.com/CT/Bristol/30-Oehler-Dr-06010/home/54398033,Smart MLS,170289510,N,Y,41.7030215,-72.9522529
MLS Listing,,Single Family Residential,69 Wilcox St,Bristol,CT,06010,175000,3,1.0,Bristol,1174,6534,1945,18,149,,Active,,,http://www.redfin.com/CT/Bristol/69-Willcox-St-06010/home/54407111,Smart MLS,170289346,N,Y,41.6665848,-72.9320534
MLS Listing,,Single Family Residential,74 Maheu St,Bristol,CT,06010,199900,3,2.5,Bristol,1330,10018,1974,18,150,,Active,,,http://www.redfin.com/CT/Bristol/74-Maheu-St-06010/home/54399509,Smart MLS,170289070,N,Y,41.6971634,-72.9474634
MLS Listing,,Multi-Family (2-4 Unit),121 George St,Bristol,CT,06010,188900,5,2.0,Bristol,1992,5662,1925,23,95,,Active,,,http://www.redfin.com/CT/Bristol/121-George-St-06010/home/54409218,Smart MLS,170288444,N,Y,41.6646742,-72.9435543
MLS Listing,,Single Family Residential,351 Witches Rock Rd,Bristol,CT,06010,299900,3,1.5,Bristol,1632,25264,1997,25,184,,Active,,,http://www.redfin.com/CT/Bristol/351-Witches-Rock-Rd-06010/home/54392911,Smart MLS,170287874,N,Y,41.6484934,-72.9740208
MLS Listing,,Single Family Residential,851 Burlington Ave,Bristol,CT,06010,189000,2,2.0,Chippens Hill,1224,20908,1987,25,154,,Active,,,http://www.redfin.com/CT/Bristol/851-Burlington-Ave-06010/home/54409749,Smart MLS,170287437,N,Y,41.7051056,-72.947856
MLS Listing,,Single Family Residential,42 Eastview St,Bristol,CT,06010,131000,2,1.5,Bristol,1008,6098,1994,28,130,,Active,,,http://www.redfin.com/CT/Bristol/42-Eastview-St-06010/home/54392644,Smart MLS,170287653,N,Y,41.6864964,-72.9355665
MLS Listing,,Single Family Residential,36 Mcintosh Dr,Bristol,CT,06010,303000,3,2.5,Chippens Hill,2320,25700,1978,32,131,,Active,,,http://www.redfin.com/CT/Bristol/36-McIntosh-Dr-06010/home/54411101,Smart MLS,170286652,N,Y,41.698921,-72.9540232
MLS Listing,,Condo/Co-op,268 Divinity St #7,Bristol,CT,06010,149900,2,1.5,Bristol,1056,,1987,34,142,310,Active,,,http://www.redfin.com/CT/Bristol/268-Divinity-St-06010/unit-7/home/171263303,Smart MLS,170286328,N,Y,41.6708599,-72.9583987
MLS Listing,,Single Family Residential,353 Burlington Ave,Bristol,CT,06010,239900,5,2.5,Bristol,1980,8276,1927,35,121,,Active,,,http://www.redfin.com/CT/Bristol/353-Burlington-Ave-06010/home/54406899,Smart MLS,170286358,N,Y,41.6918652,-72.9442531
MLS Listing,,Single Family Residential,37 Garden St,Bristol,CT,06010,239900,4,1.5,Forestville,1250,5227,1800,35,192,,Active,,,http://www.redfin.com/CT/Bristol/37-Garden-St-06010/home/54392837,Smart MLS,170286203,N,Y,41.6763657,-72.8991992
MLS Listing,,Single Family Residential,20 Rosemary Ln,Bristol,CT,06010,229900,3,2.0,Bristol,1650,11761,1925,39,139,,Active,,,http://www.redfin.com/CT/Bristol/20-Rosemary-Ln-06010/home/54396536,Smart MLS,170285159,N,Y,41.7043608,-72.9094608
MLS Listing,,Single Family Residential,502 James P Casey Rd,Bristol,CT,06010,284900,3,2.5,Chippens Hill,2454,43124,1980,41,116,,Active,,,http://www.redfin.com/CT/Bristol/502-James-P-Casey-Rd-06010/home/54398438,Smart MLS,170284906,N,Y,41.6960536,-72.9713849
MLS Listing,,Multi-Family (2-4 Unit),376 South St,Bristol,CT,06010,295000,4,3.5,Bristol,3014,54014,1886,41,98,,Active,,,http://www.redfin.com/CT/Bristol/376-South-St-06010/home/54396849,Smart MLS,170284670,N,Y,41.6683725,-72.9345457
MLS Listing,,Single Family Residential,42 Merriman St,Bristol,CT,06010,275000,6,3.0,Bristol,3213,6098,1910,43,86,,Active,,,http://www.redfin.com/CT/Bristol/42-Merriman-St-06010/home/54397247,Smart MLS,170284267,N,Y,41.6792748,-72.9426885
MLS Listing,,Single Family Residential,58 Hepworth St,Bristol,CT,06010,214900,4,2.0,Forestville,2150,12196,1956,46,100,,Active,,,http://www.redfin.com/CT/Bristol/58-Hepworth-St-06010/home/54409312,Smart MLS,170283757,N,Y,41.6661408,-72.8932
MLS Listing,,Multi-Family (2-4 Unit),21 Ward St,Bristol,CT,06010,144500,4,2.0,Bristol,2048,5227,1910,47,71,,Active,,,http://www.redfin.com/CT/Bristol/21-Ward-St-06010/home/54396357,Smart MLS,170283577,N,Y,41.6747795,-72.9490389
MLS Listing,,Condo/Co-op,371 Emmett St #50,Bristol,CT,06010,99900,2,1.0,Bristol,900,,1986,48,111,188,Active,,,http://www.redfin.com/CT/Bristol/371-Emmett-St-06010/unit-50/home/54405718,Smart MLS,170283171,N,Y,41.6634285,-72.9088123
MLS Listing,,Multi-Family (5+ Unit),80 Terryville Ave,Bristol,CT,06010,234900,6,5.0,Bristol,2592,6098,1920,48,91,,Active,,,http://www.redfin.com/CT/Bristol/80-Terryville-Ave-06010/home/54393483,Smart MLS,170283432,N,Y,41.6818637,-72.9521202
MLS Listing,,Single Family Residential,906 Hill St,Bristol,CT,06010,278000,3,3.0,Chippens Hill,1936,25264,1986,49,144,,Active,,,http://www.redfin.com/CT/Bristol/906-Hill-St-06010/home/54405098,Smart MLS,170279248,N,Y,41.7131571,-72.9751693
MLS Listing,,Single Family Residential,20 1st St,Bristol,CT,06010,179900,4,2.0,Forestville,1740,7840,1915,50,103,,Active,May-9-2020 12:00 PM,May-9-2020 05:00 PM,http://www.redfin.com/CT/Bristol/20-1st-St-06010/home/54397799,Smart MLS,170281632,N,Y,41.6706717,-72.9208872
MLS Listing,,Single Family Residential,102 South Street Ext,Bristol,CT,06010,105000,2,1.0,Bristol,664,7840,1938,50,158,,Active,,,http://www.redfin.com/CT/Bristol/102-S-St-Ext-06010/home/54394563,Smart MLS,170281476,N,Y,41.667207,-72.951735
MLS Listing,,Single Family Residential,130 Buckboard Ln,Bristol,CT,06010,269900,3,2.0,Edgewood,1459,23086,1979,53,185,,Active,,,http://www.redfin.com/CT/Bristol/130-Buckboard-Ln-06010/home/54410472,Smart MLS,170281926,N,Y,41.7186509,-72.9340953
MLS Listing,,Vacant Land,0 Witches Rock Rd,Bristol,CT,06010,54740,,,Bristol,,30927,,53,,,Active,,,http://www.redfin.com/CT/Bristol/Witches-Rock-Rd-06010/home/109637319,Smart MLS,170281866,N,Y,41.657175,-72.971126
MLS Listing,,Single Family Residential,29 Alba Dr,Bristol,CT,06010,197788,2,1.5,Bristol,1620,17424,1968,53,122,,Active,,,http://www.redfin.com/CT/Bristol/29-Alba-Dr-06010/home/54395978,Smart MLS,170281941,N,Y,41.7101898,-72.9444548
MLS Listing,,Vacant Land,181 Grove St,Bristol,CT,06010,148000,,,Bristol,,78408,,55,,,Active,,,http://www.redfin.com/CT/Bristol/181-Grove-St-06010/home/109639874,Smart MLS,170281682,N,Y,41.6821887,-72.9351671
MLS Listing,,Single Family Residential,5 Knibbs Cir #5,Bristol,CT,06010,329900,3,2.5,Chippens Hill,2152,,2007,55,153,265,Active,,,http://www.redfin.com/CT/Bristol/5-Knibbs-Cir-06010/unit-5/home/144568015,Smart MLS,170280644,N,Y,41.6852035,-72.9791458
MLS Listing,,Single Family Residential,42 Melinda Ln,Bristol,CT,06010,395000,3,2.0,Bristol,1800,35719,2020,56,219,,Active,,,http://www.redfin.com/CT/Bristol/42-Melinda-Ln-06010/home/109639889,Smart MLS,170281517,N,Y,41.6590143,-72.9483174
MLS Listing,,Condo/Co-op,441 Clark Ave #1,Bristol,CT,06010,89900,2,1.0,Bristol,968,,1989,56,93,255,Active,,,http://www.redfin.com/CT/Bristol/441-Clark-Ave-06010/unit-1/home/54401113,Smart MLS,170281368,N,Y,41.6841999,-72.9844466
MLS Listing,,Vacant Land,57 Maple Ave,Bristol,CT,06010,59900,,,Bristol,,43995,,56,,,Active,,,http://www.redfin.com/CT/Bristol/57-Maple-Ave-06010/home/144538733,Smart MLS,170278441,N,Y,41.7029934,-72.9300286
MLS Listing,,Condo/Co-op,820 Matthews St #40,Bristol,CT,06010,109900,2,1.5,Chippens Hill,972,,1983,56,113,241,Active,,,http://www.redfin.com/CT/Bristol/820-Matthews-St-06010/unit-40/home/54405438,Smart MLS,170281187,N,Y,41.6848114,-72.9822156
MLS Listing,,Single Family Residential,32 Sherman St,Bristol,CT,06010,144900,2,1.5,Bristol,1077,5662,1918,60,135,,Active,,,http://www.redfin.com/CT/Bristol/32-Sherman-St-06010/home/54406635,Smart MLS,170278041,N,Y,41.6803276,-72.9561836
MLS Listing,,Condo/Co-op,380 King St #7,Bristol,CT,06010,219900,3,2.5,Bristol,1450,,2017,63,152,175,Active,,,http://www.redfin.com/CT/Bristol/380-King-St-06010/unit-7/home/144529587,Smart MLS,170277991,N,Y,41.6787595,-72.9207972
MLS Listing,,Single Family Residential,35 Oaken Rd,Bristol,CT,06010,299900,5,3.5,Bristol,3297,31363,1988,63,91,,Active,,,http://www.redfin.com/CT/Bristol/35-Oaken-Rd-06010/home/54401686,Smart MLS,170278756,N,Y,41.706177,-72.938565
MLS Listing,,Single Family Residential,126 Maureen Dr,Bristol,CT,06010,349900,4,3.0,Chippens Hill,2772,23958,1971,64,126,,Active,,,http://www.redfin.com/CT/Bristol/126-Maureen-Dr-06010/home/54407602,Smart MLS,170278859,N,Y,41.6897036,-72.9649168
MLS Listing,,Single Family Residential,14 Hoover Ave,Bristol,CT,06010,85000,2,1.0,Bristol,836,10018,1941,65,102,,Active,,,http://www.redfin.com/CT/Bristol/14-Hoover-Ave-06010/home/54404365,Smart MLS,170278100,N,Y,41.6879144,-72.9297464
MLS Listing,,Single Family Residential,365 Burlington Ave,Bristol,CT,06010,199000,4,1.5,Bristol,1550,8276,1925,67,128,,Active,,,http://www.redfin.com/CT/Bristol/365-Burlington-Ave-06010/home/54409600,Smart MLS,170277677,N,Y,41.6921812,-72.9443492
MLS Listing,,Single Family Residential,226 Grove St,Bristol,CT,06010,659900,9,8.0,Bristol,8749,120225,1929,67,75,,Active,,,http://www.redfin.com/CT/Bristol/226-Grove-St-06010/home/54404160,Smart MLS,170276135,N,Y,41.6813476,-72.9333737
MLS Listing,,Single Family Residential,122 Marlene St,Bristol,CT,06010,308500,4,3.5,Bristol,3271,18295,1988,69,94,,Active,,,http://www.redfin.com/CT/Bristol/122-Marlene-St-06010/home/54410827,Smart MLS,170276732,N,Y,41.6950118,-72.950263
MLS Listing,,Single Family Residential,26 Dewey Ave,Bristol,CT,06010,229900,3,1.5,East Bristol,1092,10018,1959,69,211,,Active,,,http://www.redfin.com/CT/Bristol/26-Dewey-Ave-06010/home/54393419,Smart MLS,170276038,N,Y,41.6631635,-72.9235173
MLS Listing,,Single Family Residential,115 Pinnacle Rd,Bristol,CT,06010,315000,3,2.5,Chippens Hill,2606,25264,1976,69,121,,Active,,,http://www.redfin.com/CT/Bristol/115-Pinnacle-Rd-06010/home/54403469,Smart MLS,170276811,N,Y,41.7110508,-72.9825718
MLS Listing,,Single Family Residential,24 Knibbs Cir #24,Bristol,CT,06010,325000,3,2.5,Chippens Hill,2801,,2007,70,116,265,Active,,,http://www.redfin.com/CT/Bristol/24-Knibbs-Cir-06010/unit-24/home/146181247,Smart MLS,170276304,N,Y,41.684866,-72.9791052
MLS Listing,,Condo/Co-op,489 Wolcott St #69,Bristol,CT,06010,129000,2,1.5,Bristol,1180,,1987,71,109,299,Active,,,http://www.redfin.com/CT/Bristol/489-Wolcott-St-06010/unit-69/home/146054175,Smart MLS,170276426,N,Y,41.6600243,-72.9592872
MLS Listing,,Single Family Residential,170 FARMINGTON Ave,Bristol,CT,06010,109000,3,1.0,Bristol,2140,10018,1900,71,51,,Active,,,http://www.redfin.com/CT/Bristol/170-Farmington-Ave-06010/home/54393179,Smart MLS,170276239,N,Y,41.6856536,-72.9374979
MLS Listing,,Vacant Land,0 Peacedale St,Bristol,CT,06010,299900,,,Chippens Hill,,192099,,72,,,Active,,,http://www.redfin.com/CT/BRISTOL/PEACEDALE-ST-06010/home/109637584,Smart MLS,170275848,N,Y,41.701548,-72.963128
MLS Listing,,Single Family Residential,400 Peacedale St,Bristol,CT,06010,799900,5,5.0,Chippens Hill,6857,740520,1966,72,117,,Active,,,http://www.redfin.com/CT/Bristol/400-Peacedale-St-06010/home/54393259,Smart MLS,170275569,N,Y,41.700503,-72.9675045
MLS Listing,,Single Family Residential,48 Fairview Ave,Bristol,CT,06010,165000,3,2.0,East Bristol,1263,4356,1940,75,131,,Active,,,http://www.redfin.com/CT/Bristol/48-Fairview-Ave-06010/home/54405242,Smart MLS,170269814,N,Y,41.6638438,-72.9242555
MLS Listing,,Condo/Co-op,365 Allentown Rd #35,Bristol,CT,06010,269900,3,2.5,Bristol,1854,,2020,77,146,187,Active,,,http://www.redfin.com/CT/Bristol/365-Allentown-Rd-06010/unit-35/home/160726014,Smart MLS,170274587,N,Y,41.6527575,-72.9809428
MLS Listing,,Single Family Residential,73 Robin St,Bristol,CT,06010,221500,3,2.0,Bristol,1516,10890,1971,77,146,,Active,,,http://www.redfin.com/CT/Bristol/73-Robin-St-06010/home/54400845,Smart MLS,170273450,N,Y,41.6950837,-72.9457567
MLS Listing,,Condo/Co-op,10 Gillette Way,Bristol,CT,06010,259900,3,2.5,Bristol,1568,,2018,80,166,265,Active,,,http://www.redfin.com/CT/Bristol/10-Gillette-WAY-06010/home/167066140,Smart MLS,170271951,N,Y,41.681349,-72.940193
MLS Listing,,Single Family Residential,311 Sunnydale Ave,Bristol,CT,06010,259900,3,1.5,Bristol,1450,16552,2001,81,179,,Active,,,http://www.redfin.com/CT/Bristol/311-Sunnydale-Ave-06010/home/54392965,Smart MLS,170272961,N,Y,41.6650107,-72.9233452
MLS Listing,,Single Family Residential,344 Westwood Rd,Bristol,CT,06010,411900,4,2.5,Chippens Hill,3075,49658,1997,83,134,,Active,,,http://www.redfin.com/CT/Bristol/344-Westwood-Rd-06010/home/54393011,Smart MLS,170272208,N,Y,41.7126133,-72.9639703
MLS Listing,,Single Family Residential,46 Peacedale St,Bristol,CT,06010,319900,4,2.5,Chippens Hill,1740,21780,2019,84,184,,Active,,,http://www.redfin.com/CT/Bristol/46-Peacedale-St-06010/home/109639364,Smart MLS,170272491,N,Y,41.7038511,-72.9497593
MLS Listing,,Single Family Residential,96 Oak Hill Dr,Bristol,CT,06010,300000,3,2.5,Bristol,2034,19427,1965,84,147,,Active,,,http://www.redfin.com/CT/Bristol/96-Oak-Hill-Dr-06010/home/54404579,Smart MLS,170272436,N,Y,41.7171327,-72.9309054
MLS Listing,,Condo/Co-op,8 Gillette Way,Bristol,CT,06010,259900,3,2.5,Bristol,1568,,2018,85,166,265,Active,,,http://www.redfin.com/CT/Bristol/8-Gillette-WAY-06010/home/167066133,Smart MLS,170271950,N,Y,41.681349,-72.940193
MLS Listing,,Single Family Residential,194 Oakridge Rd,Bristol,CT,06010,530000,6,4.0,Bristol,4904,230868,1979,85,108,,Active,,,http://www.redfin.com/CT/Bristol/194-Oakridge-Rd-06010/home/54395817,Smart MLS,170271904,N,Y,41.69827,-72.936419
MLS Listing,,Condo/Co-op,21 Gillette Way,Bristol,CT,06010,244900,4,3.0,Bristol,1854,,2019,86,132,265,Active,,,http://www.redfin.com/CT/Bristol/21-Gillette-WAY-06010/home/161649466,Smart MLS,170271506,N,Y,41.681349,-72.940193
MLS Listing,,Condo/Co-op,6 Gillette Way,Bristol,CT,06010,265000,3,2.5,Bristol,1568,,2018,86,169,265,Active,,,http://www.redfin.com/CT/Bristol/6-Gillette-WAY-06010/home/167066128,Smart MLS,170271505,N,Y,41.681349,-72.940193
MLS Listing,,Condo/Co-op,25 Gillette Way,Bristol,CT,06010,224900,3,2.5,Bristol,1568,,2019,86,143,265,Active,,,http://www.redfin.com/CT/Bristol/25-Gillette-WAY-06010/home/161649627,Smart MLS,170271508,N,Y,41.681349,-72.940193
MLS Listing,,Single Family Residential,31 4th St,Bristol,CT,06010,189900,3,2.5,East Bristol,1692,7405,1918,87,112,,Active,,,http://www.redfin.com/CT/Bristol/31-4th-St-06010/home/54393564,Smart MLS,170270267,N,Y,41.6734596,-72.9193183
MLS Listing,,Vacant Land,403 Tufts St,Bristol,CT,06010,54900,,,Bristol,,20037,,91,,,Active,,,http://www.redfin.com/CT/Bristol/403-Tufts-St-06010/home/166035245,Smart MLS,170270206,N,Y,41.693093,-72.934836
MLS Listing,,Single Family Residential,181 Nelson Farm Rd,Bristol,CT,06010,318900,3,2.5,Bristol,1996,26571,2001,91,160,,Active,,,http://www.redfin.com/CT/Bristol/181-Nelson-Farm-Rd-06010/home/54402098,Smart MLS,170265012,N,Y,41.7001543,-72.9417569
MLS Listing,,Multi-Family (5+ Unit),22 Curtiss St,Bristol,CT,06010,460000,6,6.0,Bristol,4844,5662,1910,92,95,,Active,,,http://www.redfin.com/CT/Bristol/22-Curtiss-St-06010/home/54393802,Smart MLS,170270107,N,Y,41.6868507,-72.9432422
MLS Listing,,Condo/Co-op,125 West St #8,Bristol,CT,06010,69900,1,1.0,Bristol,629,,1989,93,111,215,Active,,,http://www.redfin.com/CT/Bristol/125-West-St-06010/unit-8/home/54402672,Smart MLS,170269011,N,Y,41.670654,-72.9491369
MLS Listing,,Single Family Residential,56 Hotchkiss Dr,Bristol,CT,06010,299900,3,1.5,Bristol,1534,15245,1974,98,196,,Active,,,http://www.redfin.com/CT/Bristol/56-Hotchkiss-Dr-06010/home/54393597,Smart MLS,170264150,N,Y,41.6843413,-72.8946129
MLS Listing,,Single Family Residential,454 Clark Ave,Bristol,CT,06010,224900,3,1.5,Chippens Hill,2141,10454,2006,98,105,,Active,,,http://www.redfin.com/CT/Bristol/454-Clark-Ave-06010/home/54392384,Smart MLS,170268174,N,Y,41.6822627,-72.9841207
MLS Listing,,Single Family Residential,6 Diane Ln,Bristol,CT,06010,239500,3,2.0,Bristol,1686,19602,1983,100,142,,Active,,,http://www.redfin.com/CT/Bristol/6-Diane-Ln-06010/home/54400502,Smart MLS,170267524,N,Y,41.6613372,-72.8876032
MLS Listing,,Single Family Residential,84 Pine Meadow Dr,Bristol,CT,06010,329900,3,2.5,Pine Meadow,2186,25700,1994,101,151,,Active,,,http://www.redfin.com/CT/Bristol/84-Pine-Meadow-Dr-06010/home/54401753,Smart MLS,170266979,N,Y,41.7070871,-72.9482494
MLS Listing,,Multi-Family (2-4 Unit),268 Farmington Ave,Bristol,CT,06010,134900,4,2.0,Bristol,1342,7840,1825,101,101,,Active,,,http://www.redfin.com/CT/Bristol/268-Farmington-Ave-06010/home/54394282,Smart MLS,170267209,N,Y,41.6871681,-72.9347757
MLS Listing,,Condo/Co-op,482 Lake Ave #4,Bristol,CT,06010,119900,2,1.5,Lake Compounce,1188,,1987,102,101,270,Active,,,http://www.redfin.com/CT/Bristol/482-Lake-Ave-06010/unit-4/home/54402064,Smart MLS,170266901,N,Y,41.6526204,-72.9232578
MLS Listing,,Multi-Family (2-4 Unit),146 Laurel Sts,Bristol,CT,06010,199900,6,2.5,n/a,2640,7840,1936,104,76,,Active,,,http://www.redfin.com/CT/Bristol/146-Laurel-St-06010/home/144533167,Smart MLS,170263857,N,Y,41.6730477,-72.9483866
MLS Listing,,Multi-Family (2-4 Unit),29 Stearns Sts,Bristol,CT,06010,189900,4,2.0,n/a,2472,7840,1900,107,77,,Active,,,http://www.redfin.com/CT/Bristol/29-Stearns-St-06010/home/54399914,Smart MLS,170265797,N,Y,41.6790819,-72.9398389
MLS Listing,,Single Family Residential,114 Cronin St,Bristol,CT,06010,293000,4,2.0,Forestville,2330,20037,1977,110,126,,Active,,,http://www.redfin.com/CT/Bristol/114-Cronin-St-06010/home/54397568,Smart MLS,170264956,N,Y,41.6634049,-72.897584
MLS Listing,,Single Family Residential,399 Ivy Dr,Bristol,CT,06010,289900,3,2.5,Bristol,2241,19602,1983,113,129,,Active,,,http://www.redfin.com/CT/Bristol/399-Ivy-Dr-06010/home/54427026,Smart MLS,170264347,N,Y,41.7070424,-72.8949998
MLS Listing,,Vacant Land,77 Pilgrim Rd,Bristol,CT,06010,45000,,,Bristol,,19602,,114,,,Active,,,http://www.redfin.com/CT/Bristol/77-Pilgrim-Rd-06010/home/170305296,Smart MLS,170263976,N,Y,41.6963271,-72.9416296
MLS Listing,,Single Family Residential,320 Washington St,Bristol,CT,06010,253000,4,2.0,Forestville,1621,33541,1895,117,156,,Active,,,http://www.redfin.com/CT/Bristol/320-Washington-St-06010/home/54408965,Smart MLS,170262462,N,Y,41.6775526,-72.8945617
MLS Listing,,Vacant Land,16-4 Mechanic St,Bristol,CT,06010,65000,,,Forestville,,21344,,125,,,Active,,,http://www.redfin.com/CT/Bristol/16-Mechanic-St-06010/home/168353889,Smart MLS,170260940,N,Y,41.6756665,-72.9107191
MLS Listing,,Multi-Family (2-4 Unit),114 Greene St,Bristol,CT,06010,139900,6,2.0,n/a,1716,4356,1920,129,82,,Active,,,http://www.redfin.com/CT/Bristol/114-Greene-St-06010/home/54394202,Smart MLS,170259695,N,Y,41.6690935,-72.9534894
MLS Listing,,Single Family Residential,60 Prospect Pl,Bristol,CT,06010,189900,4,1.5,federal hill,1742,12632,1920,145,109,,Active,,,http://www.redfin.com/CT/Bristol/60-Prospect-Pl-06010/home/54409693,Smart MLS,170258152,N,Y,41.6784101,-72.9432109
MLS Listing,,Multi-Family (5+ Unit),27 Summer St,Bristol,CT,06010,289900,8,5.0,Bristol,3240,5227,1900,157,89,,Active,,,http://www.redfin.com/CT/Bristol/27-Summer-St-06010/home/54398520,Smart MLS,170255969,N,Y,41.6738153,-72.9436971
MLS Listing,,Vacant Land,0 Hart St,Bristol,CT,06010,549000,,,Bristol,,1415700,,158,,,Active,,,http://www.redfin.com/CT/BRISTOL/HART-ST-06010/home/109639327,Smart MLS,170255530,N,Y,41.709845,-72.955569
MLS Listing,,Single Family Residential,15 Kory Ln,Bristol,CT,06010,895000,2,2.5,Cedar Lake,3349,16552,1989,159,267,,Active,,,http://www.redfin.com/CT/Bristol/15-Kory-Ln-06010/home/54411204,Smart MLS,170255522,N,Y,41.6493102,-72.9713767
MLS Listing,,Single Family Residential,109 Garfield Rd,Bristol,CT,06010,141000,2,1.0,Bristol,1159,6969,1943,169,122,,Active,,,http://www.redfin.com/CT/Bristol/109-Garfield-Rd-06010/home/54398108,Smart MLS,170253330,N,Y,41.6847391,-72.9171522
MLS Listing,,Vacant Land,20 Cedar St,Bristol,CT,06010,15900,,,Bristol,,6969,,170,,,Active,,,http://www.redfin.com/CT/Bristol/20-Cedar-St-06010/home/144530127,Smart MLS,170252828,N,Y,41.6851044,-72.9359249
MLS Listing,,Single Family Residential,8 Sonstrom Rd,Bristol,CT,06010,209999,3,1.5,East Bristol,1816,13939,1961,170,116,,Active,,,http://www.redfin.com/CT/Bristol/8-Sonstrom-Rd-06010/home/54409188,Smart MLS,170253596,N,Y,41.707347,-72.9112962
MLS Listing,,Single Family Residential,5 Oakland St,Bristol,CT,06010,425000,5,3.5,Bristol,4759,11325,1910,171,89,,Active,,,http://www.redfin.com/CT/Bristol/5-Oakland-St-06010/home/54405093,Smart MLS,170253487,N,Y,41.6788107,-72.9358652
MLS Listing,,Single Family Residential,35 Willis St,Bristol,CT,06010,188500,2,2.0,Bristol,1235,21780,1985,172,153,,Active,,,http://www.redfin.com/CT/Bristol/35-Willis-St-06010/home/54408777,Smart MLS,170253252,N,Y,41.6666785,-72.9387455
MLS Listing,,Vacant Land,138a James P. Casey,Bristol,CT,06010,49900,,,Bristol,,35283,,174,,,Active,,,http://www.redfin.com/CT/Bristol/138-James-P-Casey-Rd-06010/home/147039722,Smart MLS,170253053,N,Y,41.6974564,-72.9646344
MLS Listing,,Single Family Residential,110 Inwood Ln,Bristol,CT,06010,189900,3,2.5,Bristol,1800,15245,1986,176,106,,Active,,,http://www.redfin.com/CT/Bristol/110-Inwood-Ln-06010/home/54405453,Smart MLS,170251228,N,Y,41.7129413,-72.9010153
MLS Listing,,Condo/Co-op,19 Brookview Cir #13,Bristol,CT,06010,239900,3,2.0,Bristol,1550,,2019,177,155,265,Active,,,http://www.redfin.com/CT/Bristol/19-Brookview-Cir-06010/unit-13/home/148128612,Smart MLS,170252171,N,Y,41.6784596,-72.9375676
MLS Listing,,Single Family Residential,161 Gridley St,Bristol,CT,06010,99900,2,1.5,Bristol,1246,2613,1900,186,80,,Active,,,http://www.redfin.com/CT/Bristol/161-Gridley-St-06010/home/54399520,Smart MLS,170250018,N,Y,41.6669245,-72.9541536
MLS Listing,,Single Family Residential,16 Field St,Bristol,CT,06010,162500,3,1.0,Bristol,1240,6534,1875,193,131,,Active,,,http://www.redfin.com/CT/Bristol/16-Field-St-06010/home/54405504,Smart MLS,170248308,N,Y,41.6692699,-72.959367
MLS Listing,,Vacant Land,530 Fern Hill Rd,Bristol,CT,06010,44900,,,Nelson Farm,,39639,,196,,,Active,,,http://www.redfin.com/CT/Bristol/530-Fern-Hill-Rd-06010/home/144519563,Smart MLS,170247628,N,Y,41.701269,-72.9367955
MLS Listing,,Single Family Residential,191 Bird Rd,Bristol,CT,06010,224900,3,1.0,Chippens Hill,1634,26136,1900,197,138,,Active,,,http://www.redfin.com/CT/Bristol/191-Bird-Rd-06010/home/54399702,Smart MLS,170247212,N,Y,41.6759566,-72.9667485
MLS Listing,,Vacant Land,138 W Washington St,Bristol,CT,06010,29500,,,Bristol,,13068,,198,,,Active,,,http://www.redfin.com/CT/Bristol/138-W-Washington-St-06010/home/169526257,Smart MLS,170246834,N,Y,41.6785829,-72.9101516
MLS Listing,,Single Family Residential,7 Larkspur Ln,Burlington,CT,06013,340000,4,2.5,Burlington,2275,40510,1994,199,149,,Active,,,http://www.redfin.com/CT/Burlington/7-Lark-Spur-Dr-06013/home/53764536,Smart MLS,170246151,N,Y,41.7167089,-72.9596961
MLS Listing,,Single Family Residential,640 Fern Hill Rd,Bristol,CT,06010,330000,3,3.0,Bristol,2416,25700,2003,203,137,,Active,,,http://www.redfin.com/CT/Bristol/640-Fern-Hill-Rd-06010/home/54402125,Smart MLS,170245821,N,Y,41.700871,-72.940775
MLS Listing,,Condo/Co-op,1325 Farmington Ave #21,Bristol,CT,06010,220000,2,2.5,Bristol,1572,,2006,210,140,300,Active,,,http://www.redfin.com/CT/Bristol/1325-Farmington-Ave-06010/unit-21/home/54392107,Smart MLS,170243680,N,Y,41.6987375,-72.8981852
MLS Listing,,Vacant Land,324 Matthews St,Bristol,CT,06010,75000,,,Chippens Hill,,21780,,224,,,Active,,,http://www.redfin.com/CT/Bristol/324-Matthews-St-06010/home/54410131,Smart MLS,170239484,N,Y,41.6855101,-72.9646263
MLS Listing,,Single Family Residential,,Bristol,CT,06010,309900,3,3.0,,2408,23086,2009,226,129,,Active,,,http://www.redfin.com/CT/Bristol/Undisclosed-address-06010/home/54392561,Smart MLS,170237958,N,Y,41.6952598,-72.9461118
MLS Listing,,Vacant Land,Parcel 2A Matthews St,Bristol,CT,06010,119900,,,Chippens Hill,,119790,,227,,,Active,,,http://www.redfin.com/CT/Bristol/2-Matthews-St-06010/home/146510740,Smart MLS,170238334,N,Y,41.6811031,-72.9573434
MLS Listing,,Single Family Residential,195 Melinda Ln,Bristol,CT,06010,317000,5,3.5,N/A,2718,25264,1985,229,117,,Active,,,http://www.redfin.com/CT/Bristol/195-Melinda-Ln-06010/home/54405489,Smart MLS,170235566,N,Y,41.6565138,-72.9539735
MLS Listing,,Single Family Residential,141 Wolcott St,Bristol,CT,06010,129900,3,2.5,Cedar Lake,1667,10018,1940,253,78,,Active,,,http://www.redfin.com/CT/Bristol/141-Wolcott-St-06010/home/54408505,Smart MLS,170230416,N,Y,41.6635319,-72.9481097
MLS Listing,,Single Family Residential,40 Seymour St,Bristol,CT,06010,124900,2,1.0,East Bristol,1300,6969,1875,271,96,,Active,,,http://www.redfin.com/CT/Bristol/40-Seymour-St-06010/home/54393157,Smart MLS,170225083,N,Y,41.6671862,-72.9341437
MLS Listing,,Multi-Family (2-4 Unit),20 Edgewood St,Bristol,CT,06010,249000,4,2.0,Bristol,1403,9147,1946,276,177,,Active,,,http://www.redfin.com/CT/Bristol/20-Edgewood-St-06010/home/54396627,Smart MLS,170223748,N,Y,41.6680463,-72.955307
MLS Listing,,Single Family Residential,111 Kenney St,Bristol,CT,06010,185000,3,2.0,Forestville,1404,15681,1910,294,132,,Active,,,http://www.redfin.com/CT/Bristol/111-Kenney-St-06010/home/54394677,Smart MLS,170217977,N,Y,41.6705684,-72.9018553
MLS Listing,,Single Family Residential,144 Wilderness Way,Bristol,CT,06010,269900,3,1.5,Bristol,1973,27007,1996,303,137,,Active,,,http://www.redfin.com/CT/Bristol/144-Wilderness-Way-06010/home/54411413,Smart MLS,170192599,N,Y,41.7024333,-72.9350691
MLS Listing,,Vacant Land,23 Fox Hollow Ln,Bristol,CT,06010,155000,,,Forestville,,36590,,324,,,Active,,,http://www.redfin.com/CT/Bristol/23-Fox-Hollow-Ln-06010/home/146072555,Smart MLS,170208339,N,Y,41.7080147,-72.9565186
MLS Listing,,Single Family Residential,446 Stafford Ave,Bristol,CT,06010,194900,5,1.5,Bristol,2000,47916,1929,329,97,,Active,,,http://www.redfin.com/CT/Bristol/446-Stafford-Ave-06010/home/54398643,Smart MLS,170206841,N,Y,41.6944411,-72.9006122
MLS Listing,,Single Family Residential,60 Bird Rd,Bristol,CT,06010,379900,4,2.5,Bristol,2646,24829,2007,345,144,,Active,,,http://www.redfin.com/CT/Bristol/60-Bird-Rd-06010/home/54392373,Smart MLS,170199607,N,Y,41.679096,-72.9683455
MLS Listing,,Condo/Co-op,489 Wolcott St #23,Bristol,CT,06010,124500,2,1.5,Bristol,1180,,1987,366,106,298,Active,,,http://www.redfin.com/CT/Bristol/489-Wolcott-St-06010/unit-23/home/54405781,Smart MLS,170192866,N,Y,41.6600243,-72.9592872
MLS Listing,,Vacant Land,300/301 Medford St,Bristol,CT,06010,29900,,,Bristol,,22651,,484,,,Active,,,http://www.redfin.com/CT/Bristol/300-Medford-St-06010/home/148695729,Smart MLS,170153930,N,Y,41.6939278,-72.9348359
MLS Listing,,Multi-Family (2-4 Unit),15 Circle St,Bristol,CT,06010,170000,2,2.0,Forestville,2909,17859,1920,498,58,,Active,,,http://www.redfin.com/CT/Bristol/15-Circle-St-06010/home/54399200,Smart MLS,170151528,N,Y,41.6750493,-72.8978263
MLS Listing,,Vacant Land,206 South St,Bristol,CT,06010,35900,,,Bristol,,19602,,709,,,Active,,,http://www.redfin.com/CT/Bristol/206-South-St-06010/home/54410260,Smart MLS,170089801,N,Y,41.6673612,-72.9404236
MLS Listing,,Vacant Land,40 Central St,Bristol,CT,06010,39900,,,Bristol,,27007,,709,,,Active,,,http://www.redfin.com/CT/Bristol/40-Central-St-06010/home/54397213,Smart MLS,170089754,N,Y,41.670134,-72.897409
MLS Listing,,Vacant Land,1080 Burlington Ave,Bristol,CT,06010,49900,,,Bristol,,54885,,810,,,Active,,,http://www.redfin.com/CT/Bristol/1080-Burlington-Ave-06010/home/144894940,Smart MLS,170051280,N,Y,41.711013,-72.9448076
MLS Listing,,Vacant Land,622 Village St,Bristol,CT,06010,155000,,,Bristol,,25700,,870,,,Active,,,http://www.redfin.com/CT/Bristol/622-Village-St-06010/home/109637284,Smart MLS,P10081159,N,Y,41.6597034,-72.947126
MLS Listing,,Vacant Land,"lot # 44,44-1,44-2,45 Wolcott St & Old Wolcott Rd",Bristol,CT,06010,225000,,,Bristol,,,,870,,,Active,,,http://www.redfin.com/CT/Bristol/lot-44-44-1-44-2-45-06010/home/144527178,Smart MLS,P10225103,N,Y,41.65878,-72.962422
For-Sale-by-Owner Listing,,Single Family Residential,54 Lakewood Cir,Bristol,CT,06010,1100000,4,2.5,Bristol,2869,39639,1994,51,383,,Active,,,http://www.redfin.com/CT/Bristol/54-Lakewood-Cir-06010/home/54406081,Fizber.com,5051536,N,Y,41.6483367,-72.971244
For-Sale-by-Owner Listing,,Single Family Residential,839 Burlington Ave,Bristol,CT,06010,320000,4,2.0,Bristol,2640,17,1825,226,121,,Active,,,http://www.redfin.com/CT/Bristol/839-Burlington-Ave-06010/home/54408953,Fizber.com,5033053,N,Y,41.7047858,-72.9478099
