SALE TYPE,SOLD DATE,PROPERTY TYPE,ADDRESS,CITY,STATE OR PROVINCE,ZIP OR POSTAL CODE,PRICE,BEDS,BATHS,LOCATION,SQUARE FEET,LOT SIZE,YEAR BUILT,DAYS ON MARKET,$/SQUARE FEET,HOA/MONTH,STATUS,NEXT OPEN HOUSE START TIME,NEXT OPEN HOUSE END TIME,URL (SEE http://www.redfin.com/buy-a-home/comparative-market-analysis FOR INFO ON PRICING),SOURCE,MLS#,FAVORITE,INTERESTED,LATITUDE,LONGITUDE
MLS Listing,,Single Family Residential,235 Moss Farms Rd,Cheshire,CT,06410,479900,4,3.5,Cheshire,3864,165963,2002,1,124,,Active,,,http://www.redfin.com/CT/Cheshire/235-Moss-Farms-Rd-06410/home/53754420,Smart MLS,170293388,N,Y,41.5192418,-72.9278084
MLS Listing,,Condo/Co-op,295 Richmond Glen Dr,Cheshire,CT,06410,465000,2,2.0,Cheshire,2020,,2016,2,230,371,Active,,,http://www.redfin.com/CT/Cheshire/Richmond-Glen-Dr-06410/home/143046828,Smart MLS,170292703,N,Y,41.508071,-72.88095
MLS Listing,,Single Family Residential,25 Inverness Ct,Cheshire,CT,06410,519900,4,3.5,Cheshire,3896,138956,1987,2,133,,Active,,,http://www.redfin.com/CT/Cheshire/25-Inverness-Ct-06410/home/53757133,Smart MLS,170292855,N,Y,41.4745217,-72.9427577
MLS Listing,,Single Family Residential,Lot #2 Monarch Pl,Cheshire,CT,06410,699900,4,2.5,Monarch Estates,2800,78408,2020,2,250,,Active,,,http://www.redfin.com/CT/Cheshire/Lot-2-Monarch-PL-06410/home/171552215,Smart MLS,170292567,N,Y,41.480691,-72.882036
MLS Listing,,Single Family Residential,75 Aspen Dr,Cheshire,CT,06410,279900,3,2.0,Cheshire,1230,10018,1986,3,228,,Active,,,http://www.redfin.com/CT/Cheshire/75-Aspen-Dr-06410/home/53749076,Smart MLS,170292601,N,Y,41.5610482,-72.8811551
MLS Listing,,Condo/Co-op,90 River Crest Dr #90,Southington,CT,06479,329900,3,2.5,Plantsville,1830,,2006,3,180,264,Active,,,http://www.redfin.com/CT/Plantsville/90-Rivercrest-Dr-06479/unit-000090/home/53715930,Smart MLS,170292402,N,Y,41.562158,-72.8990741
MLS Listing,,Single Family Residential,740 Reservoir Rd,Cheshire,CT,06410,949900,4,5.0,Cheshire,5969,89733,1999,3,159,,Active,,,http://www.redfin.com/CT/Cheshire/740-Reservoir-Rd-06410/home/53755967,Smart MLS,170292276,N,Y,41.5095895,-72.868325
MLS Listing,,Condo/Co-op,482 Oak Ave #57,Cheshire,CT,06410,114900,2,1.0,Cheshire,900,,1966,4,128,396,Active,,,http://www.redfin.com/CT/Cheshire/482-Oak-Ave-06410/unit-57/home/53750770,Smart MLS,170292413,N,Y,41.4946215,-72.9198689
MLS Listing,,Single Family Residential,40 Nob Hill Rd,Cheshire,CT,06410,409900,4,2.5,Cheshire,2260,43995,1970,4,181,,Active,,,http://www.redfin.com/CT/Cheshire/40-Nob-Hill-Rd-06410/home/53749558,Smart MLS,170292069,N,Y,41.5275368,-72.8833472
MLS Listing,,Single Family Residential,95 Jinny Hill Rd,Cheshire,CT,06410,799000,5,5.0,Cook Hill,5302,71002,2006,7,151,,Active,,,http://www.redfin.com/CT/Cheshire/95-Jinny-Hill-Rd-06410/home/53748525,Smart MLS,170291768,N,Y,41.480251,-72.9012527
MLS Listing,,Single Family Residential,280 Wiese Rd,Cheshire,CT,06410,324900,1,1.5,Cheshire,1690,62726,1988,8,192,,Active,,,http://www.redfin.com/CT/Cheshire/280-Wiese-Rd-06410/home/53750882,Smart MLS,170291176,N,Y,41.5068186,-72.884824
MLS Listing,,Single Family Residential,1420 S Main St,Cheshire,CT,06410,339000,3,2.5,Cook Hill,2040,20037,1993,8,166,,Active,,,http://www.redfin.com/CT/Cheshire/1420-S-Main-St-06410/home/53751813,Smart MLS,170290584,N,Y,41.4662213,-72.9064902
MLS Listing,,Single Family Residential,35 Watch Hill Rd,Cheshire,CT,06410,439900,4,2.5,Cheshire,2602,40075,1970,15,169,,Active,,,http://www.redfin.com/CT/Cheshire/35-Watch-Hill-Rd-06410/home/53751425,Smart MLS,170289766,N,Y,41.4878385,-72.9219946
MLS Listing,,Single Family Residential,334 N Brooksvale Rd,Cheshire,CT,06410,399000,3,3.0,Cheshire,2600,19602,1967,18,153,,Active,,,http://www.redfin.com/CT/Cheshire/334-N-Brooksvale-Rd-06410/home/53751669,Smart MLS,170289341,N,Y,41.4776492,-72.9149347
MLS Listing,,Single Family Residential,107 Aspen Dr,Cheshire,CT,06410,369900,4,2.0,Cheshire,2288,27878,1996,20,162,,Active,,,http://www.redfin.com/CT/Cheshire/107-Aspen-Dr-06410/home/53753827,Smart MLS,170287893,N,Y,41.5608126,-72.8803381
MLS Listing,,Single Family Residential,15 Burnt Hollow Ct,Cheshire,CT,06410,349900,4,2.5,Cheshire,2042,19602,1973,20,171,,Active,,,http://www.redfin.com/CT/Cheshire/15-Burnt-Hollow-Ct-06410/home/53750323,Smart MLS,170288777,N,Y,41.5115039,-72.8949998
MLS Listing,,Single Family Residential,904 Summit Rd,Cheshire,CT,06410,325000,4,3.0,Summit,1929,166399,1850,22,168,,Active,,,http://www.redfin.com/CT/Cheshire/904-Summit-Rd-06410/home/53749424,Smart MLS,170287507,N,Y,41.5270087,-72.9586288
MLS Listing,,Single Family Residential,680 Moss Farms Rd,Cheshire,CT,06410,399900,5,4.0,Cheshire,2986,60112,1887,23,134,,Active,,,http://www.redfin.com/CT/Cheshire/680-Moss-Farms-Rd-06410/home/53752389,Smart MLS,170271566,N,Y,41.5265626,-72.9223176
MLS Listing,,Single Family Residential,8 Sierra Ct,Cheshire,CT,06410,615000,4,2.5,West Cheshire,2548,48787,2020,32,241,,Active,,,http://www.redfin.com/CT/Cheshire/8-Sierra-CT-06410/home/171281327,Smart MLS,170286642,N,Y,41.552095,-72.9261
MLS Listing,,Single Family Residential,Lot 1 Cornwall Ave,Cheshire,CT,06410,539900,4,2.5,Cheshire,2572,118701,2020,32,210,,Active,,,http://www.redfin.com/CT/Cheshire/Lot-1-Cornwall-AVE-06410/home/171277323,Smart MLS,170281333,N,Y,41.496225,-72.903012
MLS Listing,,Single Family Residential,14 Sierra (Lot 14) Ct,Cheshire,CT,06410,579900,4,2.5,West Cheshire,2671,43995,2021,40,217,0,Active,,,http://www.redfin.com/CT/Cheshire/14-Sierra-Lot-14-CT-06410/home/171223497,Smart MLS,170285133,N,Y,41.55234,-72.925954
MLS Listing,,Condo/Co-op,15 Deanarose Pl #15,Cheshire,CT,06410,329900,3,2.5,Cheshire,1924,,2003,41,171,335,Active,,,http://www.redfin.com/CT/Cheshire/15-Deanarose-Pl-06410/unit-15/home/171221832,Smart MLS,170284864,N,Y,41.4732148,-72.9064791
MLS Listing,,Single Family Residential,5 Sierra (Lot 5) Ct,Cheshire,CT,06410,589900,4,2.5,West Cheshire,2681,46173,2020,52,220,0,Active,,,http://www.redfin.com/CT/Cheshire/5-Sierra-Lot-5-CT-06410/home/171144236,Smart MLS,170282475,N,Y,41.551544,-72.925766
MLS Listing,,Single Family Residential,649 Wallingford Rd,Cheshire,CT,06410,389900,3,2.5,Cheshire,1757,137214,1972,52,222,,Active,,,http://www.redfin.com/CT/Cheshire/649-Wallingford-Rd-06410/home/53753420,Smart MLS,170282359,N,Y,41.4900639,-72.8801284
MLS Listing,,Single Family Residential,7 Sierra (Lot 7) Ct,Cheshire,CT,06410,699900,5,2.5,West Cheshire,3035,80150,2020,55,231,,Active,,,http://www.redfin.com/CT/Cheshire/7-Sierra-Lot-7-CT-06410/home/171120155,Smart MLS,170281656,N,Y,41.551233,-72.927815
MLS Listing,,Condo/Co-op,174 Elizabeth Dr,Cheshire,CT,06410,549900,3,3.0,Cheshire Heights,3377,,2013,56,163,285,Active,,,http://www.redfin.com/CT/Cheshire/Unknown-06410/home/109848684,Smart MLS,170281504,N,Y,41.55722,-72.879013
MLS Listing,,Single Family Residential,15 Sierra (Lot 15) Ct,Cheshire,CT,06410,569900,4,2.5,West Cheshire,2669,43560,2020,56,214,,Active,,,http://www.redfin.com/CT/Cheshire/15-Sierra-Lot-15-CT-06410/home/171115040,Smart MLS,170281485,N,Y,41.552037,-72.92556
MLS Listing,,Single Family Residential,45 Baxter Ct,Cheshire,CT,06410,769900,4,2.5,Cheshire,3272,139392,2020,56,235,,Active,,,http://www.redfin.com/CT/Cheshire/45-Baxter-Ct-06410/home/53748805,Smart MLS,170281418,N,Y,41.504908,-72.890203
MLS Listing,,Single Family Residential,862 Mountain Rd,Cheshire,CT,06410,464900,4,2.5,Cheshire,2998,41817,1988,57,155,,Active,,,http://www.redfin.com/CT/Cheshire/862-Mountain-Rd-06410/home/53751349,Smart MLS,170276414,N,Y,41.4828367,-72.929285
MLS Listing,,Condo/Co-op,43 Woodridge Dr #43,Cheshire,CT,06410,138900,2,1.5,Cheshire,1100,,1969,57,126,320,Active,,,http://www.redfin.com/CT/Cheshire/43-Woodridge-Dr-06410/unit-43/home/171082121,Smart MLS,170280864,N,Y,41.5181479,-72.9329044
MLS Listing,,Condo/Co-op,126 Southwick Ct #126,Cheshire,CT,06410,219900,2,2.0,Cheshire,1015,,2005,57,217,333,Active,,,http://www.redfin.com/CT/Cheshire/126-Southwick-Ct-06410/unit-126/home/53748679,Smart MLS,170281072,N,Y,41.4710722,-72.9042603
MLS Listing,,Single Family Residential,15 Farmers Ct,Cheshire,CT,06410,989900,5,3.5,Cook Hill,4261,100187,2020,57,232,,Active,,,http://www.redfin.com/CT/Cheshire/15-Farmers-Ct-06410/home/109848676,Smart MLS,170281039,N,Y,41.4687819,-72.884491
MLS Listing,,Single Family Residential,1315 Deer Run Cir,Cheshire,CT,06410,339900,4,3.0,Cheshire,3410,39639,1969,57,100,,Active,,,http://www.redfin.com/CT/Cheshire/1315-Deer-Run-Cir-06410/home/53749276,Smart MLS,170280962,N,Y,41.534741,-72.875017
MLS Listing,,Condo/Co-op,345 E Mitchell Ave #345,Cheshire,CT,06410,94900,1,1.0,Cheshire,821,,1981,58,116,406,Active,,,http://www.redfin.com/CT/Cheshire/345-E-Mitchell-Ave-06410/unit-345/home/171054858,Smart MLS,170280662,N,Y,41.5053367,-72.8986938
MLS Listing,,Single Family Residential,168 Pleasant Dr,Cheshire,CT,06410,384900,4,3.0,Cheshire,2212,23958,1963,60,174,,Active,,,http://www.redfin.com/CT/Cheshire/168-Pleasant-Dr-06410/home/53755633,Smart MLS,170275324,N,Y,41.515685,-72.8921271
MLS Listing,,Condo/Co-op,371 E Mitchell Ave #371,Cheshire,CT,06410,87000,1,1.0,Cheshire,597,,1981,63,146,295,Active,,,http://www.redfin.com/CT/Cheshire/371-E-Mitchell-Ave-06410/unit-371/home/171032078,Smart MLS,170278035,N,Y,41.5053226,-72.8984621
MLS Listing,,Vacant Land,Lot 2 Mount Sanford Rd,Cheshire,CT,06410,224900,,,Strand Farm Estates,,86684,,63,,,Active,,,http://www.redfin.com/CT/Cheshire/2-Mount-Sanford-Rd-06410/home/171027822,Smart MLS,170278217,N,Y,41.4569625,-72.9082957
MLS Listing,,Single Family Residential,39 Wadsworth Ln #39,Wallingford,CT,06492,439900,2,2.5,Wallingford,2591,,2007,64,170,320,Active,,,http://www.redfin.com/CT/Wallingford/39-Wadsworth-LN-06492/unit-39/home/167018884,Smart MLS,170277363,N,Y,41.473442,-72.868798
MLS Listing,,Single Family Residential,5 Sherwood Ln,Cheshire,CT,06410,850000,4,3.0,Cheshire,4618,81021,2001,64,184,,Active,,,http://www.redfin.com/CT/Cheshire/5-Sherwood-Ln-06410/home/53754188,Smart MLS,170278087,N,Y,41.472872,-72.935374
MLS Listing,,Single Family Residential,1025 Notch Rd,Cheshire,CT,06410,269900,3,2.0,Mixville,2417,20037,1969,68,112,,Active,,,http://www.redfin.com/CT/Cheshire/1025-Notch-Rd-06410/home/53755451,Smart MLS,170276993,N,Y,41.514343,-72.9305403
MLS Listing,,Single Family Residential,30 Baxter Ct,Cheshire,CT,06410,789900,5,3.5,Cheshire,3564,44431,2014,68,222,,Active,,,http://www.redfin.com/CT/Cheshire/30-Baxter-Ct-06410/home/53748791,Smart MLS,170274339,N,Y,41.5065984,-72.887163
MLS Listing,,Single Family Residential,2 Mountaincrest Dr,Cheshire,CT,06410,825000,4,4.5,Cheshire,4618,84506,1993,71,179,,Active,,,http://www.redfin.com/CT/Cheshire/2-Mountaincrest-Dr-06410/home/53757475,Smart MLS,170258172,N,Y,41.4704283,-72.9395337
MLS Listing,,Single Family Residential,600 Coleman Rd,Cheshire,CT,06410,415000,4,2.5,Cheshire,3253,135471,1995,72,128,,Active,,,http://www.redfin.com/CT/Cheshire/600-Coleman-Rd-06410/home/53751285,Smart MLS,170275411,N,Y,41.4864499,-72.8842933
MLS Listing,,Vacant Land,212 Jinny Hill Rd,Cheshire,CT,06410,199000,,,Cheshire,,202554,,73,,,Active,,,http://www.redfin.com/CT/Cheshire/212-Jinny-Hill-Rd-06410/home/53757221,Smart MLS,170274885,N,Y,41.4816912,-72.8973187
MLS Listing,,Single Family Residential,1400 Cheshire St,Cheshire,CT,06410,294900,3,2.0,Cheshire,1849,67953,1945,74,159,,Active,,,http://www.redfin.com/CT/Cheshire/1400-Cheshire-St-06410/home/53754834,Smart MLS,170274746,N,Y,41.5360126,-72.8665943
MLS Listing,,Single Family Residential,365 Maple Ave,Cheshire,CT,06410,399900,4,2.5,Cheshire,3167,26571,1925,74,126,,Active,,,http://www.redfin.com/CT/Cheshire/365-Maple-Ave-06410/home/53752793,Smart MLS,170274850,N,Y,41.5086455,-72.9031216
MLS Listing,,Single Family Residential,262 Elmwood Cir,Cheshire,CT,06410,289000,5,2.0,Cheshire,2221,73180,1953,76,130,,Active,,,http://www.redfin.com/CT/Cheshire/262-Elmwood-Cir-06410/home/53753346,Smart MLS,170274515,N,Y,41.4890047,-72.914704
MLS Listing,,Condo/Co-op,65 Southwick Ct #65,Cheshire,CT,06410,239000,2,2.5,Cheshire,1450,,1998,76,165,476,Active,,,http://www.redfin.com/CT/Cheshire/65-Southwick-Ct-06410/unit-65/home/170635014,Smart MLS,170273892,N,Y,41.4710332,-72.9052818
MLS Listing,,Single Family Residential,1783 Tuttle Ave,Cheshire,CT,06410,529900,3,2.5,Cheshire,2716,88862,1987,78,195,,Active,,,http://www.redfin.com/CT/Cheshire/1783-Tuttle-Ave-06410/home/53753936,Smart MLS,170273234,N,Y,41.4541853,-72.8818935
MLS Listing,,Single Family Residential,13 Worden Cir,Cheshire,CT,06410,499900,4,2.5,N/A,3187,44431,1987,92,157,,Active,,,http://www.redfin.com/CT/Cheshire/13-Worden-Cir-06410/home/53752667,Smart MLS,170266502,N,Y,41.531056,-72.8675404
MLS Listing,,Condo/Co-op,112 Southwick Ct Unit 4-6,Cheshire,CT,06410,209900,2,2.0,Cheshire,1037,,2005,94,202,340,Active,,,http://www.redfin.com/CT/Cheshire/112-Southwick-Ct-06410/unit-4-6/home/170494883,Smart MLS,170258328,N,Y,41.4710622,-72.9044946
MLS Listing,,Single Family Residential,8 E Ridge Ct,Cheshire,CT,06410,465900,4,3.5,Cheshire,4265,85377,1985,101,109,,Active,,,http://www.redfin.com/CT/Cheshire/8-E-Ridge-Ct-06410/home/53754080,Smart MLS,170263211,N,Y,41.5443747,-72.865602
MLS Listing,,Single Family Residential,Lot 1 Copper Valley Ct,Cheshire,CT,06410,599999,4,2.5,Copper Valley,2880,51836,2020,105,208,,Active,,,http://www.redfin.com/CT/Cheshire/1-Copper-Valley-Ct-06410/home/170433122,Smart MLS,170266144,N,Y,41.5314505,-72.8801432
MLS Listing,,Single Family Residential,lot 2 Copper Valley Ct,Cheshire,CT,06410,629900,4,2.5,Copper Valley,3000,55321,2020,105,210,,Active,,,http://www.redfin.com/CT/Cheshire/2-Copper-Valley-Ct-06410/home/170433091,Smart MLS,170266151,N,Y,41.5314505,-72.8801432
MLS Listing,,Single Family Residential,1506 Marion Rd,Cheshire,CT,06410,519900,5,4.0,Pine Grove,2800,199504,2002,105,186,,Active,,,http://www.redfin.com/CT/Cheshire/1506-Marion-Rd-06410/home/53754328,Smart MLS,170265132,N,Y,41.5459025,-72.9247631
MLS Listing,,Single Family Residential,392 Jinny Hill Rd,Cheshire,CT,06410,499900,3,4.0,Cheshire,3371,85377,1956,109,148,,Active,,,http://www.redfin.com/CT/Cheshire/392-Jinny-Hill-Rd-06410/home/53753498,Smart MLS,170264046,N,Y,41.477684,-72.891031
MLS Listing,,Condo/Co-op,462 Castle GLNN,Cheshire,CT,06410,399900,3,2.5,Cheshire,3290,,1989,119,122,490,Active,,,http://www.redfin.com/CT/Cheshire/462-Castle-Glenn-06410/home/53756021,Smart MLS,170262382,N,Y,41.5083702,-72.8984091
MLS Listing,,Single Family Residential,167 Spring St,Cheshire,CT,06410,359900,4,4.0,Cheshire,3247,32670,1840,127,111,,Active,,,http://www.redfin.com/CT/Cheshire/167-Spring-St-06410/home/53753734,Smart MLS,170260317,N,Y,41.5004497,-72.9051866
MLS Listing,,Single Family Residential,261 Preston Ter,Cheshire,CT,06410,595000,4,4.0,Cheshire,4467,66211,1937,143,133,,Active,,,http://www.redfin.com/CT/Cheshire/261-Preston-Ter-06410/home/53753953,Smart MLS,170258343,N,Y,41.4955553,-72.9078746
MLS Listing,,Single Family Residential,1710 Musso View Ave,Cheshire,CT,06410,239900,3,2.0,Cheshire,1584,17424,1955,146,151,,Active,,,http://www.redfin.com/CT/Cheshire/1710-Musso-View-Ave-06410/home/53756458,Smart MLS,170258140,N,Y,41.5521298,-72.9561836
MLS Listing,,Single Family Residential,10 Shire Ct,Cheshire,CT,06410,625000,4,3.5,Cheshire,4105,81021,1992,151,152,,Active,,,http://www.redfin.com/CT/Cheshire/10-Shire-Ct-06410/home/53753647,Smart MLS,170249501,N,Y,41.4743127,-72.9363112
MLS Listing,,Single Family Residential,127 Victoria Dr,Cheshire,CT,06410,497900,3,3.0,Castle Heights,2218,,2020,177,224,285,Active,,,http://www.redfin.com/CT/Cheshire/127-Victoria-Dr-06410/home/169791011,Smart MLS,170252396,N,Y,41.5591649,-72.8778152
MLS Listing,,Single Family Residential,125 Victoria Dr,Cheshire,CT,06410,475900,3,2.0,Castle Heights,1829,,2020,183,260,285,Active,,,http://www.redfin.com/CT/Cheshire/125-Victoria-Dr-06410/home/169730156,Smart MLS,170250970,N,Y,41.5591737,-72.8778176
MLS Listing,,Single Family Residential,360 Patton Dr,Cheshire,CT,06410,419900,4,3.0,Cheshire,1991,21780,2019,205,211,,Active,,,http://www.redfin.com/CT/Cheshire/360-Patton-Dr-06410/home/53756635,Smart MLS,170244959,N,Y,41.4913698,-72.9080592
MLS Listing,,Vacant Land,679 Mountain Rd,Cheshire,CT,06410,750000,,,Cheshire,,2441102,,210,,,Active,,,http://www.redfin.com/CT/Cheshire/679-Mountain-Rd-06410/home/53756721,Smart MLS,170240873,N,Y,41.486591,-72.936386
MLS Listing,,Single Family Residential,1145 Cheshire St,Cheshire,CT,06410,284900,5,2.5,Cheshire,2270,93654,1900,218,126,,Active,,,http://www.redfin.com/CT/Cheshire/1145-Cheshire-St-06410/home/53749639,Smart MLS,170240087,N,Y,41.5280375,-72.8647943
MLS Listing,,Vacant Land,678 Coleman Rd,Cheshire,CT,06410,199900,,,Cheshire,,87120,,220,,,Active,,,http://www.redfin.com/CT/Cheshire/678-Coleman-Rd-06410/home/53757200,Smart MLS,170240220,N,Y,41.480752,-72.88158
MLS Listing,,Single Family Residential,779 Reservoir Rd,Cheshire,CT,06410,439000,5,3.5,Cheshire,4499,206910,1987,225,98,,Active,,,http://www.redfin.com/CT/Cheshire/779-Reservoir-Rd-06410/home/53753102,Smart MLS,170238990,N,Y,41.5061672,-72.8682788
MLS Listing,,Single Family Residential,129 Victoria Dr,Cheshire,CT,06410,471900,3,2.5,Cheshire,1997,,2019,233,236,285,Active,,,http://www.redfin.com/CT/Cheshire/129-Victoria-Dr-06410/home/169091724,Smart MLS,170236674,N,Y,41.5592452,-72.8772615
MLS Listing,,Single Family Residential,141 Victoria Dr,Cheshire,CT,06410,679900,3,3.0,Castle Heights,2732,,2014,234,249,285,Active,,,http://www.redfin.com/CT/Cheshire/141-Victoria-Dr-06410/home/109848712,Smart MLS,170236241,N,Y,41.559152,-72.8778206
MLS Listing,,Vacant Land,2 Lexington Ct #2,Cheshire,CT,06410,200000,,,Moss Farm,,189050,,234,,,Active,,,http://www.redfin.com/CT/Cheshire/2-Lexington-Ct-06410/unit-2/home/169089707,Smart MLS,170236076,N,Y,41.528196,-72.917113
MLS Listing,,Vacant Land,400 Lot 3 Crestwood Dr Lot 3B,Cheshire,CT,06410,159900,,,Royal Crest Estates,,86684,,240,,,Active,,,http://www.redfin.com/CT/Cheshire/400-Crestwood-Dr-06410/unit-3B/home/168982155,Smart MLS,170234454,N,Y,41.4761312,-72.8932215
MLS Listing,,Single Family Residential,6 Winged Foot Ct,Cheshire,CT,06410,325000,2,2.0,Copper Valley,1668,,1981,248,195,222,Active,,,http://www.redfin.com/CT/Cheshire/6-Winged-Foot-Ct-06410/home/53755422,Smart MLS,170231663,N,Y,41.520739,-72.8836781
MLS Listing,,Single Family Residential,368 Patton Dr,Cheshire,CT,06410,499900,4,2.5,Cheshire,2418,20734,2019,263,207,,Active,,,http://www.redfin.com/CT/Cheshire/368-Patton-Dr-06410/home/168682996,Smart MLS,170226556,N,Y,41.4913245,-72.9075104
MLS Listing,,Single Family Residential,670 Coleman Rd,Cheshire,CT,06410,599900,4,2.5,Cheshire,2702,74052,2019,263,222,,Active,,,http://www.redfin.com/CT/Cheshire/670-Coleman-Rd-06410/home/53757026,Smart MLS,170225604,N,Y,41.4838831,-72.884217
MLS Listing,,Single Family Residential,150 S Brooksvale Rd,Cheshire,CT,06410,569500,5,2.5,Cheshire,3218,200375,1930,282,177,,Active,,,http://www.redfin.com/CT/Cheshire/150-S-Brooksvale-Rd-06410/home/53751720,Smart MLS,170220534,N,Y,41.4682775,-72.9142425
MLS Listing,,Vacant Land,725 Jarvis St,Cheshire,CT,06410,185000,,,Cheshire,,486129,,291,,,Active,,,http://www.redfin.com/CT/Cheshire/725-Jarvis-St-06410/home/144915029,Smart MLS,170218545,N,Y,41.5324076,-72.9157422
MLS Listing,,Vacant Land,5 Mount Sanford Rd,Cheshire,CT,06410,250000,,,Cheshire,,176853,,305,,,Active,,,http://www.redfin.com/CT/Cheshire/5-Mount-Sanford-Rd-06410/home/167182239,Smart MLS,170212100,N,Y,41.4569625,-72.9082957
MLS Listing,,Single Family Residential,131 Wallingford Rd,Cheshire,CT,06410,177500,3,2.0,Cheshire,1180,7840,1925,315,150,,Active,,,http://www.redfin.com/CT/Cheshire/131-Wallingford-Rd-06410/home/53751035,Smart MLS,170210561,N,Y,41.4950219,-72.8967251
MLS Listing,,Single Family Residential,Lot 1 A Lexington Ct,Cheshire,CT,06410,699900,4,2.5,Cheshire,2796,189485,2019,353,250,,Active,,,http://www.redfin.com/CT/Cheshire/1-Lexington-Ct-06410/unit-1/home/171385578,Smart MLS,170197619,N,Y,41.5292334,-72.918505
MLS Listing,,Single Family Residential,Lot 2 Lexington Ct,Cheshire,CT,06410,679900,4,2.5,Cheshire,2608,189485,2019,353,261,,Active,,,http://www.redfin.com/CT/Cheshire/Lot-2-Lexington-Ct-06410/home/166766868,Smart MLS,170197595,N,Y,41.527443,-72.917005
MLS Listing,,Vacant Land,822 Wallingford Rd,Cheshire,CT,06410,169900,,,Cheshire,,83199,,368,,,Active,,,http://www.redfin.com/CT/Cheshire/822-Wallingford-Rd-06410/home/145270293,Smart MLS,170192105,N,Y,41.4873212,-72.8731784
MLS Listing,,Vacant Land,0 Wiese Rd,Cheshire,CT,06410,1280000,,,Cheshire,,1572516,,378,,,Active,,,http://www.redfin.com/CT/CHESHIRE/WIESE-RD-06410/home/53755984,Smart MLS,170187631,N,Y,41.508391,-72.890469
MLS Listing,,Single Family Residential,11 Hilltop Rd,Cheshire,CT,06410,229900,4,2.0,Cheshire,2197,17859,1947,401,105,,Active,,,http://www.redfin.com/CT/Cheshire/11-Hilltop-Rd-06410/home/53753625,Smart MLS,170179853,N,Y,41.4771246,-72.9149808
MLS Listing,,Vacant Land,0 Inverness,Cheshire,CT,06410,179900,,,Cheshire,,130680,,463,,,Active,,,http://www.redfin.com/CT/CHESHIRE/INVERNESS-CT-06410/home/53757138,Smart MLS,170160224,N,Y,41.474629,-72.94044
MLS Listing,,Single Family Residential,40 Inverness Ct,Cheshire,CT,06410,629000,4,3.5,Cheshire,5058,152460,1992,571,124,,Active,,,http://www.redfin.com/CT/Cheshire/40-Inverness-Ct-06410/home/53757110,Smart MLS,170134175,N,Y,41.4763604,-72.9414889
MLS Listing,,Vacant Land,4 Rita Ave,Cheshire,CT,06410,24900,,,Cheshire,,14810,,702,,,Active,,,http://www.redfin.com/CT/Cheshire/4-Rita-Ave-06410/home/145994113,Smart MLS,170089878,N,Y,41.5451327,-72.9608048
MLS Listing,,Vacant Land,1901 TUTTLE Ave,Cheshire,CT,06410,495000,,,Cheshire,,1288940,,871,,,Active,,,http://www.redfin.com/CT/Cheshire/1901-Tuttle-Ave-06410/home/53751980,Smart MLS,N10069910,N,Y,41.4517649,-72.884201
For-Sale-by-Owner Listing,,Condo/Co-op,470 Oak Ave Apt 82,Cheshire,CT,06410,123900,2,1.0,Cheshire,900,,1966,151,138,,Active,,,http://www.redfin.com/CT/Cheshire/470-Oak-Ave-06410/unit-82/home/53751118,Fizber.com,5040518,N,Y,41.4950247,-72.9201951
