SALE TYPE,SOLD DATE,PROPERTY TYPE,ADDRESS,CITY,STATE OR PROVINCE,ZIP OR POSTAL CODE,PRICE,BEDS,BATHS,LOCATION,SQUARE FEET,LOT SIZE,YEAR BUILT,DAYS ON MARKET,$/SQUARE FEET,HOA/MONTH,STATUS,NEXT OPEN HOUSE START TIME,NEXT OPEN HOUSE END TIME,URL (SEE http://www.redfin.com/buy-a-home/comparative-market-analysis FOR INFO ON PRICING),SOURCE,MLS#,FAVORITE,INTERESTED,LATITUDE,LONGITUDE
MLS Listing,,Single Family Residential,17 Joshua Ln,Coventry,CT,06238,324900,3,2.0,Coventry,1975,111513,1990,1,165,,Active,,,http://www.redfin.com/CT/Coventry/17-Joshua-Ln-06238/home/54448740,Smart MLS,170289691,N,Y,41.8176354,-72.3637398
MLS Listing,,Single Family Residential,90 Deborah Dr,Coventry,CT,06238,319000,5,3.5,Coventry,2686,41382,1970,1,119,,Active,,,http://www.redfin.com/CT/Coventry/90-Deborah-Dr-06238/home/54449149,Smart MLS,170293359,N,Y,41.8237913,-72.3333561
MLS Listing,,Single Family Residential,51 Kensington Rd,Coventry,CT,06238,329000,4,2.5,South Coventry,1998,64468,1990,1,165,,Active,,,http://www.redfin.com/CT/Coventry/51-Kensington-Rd-06238/home/54451008,Smart MLS,170292723,N,Y,41.7657447,-72.3198974
MLS Listing,,Single Family Residential,159 Edgewater Dr,Coventry,CT,06238,399000,3,1.5,Coventry,1224,13939,1960,3,326,21,Active,,,http://www.redfin.com/CT/Coventry/159-Edgewater-Dr-06238/home/54451029,Smart MLS,170289696,N,Y,41.7669,-72.317167
MLS Listing,,Single Family Residential,61 Wrights Mill Rd,Coventry,CT,06238,209900,3,1.0,Coventry,1001,43124,1965,3,210,,Active,,,http://www.redfin.com/CT/Coventry/61-Wrights-Mill-Rd-06238/home/54452271,Smart MLS,170291352,N,Y,41.7943095,-72.3660982
MLS Listing,,Single Family Residential,39 Wood Trl,Coventry,CT,06238,159000,2,1.0,Coventry,768,27007,1930,4,207,38,Active,,,http://www.redfin.com/CT/Coventry/39-Wood-Trl-06238/home/54450931,Smart MLS,170291482,N,Y,41.7630753,-72.3126244
MLS Listing,,Single Family Residential,940 Grant Hill Rd,Coventry,CT,06238,189000,2,1.0,Coventry,1476,46173,1931,10,128,,Active,,,http://www.redfin.com/CT/Coventry/940-Grant-Hill-Rd-06238/home/54448803,Smart MLS,170289697,N,Y,41.8235306,-72.3765027
MLS Listing,,Single Family Residential,190 Babcock Hill Rd,Coventry,CT,06238,279000,4,2.0,Coventry,2558,287060,1955,15,109,,Active,,,http://www.redfin.com/CT/Coventry/190-Babcock-Hill-Rd-06238/home/54453789,Smart MLS,170272076,N,Y,41.727355,-72.260682
MLS Listing,,Multi-Family (2-4 Unit),837 Flanders Rd,Coventry,CT,06238,119900,6,2.0,Coventry,1896,44866,1960,21,63,,Active,,,http://www.redfin.com/CT/Coventry/837-Flanders-Rd-06238/home/54453527,Smart MLS,170288849,N,Y,41.748283,-72.286847
MLS Listing,,Single Family Residential,650 Dunn Rd,Coventry,CT,06238,429900,4,2.5,Coventry,2600,277912,2020,22,165,,Active,,,http://www.redfin.com/CT/Coventry/650-Dunn-Rd-06238/home/143753727,Smart MLS,170288648,N,Y,41.8187856,-72.3813347
MLS Listing,,Single Family Residential,59 Woodland Rd,Coventry,CT,06238,299900,2,1.0,Coventry Lake,1164,19602,1940,22,258,,Active,,,http://www.redfin.com/CT/Coventry/59-Woodland-Rd-06238/home/54450318,Smart MLS,170288506,N,Y,41.770103,-72.308997
MLS Listing,,Single Family Residential,104 Satari Dr,Coventry,CT,06238,289000,3,2.5,Coventry,2170,64468,1988,23,133,,Active,,,http://www.redfin.com/CT/Coventry/104-Satari-Dr-06238/home/54448539,Smart MLS,170288429,N,Y,41.8224203,-72.4045697
MLS Listing,,Single Family Residential,85 Old Eagleville Rd,Coventry,CT,06238,348900,4,3.0,Coventry,2193,153766,1986,23,159,,Active,,,http://www.redfin.com/CT/Coventry/85-Old-Eagleville-Rd-06238/home/54453710,Smart MLS,170287814,N,Y,41.778615,-72.2816508
MLS Listing,,Single Family Residential,34 Farmstead Ln,Coventry,CT,06238,439900,5,2.5,Coventry,2861,47916,2003,29,154,,Active,,,http://www.redfin.com/CT/Coventry/34-Farmstead-Ln-06238/home/54448353,Smart MLS,170275882,N,Y,41.7854709,-72.314038
MLS Listing,,Single Family Residential,813 Pucker St,Coventry,CT,06238,316300,4,2.5,Coventry,2158,112776,2020,31,147,,Active,,,http://www.redfin.com/CT/Coventry/813-Pucker-St-06238/home/54448274,Smart MLS,170286951,N,Y,41.7319706,-72.2871966
MLS Listing,,Single Family Residential,811 Pucker St,Coventry,CT,06238,284900,3,2.5,Coventry,1806,75228,2020,31,158,,Active,,,http://www.redfin.com/CT/Coventry/811-Pucker-St-06238/home/54448275,Smart MLS,170286943,N,Y,41.7312649,-72.2869911
MLS Listing,,Single Family Residential,809 Pucker St,Coventry,CT,06238,349900,4,2.5,Coventry,2382,68911,2020,31,147,,Active,,,http://www.redfin.com/CT/Coventry/809-Pucker-St-06238/home/54448272,Smart MLS,170286939,N,Y,41.7321003,-72.2872362
MLS Listing,,Single Family Residential,807 Pucker St,Coventry,CT,06238,323500,3,2.5,Coventry,2030,61855,2020,31,159,,Active,,,http://www.redfin.com/CT/Coventry/807-Pucker-St-06238/home/54448271,Smart MLS,170286934,N,Y,41.7321652,-72.2872559
MLS Listing,,Single Family Residential,805 Pucker St,Coventry,CT,06238,289900,3,2.5,Coventry,1806,69434,2020,31,161,,Active,,,http://www.redfin.com/CT/Coventry/805-Pucker-St-06238/home/54448270,Smart MLS,170286925,N,Y,41.7317801,-72.2871684
MLS Listing,,Single Family Residential,362 S River Rd,Coventry,CT,06238,379900,4,2.5,Coventry,2589,156816,2007,36,147,,Active,,,http://www.redfin.com/CT/Coventry/362-S-River-Rd-06238/home/54452483,Smart MLS,170286051,N,Y,41.7828861,-72.3570391
MLS Listing,,Single Family Residential,391 Stonehouse Rd,Coventry,CT,06238,334900,3,2.5,Coventry,2200,51400,2020,42,152,,Active,,,http://www.redfin.com/CT/Coventry/391-Stonehouse-Rd-06238/home/54448142,Smart MLS,170284626,N,Y,41.7722788,-72.2942776
MLS Listing,,Single Family Residential,151 Geraldine Dr,Coventry,CT,06238,260000,4,2.5,Coventry,1710,44431,1969,44,152,,Active,,,http://www.redfin.com/CT/Coventry/151-Geraldine-Dr-06238/home/54449293,Smart MLS,170283767,N,Y,41.826178,-72.3384434
MLS Listing,,Single Family Residential,3110 South St,Coventry,CT,06238,189900,3,2.0,Coventry,1560,68824,1988,47,122,,Active,,,http://www.redfin.com/CT/Coventry/3110-South-St-06238/home/54452437,Smart MLS,170283570,N,Y,41.7739578,-72.371601
MLS Listing,,Single Family Residential,538 Root Rd,Coventry,CT,06238,309900,4,2.0,Coventry,2270,103672,1992,49,137,,Active,,,http://www.redfin.com/CT/Coventry/538-Root-Rd-06238/home/54452829,Smart MLS,170283248,N,Y,41.7818418,-72.2939957
MLS Listing,,Single Family Residential,1931 South St,Coventry,CT,06238,79900,3,1.0,Coventry,1229,20037,1950,52,65,,Active,,,http://www.redfin.com/CT/Coventry/1931-South-St-06238/home/54451194,Smart MLS,170282487,N,Y,41.7656295,-72.3315524
MLS Listing,,Single Family Residential,48 Lakeview Dr,Coventry,CT,06238,179900,2,1.0,Coventry,794,10890,1945,52,227,11,Active,,,http://www.redfin.com/CT/Coventry/48-Lakeview-Dr-06238/home/54451807,Smart MLS,170282257,N,Y,41.7721381,-72.337426
MLS Listing,,Single Family Residential,76 Talcott Hill Rd,Coventry,CT,06238,359000,3,2.5,Coventry,1676,60983,2017,53,214,,Active,,,http://www.redfin.com/CT/Coventry/76-Talcott-Hill-Rd-06238/home/109643848,Smart MLS,170281167,N,Y,41.7795749,-72.3504432
MLS Listing,,Single Family Residential,8 Auburn Trl,Coventry,CT,06238,110000,3,1.5,Coventry,1320,41382,1992,65,83,17,Active,,,http://www.redfin.com/CT/Coventry/8-Auburn-Trl-06238/home/54449836,Smart MLS,170277608,N,Y,41.7865299,-72.3323849
MLS Listing,,Single Family Residential,1250 Main St,Coventry,CT,06238,117700,2,1.0,Coventry,1210,41817,1950,66,97,,Active,,,http://www.redfin.com/CT/Coventry/1250-Main-St-06238/home/54450467,Smart MLS,170278061,N,Y,41.7693158,-72.302229
MLS Listing,,Single Family Residential,50 Windswept Way,Coventry,CT,06238,412000,3,2.5,Coventry,2853,43995,2006,66,144,,Active,,,http://www.redfin.com/CT/Coventry/50-Windswept-Way-06238/home/54448017,Smart MLS,170278024,N,Y,41.7869364,-72.3118124
MLS Listing,,Condo/Co-op,28 Armstrong Rd Unit A6,Coventry,CT,06238,223900,2,3.0,Coventry,1652,,2009,66,136,325,Active,,,http://www.redfin.com/CT/Coventry/28-Armstrong-Rd-06238/unit-A6/home/54452946,Smart MLS,170276149,N,Y,41.7638541,-72.2910946
MLS Listing,,Single Family Residential,21 Mink Trl,Coventry,CT,06238,259900,3,2.0,Coventry,1442,4356,2015,68,180,,Active,,,http://www.redfin.com/CT/Coventry/21-Mink-Trl-06238/home/54451831,Smart MLS,170272929,N,Y,41.7700502,-72.3373335
MLS Listing,,Condo/Co-op,6 Flanders Woods Ln #6,Coventry,CT,06238,350000,2,2.0,Coventry,1972,,2018,69,177,260,Active,,,http://www.redfin.com/CT/Coventry/6-Flanders-Woods-Ln-06238/unit-6/home/170931345,Smart MLS,170276968,N,Y,41.7476939,-72.2901895
MLS Listing,,Vacant Land,4 Pucker St,Coventry,CT,06238,266932,,,Coventry,,2182356,,74,,,Active,,,http://www.redfin.com/CT/Coventry/4-Pucker-St-06238/home/170651116,Smart MLS,170275001,N,Y,41.7501055,-72.2996678
MLS Listing,,Vacant Land,3 Pucker St,Coventry,CT,06238,112420,,,Coventry,,919116,,74,,,Active,,,http://www.redfin.com/CT/Coventry/3-Pucker-St-06238/home/170651086,Smart MLS,170274996,N,Y,41.749824,-72.300199
MLS Listing,,Vacant Land,2 Pucker St,Coventry,CT,06238,173000,,,Coventry,,1414393,,74,,,Active,,,http://www.redfin.com/CT/Coventry/2-Pucker-St-06238/home/170651049,Smart MLS,170274990,N,Y,41.7501055,-72.2996678
MLS Listing,,Vacant Land,1 Pucker St,Coventry,CT,06238,309000,,,Coventry,,2496859,,74,,,Active,,,http://www.redfin.com/CT/Coventry/1-Pucker-St-06238/home/170651017,Smart MLS,170274977,N,Y,41.727098,-72.287141
MLS Listing,,Condo/Co-op,745 Merrow Rd #178,Coventry,CT,06238,129000,2,1.5,Coventry,1236,,1987,79,104,300,Active,,,http://www.redfin.com/CT/Coventry/745-Merrow-Rd-06238/unit-178/home/54448991,Smart MLS,170273850,N,Y,41.8191878,-72.334608
MLS Listing,,Vacant Land,NO# Bunker Hill Rd,Coventry,CT,06238,52000,,,South Coventry,,182516,,79,,,Active,,,http://www.redfin.com/CT/Coventry/NO-Bunker-Hill-Rd-06238/home/170597264,Smart MLS,170273574,N,Y,41.755323,-72.316313
MLS Listing,,Vacant Land,Lot2A/ 50 Bellevue Dr,Coventry,CT,06238,55000,,,Coventry,,225640,,95,,,Active,,,http://www.redfin.com/CT/Coventry/50-Bellevue-Dr-06238/home/170488423,Smart MLS,170268736,N,Y,41.775932,-72.3377989
MLS Listing,,Vacant Land,195 & 196 Fern Dr,Coventry,CT,06238,49000,,,Coventry,,79279,,99,,1,Active,,,http://www.redfin.com/CT/Coventry/195-196-Fern-Rd-06238/home/170462483,Smart MLS,170266168,N,Y,41.78564,-72.342633
MLS Listing,,Single Family Residential,761 Babcock Hill Rd,Coventry,CT,06238,349900,3,2.5,Coventry,1824,169012,2019,119,192,,Active,,,http://www.redfin.com/CT/Coventry/761-Babcock-Hill-Rd-06238/home/54453885,Smart MLS,170262527,N,Y,41.7290192,-72.2828265
MLS Listing,,Single Family Residential,943 Main St,Coventry,CT,06238,299900,3,2.0,Coventry,1700,32670,2019,123,176,,Active,,,http://www.redfin.com/CT/Coventry/943-Main-St-06238/home/54450598,Smart MLS,170261238,N,Y,41.7657435,-72.2916756
MLS Listing,,Single Family Residential,52 Rabbit Trl,Coventry,CT,06238,128300,2,1.0,Coventry,840,10018,1940,133,153,7,Active,,,http://www.redfin.com/CT/Coventry/52-Rabbit-Trl-06238/home/54451827,Smart MLS,170249975,N,Y,41.7711291,-72.3359944
MLS Listing,,Single Family Residential,47 Carnic Alps Rd,Coventry,CT,06238,499900,3,2.5,Coventry,2300,41382,2020,141,217,,Active,May-9-2020 11:00 AM,May-9-2020 01:00 PM,http://www.redfin.com/CT/Coventry/47-Carnic-Alps-Rd-06238/home/109643857,Smart MLS,170258843,N,Y,41.8013819,-72.374355
MLS Listing,,Vacant Land,0 Lamotte Rd,Coventry,CT,06238,10000,,,Coventry,,8276,,148,,,Active,,,http://www.redfin.com/CT/Coventry/Lamotte-Rd-06238/home/54450497,Smart MLS,170257746,N,Y,41.772465,-72.311431
MLS Listing,,Vacant Land,368 S River Rd,Coventry,CT,06238,29900,,,Coventry,,98010,,148,,,Active,,,http://www.redfin.com/CT/Coventry/368-S-River-Rd-06238/home/54448207,Smart MLS,170257684,N,Y,41.783731,-72.357829
MLS Listing,,Single Family Residential,1069 Main St,Coventry,CT,06238,204900,4,2.0,Coventry,2398,25700,1700,151,85,,Active,,,http://www.redfin.com/CT/Coventry/1069-Main-St-06238/home/54450506,Smart MLS,170256943,N,Y,41.7667875,-72.296031
MLS Listing,,Single Family Residential,317 Maple Trl,Coventry,CT,06238,119900,2,1.0,Coventry,830,11761,1950,157,144,,Active,,,http://www.redfin.com/CT/Coventry/317-Maple-Trl-06238/home/54452301,Smart MLS,170255808,N,Y,41.784229,-72.282862
MLS Listing,,Single Family Residential,136 Wall St,Coventry,CT,06238,279900,5,3.5,Coventry,3024,9147,1920,175,93,,Active,,,http://www.redfin.com/CT/Coventry/136-Wall-St-06238/home/54447877,Smart MLS,170252856,N,Y,41.76577,-72.300926
MLS Listing,,Single Family Residential,60 Carnic Alps Rd,Coventry,CT,06238,489000,4,2.5,Coventry,2550,46173,2019,204,192,,Active,,,http://www.redfin.com/CT/Coventry/60-Carnic-Alps-Rd-06238/home/169451186,Smart MLS,170235697,N,Y,41.806175,-72.378764
MLS Listing,,Single Family Residential,31 Morin Ave,Coventry,CT,06238,156999,3,1.0,Coventry,1080,6098,1925,212,145,,Active,,,http://www.redfin.com/CT/Coventry/31-Morin-Ave-06238/home/54451488,Smart MLS,170243380,N,Y,41.7660834,-72.3296562
MLS Listing,,Vacant Land,00 Forest Rd,Coventry,CT,06238,14900,,,South Coventry,,14374,,218,,4,Active,,,http://www.redfin.com/CT/Coventry/Forest-Rd-06238/home/54450866,Smart MLS,170241641,N,Y,41.761404,-72.314179
MLS Listing,,Single Family Residential,2645 Main St,Coventry,CT,06238,155000,2,1.0,Coventry,936,4791,1948,223,166,11,Active,,,http://www.redfin.com/CT/Coventry/2645-Main-St-06238/home/54449645,Smart MLS,170239101,N,Y,41.7869498,-72.3407558
MLS Listing,,Vacant Land,00 Lewis Hill Rd,Coventry,CT,06238,117900,,,Coventry,,718740,,254,,,Active,,,http://www.redfin.com/CT/Coventry/Lewis-Hill-Rd-06238/home/170373567,Smart MLS,170229878,N,Y,41.792822,-72.31375
MLS Listing,,Single Family Residential,135 Fox Trl,Coventry,CT,06238,124900,2,2.0,Coventry,1920,13068,1945,275,65,15,Active,,,http://www.redfin.com/CT/Coventry/135-Fox-Trl-06238/home/54451786,Smart MLS,170186742,N,Y,41.769405,-72.335102
MLS Listing,,Single Family Residential,48 Windy Hill Rd,Coventry,CT,06238,477500,4,2.5,Coventry,2560,56192,2019,283,187,,Active,,,http://www.redfin.com/CT/Coventry/48-Windy-Hill-Rd-06238/home/109643818,Smart MLS,170220665,N,Y,41.80897,-72.3368218
MLS Listing,,Vacant Land,RAWLND Rte.31-N (54Ac) Bread And Milk St,Coventry,CT,06238,150000,,,Coventry,,2352240,,297,,,Active,,,http://www.redfin.com/CT/Coventry/199-Bread-and-Milk-St-06238/home/171385729,Smart MLS,170217010,N,Y,41.802839,-72.3944625
MLS Listing,,Vacant Land,RAWLND Rte 31-N (75 Acres),Coventry,CT,06238,150000,,,Coventry,,3267000,,297,,,Active,,,http://www.redfin.com/CT/Coventry/RAWLND-Rte-31-N-75-Acres-06238/home/167467316,Smart MLS,170216715,N,Y,41.775337,-72.307839
MLS Listing,,Vacant Land,LOT#7 Carpenter Rd,Coventry,CT,06238,75000,,,Coventry,,247420,,297,,,Active,,,http://www.redfin.com/CT/Coventry/LOT7-Carpenter-Rd-06238/home/171436625,Smart MLS,170217015,N,Y,41.798846,-72.361767
MLS Listing,,Vacant Land,2075 Main St,Coventry,CT,06238,59900,,,Coventry,,48351,,317,,,Active,,,http://www.redfin.com/CT/Coventry/2075-Main-St-06238/home/54450098,Smart MLS,170210574,N,Y,41.7833775,-72.3214584
MLS Listing,,Vacant Land,66 Beaver Trl,Coventry,CT,06238,40000,,,Coventry,,9147,,366,,10,Active,,,http://www.redfin.com/CT/Coventry/66-Beaver-Trl-06238/home/54451530,Smart MLS,170192703,N,Y,41.768381,-72.3365139
MLS Listing,,Single Family Residential,13-1 Windy Hill Rd,Coventry,CT,06238,399000,4,2.5,North Pond,2200,165528,2019,374,181,,Active,,,http://www.redfin.com/CT/Coventry/13-Windy-Hill-Rd-06238/home/109643878,Smart MLS,170189694,N,Y,41.8090433,-72.3368043
MLS Listing,,Single Family Residential,2880 Main St,Coventry,CT,06238,590000,2,1.0,Coventry,1306,1474506,1981,405,452,,Active,,,http://www.redfin.com/CT/Coventry/2880-Main-St-06238/home/54451931,Smart MLS,170178062,N,Y,41.7901292,-72.3482237
MLS Listing,,Single Family Residential,395 Daly Rd,Coventry,CT,06238,379900,4,3.5,Coventry,3592,54014,2005,438,106,,Active,,,http://www.redfin.com/CT/Coventry/395-Daly-Rd-06238/home/54447922,Smart MLS,170160162,N,Y,41.7770267,-72.3394764
MLS Listing,,Single Family Residential,2724 Boston Tpke,Coventry,CT,06238,359900,3,1.5,Coventry,3000,65775,1955,470,120,,Active,,,http://www.redfin.com/CT/Coventry/2724-Boston-Tpke-06238/home/54448962,Smart MLS,170158590,N,Y,41.7966822,-72.4108443
