SALE TYPE,SOLD DATE,PROPERTY TYPE,ADDRESS,CITY,STATE OR PROVINCE,ZIP OR POSTAL CODE,PRICE,BEDS,BATHS,LOCATION,SQUARE FEET,LOT SIZE,YEAR BUILT,DAYS ON MARKET,$/SQUARE FEET,HOA/MONTH,STATUS,NEXT OPEN HOUSE START TIME,NEXT OPEN HOUSE END TIME,URL (SEE http://www.redfin.com/buy-a-home/comparative-market-analysis FOR INFO ON PRICING),SOURCE,MLS#,FAVORITE,INTERESTED,LATITUDE,LONGITUDE
MLS Listing,,Single Family Residential,14 Horseshoe Dr,East Granby,CT,06026,309900,4,2.5,East Granby,2300,40510,1974,2,135,,Active,,,http://www.redfin.com/CT/East-Granby/14-Horseshoe-Dr-06026/home/53815726,Smart MLS,170293003,N,Y,41.9530239,-72.74973
MLS Listing,,Single Family Residential,15 Concord Dr,East Granby,CT,06026,349900,3,2.5,East Granby,2520,41382,1972,18,139,,Active,,,http://www.redfin.com/CT/East-Granby/15-Concord-Dr-06026/home/53814741,Smart MLS,170287876,N,Y,41.9267568,-72.755167
MLS Listing,,Single Family Residential,25 Metacomet Dr,East Granby,CT,06026,367900,4,2.5,East Granby,3782,32670,1980,28,97,,Active,,,http://www.redfin.com/CT/East-Granby/25-Metacomet-Dr-06026/home/53815776,Smart MLS,170277826,N,Y,41.9504569,-72.734815
MLS Listing,,Single Family Residential,9 Heather Ln,East Granby,CT,06026,189900,3,1.0,East Granby,1100,29185,1962,33,173,,Active,,,http://www.redfin.com/CT/East-Granby/9-Heather-Ln-06026/home/53815862,Smart MLS,170270007,N,Y,41.9098117,-72.7455742
MLS Listing,,Single Family Residential,15 Trevor Ln,East Granby,CT,06026,399900,4,2.5,East Granby,2797,94960,1999,52,143,,Active,,,http://www.redfin.com/CT/East-Granby/15-Trevor-Ln-06026/home/53814427,Smart MLS,170281180,N,Y,41.9276985,-72.7359105
MLS Listing,,Single Family Residential,12 Talcott Range Dr,East Granby,CT,06026,389900,3,3.5,East Granby,3750,84070,1987,67,104,,Active,,,http://www.redfin.com/CT/East-Granby/12-Talcott-Range-Dr-06026/home/53814058,Smart MLS,170275536,N,Y,41.9503369,-72.7320905
MLS Listing,,Single Family Residential,106 Peak Mountain Dr,East Granby,CT,06026,449900,4,3.0,East Granby,4110,42253,1985,73,109,,Active,,,http://www.redfin.com/CT/East-Granby/106-Peak-Mountain-Dr-06026/home/53815777,Smart MLS,170271012,N,Y,41.9511043,-72.7361996
MLS Listing,,Vacant Land,4 Copper Hill Ter #20,East Granby,CT,06026,82000,,,East Granby,,40946,,74,,,Active,,,http://www.redfin.com/CT/East-Granby/4-Copper-Hill-Ter-06026/unit-20/home/170988803,Smart MLS,170274352,N,Y,41.9716353,-72.7510463
MLS Listing,,Vacant Land,80 Holcomb St,East Granby,CT,06026,85000,,,East Granby,,51757,,78,,,Active,,,http://www.redfin.com/CT/East-Granby/80-Holcomb-St-06026/home/109570289,Smart MLS,170271946,N,Y,41.9381908,-72.75048
MLS Listing,,Single Family Residential,74/80 S Main St,East Granby,CT,06026,350000,4,3.0,East Granby,3364,825897,1900,80,104,,Active,,,http://www.redfin.com/CT/East-Granby/80-S-Main-St-06026/home/53814416,Smart MLS,170273281,N,Y,41.934318,-72.734759
MLS Listing,,Single Family Residential,3 Mount Vernon Dr,East Granby,CT,06026,329900,4,2.5,East Granby,2840,36154,1970,96,116,,Active,,,http://www.redfin.com/CT/East-Granby/3-Mt-Vernon-Dr-06026/home/53814451,Smart MLS,170267231,N,Y,41.927898,-72.7602579
MLS Listing,,Single Family Residential,16 Talcott Range Dr,East Granby,CT,06026,359900,4,3.5,East Granby,2977,47044,1986,156,121,,Active,,,http://www.redfin.com/CT/East-Granby/16-Talcott-Range-Dr-06026/home/53814155,Smart MLS,170256085,N,Y,41.9494942,-72.7329679
MLS Listing,,Single Family Residential,20 Sweetbrier Rd,East Granby,CT,06026,119000,3,1.0,East Granby,1470,25700,1957,179,81,,Active,,,http://www.redfin.com/CT/East-Granby/20-Sweetbriar-Rd-06026/home/53814178,Smart MLS,170249140,N,Y,41.9073952,-72.7341339
MLS Listing,,Condo/Co-op,6 Chelsea Ln #6,East Granby,CT,06026,139900,2,1.5,East Granby,1132,,1984,195,124,430,Active,,,http://www.redfin.com/CT/East-Granby/6-Chelsea-Ln-06026/unit-6/home/169583489,Smart MLS,170247822,N,Y,41.9115398,-72.7383878
MLS Listing,,Vacant Land,00 N Main St,East Granby,CT,06026,165000,,,East Granby,,465220,,198,,,Active,,,http://www.redfin.com/CT/East-Granby/79-N-Main-St-06026/home/169944952,Smart MLS,170246994,N,Y,41.956973,-72.725638
MLS Listing,,Vacant Land,110 Petersen Rd,East Granby,CT,06026,75000,,,East Granby,,105415,,322,,,Active,,,http://www.redfin.com/CT/East-Granby/110-Petersen-Rd-06026/home/144534480,MLS PIN,72523435,N,Y,41.968356,-72.767489
MLS Listing,,Vacant Land,108 Petersen Rd,East Granby,CT,06026,75000,,,East Granby,,87647,,322,,,Active,,,http://www.redfin.com/CT/East-Granby/108-Petersen-Rd-06026/home/144534481,MLS PIN,72523434,N,Y,41.968431,-72.768303
MLS Listing,,Single Family Residential,8D Rolling Grn,East Granby,CT,06026,499900,3,2.5,East Granby,2064,69696,2019,472,242,58,Active,,,http://www.redfin.com/CT/East-Granby/8-Rolling-Grn-06026/home/109570167,Smart MLS,170157957,N,Y,41.967755,-72.765509
MLS Listing,,Vacant Land,Lot3/8D Rolling Grn,East Granby,CT,06026,119900,,,East Granby,,69696,,620,,58,Active,,,http://www.redfin.com/CT/East-Granby/3-Rolling-Grn-06026/home/166763581,Smart MLS,170119273,N,Y,41.9641927,-72.7679196
MLS Listing,,Vacant Land,14 Heritage Farm Rd,East Granby,CT,06026,79900,,,East Granby,,54885,,870,,,Active,,,http://www.redfin.com/CT/East-Granby/14-Heritage-Farm-Rd-06026/home/109570293,Smart MLS,G10210084,N,Y,41.9316419,-72.706937
