SALE TYPE,SOLD DATE,PROPERTY TYPE,ADDRESS,CITY,STATE OR PROVINCE,ZIP OR POSTAL CODE,PRICE,BEDS,BATHS,LOCATION,SQUARE FEET,LOT SIZE,YEAR BUILT,DAYS ON MARKET,$/SQUARE FEET,HOA/MONTH,STATUS,NEXT OPEN HOUSE START TIME,NEXT OPEN HOUSE END TIME,URL (SEE http://www.redfin.com/buy-a-home/comparative-market-analysis FOR INFO ON PRICING),SOURCE,MLS#,FAVORITE,INTERESTED,LATITUDE,LONGITUDE
MLS Listing,,Single Family Residential,55 High Ridge Rd,Easton,CT,06612,549900,4,2.5,Lower Easton,3009,64033,1949,31,183,,Active,,,http://www.redfin.com/CT/Easton/55-High-Ridge-Rd-06612/home/107615217,Smart MLS,170282893,N,Y,41.2434835,-73.2610326
MLS Listing,,Single Family Residential,14 Barrows Rd,Easton,CT,06612,455000,4,2.5,Easton Center,2604,174240,1984,3,175,,Active,,,http://www.redfin.com/CT/Easton/14-Barrows-Rd-06612/home/107612237,Smart MLS,170292195,N,Y,41.2633545,-73.2835189
MLS Listing,,Single Family Residential,325 Everett Rd,Easton,CT,06612,369000,2,1.5,Easton Center,1330,100187,1790,9,277,,Active,,,http://www.redfin.com/CT/Easton/325-Everett-Rd-06612/home/107618367,Smart MLS,170291097,N,Y,41.2971409,-73.2863606
MLS Listing,,Single Family Residential,45 Wyldewood Rd,Easton,CT,06612,689000,4,4.0,Aspetuck,6269,162043,1987,11,110,,Active,,,http://www.redfin.com/CT/Easton/45-Wyldewood-Rd-06612/home/107615472,Smart MLS,170289826,N,Y,41.2356512,-73.3251589
MLS Listing,,Single Family Residential,227 N Park Ave,Easton,CT,06612,595000,4,3.0,Lower Easton,2981,148104,1959,17,200,,Active,,,http://www.redfin.com/CT/Easton/227-N-Park-Ave-06612/home/107614823,Smart MLS,170288968,N,Y,41.2697623,-73.2813966
MLS Listing,,Single Family Residential,49 Flat Rock Dr,Easton,CT,06612,560000,3,2.5,Lower Easton,3214,67518,1994,21,174,,Active,,,http://www.redfin.com/CT/Easton/49-Flat-Rock-Dr-06612/home/107612112,Smart MLS,170288387,N,Y,41.2465861,-73.2668871
MLS Listing,,Single Family Residential,320 Center Rd,Easton,CT,06612,750000,4,4.0,Easton Center,3669,222591,1927,29,204,,Active,,,http://www.redfin.com/CT/Easton/320-Center-Rd-06612/home/107612564,Smart MLS,170287444,N,Y,41.2490247,-73.3060321
MLS Listing,,Single Family Residential,680 N Park Ave,Easton,CT,06612,549900,4,3.5,Easton,3311,147668,1988,30,166,,Active,,,http://www.redfin.com/CT/Easton/680-N-Park-Ave-06612/home/107612612,Smart MLS,170286744,N,Y,41.2951548,-73.3024353
MLS Listing,,Single Family Residential,19 High Ridge Pl,Easton,CT,06612,474900,3,1.5,Lower Easton,1850,42253,1968,34,257,,Active,,,http://www.redfin.com/CT/Easton/19-High-Ridge-Pl-06612/home/107615203,Smart MLS,170285861,N,Y,41.2440711,-73.2647185
MLS Listing,,Single Family Residential,20 Redding Rd,Easton,CT,06612,1600000,2,2.0,Aspetuck,1987,437778,1935,37,805,,Active,,,http://www.redfin.com/CT/Easton/20-Redding-Rd-06612/home/107614607,Smart MLS,170267239,N,Y,41.2304539,-73.3220602
MLS Listing,,Single Family Residential,20 Rock House Rd,Easton,CT,06612,420000,3,1.5,Aspetuck,2208,133729,1969,39,190,,Active,,,http://www.redfin.com/CT/Easton/20-Rock-House-Rd-06612/home/107614645,Smart MLS,170285177,N,Y,41.3052847,-73.2989849
MLS Listing,,Vacant Land,507 Judd Rd,Easton,CT,06612,199900,,,Easton,,130680,,44,,,Active,,,http://www.redfin.com/CT/Easton/507-Judd-Rd-06612/home/107618234,Smart MLS,170284358,N,Y,41.3230059,-73.2969852
MLS Listing,,Single Family Residential,30 Abbey Rd,Easton,CT,06612,835000,5,5.5,Easton,7115,131115,2003,46,117,,Active,,,http://www.redfin.com/CT/Easton/30-Abbey-Rd-06612/home/107612861,Smart MLS,170283769,N,Y,41.319778,-73.2799223
MLS Listing,,Single Family Residential,645 Sport Hill Rd,Easton,CT,06612,435000,3,1.5,Easton,2497,236966,1959,49,174,,Active,,,http://www.redfin.com/CT/Easton/645-Sport-Hill-Rd-06612/home/107614972,Smart MLS,170278011,N,Y,41.2608412,-73.2885725
MLS Listing,,Single Family Residential,35 Flat Rock Dr,Easton,CT,06612,819000,5,4.0,Lower Easton,4793,86248,1997,51,171,,Active,,,http://www.redfin.com/CT/Easton/35-Flat-Rock-Dr-06612/home/107612512,Smart MLS,170282681,N,Y,41.2457992,-73.2691416
MLS Listing,,Single Family Residential,96 Wyldewood Rd,Easton,CT,06612,610000,5,3.0,Aspetuck,5005,131551,1966,53,122,,Active,,,http://www.redfin.com/CT/Easton/96-Wyldewood-Rd-06612/home/107617800,Smart MLS,170280399,N,Y,41.2396783,-73.3282568
MLS Listing,,Single Family Residential,409 Center Rd,Easton,CT,06612,775000,4,3.5,Lower Easton,5395,145490,1999,61,144,,Active,,,http://www.redfin.com/CT/Easton/409-Center-Rd-06612/home/107617935,Smart MLS,170279545,N,Y,41.2476111,-73.3121662
MLS Listing,,Single Family Residential,26 & 29 Ridgedale Rd,Easton,CT,06612,639000,3,3.0,Sport Hill,3845,82764,1956,61,166,,Active,,,http://www.redfin.com/CT/Easton/29-Ridgedale-Rd-06612/home/107612167,Smart MLS,170278516,N,Y,41.242813,-73.2705583
MLS Listing,,Single Family Residential,35 Bayberry Ln,Easton,CT,06612,545000,5,3.5,Lower Easton,3692,50093,1998,62,148,,Active,,,http://www.redfin.com/CT/Easton/35-Bayberry-Ln-06612/home/107615161,Smart MLS,170279239,N,Y,41.2754471,-73.2819033
MLS Listing,,Single Family Residential,119 Judd Rd,Easton,CT,06612,1649000,5,5.5,Easton,11490,181645,2000,63,144,,Active,,,http://www.redfin.com/CT/Easton/119-Judd-Rd-06612/home/107615349,Smart MLS,170278945,N,Y,41.3006798,-73.2859438
MLS Listing,,Vacant Land,15 Tatetuck Trl,Easton,CT,06612,235000,,,Easton,,141134,,64,,,Active,,,http://www.redfin.com/CT/Easton/15-Tatetuck-Trl-06612/home/166906853,Smart MLS,170278752,N,Y,41.2982521,-73.2995343
MLS Listing,,Vacant Land,11 Tatetuck Trl,Easton,CT,06612,225000,,,Easton,,130680,,64,,,Active,,,http://www.redfin.com/CT/Easton/11-Tatetuck-Trl-06612/home/166926415,Smart MLS,170278245,N,Y,41.2974177,-73.3003816
MLS Listing,,Vacant Land,18 Tatetuck Trl,Easton,CT,06612,200000,,,Easton,,130680,,64,,,Active,,,http://www.redfin.com/CT/Easton/18-Tatetuck-Trl-06612/home/166892070,Smart MLS,170278239,N,Y,41.2948133,-73.2968771
MLS Listing,,Single Family Residential,985 Sport Hill Rd,Easton,CT,06612,539000,4,3.5,Sport Hill,3419,281397,1985,65,158,,Active,,,http://www.redfin.com/CT/Easton/985-Sport-Hill-Rd-06612/home/107614559,Smart MLS,170278388,N,Y,41.2800966,-73.3049317
MLS Listing,,Single Family Residential,56 Westwood Dr,Easton,CT,06612,925000,4,4.5,Lower Easton,4050,121967,2008,67,228,,Active,,,http://www.redfin.com/CT/Easton/56-Westwood-Dr-06612/home/107618300,Smart MLS,170277548,N,Y,41.2273085,-73.2652253
MLS Listing,,Single Family Residential,23 Laurel Dr,Easton,CT,06612,519900,4,2.5,Lower Easton,3312,41382,1977,67,157,,Active,,,http://www.redfin.com/CT/Easton/23-Laurel-Dr-06612/home/107613049,Smart MLS,170273741,N,Y,41.2401485,-73.2755456
MLS Listing,,Single Family Residential,4 Southfield Rd,Easton,CT,06612,519000,3,3.0,Lower Easton,3612,18730,2002,68,144,,Active,,,http://www.redfin.com/CT/Easton/4-Southfield-Rd-06612/home/107612194,Smart MLS,170276233,N,Y,41.2379238,-73.2693258
MLS Listing,,Single Family Residential,41 Ridgeline Rd,Easton,CT,06612,789000,5,3.5,Easton,5512,132858,1990,72,143,,Active,,,http://www.redfin.com/CT/Easton/41-Ridge-Line-Rd-06612/home/107614571,Smart MLS,170272652,N,Y,41.3057432,-73.3078393
MLS Listing,,Single Family Residential,75 Delaware Rd,Easton,CT,06612,555000,5,3.5,Lower Easton,3512,41382,1974,74,158,,Active,,,http://www.redfin.com/CT/Easton/75-Delaware-Rd-06612/home/107614844,Smart MLS,170274311,N,Y,41.223913,-73.2642611
MLS Listing,,Single Family Residential,345 Rock House Rd,Easton,CT,06612,849500,4,3.5,Sport Hill,5401,131986,1979,78,157,,Active,,,http://www.redfin.com/CT/Easton/345-Rock-House-Rd-06612/home/107614595,Smart MLS,170273971,N,Y,41.2908684,-73.3186873
MLS Listing,,Single Family Residential,2 Morehouse Rd,Easton,CT,06612,850000,4,4.0,Lower Easton,6019,66646,2003,81,141,,Active,,,http://www.redfin.com/CT/Easton/2-Morehouse-Rd-06612/home/107612069,Smart MLS,170270897,N,Y,41.2145534,-73.2646565
MLS Listing,,Single Family Residential,22 Mills Ln,Easton,CT,06612,630000,4,2.5,Aspetuck,2898,157687,1968,83,217,,Active,,,http://www.redfin.com/CT/Easton/22-Mills-Ln-06612/home/107614620,Smart MLS,170272495,N,Y,41.217067,-73.322832
MLS Listing,,Single Family Residential,24 Adirondack Trl,Easton,CT,06612,1199000,4,3.5,Lower Easton,4422,152024,2013,86,271,,Active,,,http://www.redfin.com/CT/Easton/24-Adirondack-Trl-06612/home/107618398,Smart MLS,170271635,N,Y,41.2402068,-73.2486613
MLS Listing,,Single Family Residential,80 Hunting Ridge Rd,Easton,CT,06612,655000,4,4.0,Easton Center,4607,166399,1994,89,142,,Active,,,http://www.redfin.com/CT/Easton/80-Hunting-Ridge-Rd-06612/home/107614524,Smart MLS,170270775,N,Y,41.317054,-73.3017989
MLS Listing,,Vacant Land,398 Judd Rd,Easton,CT,06612,225000,,,Aspetuck,,155509,,94,,,Active,,,http://www.redfin.com/CT/Easton/398-Judd-Rd-06612/home/107614851,Smart MLS,170269409,N,Y,41.3161495,-73.2921897
MLS Listing,,Single Family Residential,70 Tranquility Dr,Easton,CT,06612,925000,5,4.0,Easton,6009,131551,1998,95,154,,Active,,,http://www.redfin.com/CT/Easton/70-Tranquility-Dr-06612/home/107612507,Smart MLS,170267249,N,Y,41.2820695,-73.3134233
MLS Listing,,Single Family Residential,6 Lakeview Dr,Easton,CT,06612,799000,4,3.5,Lower Easton,4969,112384,1997,98,161,,Active,,,http://www.redfin.com/CT/Easton/6-Lake-View-Dr-06612/home/107612429,Smart MLS,170267211,N,Y,41.246181,-73.2604336
MLS Listing,,Vacant Land,394 Judd Rd,Easton,CT,06612,225000,,,Aspetuck,,248292,,106,,,Active,,,http://www.redfin.com/CT/Easton/394-Judd-Rd-06612/home/166897695,Smart MLS,170266054,N,Y,41.3159601,-73.2921164
MLS Listing,,Single Family Residential,175 Twin Lanes Rd,Easton,CT,06612,775000,4,4.0,Lower Easton,3958,155509,1978,108,196,,Active,,,http://www.redfin.com/CT/EASTON/175-TWIN-LANES-RD-06612/home/107614788,Smart MLS,170264612,N,Y,41.215063,-73.306292
MLS Listing,,Single Family Residential,4 Wells Hill Rd,Weston,CT,06883,1850000,6,7.0,Weston,6967,87991,2000,108,266,,Active,,,http://www.redfin.com/CT/Weston/4-Wells-Hill-Rd-06883/home/107010992,Smart MLS,170264980,N,Y,41.2289025,-73.324116
MLS Listing,,Single Family Residential,125 Judd Rd,Easton,CT,06612,1599000,5,5.0,Easton Center,10348,138956,2002,114,155,,Active,,,http://www.redfin.com/CT/Easton/125-Judd-Rd-06612/home/107615400,Smart MLS,170264012,N,Y,41.301033,-73.2863408
MLS Listing,,Single Family Residential,35 Fair Oak Dr,Easton,CT,06612,599900,4,3.0,Lower Easton,3131,40510,1965,114,192,,Active,,,http://www.redfin.com/CT/Easton/35-Fair-Oak-Dr-06612/home/107617983,Smart MLS,170263787,N,Y,41.227643,-73.269894
MLS Listing,,Single Family Residential,30 Beers Rd,Easton,CT,06612,574000,3,2.5,Lower Easton,2736,41817,1966,114,210,,Active,,,http://www.redfin.com/CT/Easton/30-Beers-Rd-06612/home/107612108,Smart MLS,170263783,N,Y,41.2391701,-73.2733341
MLS Listing,,Single Family Residential,930 Black Rock Tpke,Easton,CT,06612,489000,3,2.5,Aspetuck,1756,130680,1962,167,278,,Active,,,http://www.redfin.com/CT/Easton/930-Black-Rock-Tpke-06612/home/107614783,Smart MLS,170254435,N,Y,41.2690739,-73.3316995
MLS Listing,,Single Family Residential,300 Staples Rd,Easton,CT,06612,1150000,6,5.0,Easton Center,5158,130680,1966,172,223,,Active,,,http://www.redfin.com/CT/Easton/300-Staples-Rd-06612/home/107612750,Smart MLS,170250670,N,Y,41.2679026,-73.3183184
MLS Listing,,Single Family Residential,25 Fieldstone Dr,Easton,CT,06612,799000,5,5.0,Easton,4870,138085,1994,198,164,,Active,,,http://www.redfin.com/CT/Easton/25-Fieldstone-Dr-06612/home/107612745,Smart MLS,170246989,N,Y,41.3104769,-73.2753958
MLS Listing,,Vacant Land,45 Fensky Rd,Easton,CT,06612,199000,,,Lower Easton,,113256,,220,,38,Active,,,http://www.redfin.com/CT/Easton/45-Fensky-Rd-06612/home/145469600,Smart MLS,170240370,N,Y,41.232683,-73.2751517
MLS Listing,,Vacant Land,30 Fensky Rd,Easton,CT,06612,225000,,,Lower Easton,,95832,,220,,38,Active,,,http://www.redfin.com/CT/Easton/30-Fensky-Rd-06612/home/166916267,Smart MLS,170240283,N,Y,41.2332158,-73.2760023
MLS Listing,,Vacant Land,35 Fensky Rd,Easton,CT,06612,235000,,,Lower Easton,,45738,,220,,38,Active,,,http://www.redfin.com/CT/Easton/35-Fensky-Rd-06612/home/145469596,Smart MLS,170240070,N,Y,41.2331597,-73.2755516
MLS Listing,,Single Family Residential,418 Morehouse Rd,Easton,CT,06612,499000,4,3.5,Lower Easton,4736,130680,1979,221,105,,Active,,,http://www.redfin.com/CT/Easton/418-Morehouse-Rd-06612/home/107614980,Smart MLS,170240010,N,Y,41.2374259,-73.2837244
MLS Listing,,Single Family Residential,102 Bayberry Ln,Easton,CT,06612,795000,5,4.5,Easton,7760,134600,1986,221,102,,Active,,,http://www.redfin.com/CT/Easton/102-Bayberry-Ln-06612/home/107617786,Smart MLS,170239885,N,Y,41.2779896,-73.2809128
MLS Listing,,Single Family Residential,17 Lobdell Ln,Easton,CT,06612,460000,4,2.5,Easton Center,2541,141570,1949,224,181,,Active,,,http://www.redfin.com/CT/Easton/17-Lobdell-Ln-06612/home/107617885,Smart MLS,170238258,N,Y,41.2661116,-73.2844948
MLS Listing,,Single Family Residential,505 Sport Hill Rd,Easton,CT,06612,2500000,5,10.0,Sport Hill,8188,837658,1948,233,305,,Active,,,http://www.redfin.com/CT/Easton/505-Sport-Hill-Rd-06612/home/107612851,Smart MLS,170236958,N,Y,41.2523107,-73.2833707
MLS Listing,,Vacant Land,59 Tranquility Dr,Easton,CT,06612,199000,,,Easton Center,,135907,,239,,,Active,,,http://www.redfin.com/CT/Easton/59-Tranquility-Dr-06612/home/107618040,Smart MLS,170234975,N,Y,41.2816415,-73.3135434
MLS Listing,,Single Family Residential,240 Silver Hill Rd,Easton,CT,06612,650000,4,3.0,Easton,3564,186436,1951,242,182,,Active,,,http://www.redfin.com/CT/Easton/240-Silver-Hill-Rd-06612/home/107612722,Smart MLS,170231966,N,Y,41.2669805,-73.3194012
MLS Listing,,Single Family Residential,40 Sherwood Rd,Easton,CT,06612,1174000,4,4.0,Easton,5070,299692,1933,263,232,,Active,,,http://www.redfin.com/CT/Easton/40-Sherwood-Rd-06612/home/107612113,Smart MLS,170227148,N,Y,41.2913077,-73.2953357
MLS Listing,,Single Family Residential,43 Wedgewood Dr,Easton,CT,06612,549000,3,2.0,Lower Easton,2376,40075,1963,275,231,,Active,,,http://www.redfin.com/CT/Easton/43-Wedgewood-Dr-06612/home/107612818,Smart MLS,170224050,N,Y,41.2339206,-73.2570702
MLS Listing,,Single Family Residential,271 Center Rd,Easton,CT,06612,625000,4,3.5,Easton Center,4059,470883,1810,279,154,,Active,,,http://www.redfin.com/CT/Easton/271-Center-Rd-06612/home/107615251,Smart MLS,170222715,N,Y,41.2512653,-73.299747
MLS Listing,,Single Family Residential,100 Rock House Rd,Easton,CT,06612,499000,4,3.5,Easton,4306,135036,2006,302,116,,Active,,,http://www.redfin.com/CT/Easton/100-Rock-House-Rd-06612/home/107615313,Smart MLS,170215303,N,Y,41.3026599,-73.3024262
MLS Listing,,Single Family Residential,200 Redding Rd,Easton,CT,06612,1290000,4,4.5,Aspetuck,4507,138956,1940,312,286,,Active,,,http://www.redfin.com/CT/Easton/200-Redding-Rd-06612/home/107617705,Smart MLS,170211736,N,Y,41.2194596,-73.3223491
MLS Listing,,Single Family Residential,426 Judd Rd,Easton,CT,06612,849000,6,5.5,Easton,4324,131551,1936,326,196,,Active,,,http://www.redfin.com/CT/Easton/426-Judd-Rd-06612/home/107612524,Smart MLS,170207557,N,Y,41.3182402,-73.2920572
MLS Listing,,Single Family Residential,20 Gregory Farm Rd,Easton,CT,06612,729500,6,5.0,Lower Easton,6814,111513,1982,387,107,,Active,,,http://www.redfin.com/CT/Easton/20-Gregory-Farm-Rd-06612/home/107615462,Smart MLS,170180119,N,Y,41.2301185,-73.253338
MLS Listing,,Vacant Land,29 Bibbins Rd,Easton,CT,06612,165000,,,Easton Center,,160736,,449,,,Active,,,http://www.redfin.com/CT/Easton/29-Bibbins-Rd-06612/home/107612210,Smart MLS,170164135,N,Y,41.2681806,-73.2990417
MLS Listing,,Vacant Land,Lot 15 Adirondack Trl,Easton,CT,06612,359000,,,Lower Easton,,184258,,694,,,Active,,,http://www.redfin.com/CT/Easton/15-Adirondack-Trl-06612/home/107614855,Smart MLS,170095594,N,Y,41.2408212,-73.2465221
MLS Listing,,Vacant Land,Lot 5 Adirondack Trl,Easton,CT,06612,359000,,,Lower Easton,,426016,,694,,,Active,,,http://www.redfin.com/CT/Easton/5-Adirondack-Trl-06612/home/146045917,Smart MLS,170095144,N,Y,41.2429676,-73.2459945
MLS Listing,,Single Family Residential,360 Center Rd,Easton,CT,06612,1325000,3,2.5,Easton Center,3122,252212,1790,751,424,,Active,,,http://www.redfin.com/CT/Easton/360-Center-Rd-06612/home/107612952,Smart MLS,170073599,N,Y,41.2489967,-73.3083451
