SALE TYPE,SOLD DATE,PROPERTY TYPE,ADDRESS,CITY,STATE OR PROVINCE,ZIP OR POSTAL CODE,PRICE,BEDS,BATHS,LOCATION,SQUARE FEET,LOT SIZE,YEAR BUILT,DAYS ON MARKET,$/SQUARE FEET,HOA/MONTH,STATUS,NEXT OPEN HOUSE START TIME,NEXT OPEN HOUSE END TIME,URL (SEE http://www.redfin.com/buy-a-home/comparative-market-analysis FOR INFO ON PRICING),SOURCE,MLS#,FAVORITE,INTERESTED,LATITUDE,LONGITUDE
MLS Listing,,Single Family Residential,39 Laurel St,Enfield,CT,06082,179900,2,1.0,North Thompsonville,1323,16988,1956,1,136,,Active,,,http://www.redfin.com/CT/Enfield/39-Laurel-St-06082/home/53802004,Smart MLS,170293550,N,Y,42.0040382,-72.5888048
MLS Listing,,Single Family Residential,7 Pine Grove Ave,Enfield,CT,06082,174900,3,1.0,Enfield,992,12632,1962,1,176,,Active,,,http://www.redfin.com/CT/Enfield/7-Pine-Grove-Ave-06082/home/53812108,Smart MLS,170293101,N,Y,42.0131653,-72.5683355
MLS Listing,,Condo/Co-op,28 Brookside Vlg #28,Enfield,CT,06082,139900,2,1.5,North Thompsonville,1292,,1984,1,108,220,Active,,,http://www.redfin.com/CT/Enfield/28-Brookside-Vlg-06082/unit-28/home/53808992,Smart MLS,170293288,N,Y,42.0245784,-72.5778632
MLS Listing,,Single Family Residential,7 Virginia Ave,Enfield,CT,06082,149900,3,1.0,North Thompsonville,1434,5227,1928,1,105,,Active,,,http://www.redfin.com/CT/Enfield/7-Virginia-Ave-06082/home/53810469,Smart MLS,170288431,N,Y,42.0109551,-72.5948575
MLS Listing,,Condo/Co-op,213 Oldefield Farms #213,Enfield,CT,06082,159900,2,2.5,Hazardville,1341,,1985,2,119,270,Active,,,http://www.redfin.com/CT/Enfield/213-Oldefield-Farms-06082/unit-213/home/144529845,Smart MLS,170290832,N,Y,41.9886829,-72.5534952
MLS Listing,,Single Family Residential,11 Catalina Dr,Enfield,CT,06082,209900,3,2.0,Enfield,1710,14374,1956,2,123,,Active,,,http://www.redfin.com/CT/Enfield/11-Catalina-Dr-06082/home/53801604,Smart MLS,170287500,N,Y,42.0183363,-72.5942569
MLS Listing,,Condo/Co-op,125 Candlewood Dr #125,Enfield,CT,06082,159900,2,2.5,Enfield,1360,,1990,2,118,246,Active,,,http://www.redfin.com/CT/Enfield/125-Candlewood-Dr-06082/unit-125/home/171553878,Smart MLS,170291332,N,Y,42.0098248,-72.5486268
MLS Listing,,Single Family Residential,222 Elm St,Enfield,CT,06082,194900,5,2.0,Enfield,2639,45302,1983,2,74,,Active,,,http://www.redfin.com/CT/Enfield/222-Elm-St-06082/home/53804586,Smart MLS,170292592,N,Y,41.9998425,-72.5628829
MLS Listing,,Single Family Residential,51 Steele Rd,Enfield,CT,06082,329900,4,3.0,Enfield,2310,55756,1993,2,143,,Active,,,http://www.redfin.com/CT/Enfield/51-Steele-Rd-06082/home/53808373,Smart MLS,170290144,N,Y,41.9498326,-72.5750356
MLS Listing,,Condo/Co-op,6 The Hamlet Unit D,Enfield,CT,06082,144900,2,1.5,Enfield,1235,,1987,3,117,270,Active,,,http://www.redfin.com/CT/Enfield/6-The-Hamlet-06082/unit-D/home/53807862,Smart MLS,170292684,N,Y,41.966112,-72.602585
MLS Listing,,Single Family Residential,14 Standish St,Enfield,CT,06082,245000,3,1.0,Enfield,2137,14810,1962,3,115,,Active,,,http://www.redfin.com/CT/Enfield/14-Standish-St-06082/home/53808386,Smart MLS,170291894,N,Y,41.9465812,-72.5730044
MLS Listing,,Single Family Residential,340 Elm St,Enfield,CT,06082,279900,4,3.0,Hazardville,3349,43995,1977,3,84,,Active,,,http://www.redfin.com/CT/Enfield/340-Elm-St-06082/home/53805419,Smart MLS,170292756,N,Y,41.992691,-72.5519774
MLS Listing,,Single Family Residential,41 Spier Ave,Enfield,CT,06082,257900,3,2.0,Enfield,1464,6098,2020,3,176,,Active,,,http://www.redfin.com/CT/Enfield/41-Spier-Ave-06082/home/53800748,Smart MLS,170292613,N,Y,41.9850381,-72.5995584
MLS Listing,,Single Family Residential,19 Shaker Rd,Enfield,CT,06082,129900,3,1.0,Enfield,974,54885,1900,4,133,,Active,,,http://www.redfin.com/CT/Enfield/19-Shaker-Rd-06082/home/53804681,Smart MLS,170292498,N,Y,42.0024652,-72.5639804
MLS Listing,,Condo/Co-op,36 Elm Mdws #36,Enfield,CT,06082,189855,2,2.5,Enfield,1639,,1988,6,116,260,Active,,,http://www.redfin.com/CT/Enfield/36-Elm-Mdws-06082/unit-36/home/169732425,Smart MLS,170291981,N,Y,42.0009188,-72.5675836
MLS Listing,,Single Family Residential,8 Valley View Cir,Enfield,CT,06082,334900,3,2.5,Hazardville,1951,19166,1987,7,172,,Active,,,http://www.redfin.com/CT/Enfield/8-Valley-View-Cir-06082/home/53806865,Smart MLS,170291933,N,Y,41.9942458,-72.5351907
MLS Listing,,Single Family Residential,25 Copper Dr,Enfield,CT,06082,276900,4,1.5,Enfield,1632,12196,1976,7,170,,Active,,,http://www.redfin.com/CT/Enfield/25-Copper-Dr-06082/home/53810677,Smart MLS,170291633,N,Y,41.9543198,-72.5798615
MLS Listing,,Single Family Residential,87 Shaker Rd,Enfield,CT,06082,359900,4,2.0,Enfield,2380,283140,1966,8,151,,Active,,,http://www.redfin.com/CT/Enfield/87-Shaker-Rd-06082/home/109856684,Smart MLS,170291325,N,Y,42.007421,-72.552402
MLS Listing,,Condo/Co-op,173 Wynwood Dr #173,Enfield,CT,06082,174900,2,2.5,Enfield,1200,,1984,9,146,238,Active,,,http://www.redfin.com/CT/Enfield/173-Wynwood-Dr-06082/unit-173/home/53809524,Smart MLS,170289641,N,Y,41.9457241,-72.5692928
MLS Listing,,Single Family Residential,3 Stratton Cir #3,Enfield,CT,06082,252900,2,2.0,Enfield,1504,,1997,9,168,280,Active,,,http://www.redfin.com/CT/Enfield/3-Stratton-Cir-06082/unit-3/home/53799679,Smart MLS,170291250,N,Y,41.9794499,-72.5181679
MLS Listing,,Single Family Residential,10 Burnham St,Enfield,CT,06082,225000,3,2.5,Southwood Acres,1632,12632,1962,10,138,,Active,,,http://www.redfin.com/CT/Enfield/10-Burnham-St-06082/home/53802663,Smart MLS,170291063,N,Y,41.9469139,-72.5717549
MLS Listing,,Single Family Residential,1 Cranberry Holw #1,Enfield,CT,06082,126900,2,1.5,Enfield,1040,,1988,11,122,296,Active,,,http://www.redfin.com/CT/Enfield/1-Cranberry-Holw-06082/unit-1/home/170406487,Smart MLS,170290731,N,Y,42.0273043,-72.5397497
MLS Listing,,Single Family Residential,13 Bailey Rd,Enfield,CT,06082,389900,4,3.0,Enfield,3491,87991,1987,11,112,,Active,,,http://www.redfin.com/CT/Enfield/13-Bailey-Rd-06082/home/53807702,MLS PIN,72648228,N,Y,41.980291,-72.5116321
MLS Listing,,Condo/Co-op,13 Carriage HSE #13,Enfield,CT,06082,155000,2,1.5,Enfield,2128,,1988,11,73,381,Active,,,http://www.redfin.com/CT/Enfield/13-Carriage-House-06082/unit-13/home/145451344,Smart MLS,170289256,N,Y,41.9437398,-72.5768295
MLS Listing,,Single Family Residential,225 Shaker Rd,Enfield,CT,06082,299900,3,2.0,Enfield,2164,35719,1984,11,139,,Active,,,http://www.redfin.com/CT/Enfield/225-Shaker-Rd-06082/home/53806866,Smart MLS,170289755,N,Y,42.013479,-72.5299801
MLS Listing,,Single Family Residential,5 Belle Ave,Enfield,CT,06082,189500,3,1.0,Enfield,1200,10890,1953,14,158,,Active,,,http://www.redfin.com/CT/Enfield/5-Belle-Ave-06082/home/53809036,Smart MLS,170290114,N,Y,42.0139375,-72.5778542
MLS Listing,,Single Family Residential,58 Cottage Grn,Enfield,CT,06082,179999,3,2.0,Enfield,1595,9583,1840,15,113,,Active,,,http://www.redfin.com/CT/Enfield/58-Cottage-Grn-06082/home/53808333,MLS PIN,72646947,N,Y,41.9969968,-72.6022037
MLS Listing,,Single Family Residential,1 Francis Ave,Enfield,CT,06082,174900,3,1.0,Enfield,1586,9147,1946,18,110,,Active,,,http://www.redfin.com/CT/Enfield/1-Francis-Ave-06082/home/53801781,Smart MLS,170275029,N,Y,42.0101837,-72.5944879
MLS Listing,,Multi-Family (2-4 Unit),144 Pearl St,Enfield,CT,06082,229000,4,2.0,Thompsonville,2326,10890,1900,19,98,,Active,,,http://www.redfin.com/CT/Enfield/144-Pearl-St-06082/home/52283952,Smart MLS,170289040,N,Y,41.9926685,-72.5985443
MLS Listing,,Single Family Residential,200 South Rd,Enfield,CT,06082,160000,3,1.0,Southwood Acres,1365,12632,1951,19,117,,Active,,,http://www.redfin.com/CT/Enfield/200-S-Rd-06082/home/53801870,Smart MLS,170289021,N,Y,41.9765164,-72.5887124
MLS Listing,,Single Family Residential,487 Hazard Ave,Enfield,CT,06082,199900,2,1.0,Scitico,1424,29620,1890,24,140,,Active,May-9-2020 12:00 AM,May-9-2020 01:30 PM,http://www.redfin.com/CT/Enfield/487-Hazard-Ave-06082/home/53807454,Smart MLS,170288088,N,Y,41.9850269,-72.522678
MLS Listing,,Single Family Residential,10 Woodward Ave,Enfield,CT,06082,174900,4,1.0,Enfield,1897,6098,1945,25,92,,Active,,,http://www.redfin.com/CT/Enfield/10-Woodward-Ave-06082/home/53810538,Smart MLS,170287594,N,Y,41.9954214,-72.5930822
MLS Listing,,Single Family Residential,4 Riviera Dr,Enfield,CT,06082,239000,4,1.5,Enfield,1818,17859,1962,28,131,,Active,,,http://www.redfin.com/CT/Enfield/4-Riviera-Dr-06082/home/53802929,Smart MLS,170287261,N,Y,41.9989316,-72.5793097
MLS Listing,,Single Family Residential,31 Union Street Ext,Enfield,CT,06082,130000,3,1.0,Enfield,1288,10018,1949,30,101,,Active,,,http://www.redfin.com/CT/Enfield/31-Union-St-Ext-06082/home/53808235,Smart MLS,170286778,N,Y,42.0037326,-72.5984913
MLS Listing,,Single Family Residential,1 Varno Ln,Enfield,CT,06082,159900,3,1.0,Enfield,1008,13068,1961,31,159,,Active,,,http://www.redfin.com/CT/Enfield/1-Varno-Ln-06082/home/53803905,Smart MLS,170286840,N,Y,42.0190044,-72.5667644
MLS Listing,,Multi-Family (2-4 Unit),1-3 Keller Ave,Enfield,CT,06082,174900,6,2.0,Thompsonville,3640,5227,1912,34,48,,Active,,,http://www.redfin.com/CT/Enfield/13-Keller-Ave-06082/home/53801356,Smart MLS,170286044,N,Y,41.9953809,-72.6021856
MLS Listing,,Single Family Residential,60 School St,Enfield,CT,06082,349900,4,3.5,Hazardville,2179,137214,1930,35,161,,Active,,,http://www.redfin.com/CT/Enfield/60-School-St-06082/home/53807005,Smart MLS,170286194,N,Y,41.9917544,-72.5358955
MLS Listing,,Single Family Residential,180 Post Office Rd,Enfield,CT,06082,225000,3,2.0,Enfield,1596,20908,1959,35,141,,Active,,,http://www.redfin.com/CT/Enfield/180-Post-Office-Rd-06082/home/53811697,Smart MLS,170285648,N,Y,41.9559385,-72.5683817
MLS Listing,,Condo/Co-op,14 Candlewood Dr #14,Enfield,CT,06082,165000,2,1.5,Enfield,1355,,1986,39,122,245,Active,,,http://www.redfin.com/CT/Enfield/14-Candlewood-Dr-06082/unit-14/home/53805776,Smart MLS,170284778,N,Y,42.0084275,-72.5488038
MLS Listing,,Single Family Residential,15 Ryefield Dr,Enfield,CT,06082,329000,3,2.5,Enfield,2229,16117,1986,47,148,,Active,May-16-2020 01:00 PM,May-16-2020 02:30 PM,http://www.redfin.com/CT/Enfield/15-Ryefield-Dr-06082/home/53806694,Smart MLS,170283527,N,Y,41.9955148,-72.5375916
MLS Listing,,Single Family Residential,9 Marshall Dr,Enfield,CT,06082,214900,3,1.5,Enfield,2004,12632,1959,49,107,,Active,,,http://www.redfin.com/CT/Enfield/9-Marshall-Dr-06082/home/53811234,Smart MLS,170282901,N,Y,42.0020252,-72.5727714
MLS Listing,,Townhouse,86 The Laurels #86,Enfield,CT,06082,210000,2,2.5,Enfield,1436,,1987,52,146,283,Active,,,http://www.redfin.com/CT/Enfield/86-The-Laurels-06082/unit-86/home/91183282,MLS PIN,72634850,N,Y,42.0141353,-72.542698
MLS Listing,,Single Family Residential,13 Susan Cir,Enfield,CT,06082,254900,3,1.5,Enfield,2869,24829,1987,54,89,,Active,,,http://www.redfin.com/CT/Enfield/13-Susan-Cir-06082/home/53809537,Smart MLS,170281730,N,Y,41.9503313,-72.5495744
MLS Listing,,Single Family Residential,52 South Rd,Enfield,CT,06082,184900,3,1.5,Hazardville,1802,44866,1950,57,103,,Active,,,http://www.redfin.com/CT/Enfield/52-S-Rd-06082/home/53805657,Smart MLS,170281086,N,Y,41.9826897,-72.5553045
MLS Listing,,Single Family Residential,6 Salerno Dr,Enfield,CT,06082,379900,5,2.5,Hazardville,2943,43995,2005,59,129,,Active,,,http://www.redfin.com/CT/Enfield/6-Salerno-Dr-06082/home/53807673,Smart MLS,170280109,N,Y,41.9675361,-72.5200814
MLS Listing,,Vacant Land,54 Pearl St,Enfield,CT,06082,34000,,,Thompsonville,,4791,,60,,,Active,,,http://www.redfin.com/CT/Enfield/54-Pearl-St-06082/home/53801304,Smart MLS,170279267,N,Y,41.9968532,-72.5996322
MLS Listing,,Single Family Residential,28 Betty Rd,Enfield,CT,06082,180000,4,1.0,Enfield,1296,12632,1966,60,139,,Active,,,http://www.redfin.com/CT/Enfield/28-Betty-Rd-06082/home/53804259,Smart MLS,170279695,N,Y,42.014053,-72.5634374
MLS Listing,,Single Family Residential,97 Cottage Rd,Enfield,CT,06082,399900,3,2.0,Shaker Pines Lake,1453,10454,1930,66,275,,Active,,,http://www.redfin.com/CT/Enfield/97-Cottage-Rd-06082/home/53806748,Smart MLS,170276904,N,Y,42.0255043,-72.5357092
MLS Listing,,Single Family Residential,506 George Washington Rd,Enfield,CT,06082,239900,4,2.0,Enfield,1547,24393,1987,68,155,,Active,,,http://www.redfin.com/CT/Enfield/506-George-Washington-Rd-06082/home/53803934,Smart MLS,170276696,N,Y,42.0246579,-72.5593826
MLS Listing,,Condo/Co-op,63 Oldefield Farms #63,Enfield,CT,06082,169900,2,2.5,Hazardville,1841,,1983,71,92,275,Active,,,http://www.redfin.com/CT/Enfield/63-Oldefield-Farms-06082/unit-63/home/170680702,Smart MLS,170275786,N,Y,41.9872174,-72.553199
MLS Listing,,Single Family Residential,1445 Enfield St Unit A,Enfield,CT,06082,347000,3,2.5,Enfield,3396,29620,1967,71,102,,Active,,,http://www.redfin.com/CT/Enfield/1445-Enfield-St-06082/unit-A/home/53800577,Smart MLS,170275961,N,Y,41.9665295,-72.5924895
MLS Listing,,Single Family Residential,2 Broadbrook Rd,Enfield,CT,06082,74900,0,1.0,Scitico,2187,11325,1850,72,34,,Active,,,http://www.redfin.com/CT/Enfield/2-Broadbrook-Rd-06082/home/170671044,Smart MLS,170275765,N,Y,41.9839079,-72.5163753
MLS Listing,,Multi-Family (2-4 Unit),67 College St,Enfield,CT,06082,289900,8,4.0,Thompsonville,3444,13939,1890,75,84,,Active,,,http://www.redfin.com/CT/Enfield/67-College-St-06082/home/53801018,Smart MLS,170274809,N,Y,42.0016063,-72.5992485
MLS Listing,,Condo/Co-op,49 Copley Cir Dr #49,Enfield,CT,06082,379900,2,2.0,Hazardville,1554,,2020,78,244,260,Active,,,http://www.redfin.com/CT/Enfield/49-Circle-Dr-06082/unit-49/home/170603456,Smart MLS,170274109,N,Y,42.0089777,-72.5546863
MLS Listing,,Condo/Co-op,48 Copley Cir Dr #48,Enfield,CT,06082,379900,2,2.0,Hazardville,1554,,2020,78,244,260,Active,,,http://www.redfin.com/CT/Enfield/48-Circle-Dr-06082/unit-48/home/170603414,Smart MLS,170274105,N,Y,42.0087447,-72.5547113
MLS Listing,,Condo/Co-op,42 Copley Cir Dr #42,Enfield,CT,06082,379900,2,2.0,Hazardville,1554,,2020,78,244,260,Active,,,http://www.redfin.com/CT/Enfield/42-Circle-Dr-06082/unit-42/home/170603413,Smart MLS,170274101,N,Y,42.0087259,-72.5547542
MLS Listing,,Condo/Co-op,41 Copley Cir Dr #41,Enfield,CT,06082,394900,2,2.0,Hazardville,1874,,2020,78,211,260,Active,,,http://www.redfin.com/CT/Enfield/41-Circle-Dr-06082/unit-41/home/170603412,Smart MLS,170274095,N,Y,42.0091345,-72.554854
MLS Listing,,Condo/Co-op,47 Meacham Dr #47,Enfield,CT,06082,379900,2,2.0,Hazardville,1554,,2020,78,244,260,Active,,,http://www.redfin.com/CT/Enfield/47-Meacham-Dr-06082/unit-47/home/170603409,Smart MLS,170274102,N,Y,42.0031428,-72.5115927
MLS Listing,,Condo/Co-op,49 Copley Cir #49,Enfield,CT,06082,379900,2,2.0,Enfield,1544,,,78,246,260,Active,,,http://www.redfin.com/CT/Enfield/49-Copley-CIR-06082/unit-49/home/166941288,MLS PIN,72621974,N,Y,42.003157,-72.510757
MLS Listing,,Condo/Co-op,47 Copley Cir #47,Enfield,CT,06082,379900,2,2.0,Enfield,1544,,,78,246,260,Active,,,http://www.redfin.com/CT/Enfield/47-Copley-CIR-06082/unit-47/home/170603268,MLS PIN,72621973,N,Y,42.0027181,-72.5441445
MLS Listing,,Condo/Co-op,48 Copley Cir #48,Enfield,CT,06082,379900,2,2.0,Enfield,1544,,,78,246,260,Active,,,http://www.redfin.com/CT/Enfield/48-Copley-CIR-06082/unit-48/home/170603267,MLS PIN,72621972,N,Y,42.0027181,-72.5441445
MLS Listing,,Condo/Co-op,42 Copley Cir #42,Enfield,CT,06082,379900,2,2.0,Enfield,1544,,,78,246,260,Active,,,http://www.redfin.com/CT/Enfield/42-Copley-CIR-06082/unit-42/home/170603265,MLS PIN,72621971,N,Y,42.0027181,-72.5441445
MLS Listing,,Condo/Co-op,41 Copley Cir #41,Enfield,CT,06082,394900,2,2.0,Enfield,1874,,,78,211,260,Active,,,http://www.redfin.com/CT/Enfield/41-Copley-CIR-06082/unit-41/home/170603262,MLS PIN,72621970,N,Y,42.0027181,-72.5441445
MLS Listing,,Condo/Co-op,39 Meacham Dr #39,Enfield,CT,06082,379900,2,2.0,Enfield,1544,,,78,246,260,Active,,,http://www.redfin.com/CT/Enfield/39-Meacham-Dr-06082/unit-39/home/166941287,MLS PIN,72621969,N,Y,42.0031428,-72.5115927
MLS Listing,,Condo/Co-op,38 Meacham Dr #38,Enfield,CT,06082,394900,2,2.0,Enfield,1893,,,78,209,260,Active,,,http://www.redfin.com/CT/Enfield/38-Meacham-Dr-06082/unit-38/home/170603260,MLS PIN,72621968,N,Y,42.0031428,-72.5115927
MLS Listing,,Condo/Co-op,37 Meacham Dr #37,Enfield,CT,06082,399900,2,2.0,Enfield,2054,,,78,195,260,Active,,,http://www.redfin.com/CT/Enfield/37-Meacham-Dr-06082/unit-37/home/170603259,MLS PIN,72621967,N,Y,42.0031428,-72.5115927
MLS Listing,,Condo/Co-op,36 Meacham Dr #36,Enfield,CT,06082,379900,2,2.0,Enfield,1554,,,78,244,260,Active,,,http://www.redfin.com/CT/Enfield/36-Meacham-Dr-06082/unit-36/home/166940480,MLS PIN,72621966,N,Y,42.0031428,-72.5115927
MLS Listing,,Condo/Co-op,35 Meacham Dr #35,Enfield,CT,06082,394900,2,2.0,Enfield,1874,,,78,211,260,Active,,,http://www.redfin.com/CT/Enfield/35-Meacham-Dr-06082/unit-35/home/166940479,MLS PIN,72621965,N,Y,42.0031428,-72.5115927
MLS Listing,,Condo/Co-op,34 Meacham Dr #34,Enfield,CT,06082,394900,2,2.0,Enfield,1893,,,78,209,260,Active,,,http://www.redfin.com/CT/Enfield/34-Meacham-Dr-06082/unit-34/home/170603258,MLS PIN,72621964,N,Y,42.0031428,-72.5115927
MLS Listing,,Condo/Co-op,33 Meacham Dr #33,Enfield,CT,06082,399900,2,2.0,Enfield,2054,,,78,195,260,Active,,,http://www.redfin.com/CT/Enfield/33-Meacham-Dr-06082/unit-33/home/166935154,MLS PIN,72621962,N,Y,42.0031428,-72.5115927
MLS Listing,,Single Family Residential,7 Birchwood Rd,Enfield,CT,06082,274995,4,1.0,Enfield,1992,17424,1966,88,138,,Active,,,http://www.redfin.com/CT/Enfield/7-Birchwood-Rd-06082/home/53805823,Smart MLS,170269619,N,Y,42.0142211,-72.5570605
MLS Listing,,Single Family Residential,59 Yale Dr,Enfield,CT,06082,199900,4,3.0,Enfield,2297,11761,1955,95,87,,Active,,,http://www.redfin.com/CT/Enfield/59-Yale-Dr-06082/home/53800370,Smart MLS,170269053,N,Y,41.9697908,-72.602481
MLS Listing,,Single Family Residential,2 Martin Ter,Enfield,CT,06082,95000,3,1.5,Hazardville,1494,13939,1940,100,64,,Active,,,http://www.redfin.com/CT/Enfield/2-Martin-Ter-06082/home/53805442,Smart MLS,170267810,N,Y,41.9875881,-72.5472754
MLS Listing,,Vacant Land,0 Broadbrook Rd,Enfield,CT,06082,399900,,,Enfield,,1533747,,100,,,Active,,,http://www.redfin.com/CT/ENFIELD/BROADBROOK-RD-06082/home/53807300,MLS PIN,72613064,N,Y,41.969182,-72.515831
MLS Listing,,Vacant Land,0 Broadbrook (MBL 089/0047) Rd,Enfield,CT,06082,399900,,,Hazardville,,1533747,,101,,,Active,,,http://www.redfin.com/CT/ENFIELD/BROADBROOK-RD-06082/home/53807117,Smart MLS,170266896,N,Y,41.951743,-72.527979
MLS Listing,,Condo/Co-op,84 The Laurels #84,Enfield,CT,06082,265000,2,2.5,Enfield,1436,,1985,106,185,283,Active,,,http://www.redfin.com/CT/Enfield/84-The-Laurels-06082/unit-84/home/170399646,Smart MLS,170265782,N,Y,42.0141356,-72.5426848
MLS Listing,,Single Family Residential,10 Hayfield Cir,Enfield,CT,06082,314900,3,2.5,Enfield,1532,33976,1983,108,206,,Active,,,http://www.redfin.com/CT/Enfield/10-Hayfield-Cir-06082/home/53806286,Smart MLS,170264145,N,Y,41.9569109,-72.5377902
MLS Listing,,Single Family Residential,133 Pearl St,Enfield,CT,06082,180000,5,2.0,Thompsonville,3094,10018,1940,109,58,,Active,,,http://www.redfin.com/CT/Enfield/133-Pearl-St-06082/home/53801183,Smart MLS,170265268,N,Y,41.993328,-72.5981953
MLS Listing,,Vacant Land,305 George Washington Rd,Enfield,CT,06082,63900,,,Enfield,,45738,,113,,,Active,,,http://www.redfin.com/CT/Enfield/305-George-Washington-Rd-06082/home/167961587,Smart MLS,170264353,N,Y,42.0052842,-72.5603122
MLS Listing,,Single Family Residential,11 Meeting House Ln,Enfield,CT,06082,399900,4,2.5,Enfield,2187,43124,2020,113,183,,Active,,,http://www.redfin.com/CT/Enfield/11-Meetinghouse-Ln-06082/home/53799963,Smart MLS,170264330,N,Y,41.9762516,-72.6033179
MLS Listing,,Single Family Residential,11 Oak St,Enfield,CT,06082,225000,4,3.0,Enfield,2108,15681,1862,119,107,,Active,,,http://www.redfin.com/CT/Enfield/11-Oak-St-06082/home/53806998,Smart MLS,170262502,N,Y,41.9882702,-72.534278
MLS Listing,,Vacant Land,000 Southview St,Enfield,CT,06082,34900,,,Hazardville,,20473,,120,,,Active,,,http://www.redfin.com/CT/ENFIELD/SOUTHVIEW-ST-06082/home/53799580,Smart MLS,170262427,N,Y,41.986254,-72.543441
MLS Listing,,Vacant Land,92 Post Office Rd,Enfield,CT,06082,59900,,,Enfield,,59673,,123,,,Active,,,http://www.redfin.com/CT/Enfield/92-Post-Office-Rd-06082/home/53801866,MLS PIN,72604789,N,Y,41.9648177,-72.5822473
MLS Listing,,Vacant Land,75 Oliver Rd,Enfield,CT,06082,84900,,,Enfield,,337128,,123,,,Active,,,http://www.redfin.com/CT/Enfield/75-Oliver-Rd-06082/home/53799539,MLS PIN,72604774,N,Y,41.9635518,-72.5802599
MLS Listing,,Vacant Land,59 Garden St,Enfield,CT,06082,39900,,,Enfield,,5985,,123,,,Active,,,http://www.redfin.com/CT/Enfield/59-Garden-St-06082/home/53808311,MLS PIN,72604744,N,Y,41.991628,-72.596699
MLS Listing,,Single Family Residential,2 Hillside Ave,Enfield,CT,06082,159900,3,1.0,Enfield,1689,10018,1949,123,95,,Active,,,http://www.redfin.com/CT/Enfield/2-Hillside-Ave-06082/home/53807769,Smart MLS,170261248,N,Y,41.9872714,-72.5967057
MLS Listing,,Single Family Residential,3 Sparkle St,Enfield,CT,06082,259900,4,2.0,Enfield,1726,12632,1970,127,151,,Active,,,http://www.redfin.com/CT/Enfield/3-Sparkle-St-06082/home/53805047,MLS PIN,72602781,N,Y,41.9587669,-72.5648237
MLS Listing,,Vacant Land,0 Hazard Ave,Enfield,CT,06082,199900,,,Enfield,,500504,,172,,,Active,,,http://www.redfin.com/CT/Enfield/111-Hazard-Ave-06082/home/171543867,Smart MLS,170249083,N,Y,41.9891517,-72.5652173
MLS Listing,,Multi-Family (2-4 Unit),73 Park Ave,Enfield,CT,06082,309900,8,3.0,Enfield,3629,5227,1920,180,85,,Active,,,http://www.redfin.com/CT/Enfield/73-Park-Ave-06082/home/53802056,Smart MLS,170251483,N,Y,42.0002774,-72.5893824
MLS Listing,,Single Family Residential,137 Elm St,Enfield,CT,06082,179000,3,1.0,Enfield,1212,12632,1970,183,148,,Active,,,http://www.redfin.com/CT/Enfield/137-Elm-St-06082/home/53802970,Smart MLS,170251071,N,Y,41.9985195,-72.5772715
MLS Listing,,Condo/Co-op,44 Brookside Vlg #44,Enfield,CT,06082,140000,2,1.5,North Thompsonville,1692,,1984,183,83,365,Active,,,http://www.redfin.com/CT/Enfield/44-Brookside-Vlg-06082/unit-44/home/169730906,Smart MLS,170251022,N,Y,42.0245394,-72.5773296
MLS Listing,,Single Family Residential,7 Jondot Dr,Enfield,CT,06082,296600,3,2.0,Enfield,2115,13068,2019,183,140,,Active,,,http://www.redfin.com/CT/Enfield/7-Jandot-ST-06082/home/169730157,Smart MLS,170250945,N,Y,42.022266,-72.541437
MLS Listing,,Vacant Land,0 Town Farm Rd,Enfield,CT,06082,425900,,,Enfield,,3530538,,200,,,Active,,,http://www.redfin.com/CT/ENFIELD/TOWN-FARM-RD-06082/home/53806279,Smart MLS,170245876,N,Y,41.958451,-72.541169
MLS Listing,,Single Family Residential,292 N Maple St Lot 2,Enfield,CT,06082,297900,3,2.0,Enfield,2115,14810,2019,231,141,,Active,,,http://www.redfin.com/CT/Enfield/292-N-Maple-St-06082/unit-2/home/169219293,Smart MLS,170237521,N,Y,42.0220586,-72.5421704
MLS Listing,,Single Family Residential,12 Drummond Rd,Enfield,CT,06082,255000,3,1.5,Enfield,1576,21780,1966,231,162,,Active,,,http://www.redfin.com/CT/Enfield/12-Drummond-Rd-06082/home/53810323,Smart MLS,170236633,N,Y,42.0119596,-72.5817941
MLS Listing,,Single Family Residential,16 Willard Dr,Enfield,CT,06082,160000,3,1.0,Enfield,1056,14810,1959,235,152,,Active,,,http://www.redfin.com/CT/Enfield/16-Willard-Dr-06082/home/53808202,Smart MLS,170235906,N,Y,41.987697,-72.5071027
MLS Listing,,Vacant Land,33 Elm St,Enfield,CT,06082,25000,,,Enfield,,15245,,262,,,Active,,,http://www.redfin.com/CT/Enfield/33-Elm-St-06082/home/53801950,Smart MLS,170226811,N,Y,41.9984951,-72.590844
MLS Listing,,Vacant Land,0 Elm Ave,Enfield,CT,06082,25000,,,Enfield,,8276,,338,,,Active,,,http://www.redfin.com/CT/ENFIELD/ELM-AVE-06082/home/53803622,Smart MLS,170203025,N,Y,42.024283,-72.579365
MLS Listing,,Vacant Land,0 Booth Rd,Enfield,CT,06082,30000,,,Enfield,,8276,,338,,,Active,,,http://www.redfin.com/CT/ENFIELD/BOOTH-RD-06082/home/53803620,Smart MLS,170203010,N,Y,42.023776,-72.579368
MLS Listing,,Single Family Residential,3 Autumn Dr,Enfield,CT,06082,339900,5,2.5,Enfield,2808,40075,1991,396,121,,Active,,,http://www.redfin.com/CT/Enfield/3-Autumn-Dr-06082/home/53805536,Smart MLS,170180097,N,Y,41.9479151,-72.5637147
MLS Listing,,Vacant Land,286 Broadbrook Rd,Enfield,CT,06082,49900,,,Enfield,,30491,,426,,,Active,,,http://www.redfin.com/CT/Enfield/286-Broad-Brook-Rd-06082/home/53799706,Smart MLS,170171013,N,Y,41.9488391,-72.5274395
MLS Listing,,Vacant Land,84 Simon Rd,Enfield,CT,06082,110000,,,Enfield,,123710,,631,,,Active,,,http://www.redfin.com/CT/Enfield/84-Simon-Rd-06082/home/144512211,Smart MLS,170116365,N,Y,41.9428031,-72.5607843
