SALE TYPE,SOLD DATE,PROPERTY TYPE,ADDRESS,CITY,STATE OR PROVINCE,ZIP OR POSTAL CODE,PRICE,BEDS,BATHS,LOCATION,SQUARE FEET,LOT SIZE,YEAR BUILT,DAYS ON MARKET,$/SQUARE FEET,HOA/MONTH,STATUS,NEXT OPEN HOUSE START TIME,NEXT OPEN HOUSE END TIME,URL (SEE http://www.redfin.com/buy-a-home/comparative-market-analysis FOR INFO ON PRICING),SOURCE,MLS#,FAVORITE,INTERESTED,LATITUDE,LONGITUDE
MLS Listing,,Single Family Residential,2606 Congress St,Fairfield,CT,06824,910000,4,3.5,Greenfield Hill,4400,162478,2008,99,207,,Active,,,http://www.redfin.com/CT/Fairfield/2606-Congress-St-06824/home/107141928,Smart MLS,170265520,N,Y,41.1927836,-73.2801527
MLS Listing,,Single Family Residential,58 Smith St,Fairfield,CT,06824,649000,3,1.5,Beach,1678,4791,1907,1,387,,Active,,,http://www.redfin.com/CT/Fairfield/58-Smith-St-06824/home/107130387,Smart MLS,170293380,N,Y,41.1382129,-73.2539255
MLS Listing,,Vacant Land,400 Bronson Rd,Fairfield,CT,06890,299900,,,Southport,,16552,,1,,,Active,,,http://www.redfin.com/CT/Southport/400-Bronson-Rd-06890/home/109704086,Smart MLS,170292630,N,Y,41.144194,-73.274394
MLS Listing,,Single Family Residential,502 Pemburn Dr,Fairfield,CT,06824,775000,4,2.5,University,2950,9583,2003,1,263,,Active,,,http://www.redfin.com/CT/Fairfield/502-Pemburn-Dr-06824/home/107136174,Smart MLS,170292978,N,Y,41.1719007,-73.2521516
MLS Listing,,Single Family Residential,52 Berkeley Rd,Fairfield,CT,06825,350000,3,1.5,Fairfield,1337,4791,1971,2,262,,Active,,,http://www.redfin.com/CT/Fairfield/52-Berkeley-Rd-06825/home/107145204,Smart MLS,170292811,N,Y,41.1818123,-73.2288703
MLS Listing,,Single Family Residential,270 James St,Fairfield,CT,06824,1099000,4,3.5,Beach,3100,7405,2012,2,355,,Active,,,http://www.redfin.com/CT/Fairfield/270-James-St-06824/home/107125552,Smart MLS,170292488,N,Y,41.132392,-73.256379
MLS Listing,,Single Family Residential,3205 Redding Rd,Fairfield,CT,06824,895000,5,4.5,Greenfield Hill,3500,96703,1966,2,256,,Active,,,http://www.redfin.com/CT/Fairfield/3205-Redding-Rd-06824/home/107147507,Smart MLS,170284560,N,Y,41.2021935,-73.3131617
MLS Listing,,Single Family Residential,1492 Fairfield Beach Rd,Fairfield,CT,06824,2269000,4,5.5,Beach,3700,12632,2021,2,613,,Active,,,http://www.redfin.com/CT/Fairfield/1492-Fairfield-Beach-Rd-06824/home/107133186,Smart MLS,170292156,N,Y,41.1248174,-73.2552495
MLS Listing,,Single Family Residential,190 Governors Ln,Fairfield,CT,06824,1149000,4,4.0,Greenfield Hill,5240,99752,1990,2,219,,Active,,,http://www.redfin.com/CT/Fairfield/190-Governors-Ln-06824/home/107124829,Smart MLS,170285314,N,Y,41.1658284,-73.2878002
MLS Listing,,Single Family Residential,260 Soundview Ave,Fairfield,CT,06825,318900,2,1.0,Tunxis Hill,987,4791,1938,2,323,,Active,,,http://www.redfin.com/CT/Fairfield/260-Soundview-Ave-06825/home/107128938,Smart MLS,170292936,N,Y,41.1763417,-73.2347619
MLS Listing,,Single Family Residential,2278 Hillside Rd,Fairfield,CT,06824,949000,5,5.0,Greenfield Hill,8022,88426,1996,3,118,,Active,,,http://www.redfin.com/CT/Fairfield/2278-Hillside-Rd-06824/home/107123814,Smart MLS,170292765,N,Y,41.1892555,-73.2928996
MLS Listing,,Single Family Residential,225 Dunham Rd,Fairfield,CT,06824,799000,4,2.5,Greenfield Hill,3460,135036,1952,3,231,,Active,,,http://www.redfin.com/CT/Fairfield/225-Dunham-Rd-06824/home/107134159,Smart MLS,170291285,N,Y,41.1776604,-73.2982115
MLS Listing,,Single Family Residential,155 Federal St #155,Fairfield,CT,06825,428900,3,3.5,Stratfield,2089,,1997,3,205,379,Active,,,http://www.redfin.com/CT/Fairfield/155-Federal-St-06825/unit-155/home/166816924,Smart MLS,170292674,N,Y,41.2222969,-73.254276
MLS Listing,,Single Family Residential,219 Toilsome Hill Rd,Fairfield,CT,06825,789000,5,3.0,Stratfield,3125,20037,1929,3,252,,Active,,,http://www.redfin.com/CT/Fairfield/219-Toilsome-Hill-Rd-06825/home/107138646,Smart MLS,170292465,N,Y,41.1998954,-73.225875
MLS Listing,,Single Family Residential,245 High Ridge Rd,Fairfield,CT,06825,489000,3,2.0,Fairfield Woods,1664,20037,1953,3,294,,Active,,,http://www.redfin.com/CT/Fairfield/245-High-Ridge-Rd-06825/home/107145229,Smart MLS,170284044,N,Y,41.1898145,-73.2524325
MLS Listing,,Condo/Co-op,245 Unquowa Rd #118,Fairfield,CT,06824,355000,2,2.0,Center,1365,,1964,3,260,330,Active,,,http://www.redfin.com/CT/Fairfield/245-Unquowa-Rd-06824/unit-118/home/107147275,Smart MLS,170292136,N,Y,41.1438989,-73.2581883
MLS Listing,,Single Family Residential,320 Warner Hill Rd,Fairfield,CT,06890,1249000,5,2.5,Southport,3434,64468,1958,3,364,,Active,,,http://www.redfin.com/CT/Southport/320-Warner-Hill-Rd-06890/home/107124817,Smart MLS,170292566,N,Y,41.1569081,-73.2809128
MLS Listing,,Single Family Residential,91 Labbance Ln,Fairfield,CT,06824,849000,4,3.0,Greenfield Hill,4150,91476,1981,4,205,,Active,,,http://www.redfin.com/CT/Fairfield/91-Labbance-Ln-06824/home/107136587,Smart MLS,170292244,N,Y,41.1761982,-73.311542
MLS Listing,,Single Family Residential,180 Morning Dew Cir,Fairfield,CT,06824,1300000,5,5.0,Greenfield Hill,7302,135471,1996,4,178,375,Active,,,http://www.redfin.com/CT/Fairfield/180-Morning-Dew-Cir-06824/home/107138547,Smart MLS,170291901,N,Y,41.1883646,-73.3290807
MLS Listing,,Single Family Residential,109 Brooklawn Ter,Fairfield,CT,06825,419900,3,1.5,Stratfield,1346,8712,1953,4,312,,Active,,,http://www.redfin.com/CT/Fairfield/109-Brooklawn-Ter-06825/home/107124069,Smart MLS,170292385,N,Y,41.1943164,-73.221071
MLS Listing,,Single Family Residential,189 Veres St,Fairfield,CT,06824,1249999,4,3.5,Beach,3491,22215,2013,4,358,,Active,,,http://www.redfin.com/CT/Fairfield/189-Veres-St-06824/home/107132760,Smart MLS,170291223,N,Y,41.1327444,-73.2543172
MLS Listing,,Single Family Residential,580 Sasco Hill Rd,Fairfield,CT,06824,3495000,5,4.0,Sasco,4289,79279,1937,4,815,,Active,,,http://www.redfin.com/CT/Fairfield/580-Sasco-Hill-Rd-06824/home/107136422,Smart MLS,170291322,N,Y,41.131995,-73.2733572
MLS Listing,,Single Family Residential,770 Old Academy+1386 Hillside Rd,Fairfield,CT,06824,2999000,6,7.5,Greenfield Hill,6949,251776,1900,5,432,,Active,,,http://www.redfin.com/CT/Fairfield/1386-Hillside-Rd-06824/home/107141093,Smart MLS,170292185,N,Y,41.1785501,-73.2912978
MLS Listing,,Single Family Residential,220 Catherine Ter,Fairfield,CT,06824,978000,4,2.5,Beach,2088,6098,1955,5,468,,Active,,,http://www.redfin.com/CT/Fairfield/220-Catherine-Ter-06824/home/107135468,Smart MLS,170292119,N,Y,41.1362914,-73.2555958
MLS Listing,,Condo/Co-op,245 Unquowa Rd #59,Fairfield,CT,06824,249000,2,1.0,Center,979,,1964,6,254,280,Active,,,http://www.redfin.com/CT/Fairfield/245-Unquowa-Rd-06824/unit-59/home/107148473,Smart MLS,170291978,N,Y,41.1438989,-73.2581883
MLS Listing,,Single Family Residential,97 Myren St,Fairfield,CT,06824,1875000,3,3.5,Beach,3580,10018,1984,7,524,,Active,,,http://www.redfin.com/CT/Fairfield/97-Myren-St-06824/home/107132819,Smart MLS,170291112,N,Y,41.140026,-73.239607
MLS Listing,,Single Family Residential,331 Stratfield Rd,Fairfield,CT,06825,525000,5,2.5,Stratfield,2617,13503,1923,7,201,,Active,,,http://www.redfin.com/CT/Fairfield/331-Stratfield-Rd-06825/home/107146767,Smart MLS,170290624,N,Y,41.1914029,-73.223306
MLS Listing,,Single Family Residential,41 Oakwood Dr,Fairfield,CT,06824,639900,3,3.0,University,1813,9147,1948,7,353,,Active,,,http://www.redfin.com/CT/Fairfield/41-Oakwood-Dr-06824/home/107146937,Smart MLS,170289948,N,Y,41.1741351,-73.2442609
MLS Listing,,Single Family Residential,400 Cascade Dr,Fairfield,CT,06825,539000,5,3.0,Lake Mohegan,2500,20473,1965,7,216,,Active,,,http://www.redfin.com/CT/Fairfield/400-Cascade-Dr-06825/home/107147261,Smart MLS,170284152,N,Y,41.2053315,-73.2597425
MLS Listing,,Single Family Residential,41 River Ln,Fairfield,CT,06890,1395000,4,3.5,Southport,3056,28749,1995,7,456,,Active,,,http://www.redfin.com/CT/Southport/41-River-Ln-06890/home/107132205,Smart MLS,170290568,N,Y,41.138823,-73.2749006
MLS Listing,,Single Family Residential,26 Pickwick St,Fairfield,CT,06825,325000,2,1.0,Tunxis Hill,1082,4356,1940,7,300,,Active,,,http://www.redfin.com/CT/Fairfield/26-Pickwick-St-06825/home/107144534,Smart MLS,170291533,N,Y,41.1780158,-73.2241124
MLS Listing,,Single Family Residential,160 Golden Pond Ln,Fairfield,CT,06824,2599000,6,5.0,Greenfield Hill,7896,96703,2000,7,329,,Active,,,http://www.redfin.com/CT/Fairfield/160-Golden-Pond-Ln-06824/home/107134891,Smart MLS,170286966,N,Y,41.1776394,-73.282025
MLS Listing,,Single Family Residential,805 Cedar Rd,Fairfield,CT,06890,1095000,5,7.0,Southport,6900,47480,2001,8,159,,Active,,,http://www.redfin.com/CT/Southport/805-Cedar-Rd-06890/home/107135809,Smart MLS,170290145,N,Y,41.1543268,-73.2940194
MLS Listing,,Single Family Residential,117 High Point Ln,Fairfield,CT,06824,1295000,4,4.0,Greenfield Hill,5335,119354,1999,8,243,,Active,,,http://www.redfin.com/CT/Fairfield/117-High-Point-Ln-06824/home/107129858,Smart MLS,170290971,N,Y,41.1884666,-73.2903685
MLS Listing,,Single Family Residential,160 Granville St,Fairfield,CT,06824,449000,3,1.0,Center,1008,6534,1948,8,445,,Active,,,http://www.redfin.com/CT/Fairfield/160-Granville-St-06824/home/107129060,Smart MLS,170285599,N,Y,41.138684,-73.2651993
MLS Listing,,Single Family Residential,851 Oldfield Rd,Fairfield,CT,06824,799000,4,3.5,Beach,2950,5662,2020,9,271,,Active,,,http://www.redfin.com/CT/Fairfield/851-Oldfield-Rd-06824/home/107140467,Smart MLS,170291241,N,Y,41.1334287,-73.2651332
MLS Listing,,Single Family Residential,106 Charles St,Fairfield,CT,06824,1275000,4,4.5,Beach,3000,6098,2020,10,425,,Active,,,http://www.redfin.com/CT/Fairfield/106-Charles-St-06824/home/107131173,Smart MLS,170290601,N,Y,41.1343799,-73.2546397
MLS Listing,,Single Family Residential,362 Penfield Rd,Fairfield,CT,06824,1749000,4,4.0,Beach,4246,13939,2005,10,412,,Active,,,http://www.redfin.com/CT/Fairfield/362-Penfield-Rd-06824/home/107144832,Smart MLS,170290139,N,Y,41.137707,-73.2471983
MLS Listing,,Single Family Residential,740 Knapps Hwy,Fairfield,CT,06825,420000,2,2.0,Tunxis Hill,2444,14810,1927,12,172,,Active,,,http://www.redfin.com/CT/Fairfield/740-Knapps-Hwy-06825/home/107133984,Smart MLS,170290435,N,Y,41.1770662,-73.2362432
MLS Listing,,Single Family Residential,154 Taintor Dr,Fairfield,CT,06890,945000,3,2.0,Southport,1840,22215,1870,12,514,,Active,,,http://www.redfin.com/CT/Southport/154-Taintor-Dr-06890/home/107146219,Smart MLS,170276925,N,Y,41.1385379,-73.2794731
MLS Listing,,Condo/Co-op,143 Knapps Hwy #143,Fairfield,CT,06825,259999,2,2.0,Brooklawn,1638,,1973,13,159,530,Active,,,http://www.redfin.com/CT/Fairfield/143-Knapps-Hwy-06825/unit-143/home/171423056,Smart MLS,170289812,N,Y,41.1844704,-73.2339113
MLS Listing,,Single Family Residential,206 Country Rd,Fairfield,CT,06824,699900,4,3.5,University,2614,5662,2020,13,268,,Active,,,http://www.redfin.com/CT/Fairfield/206-Country-Rd-06824/home/107143236,Smart MLS,170290295,N,Y,41.1724414,-73.2408511
MLS Listing,,Single Family Residential,43 Puritan Rd,Fairfield,CT,06824,1899000,5,5.5,Beach,4418,10454,2020,14,430,,Active,,,http://www.redfin.com/CT/Fairfield/43-Puritan-Rd-06824/home/107129410,Smart MLS,170289647,N,Y,41.1413319,-73.2424638
MLS Listing,,Single Family Residential,199 Henderson Rd,Fairfield,CT,06824,434900,2,2.0,Center,1338,14810,1946,14,325,,Active,,,http://www.redfin.com/CT/Fairfield/199-Henderson-Rd-06824/home/107142032,Smart MLS,170290218,N,Y,41.1431109,-73.2724242
MLS Listing,,Single Family Residential,781 Valley Rd,Fairfield,CT,06825,549000,3,3.0,Stratfield,2918,14374,1952,14,188,,Active,,,http://www.redfin.com/CT/Fairfield/781-Valley-Rd-06825/home/107138709,Smart MLS,170289915,N,Y,41.2033274,-73.2297577
MLS Listing,,Single Family Residential,375 Sasco Hill Rd,Fairfield,CT,06824,3195000,6,8.0,Sasco,8273,87120,1850,14,386,,Active,,,http://www.redfin.com/CT/FAIRFIELD/375-SASCO-HILL-RD-06824/home/107130468,Smart MLS,170290086,N,Y,41.135134,-73.272667
MLS Listing,,Single Family Residential,263 Old Dam Rd,Fairfield,CT,06824,2150000,5,3.5,Beach,3164,31363,1999,15,680,,Active,,,http://www.redfin.com/CT/Fairfield/263-Old-Dam-Rd-06824/home/107133248,Smart MLS,170290065,N,Y,41.1219938,-73.260019
MLS Listing,,Condo/Co-op,42 Gate Ridge Rd #42,Fairfield,CT,06825,560000,3,3.5,Stratfield,2790,,1986,15,201,555,Active,,,http://www.redfin.com/CT/Fairfield/42-Gate-Ridge-Rd-06825/unit-42/home/144530883,Smart MLS,170289925,N,Y,41.204348,-73.2453367
MLS Listing,,Single Family Residential,163 Windsor Rd,Fairfield,CT,06824,519000,4,1.5,University,1990,9583,1959,15,261,,Active,,,http://www.redfin.com/CT/Fairfield/163-Windsor-Rd-06824/home/107124863,Smart MLS,170289983,N,Y,41.1741731,-73.2547664
MLS Listing,,Single Family Residential,320 Ronald Dr,Fairfield,CT,06825,375000,3,1.0,Fairfield Woods,1375,20037,1952,15,273,,Active,,,http://www.redfin.com/CT/Fairfield/320-Ronald-Dr-06825/home/107129397,Smart MLS,170289718,N,Y,41.1831851,-73.2424178
MLS Listing,,Single Family Residential,41 Eastlawn St,Fairfield,CT,06824,925000,5,2.5,Beach,2592,5662,1929,15,357,,Active,,,http://www.redfin.com/CT/Fairfield/41-Eastlawn-St-06824/home/107123667,Smart MLS,170289422,N,Y,41.135606,-73.2576691
MLS Listing,,Single Family Residential,494 Harbor Rd,Fairfield,CT,06890,1750000,5,3.5,Southport,4360,15245,1859,16,401,,Active,,,http://www.redfin.com/CT/Southport/494-Harbor-Rd-06890/home/107146758,Smart MLS,170289077,N,Y,41.1347525,-73.2807665
MLS Listing,,Single Family Residential,249 Beach Rd,Fairfield,CT,06824,1679000,4,3.5,Beach,5827,34412,1766,16,288,,Active,,,http://www.redfin.com/CT/Fairfield/249-Beach-Rd-06824/home/107134871,Smart MLS,170289688,N,Y,41.143007,-73.2488225
MLS Listing,,Single Family Residential,49 Thorpe St #49,Fairfield,CT,06824,655000,4,3.0,Center,2303,4356,2004,16,284,,Active,,,http://www.redfin.com/CT/Fairfield/49-Thorpe-St-06824/unit-49/home/148646367,Smart MLS,170289673,N,Y,41.1405232,-73.2629816
MLS Listing,,Single Family Residential,25 Ginger Cir,Fairfield,CT,06825,379000,3,1.5,Stratfield,1975,13939,1964,17,192,,Active,,,http://www.redfin.com/CT/Fairfield/25-Ginger-Cir-06825/home/107141762,Smart MLS,170289292,N,Y,41.2052676,-73.2272208
MLS Listing,,Single Family Residential,131 Hunyadi Ave,Fairfield,CT,06824,285900,3,2.5,Fairfield,1674,4791,1965,17,171,,Active,,,http://www.redfin.com/CT/Fairfield/131-Hunyadi-Ave-06824/home/107134221,Smart MLS,170289384,N,Y,41.1715156,-73.2390655
MLS Listing,,Single Family Residential,85 Rhoda Ave,Fairfield,CT,06824,2069000,5,5.5,Beach,4583,9583,2020,18,451,,Active,,,http://www.redfin.com/CT/Fairfield/85-Rhoda-Ave-06824/home/107139648,Smart MLS,170289335,N,Y,41.1384955,-73.2426136
MLS Listing,,Single Family Residential,130 Brookview Ave,Fairfield,CT,06825,389000,4,1.5,Fairfield,1964,5662,1916,18,198,,Active,,,http://www.redfin.com/CT/Fairfield/130-Brookview-Ave-06825/home/107138860,Smart MLS,170289214,N,Y,41.1901134,-73.2245848
MLS Listing,,Single Family Residential,1135 Mine Hill Rd,Fairfield,CT,06824,3250000,5,3.5,Greenfield Hill,5036,188179,1979,21,645,,Active,,,http://www.redfin.com/CT/Fairfield/1135-Mine-Hill-Rd-06824/home/107140424,Smart MLS,170288697,N,Y,41.1837978,-73.2900905
MLS Listing,,Single Family Residential,1789 Fence Row Dr,Fairfield,CT,06824,1290000,5,4.5,Greenfield Hill,9094,104979,1990,22,142,378,Active,,,http://www.redfin.com/CT/Fairfield/1789-Fence-Row-Dr-06824/home/107129004,Smart MLS,170288532,N,Y,41.1788784,-73.3225571
MLS Listing,,Vacant Land,100 Mine Hill Rd,Fairfield,CT,06824,720000,,,Greenfield Hill,,87120,,22,,,Active,,,http://www.redfin.com/CT/Fairfield/100-Mine-Hill-Rd-06824/home/109704079,Smart MLS,170279826,N,Y,41.1713759,-73.2772495
MLS Listing,,Single Family Residential,2114 Stratfield Rd,Fairfield,CT,06825,369999,2,1.5,Stratfield,1526,8712,1956,22,242,,Active,,,http://www.redfin.com/CT/Fairfield/2114-Stratfield-Rd-06825/home/107132517,Smart MLS,170288524,N,Y,41.2078895,-73.2444179
MLS Listing,,Condo/Co-op,95 Woodcrest Rd #95,Fairfield,CT,06824,485000,3,2.5,University,3354,,2005,24,145,120,Active,,,http://www.redfin.com/CT/Fairfield/95-Woodcrest-Rd-06824/unit-95/home/168661862,Smart MLS,170288030,N,Y,41.1754267,-73.2442724
MLS Listing,,Single Family Residential,357 Meadowbrook Rd,Fairfield,CT,06824,460000,3,1.5,University,1488,5227,1921,24,309,,Active,,,http://www.redfin.com/CT/Fairfield/357-Meadowbrook-Rd-06824/home/107134572,Smart MLS,170288151,N,Y,41.1547851,-73.2478665
MLS Listing,,Condo/Co-op,204 Glengarry Rd #204,Fairfield,CT,06825,439000,2,2.5,Stratfield,1800,,1986,24,244,555,Active,,,http://www.redfin.com/CT/Fairfield/204-Glengarry-Rd-06825/unit-204/home/171325982,Smart MLS,170276720,N,Y,41.2063436,-73.2462853
MLS Listing,,Single Family Residential,260 Willow St,Fairfield,CT,06890,2599000,7,6.5,Southport,6154,55321,1962,24,422,,Active,,,http://www.redfin.com/CT/Southport/260-Willow-St-06890/home/107127206,Smart MLS,170287947,N,Y,41.1290596,-73.2881598
MLS Listing,,Single Family Residential,840 Sturges Hwy,Fairfield,CT,06824,699000,4,2.5,Greenfield Hill,2628,97138,1966,24,266,,Active,,,http://www.redfin.com/CT/Fairfield/840-Sturges-HWY-06824/home/171324300,Smart MLS,170284192,N,Y,41.162309,-73.31417
MLS Listing,,Condo/Co-op,83 Southport Woods Dr #83,Fairfield,CT,06890,359000,3,2.0,Southport,1500,,1969,25,239,522,Active,,,http://www.redfin.com/CT/Southport/83-Southport-Woods-Dr-06890/unit-83/home/171314260,Smart MLS,170287840,N,Y,41.1413252,-73.2907039
MLS Listing,,Single Family Residential,15 Mohican Hill Rd,Fairfield,CT,06825,649900,3,2.5,Lake Mohegan,2810,20037,1972,26,231,,Active,,,http://www.redfin.com/CT/Fairfield/15-Mohican-Hill-Rd-06825/home/107124715,Smart MLS,170286780,N,Y,41.2041962,-73.2595582
MLS Listing,,Single Family Residential,166 Pratt St,Fairfield,CT,06824,1125000,4,3.5,Beach,2700,6098,2020,27,417,,Active,,,http://www.redfin.com/CT/Fairfield/166-Pratt-St-06824/home/107127423,Smart MLS,170287146,N,Y,41.1344751,-73.2562408
MLS Listing,,Single Family Residential,1381 Stillson Rd,Fairfield,CT,06824,1080000,5,4.5,University,3951,21344,2020,28,273,,Active,,,http://www.redfin.com/CT/Fairfield/1381-Stillson-Rd-06824/home/161126690,Smart MLS,170287436,N,Y,41.1726112,-73.2663317
MLS Listing,,Single Family Residential,226 Saxonwood Rd,Fairfield,CT,06825,725000,4,2.5,Lake Mohegan,2950,20037,1972,29,246,,Active,,,http://www.redfin.com/CT/Fairfield/226-Saxonwood-Rd-06825/home/107128982,Smart MLS,170287204,N,Y,41.2025453,-73.258222
MLS Listing,,Single Family Residential,446 Stratfield Rd,Fairfield,CT,06825,479000,4,1.5,Stratfield,1980,8276,1925,29,242,,Active,,,http://www.redfin.com/CT/Fairfield/446-Stratfield-Rd-06825/home/107132677,Smart MLS,170287264,N,Y,41.1928543,-73.2242622
MLS Listing,,Single Family Residential,116 Reid St,Fairfield,CT,06824,825000,4,2.5,University,2710,16988,1916,29,304,,Active,,,http://www.redfin.com/CT/Fairfield/116-Reid-St-06824/home/107145148,Smart MLS,170287049,N,Y,41.1751317,-73.2509421
MLS Listing,,Single Family Residential,72 Mayweed Rd,Fairfield,CT,06824,1188000,5,4.5,University,4150,9583,2020,29,286,,Active,,,http://www.redfin.com/CT/Fairfield/72-Mayweed-Rd-06824/home/107128838,Smart MLS,170285739,N,Y,41.1616342,-73.2511725
MLS Listing,,Condo/Co-op,74 Southport Woods Dr #74,Fairfield,CT,06890,449000,3,2.0,Southport,1500,,1969,30,299,523,Active,,,http://www.redfin.com/CT/Southport/74-Southport-Woods-Dr-06890/unit-74/home/144790917,Smart MLS,170286377,N,Y,41.1408875,-73.2901436
MLS Listing,,Single Family Residential,206 Catamount Rd,Fairfield,CT,06824,789000,3,2.5,Greenfield Hill,3920,270072,1957,31,201,,Active,,,http://www.redfin.com/CT/Fairfield/206-Catamount-Rd-06824/home/107125015,Smart MLS,170286865,N,Y,41.2002376,-73.3163506
MLS Listing,,Single Family Residential,20 Alden St,Fairfield,CT,06824,839900,4,2.5,Beach,2735,6534,2003,31,307,,Active,,,http://www.redfin.com/CT/Fairfield/20-Alden-St-06824/home/107134443,Smart MLS,170286965,N,Y,41.1346263,-73.2595006
MLS Listing,,Single Family Residential,1337 Fairfield Beach Rd,Fairfield,CT,06824,1695000,3,2.5,Beach,2175,7405,1900,31,779,,Active,,,http://www.redfin.com/CT/Fairfield/1337-Fairfield-Beach-Rd-06824/home/107141957,Smart MLS,170286858,N,Y,41.125469,-73.2522783
MLS Listing,,Single Family Residential,522 High St,Fairfield,CT,06824,409000,3,1.0,University,1065,6969,1943,31,384,,Active,,,http://www.redfin.com/CT/Fairfield/522-High-St-06824/home/107145223,Smart MLS,170286093,N,Y,41.1680788,-73.2397913
MLS Listing,,Single Family Residential,142 Rockland Rd,Fairfield,CT,06825,450000,3,1.5,Stratfield,1584,6534,1937,34,284,,Active,,,http://www.redfin.com/CT/Fairfield/142-Rockland-Rd-06825/home/107124458,Smart MLS,170285511,N,Y,41.1985861,-73.2334784
MLS Listing,,Single Family Residential,85 Stroll Rock Cmn,Fairfield,CT,06824,1197000,4,3.5,Greenfield Hill,4318,27007,1993,35,277,,Active,,,http://www.redfin.com/CT/Fairfield/85-Stroll-Rock-Cmn-06824/home/107126301,Smart MLS,170285993,N,Y,41.1834034,-73.2654096
MLS Listing,,Single Family Residential,426 Knapps Hwy,Fairfield,CT,06825,425000,3,2.0,Tunxis Hill,1817,25700,1919,37,234,,Active,,,http://www.redfin.com/CT/Fairfield/426-Knapps-Hwy-06825/home/107143678,Smart MLS,170285937,N,Y,41.1814236,-73.2357363
MLS Listing,,Single Family Residential,87 Edgewood Pl,Fairfield,CT,06825,449000,3,1.5,Stratfield,1408,10454,1914,38,319,,Active,,,http://www.redfin.com/CT/Fairfield/87-Edgewood-Pl-06825/home/107145825,Smart MLS,170285298,N,Y,41.194898,-73.2263704
MLS Listing,,Condo/Co-op,191 Knapps Hwy #191,Fairfield,CT,06825,249999,2,1.5,Stratfield,1372,,1973,39,182,540,Active,,,http://www.redfin.com/CT/Fairfield/191-Knapps-Hwy-06825/unit-191/home/171231155,Smart MLS,170285355,N,Y,41.1844733,-73.2339098
MLS Listing,,Single Family Residential,85 Chapman Ave,Fairfield,CT,06825,495000,3,3.5,Tunxis Hill,2347,4791,1918,39,211,,Active,,,http://www.redfin.com/CT/Fairfield/85-Chapman-Ave-06825/home/107144952,Smart MLS,170284561,N,Y,41.177333,-73.2344461
MLS Listing,,Single Family Residential,115 Forest Ave,Fairfield,CT,06824,709000,4,3.5,Beach,2850,11325,2019,40,249,,Active,,,http://www.redfin.com/CT/Fairfield/115-Forest-Ave-06824/home/107148456,Smart MLS,170285063,N,Y,41.132586,-73.25036
MLS Listing,,Single Family Residential,255 Aran Hill Rd,Fairfield,CT,06824,849000,5,4.0,Greenfield Hill,5038,91911,1958,41,169,,Active,,,http://www.redfin.com/CT/Fairfield/255-Aran-Hill-Rd-06824/home/107126378,Smart MLS,170284620,N,Y,41.2066621,-73.3026311
MLS Listing,,Single Family Residential,705 Hulls Hwy,Fairfield,CT,06890,1699000,5,4.5,Southport,5200,54885,2019,42,327,,Active,,,http://www.redfin.com/CT/Southport/705-Hulls-Hwy-06890/home/137887260,Smart MLS,170284576,N,Y,41.1476586,-73.2999131
MLS Listing,,Single Family Residential,1143-1155 Sasco Hill Rd,Fairfield,CT,06824,19200000,10,12.5,Sasco,17000,873813,1923,43,1129,,Active,,,http://www.redfin.com/CT/Fairfield/1143-Sasco-Hill-Rd-06824/home/107147175,Smart MLS,170284312,N,Y,41.1229188,-73.2750007
MLS Listing,,Single Family Residential,199 Osborne Hill Rd,Fairfield,CT,06824,1048900,5,4.0,University,4200,11325,2020,43,250,,Active,,,http://www.redfin.com/CT/Fairfield/199-Osborne-Hill-Rd-06824/home/107126526,Smart MLS,170284431,N,Y,41.1638343,-73.2528801
MLS Listing,,Single Family Residential,57 Garden Dr,Fairfield,CT,06825,375000,4,2.0,Stratfield,1560,8276,1942,44,240,,Active,,,http://www.redfin.com/CT/Fairfield/57-Garden-Dr-06825/home/107124169,Smart MLS,170283972,N,Y,41.1897248,-73.2411736
MLS Listing,,Single Family Residential,360 Pansy Rd,Fairfield,CT,06824,395000,3,2.0,University,1344,17424,1954,44,294,,Active,,,http://www.redfin.com/CT/Fairfield/360-Pansy-Rd-06824/home/107135804,Smart MLS,170284265,N,Y,41.1817873,-73.2576171
MLS Listing,,Single Family Residential,745 Hulls Hwy,Fairfield,CT,06890,1690000,4,2.5,Southport,4200,54014,2020,44,402,,Active,,,http://www.redfin.com/CT/Southport/745-Hulls-Hwy-06890/home/137852486,Smart MLS,170284132,N,Y,41.1482165,-73.2995643
MLS Listing,,Single Family Residential,260 Stratfield Rd,Fairfield,CT,06825,349000,3,1.5,Stratfield,1756,7840,1916,45,199,,Active,,,http://www.redfin.com/CT/Fairfield/260-Stratfield-Rd-06825/home/107148677,Smart MLS,170284177,N,Y,41.1909436,-73.2219581
MLS Listing,,Single Family Residential,506 Sasco Hill Rd,Fairfield,CT,06824,3950000,5,6.5,Sasco,6333,34848,2010,45,624,,Active,,,http://www.redfin.com/CT/Fairfield/506-Sasco-Hill-Rd-06824/home/107148901,Smart MLS,170284107,N,Y,41.133118,-73.2730721
MLS Listing,,Single Family Residential,54 Cardinal St,Fairfield,CT,06825,599000,4,2.5,Tunxis Hill,2500,4791,2005,45,240,,Active,,,http://www.redfin.com/CT/Fairfield/54-Cardinal-St-06825/home/107134378,Smart MLS,170284090,N,Y,41.1806356,-73.2330176
MLS Listing,,Vacant Land,920 Old Post Rd,Fairfield,CT,06824,748000,,,Center,,9583,,45,,,Active,,,http://www.redfin.com/CT/Fairfield/920-Old-Post-Rd-06824/home/107135609,Smart MLS,170279915,N,Y,41.140437,-73.2537167
MLS Listing,,Single Family Residential,273 Alden St,Fairfield,CT,06824,585000,4,3.0,Beach,2200,5227,1939,46,266,,Active,,,http://www.redfin.com/CT/Fairfield/273-Alden-St-06824/home/107139726,Smart MLS,170283705,N,Y,41.1321654,-73.2566555
MLS Listing,,Single Family Residential,771 Reef Rd,Fairfield,CT,06824,839900,4,3.0,Beach,2679,7840,1951,46,314,,Active,,,http://www.redfin.com/CT/Fairfield/771-Reef-Rd-06824/home/107143996,Smart MLS,170280547,N,Y,41.1328542,-73.2489608
MLS Listing,,Single Family Residential,2231 Easton Tpke,Fairfield,CT,06825,415000,3,2.0,Stratfield,1470,9147,1941,46,282,,Active,,,http://www.redfin.com/CT/Fairfield/2231-Easton-Tpke-06825/home/107128627,Smart MLS,170283610,N,Y,41.2093124,-73.2448978
MLS Listing,,Single Family Residential,10 High Circle Ln,Fairfield,CT,06825,459900,3,2.0,Lake Mohegan,2099,20037,1953,46,219,,Active,,,http://www.redfin.com/CT/Fairfield/10-High-Cir-Ln-06825/home/107132745,Smart MLS,170279653,N,Y,41.1958631,-73.253891
MLS Listing,,Single Family Residential,32 Longdean Rd,Fairfield,CT,06824,450000,4,2.0,Beach,1592,6098,1959,48,283,,Active,,,http://www.redfin.com/CT/Fairfield/32-Longdean-Rd-06824/home/107130610,Smart MLS,170283120,N,Y,41.1330685,-73.2534763
MLS Listing,,Vacant Land,214 Alden St,Fairfield,CT,06824,435900,,,Beach,,7840,,48,,,Active,,,http://www.redfin.com/CT/Fairfield/214-Alden-St-06824/home/107148845,Smart MLS,170283147,N,Y,41.1324244,-73.2576231
MLS Listing,,Single Family Residential,104 Edward St,Fairfield,CT,06824,2375000,6,6.0,Beach,4985,16117,2014,49,476,,Active,,,http://www.redfin.com/CT/Fairfield/104-Edward-St-06824/home/107144444,Smart MLS,170282184,N,Y,41.1372252,-73.2428785
MLS Listing,,Condo/Co-op,245 Unquowa Rd #6,Fairfield,CT,06824,279000,1,1.0,Center,983,,1964,49,284,209,Active,,,http://www.redfin.com/CT/Fairfield/245-Unquowa-Rd-06824/unit-6/home/107147311,Smart MLS,170282699,N,Y,41.1438989,-73.2581883
MLS Listing,,Single Family Residential,14 Morehouse Dr,Fairfield,CT,06825,349000,3,2.0,Lake Mohegan,1900,13503,1940,50,184,,Active,,,http://www.redfin.com/CT/Fairfield/14-Morehouse-Dr-06825/home/107139253,Smart MLS,170282353,N,Y,41.2069694,-73.2604797
MLS Listing,,Single Family Residential,561 Pequot Ave,Fairfield,CT,06890,999000,4,3.0,Southport,2372,21780,1956,50,421,,Active,,,http://www.redfin.com/CT/Southport/561-Pequot-Ave-06890/home/107146557,Smart MLS,170282874,N,Y,41.1343857,-73.2864642
MLS Listing,,Single Family Residential,145 Tuckahoe Ln,Fairfield,CT,06824,499900,3,2.0,University,1604,15245,1954,51,312,,Active,,,http://www.redfin.com/CT/Fairfield/145-Tuckahoe-Ln-06824/home/107130501,Smart MLS,170282829,N,Y,41.1742247,-73.2530616
MLS Listing,,Single Family Residential,410 Old Hickory Rd,Fairfield,CT,06824,647500,4,2.5,Greenfield Hill,2416,88862,1961,51,268,,Active,,,http://www.redfin.com/CT/Fairfield/410-Old-Hickory-Rd-06824/home/107136772,Smart MLS,170282817,N,Y,41.1674792,-73.311248
MLS Listing,,Single Family Residential,477 Aran Hill Rd,Fairfield,CT,06824,849000,5,3.0,Greenfield Hill,3440,87120,1966,51,247,,Active,,,http://www.redfin.com/CT/Fairfield/477-Aran-Hill-Rd-06824/home/107148135,Smart MLS,170282689,N,Y,41.2075082,-73.2989947
MLS Listing,,Single Family Residential,184 Federal St #184,Fairfield,CT,06825,527000,3,2.5,Stratfield,2554,,1995,51,206,370,Active,,,http://www.redfin.com/CT/Fairfield/184-Federal-St-06825/unit-184/home/169061454,Smart MLS,170282230,N,Y,41.2232668,-73.2533621
MLS Listing,,Single Family Residential,67 Mona Ter,Fairfield,CT,06824,725000,4,2.0,Beach,1692,12632,1941,53,428,,Active,,,http://www.redfin.com/CT/Fairfield/67-Mona-Ter-06824/home/107138575,Smart MLS,170282197,N,Y,41.1328992,-73.2608196
MLS Listing,,Single Family Residential,1277 Mine Hill Rd,Fairfield,CT,06824,1298000,4,3.5,Greenfield Hill,4050,79279,1957,53,320,,Active,,,http://www.redfin.com/CT/Fairfield/1277-Mine-Hill-Rd-06824/home/107136624,Smart MLS,170281942,N,Y,41.1853325,-73.291716
MLS Listing,,Single Family Residential,492 Penfield Rd,Fairfield,CT,06824,2099000,6,5.0,Beach,4545,9583,2020,53,462,,Active,,,http://www.redfin.com/CT/Fairfield/492-Penfield-Rd-06824/home/107141813,Smart MLS,170281446,N,Y,41.1366882,-73.24524
MLS Listing,,Single Family Residential,600 Catamount Rd,Fairfield,CT,06824,1950000,4,6.5,Greenfield Hill,6694,412513,1996,53,291,,Active,,,http://www.redfin.com/CT/Fairfield/600-Catamount-Rd-06824/home/107124890,Smart MLS,170281856,N,Y,41.1972682,-73.3217735
MLS Listing,,Condo/Co-op,1087 Black Rock Tpke #1087,Fairfield,CT,06825,285000,3,1.5,Tunxis Hill,1197,,1987,55,238,350,Active,,,http://www.redfin.com/CT/Fairfield/1087-Black-Rock-Tpke-06825/unit-1087/home/144512950,Smart MLS,170281407,N,Y,41.173211,-73.2367047
MLS Listing,,Single Family Residential,178 Alberta St,Fairfield,CT,06825,379900,2,1.0,Stratfield,1100,6534,1939,55,345,,Active,,,http://www.redfin.com/CT/Fairfield/178-Alberta-St-06825/home/107144782,Smart MLS,170281188,N,Y,41.2036985,-73.2255064
MLS Listing,,Single Family Residential,508 Cornell Rd,Fairfield,CT,06825,959000,4,3.5,Stratfield,3320,30927,2020,55,289,,Active,,,http://www.redfin.com/CT/Fairfield/508-Cornell-Rd-06825/home/107143824,Smart MLS,170281607,N,Y,41.1876052,-73.2316467
MLS Listing,,Single Family Residential,1359 Fairfield Beach Rd,Fairfield,CT,06824,1390000,3,2.0,Beach,1683,3484,1991,55,826,,Active,,,http://www.redfin.com/CT/Fairfield/1359-Fairfield-Beach-Rd-06824/home/107148542,Smart MLS,170278994,N,Y,41.1253058,-73.2526584
MLS Listing,,Single Family Residential,315 Country Rd,Fairfield,CT,06824,609900,3,2.5,University,1970,4791,2020,56,310,,Active,,,http://www.redfin.com/CT/Fairfield/315-Country-Rd-06824/home/171102958,Smart MLS,170279084,N,Y,41.1713865,-73.2418054
MLS Listing,,Single Family Residential,311 Country Rd,Fairfield,CT,06824,609900,3,2.5,University,1970,4791,2020,56,310,,Active,,,http://www.redfin.com/CT/Fairfield/311-Country-Rd-06824/home/107146902,Smart MLS,170279039,N,Y,41.1714154,-73.2417583
MLS Listing,,Single Family Residential,700 Fairfield Woods Rd,Fairfield,CT,06825,379000,3,1.0,Fairfield Woods,1496,20473,1951,57,253,,Active,,,http://www.redfin.com/CT/Fairfield/700-Fairfield-Woods-Rd-06825/home/107134006,Smart MLS,170280066,N,Y,41.1919073,-73.2443415
MLS Listing,,Single Family Residential,272 Puritan Rd,Fairfield,CT,06824,1499000,4,3.5,Beach,3425,10454,2013,57,438,,Active,,,http://www.redfin.com/CT/Fairfield/272-Puritan-Rd-06824/home/107135311,Smart MLS,170280924,N,Y,41.1386788,-73.2446756
MLS Listing,,Single Family Residential,70 Walbin Ct,Fairfield,CT,06824,999000,5,3.5,University,4774,16552,1997,58,209,,Active,,,http://www.redfin.com/CT/Fairfield/70-Walbin-Ct-06824/home/107136417,Smart MLS,170277639,N,Y,41.1610656,-73.2676212
MLS Listing,,Single Family Residential,880 Old Post Rd,Fairfield,CT,06824,1547700,5,6.0,Center,6338,26571,1947,58,244,,Active,,,http://www.redfin.com/CT/Fairfield/880-Old-Post-Rd-06824/home/107144844,Smart MLS,170279871,N,Y,41.1403845,-73.253292
MLS Listing,,Single Family Residential,112 Sasco Hill Ter,Fairfield,CT,06824,839000,3,2.0,Sasco,2118,9583,1959,58,396,,Active,,,http://www.redfin.com/CT/Fairfield/112-Sasco-Hill-Ter-06824/home/107131015,Smart MLS,170279313,N,Y,41.1363492,-73.2711205
MLS Listing,,Single Family Residential,39 River St,Fairfield,CT,06890,719000,4,2.0,Southport,2539,6534,1900,58,283,,Active,,,http://www.redfin.com/CT/Southport/39-River-St-06890/home/107129969,Smart MLS,170277605,N,Y,41.1390768,-73.2766052
MLS Listing,,Single Family Residential,42 Benton St,Fairfield,CT,06825,354999,3,1.5,Tunxis Hill,1217,6534,1918,58,292,,Active,,,http://www.redfin.com/CT/Fairfield/42-Benton-St-06825/home/107135592,Smart MLS,170279055,N,Y,41.1677832,-73.2355059
MLS Listing,,Single Family Residential,306 Barberry Rd,Fairfield,CT,06890,685000,4,3.0,Southport,1993,20473,1951,58,344,,Active,,,http://www.redfin.com/CT/Southport/306-Barberry-Rd-06890/home/107134958,Smart MLS,170280765,N,Y,41.14833,-73.284299
MLS Listing,,Single Family Residential,265 Taintor Dr,Fairfield,CT,06890,1550000,3,2.5,Southport,4512,20473,1973,58,344,,Active,,,http://www.redfin.com/CT/Southport/265-Taintor-Dr-06890/home/107140079,Smart MLS,170268299,N,Y,41.1373565,-73.280904
MLS Listing,,Single Family Residential,991 Pequot Ave,Fairfield,CT,06890,1975000,4,4.0,Southport,3622,20037,1983,58,545,,Active,,,http://www.redfin.com/CT/Southport/991-Pequot-Ave-06890/home/107131490,Smart MLS,170280661,N,Y,41.1296839,-73.2911172
MLS Listing,,Single Family Residential,768 Sasco Hill Rd,Fairfield,CT,06824,4900000,5,4.5,Sasco,5412,69696,1929,58,905,,Active,,,http://www.redfin.com/CT/Fairfield/768-Sasco-Hill-Rd-06824/home/107127045,Smart MLS,170279926,N,Y,41.1294016,-73.2733457
MLS Listing,,Single Family Residential,31 Hersh Rd,Fairfield,CT,06824,975000,4,2.5,University,3966,20037,1985,59,246,,Active,,,http://www.redfin.com/CT/Fairfield/31-Hersh-Rd-06824/home/107139228,Smart MLS,170279215,N,Y,41.1727719,-73.2630599
MLS Listing,,Condo/Co-op,200 Stillson Rd #200,Fairfield,CT,06825,799000,3,3.5,Fairfield Woods,2914,,1996,59,274,683,Active,,,http://www.redfin.com/CT/Fairfield/200-Stillson-Rd-06825/unit-200/home/160703895,Smart MLS,170280000,N,Y,41.1834726,-73.2515003
MLS Listing,,Single Family Residential,1486 Round Hill Rd,Fairfield,CT,06824,598000,4,2.0,University,2214,12632,1950,59,270,,Active,,,http://www.redfin.com/CT/Fairfield/1486-Round-Hill-Rd-06824/home/107138628,Smart MLS,170280433,N,Y,41.1631887,-73.2641656
MLS Listing,,Single Family Residential,293 Eastlawn St,Fairfield,CT,06824,1199000,4,3.5,Beach,3450,7405,2015,59,348,,Active,,,http://www.redfin.com/CT/Fairfield/293-Eastlawn-St-06824/home/107127402,Smart MLS,170261004,N,Y,41.1329568,-73.2551004
MLS Listing,,Single Family Residential,250 Algonquin Rd,Fairfield,CT,06825,1049000,6,7.0,Brooklawn,6434,62290,1922,60,163,85,Active,,,http://www.redfin.com/CT/Fairfield/250-Algonquin-Rd-06825/home/107146682,Smart MLS,170275830,N,Y,41.1831307,-73.2226032
MLS Listing,,Single Family Residential,72 Willow St,Fairfield,CT,06890,1995000,5,5.5,Southport,4787,26136,1797,60,417,,Active,,,http://www.redfin.com/CT/Southport/72-Willow-St-06890/home/107134965,Smart MLS,170279677,N,Y,41.1313477,-73.2873856
MLS Listing,,Single Family Residential,57 Warner Hill Rd,Fairfield,CT,06890,770500,6,6.5,Southport,6928,91040,1988,60,111,,Active,,,http://www.redfin.com/CT/Southport/57-Warner-Hill-Rd-06890/home/107127999,Smart MLS,170279849,N,Y,41.1577605,-73.2773077
MLS Listing,,Single Family Residential,768 Jennings Rd,Fairfield,CT,06824,619900,4,2.0,University,1870,12632,1950,60,331,,Active,,,http://www.redfin.com/CT/Fairfield/768-Jennings-Rd-06824/home/49738563,Smart MLS,170273688,N,Y,41.1687352,-73.2421413
MLS Listing,,Vacant Land,3297 Congress St,Fairfield,CT,06824,899000,,,Greenfield Hill,,357191,,60,,,Active,,,http://www.redfin.com/CT/Fairfield/3297-Congress-St-06824/home/107145612,Smart MLS,170278982,N,Y,41.1877421,-73.2862423
MLS Listing,,Multi-Family (2-4 Unit),65 Mason St,Fairfield,CT,06825,370000,5,2.0,Fairfield,1872,10454,1917,61,198,,Active,,,http://www.redfin.com/CT/Fairfield/65-Mason-St-06825/home/107144516,Smart MLS,170279512,N,Y,41.1749538,-73.2242538
MLS Listing,,Single Family Residential,917 Jennings Rd,Fairfield,CT,06824,499000,3,1.5,University,1769,11325,1960,61,282,,Active,,,http://www.redfin.com/CT/Fairfield/917-Jennings-Rd-06824/home/107125035,Smart MLS,170277952,N,Y,41.1671548,-73.2438462
MLS Listing,,Single Family Residential,766 Mountain Laurel Rd,Fairfield,CT,06824,899000,5,4.5,Greenfield Hill,4147,25264,1967,63,217,33,Active,,,http://www.redfin.com/CT/Fairfield/766-Mountain-Laurel-Rd-06824/home/107130654,Smart MLS,170277367,N,Y,41.1849897,-73.2642578
MLS Listing,,Single Family Residential,210 Paddock Hill Ln,Fairfield,CT,06824,1119000,4,4.5,Greenfield Hill,4163,95832,1995,63,269,391,Active,,,http://www.redfin.com/CT/Fairfield/210-Paddock-Hill-Ln-06824/home/107140256,Smart MLS,170277365,N,Y,41.1894082,-73.3230329
MLS Listing,,Single Family Residential,232 Harvester Rd,Fairfield,CT,06825,825000,4,2.5,Lake Mohegan,3800,10890,2019,63,217,,Active,,,http://www.redfin.com/CT/Fairfield/232-Harvester-Rd-06825/home/107133237,Smart MLS,170279136,N,Y,41.2044008,-73.2484424
MLS Listing,,Single Family Residential,999 Merwins Ln,Fairfield,CT,06824,1499000,6,7.0,Greenfield Hill,5940,90169,2014,63,252,,Active,,,http://www.redfin.com/CT/Fairfield/999-Merwins-Ln-06824/home/107127494,Smart MLS,170276583,N,Y,41.1757257,-73.3101425
MLS Listing,,Single Family Residential,692 Stillson Rd,Fairfield,CT,06824,989999,4,2.5,University,3352,10018,2014,64,295,,Active,,,http://www.redfin.com/CT/Fairfield/692-Stillson-Rd-06824/home/109704096,Smart MLS,170278874,N,Y,41.1776721,-73.2550635
MLS Listing,,Single Family Residential,32 Brookside Dr,Fairfield,CT,06824,379900,4,2.0,Lake Hills,1360,8712,1953,64,279,,Active,,,http://www.redfin.com/CT/Fairfield/32-Brookside-Dr-06824/home/107123892,Smart MLS,170277347,N,Y,41.1838599,-73.2565357
MLS Listing,,Single Family Residential,954 Fairfield Beach Rd,Fairfield,CT,06824,1499000,4,3.5,Beach,3000,22215,2019,64,500,,Active,,,http://www.redfin.com/CT/Fairfield/954-Fairfield-Beach-Rd-06824/home/107130606,Smart MLS,170277411,N,Y,41.1284591,-73.2468831
MLS Listing,,Single Family Residential,411 Westway Rd,Fairfield,CT,06890,679000,3,1.5,Southport,3126,14374,1894,64,217,,Active,,,http://www.redfin.com/CT/Southport/411-Westway-Rd-06890/home/107145810,Smart MLS,170277923,N,Y,41.1330618,-73.2922228
MLS Listing,,Condo/Co-op,242 Tunxis Hill Cut Off #242,Fairfield,CT,06825,299900,2,1.5,Tunxis Hill,1441,,1982,64,208,300,Active,,,http://www.redfin.com/CT/Fairfield/242-Tunxis-Hill-Cut-06825/unit-242/home/170955757,Smart MLS,170277830,N,Y,41.1786004,-73.2367037
MLS Listing,,Condo/Co-op,10 Pine Creek Ave Unit 501S,Fairfield,CT,06824,1199000,2,2.0,Beach,1777,,1983,65,675,928,Active,,,http://www.redfin.com/CT/Fairfield/10-Pine-Creek-Ave-06824/unit-501S/home/170954931,Smart MLS,170262028,N,Y,41.121182,-73.270601
MLS Listing,,Condo/Co-op,109 Rodgers Rd #109,Fairfield,CT,06824,309900,3,1.5,University,1100,,1968,65,282,250,Active,,,http://www.redfin.com/CT/Fairfield/109-Rodgers-Rd-06824/unit-109/home/145544518,Smart MLS,170276308,N,Y,41.1634956,-73.240286
MLS Listing,,Single Family Residential,1022 Mill Hill Rd,Fairfield,CT,06890,999000,4,2.5,Southport,3237,43995,1884,65,309,,Active,,,http://www.redfin.com/CT/Southport/1022-Mill-Hill-Rd-06890/home/107130071,Smart MLS,170278053,N,Y,41.1522289,-73.2835158
MLS Listing,,Condo/Co-op,681 Fairfield Beach Rd #681,Fairfield,CT,06824,729000,3,2.5,Beach,1890,,1988,65,386,203,Active,,,http://www.redfin.com/CT/Fairfield/681-Fairfield-Beach-Rd-06824/unit-681/home/170950876,Smart MLS,170277634,N,Y,41.1300142,-73.243357
MLS Listing,,Single Family Residential,2 Fence Row Dr,Fairfield,CT,06824,2690000,5,6.5,Greenfield Hill,8776,284011,1928,65,307,,Active,,,http://www.redfin.com/CT/Fairfield/2-Fence-Row-Dr-06824/home/107133980,Smart MLS,170277209,N,Y,41.1819096,-73.3228478
MLS Listing,,Single Family Residential,160 Edward St,Fairfield,CT,06824,1599000,5,4.5,Beach,3300,7840,2017,66,485,,Active,,,http://www.redfin.com/CT/Fairfield/160-Edward-St-06824/home/107129093,Smart MLS,170277715,N,Y,41.1366261,-73.2434776
MLS Listing,,Single Family Residential,125 Paddock Hill Ln,Fairfield,CT,06824,850000,5,7.0,Greenfield Hill,11065,93654,1990,66,77,396,Active,,,http://www.redfin.com/CT/Fairfield/125-Paddock-Hill-Ln-06824/home/107143163,Smart MLS,170277982,N,Y,41.1907082,-73.3218972
MLS Listing,,Single Family Residential,95 Osborne Hill Rd,Fairfield,CT,06824,648875,4,2.5,University,2260,13939,1951,66,287,,Active,,,http://www.redfin.com/CT/Fairfield/95-Osborne-Hill-Rd-06824/home/107123850,Smart MLS,170277839,N,Y,41.1641329,-73.2512646
MLS Listing,,Condo/Co-op,11 Aberdeen Way #11,Fairfield,CT,06890,849000,3,3.5,Southport,2271,,2004,66,374,518,Active,,,http://www.redfin.com/CT/Southport/11-Aberdeen-Way-06890/unit-11/home/160409052,Smart MLS,170277374,N,Y,41.1376771,-73.2938388
MLS Listing,,Single Family Residential,985 Church Hill Rd,Fairfield,CT,06825,749900,4,2.5,Stratfield,3452,15681,1998,67,217,,Active,,,http://www.redfin.com/CT/Fairfield/985-Church-Hill-Rd-06825/home/107129906,Smart MLS,170275032,N,Y,41.2073375,-73.2429707
MLS Listing,,Single Family Residential,57 Newell Pl,Fairfield,CT,06824,554500,3,1.5,Beach,1740,4356,1983,67,319,,Active,,,http://www.redfin.com/CT/Fairfield/57-Newell-Pl-06824/home/107123511,Smart MLS,170276553,N,Y,41.143133,-73.2381324
MLS Listing,,Multi-Family (2-4 Unit),257 Fairchild Ave,Fairfield,CT,06825,639000,6,3.0,Tunxis Hill,2646,4791,1921,67,241,,Active,,,http://www.redfin.com/CT/Fairfield/257-Fairchild-Ave-06825/home/107144021,Smart MLS,170277300,N,Y,41.1698984,-73.2291929
MLS Listing,,Single Family Residential,403 Rowland Rd,Fairfield,CT,06824,948000,4,2.5,Beach,2386,10454,1920,67,397,,Active,,,http://www.redfin.com/CT/Fairfield/403-Rowland-Rd-06824/home/107131820,Smart MLS,170277041,N,Y,41.1358354,-73.2477282
MLS Listing,,Single Family Residential,1690 Fairfield Beach Rd,Fairfield,CT,06824,1150000,3,2.0,Beach,1672,5227,1929,68,688,,Active,,,http://www.redfin.com/CT/Fairfield/1690-Fairfield-Beach-Rd-06824/home/107127322,Smart MLS,170276559,N,Y,41.1220635,-73.2590744
MLS Listing,,Single Family Residential,343 Steiner St,Fairfield,CT,06825,509000,4,2.5,Fairfield Woods,1888,27007,1961,68,270,,Active,,,http://www.redfin.com/CT/Fairfield/343-Steiner-St-06825/home/107123982,Smart MLS,170276999,N,Y,41.1859201,-73.2561502
MLS Listing,,Single Family Residential,35 Fallowfield Rd,Fairfield,CT,06824,925000,5,3.5,Greenfield Hill,4988,87120,1967,70,185,,Active,,,http://www.redfin.com/CT/Fairfield/35-Fallow-Field-Rd-06824/home/107134352,Smart MLS,170276516,N,Y,41.2037559,-73.3153937
MLS Listing,,Single Family Residential,946 High St,Fairfield,CT,06824,448000,3,2.0,University,1596,7840,1947,70,281,,Active,,,http://www.redfin.com/CT/Fairfield/946-High-St-06824/home/107143572,Smart MLS,170276157,N,Y,41.1731314,-73.2439383
MLS Listing,,Single Family Residential,177 Andrassy Ave #177,Fairfield,CT,06824,629000,4,4.0,University,3057,,2016,70,206,,Active,,,http://www.redfin.com/CT/Fairfield/177-Andrassy-Ave-06824/unit-177/home/170670669,Smart MLS,170275984,N,Y,41.1718784,-73.2390052
MLS Listing,,Single Family Residential,552 Knapps Hwy,Fairfield,CT,06825,199900,1,1.0,Tunxis Hill,784,4791,1924,70,255,,Active,,,http://www.redfin.com/CT/Fairfield/552-Knapps-Hwy-06825/home/107140209,Smart MLS,170275401,N,Y,41.1797238,-73.2363814
MLS Listing,,Single Family Residential,729 Burroughs Rd,Fairfield,CT,06825,734900,4,3.0,Fairfield Woods,2888,21344,1954,71,254,,Active,,,http://www.redfin.com/CT/Fairfield/729-Burroughs-Rd-06825/home/107143352,Smart MLS,170275195,N,Y,41.1855841,-73.2433854
MLS Listing,,Single Family Residential,85 Cummings Ave,Fairfield,CT,06824,420000,3,2.0,Beach,1075,6534,1953,71,391,,Active,,,http://www.redfin.com/CT/Fairfield/85-Cummings-Ave-06824/home/107139731,Smart MLS,170268990,N,Y,41.1331778,-73.2522207
MLS Listing,,Single Family Residential,470 Fulling Mill Ln N,Fairfield,CT,06824,869000,4,2.5,Fairfield,3054,45738,1988,71,285,,Active,,,http://www.redfin.com/CT/Fairfield/470-Fulling-Mill-Ln-06824/home/107125136,Smart MLS,170275485,N,Y,41.1545653,-73.2766052
MLS Listing,,Single Family Residential,1084 Sturges Hwy,Fairfield,CT,06824,2450000,6,7.5,Greenfield Hill,8263,101059,2002,72,297,,Active,,,http://www.redfin.com/CT/FAIRFIELD/1084-STURGES-HWY-06824/home/107143245,Smart MLS,170274900,N,Y,41.165703,-73.31572
MLS Listing,,Single Family Residential,3781 Congress St,Fairfield,CT,06824,1499000,4,3.5,Greenfield Hill,6894,100187,1996,72,217,,Active,,,http://www.redfin.com/CT/Fairfield/3781-Congress-St-06824/home/107137100,Smart MLS,170269084,N,Y,41.18584,-73.2982115
MLS Listing,,Single Family Residential,109 Jeniford Rd,Fairfield,CT,06824,919000,4,4.5,University,3800,13503,2016,72,242,,Active,,,http://www.redfin.com/CT/Fairfield/109-Jeniford-Rd-06824/home/107134277,Smart MLS,170274724,N,Y,41.1686714,-73.2450442
MLS Listing,,Single Family Residential,901 Fairfield Beach Rd,Fairfield,CT,06824,2199000,5,3.5,Beach,3038,9147,1918,72,724,,Active,,,http://www.redfin.com/CT/Fairfield/901-Fairfield-Beach-Rd-06824/home/107145197,Smart MLS,170274196,N,Y,41.1280254,-73.2450493
MLS Listing,,Single Family Residential,469 Woodridge Ave,Fairfield,CT,06825,939000,5,4.5,Lake Hills,3457,22215,2019,73,272,33,Active,,,http://www.redfin.com/CT/Fairfield/469-Woodridge-Ave-06825/home/107147215,Smart MLS,170275507,N,Y,41.1917901,-73.2566209
MLS Listing,,Single Family Residential,310 Fairland Dr,Fairfield,CT,06825,975000,4,3.5,Fairfield Woods,3388,26136,2019,73,288,,Active,,,http://www.redfin.com/CT/Fairfield/310-Fairland-Dr-06825/home/107144364,Smart MLS,170275361,N,Y,41.186687,-73.245499
MLS Listing,,Single Family Residential,277 Catherine Ter,Fairfield,CT,06824,549000,3,1.5,Beach,1298,6098,1950,74,423,,Active,,,http://www.redfin.com/CT/Fairfield/277-Catherine-Ter-06824/home/107144794,Smart MLS,170275292,N,Y,41.1371004,-73.2556994
MLS Listing,,Single Family Residential,64 Crosby St #64,Fairfield,CT,06825,539000,3,3.5,Stratfield,2164,,1995,74,249,370,Active,,,http://www.redfin.com/CT/Fairfield/64-Crosby-St-06825/unit-64/home/170659514,Smart MLS,170272300,N,Y,41.2232108,-73.2547946
MLS Listing,,Single Family Residential,291 Redding Rd,Fairfield,CT,06824,1499000,4,3.5,Greenfield Hill,4551,119790,2007,74,329,,Active,,,http://www.redfin.com/CT/Fairfield/291-Redding-Rd-06824/home/107124746,Smart MLS,170275052,N,Y,41.1647368,-73.2948355
MLS Listing,,Single Family Residential,275 Mill Plain Rd,Fairfield,CT,06824,480000,4,2.5,Center,2594,19166,1913,74,185,,Active,,,http://www.redfin.com/CT/Fairfield/275-Mill-Plain-Rd-06824/home/107127863,Smart MLS,170269541,N,Y,41.1444177,-73.265974
MLS Listing,,Single Family Residential,9 Christmas Tree Ln,Fairfield,CT,06890,1219000,3,2.5,Southport,2844,21780,1954,77,429,,Active,,,http://www.redfin.com/CT/Southport/9-Christmas-Tree-Ln-06890/home/107147072,Smart MLS,170274490,N,Y,41.1383097,-73.2776188
MLS Listing,,Single Family Residential,105 Surrey Ln,Fairfield,CT,06824,839000,4,3.0,Greenfield Hill,3591,45738,1964,77,234,,Active,,,http://www.redfin.com/CT/Fairfield/105-Surrey-Ln-06824/home/107144676,Smart MLS,170274051,N,Y,41.1947195,-73.2759602
MLS Listing,,Single Family Residential,965 Old Post Rd,Fairfield,CT,06824,1895000,6,5.5,Center,6665,15681,2007,77,284,,Active,,,http://www.redfin.com/CT/Fairfield/965-Old-Post-Rd-06824/home/107136714,Smart MLS,170273442,N,Y,41.1403542,-73.2546282
MLS Listing,,Single Family Residential,1373 Redding Rd,Fairfield,CT,06824,1555000,6,8.0,Greenfield Hill,7592,111949,2001,77,205,,Active,,,http://www.redfin.com/CT/Fairfield/1373-Redding-Rd-06824/home/107129477,Smart MLS,170274308,N,Y,41.1784305,-73.3027491
MLS Listing,,Single Family Residential,200 Rock Major,Fairfield,CT,06824,1048000,5,5.0,University,3847,9583,2020,78,272,,Active,,,http://www.redfin.com/CT/Fairfield/200-Rock-Major-Rd-06824/home/146042724,Smart MLS,170274064,N,Y,41.1667766,-73.2549983
MLS Listing,,Condo/Co-op,30 Mill Hill Rd #30,Fairfield,CT,06890,429000,3,2.0,Southport,1500,,1971,78,286,450,Active,,,http://www.redfin.com/CT/Southport/30-Mill-Hill-Rd-06890/unit-30/home/107127993,Smart MLS,170274141,N,Y,41.1408869,-73.2798812
MLS Listing,,Single Family Residential,441 Westport Tpke,Fairfield,CT,06824,650000,3,2.0,Greenfield Hill,2089,20473,1950,78,311,,Active,,,http://www.redfin.com/CT/Fairfield/441-Westport-Tpke-06824/home/107140243,Smart MLS,170272578,N,Y,41.1980423,-73.3332288
MLS Listing,,Single Family Residential,289 Fair Oak Dr,Fairfield,CT,06824,2795000,6,6.5,Greenfield Hill,6862,94089,2007,78,407,,Active,,,http://www.redfin.com/CT/Fairfield/289-Fair-Oak-Dr-06824/home/107124758,Smart MLS,170273703,N,Y,41.173408,-73.3052678
MLS Listing,,Single Family Residential,36 Michaela Cir,Fairfield,CT,06824,824900,4,2.5,Beach,2728,6534,2001,79,302,,Active,,,http://www.redfin.com/CT/Fairfield/36-Michaela-Cir-06824/home/107139930,Smart MLS,170273278,N,Y,41.1320341,-73.2580838
MLS Listing,,Single Family Residential,1311 Fairfield Beach Rd,Fairfield,CT,06824,2795000,4,4.5,Beach,3500,10018,2017,79,799,,Active,,,http://www.redfin.com/CT/Fairfield/1311-Fairfield-Beach-Rd-06824/home/107135855,Smart MLS,170273310,N,Y,41.125821,-73.2519574
MLS Listing,,Single Family Residential,162 Eastlawn St,Fairfield,CT,06824,688500,3,2.5,Beach,1839,6534,1939,79,374,,Active,,,http://www.redfin.com/CT/Fairfield/162-Eastlawn-St-06824/home/107145242,Smart MLS,170273414,N,Y,41.1340113,-73.256978
MLS Listing,,Condo/Co-op,129 Field Point Dr #129,Fairfield,CT,06824,769000,3,3.0,Beach,2308,,1978,79,333,580,Active,,,http://www.redfin.com/CT/Fairfield/129-Field-Point-Dr-06824/unit-129/home/170598998,Smart MLS,170265423,N,Y,41.1286795,-73.2645309
MLS Listing,,Single Family Residential,1020 Merwins Ln,Fairfield,CT,06824,998000,2,2.5,Greenfield Hill,3050,87120,1935,79,327,,Active,,,http://www.redfin.com/CT/Fairfield/1020-Merwins-Ln-06824/home/107123774,Smart MLS,170272486,N,Y,41.1758918,-73.3089448
MLS Listing,,Condo/Co-op,138 Roberton Xing,Fairfield,CT,06825,329000,1,1.5,Stratfield,1440,,1938,79,228,545,Active,,,http://www.redfin.com/CT/Fairfield/138-Roberton-Xing-06825/home/107125863,Smart MLS,170261491,N,Y,41.2047156,-73.2454817
MLS Listing,,Single Family Residential,68 Church Hill Rd,Fairfield,CT,06825,619000,4,1.5,Stratfield,3075,9147,1923,80,201,,Active,,,http://www.redfin.com/CT/Fairfield/68-Church-Hill-Rd-06825/home/107147253,Smart MLS,170270313,N,Y,41.1971146,-73.2334885
MLS Listing,,Single Family Residential,178 Colony St,Fairfield,CT,06824,465000,3,1.5,University,1568,5227,1928,81,297,,Active,,,http://www.redfin.com/CT/Fairfield/178-Colony-St-06824/home/107147401,Smart MLS,170270487,N,Y,41.1552329,-73.246703
MLS Listing,,Single Family Residential,663 South Pine Creek Rd,Fairfield,CT,06824,1399000,4,3.5,Beach,3200,8276,2020,81,437,,Active,,,http://www.redfin.com/CT/Fairfield/663-S-Pine-Creek-Rd-06824/home/107123499,Smart MLS,170272849,N,Y,41.131519,-73.2672065
MLS Listing,,Single Family Residential,47 Duck Farm Rd,Fairfield,CT,06824,569000,4,2.0,University,1882,10454,1952,81,302,,Active,,,http://www.redfin.com/CT/Fairfield/47-Duck-Farm-Rd-06824/home/107131477,Smart MLS,170272725,N,Y,41.1643817,-73.2676173
MLS Listing,,Condo/Co-op,200 Glengarry Rd #200,Fairfield,CT,06825,365000,2,2.0,Stratfield,1384,,1986,82,264,550,Active,,,http://www.redfin.com/CT/Fairfield/200-Glengarry-Rd-06825/unit-200/home/169060739,Smart MLS,170272222,N,Y,41.2063326,-73.2461892
MLS Listing,,Single Family Residential,375 S Pine Creek Rd,Fairfield,CT,06824,514900,3,2.5,Beach,1588,4791,1990,84,324,,Active,,,http://www.redfin.com/CT/Fairfield/375-S-Pine-Creek-Rd-06824/home/107131014,Smart MLS,170272075,N,Y,41.1355098,-73.2678054
MLS Listing,,Single Family Residential,125 Casmir Dr,Fairfield,CT,06825,599000,4,2.5,Stratfield,2304,15245,1965,84,260,,Active,,,http://www.redfin.com/CT/Fairfield/125-Casmir-Dr-06825/home/107144860,Smart MLS,170271802,N,Y,41.20831,-73.2405285
MLS Listing,,Single Family Residential,229 Eastfield Dr,Fairfield,CT,06825,559900,3,2.0,Stratfield,1740,21344,1957,85,322,,Active,,,http://www.redfin.com/CT/Fairfield/229-Eastfield-Dr-06825/home/107126172,Smart MLS,170271957,N,Y,41.2091169,-73.2521285
MLS Listing,,Single Family Residential,363 Pequot Ave,Fairfield,CT,06890,975100,2,2.5,Southport,2082,3484,1924,85,468,,Active,,,http://www.redfin.com/CT/Southport/363-Pequot-Ave-06890/home/145592194,Smart MLS,170270893,N,Y,41.1360498,-73.2840225
MLS Listing,,Single Family Residential,101 Rhoda Ave,Fairfield,CT,06824,1639000,4,3.5,Beach,3600,9583,2008,85,455,,Active,,,http://www.redfin.com/CT/Fairfield/101-Rhoda-Ave-06824/home/107145286,Smart MLS,170269088,N,Y,41.1384499,-73.2423717
MLS Listing,,Single Family Residential,680 Kings Hwy E,Fairfield,CT,06825,375000,2,2.5,Fairfield,1526,6969,1914,85,246,,Active,,,http://www.redfin.com/CT/Fairfield/680-Kings-Hwy-E-06825/home/107135470,Smart MLS,170270767,N,Y,41.1698304,-73.2305292
MLS Listing,,Single Family Residential,68 Fox St,Fairfield,CT,06824,1449000,5,4.5,Beach,4000,9147,2020,86,362,,Active,,,http://www.redfin.com/CT/Fairfield/68-Fox-St-06824/home/107135672,Smart MLS,170271858,N,Y,41.1343301,-73.2480853
MLS Listing,,Single Family Residential,77 Fern St,Fairfield,CT,06824,1385000,5,3.5,Beach,3487,12196,2007,86,397,,Active,,,http://www.redfin.com/CT/Fairfield/77-Fern-St-06824/home/107148204,Smart MLS,170271295,N,Y,41.1412493,-73.2436858
MLS Listing,,Single Family Residential,3220 North St,Fairfield,CT,06824,899900,4,3.0,Greenfield Hill,3459,156380,1994,87,260,,Active,,,http://www.redfin.com/CT/Fairfield/3220-North-St-06824/home/107134607,Smart MLS,170271248,N,Y,41.207454,-73.3184283
MLS Listing,,Single Family Residential,252 Marlborough Ter,Fairfield,CT,06825,533000,3,2.5,Fairfield,2500,9147,2019,87,213,,Active,,,http://www.redfin.com/CT/Fairfield/252-Marlborough-Ter-06825/home/107145158,Smart MLS,170271137,N,Y,41.180287,-73.2314
MLS Listing,,Single Family Residential,111 Euclid Ave,Fairfield,CT,06825,488000,3,1.5,Stratfield,1336,6534,1919,87,365,,Active,,,http://www.redfin.com/CT/Fairfield/111-Euclid-Ave-06825/home/107147968,Smart MLS,170268450,N,Y,41.1923503,-73.221912
MLS Listing,,Single Family Residential,1290 Merritt St,Fairfield,CT,06825,449000,3,2.0,Stratfield,2052,16117,1995,88,219,,Active,,,http://www.redfin.com/CT/Fairfield/1290-Merritt-St-06825/home/107138457,Smart MLS,170268079,N,Y,41.2012559,-73.2291007
MLS Listing,,Condo/Co-op,34 Chandlers Ln S #34,Fairfield,CT,06824,724000,4,2.5,Greenfield Hill,2717,,1994,89,266,350,Active,,,http://www.redfin.com/CT/Fairfield/34-Chandler-s-Ln-S-06824/unit-34/home/169567669,Smart MLS,170270736,N,Y,41.2018543,-73.2758364
MLS Listing,,Single Family Residential,1053 Fairfield Beach Rd,Fairfield,CT,06824,1995000,4,3.5,Beach,3278,5227,2002,91,609,,Active,,,http://www.redfin.com/CT/Fairfield/1053-Fairfield-Beach-Rd-06824/home/107132966,Smart MLS,170269233,N,Y,41.1273587,-73.2477628
MLS Listing,,Single Family Residential,215 Acorn Ln,Fairfield,CT,06890,1050000,4,3.5,Southport,4337,27442,1995,93,242,,Active,,,http://www.redfin.com/CT/Southport/215-Acorn-Ln-06890/home/107127870,Smart MLS,170267014,N,Y,41.1455564,-73.2903165
MLS Listing,,Single Family Residential,1177 Hillside Rd,Fairfield,CT,06824,799900,4,3.5,Greenfield Hill,2843,88426,1725,93,281,,Active,,,http://www.redfin.com/CT/Fairfield/1177-Hillside-Rd-06824/home/107139923,Smart MLS,170267450,N,Y,41.1756796,-73.2887084
MLS Listing,,Single Family Residential,1825 Fence Row Dr,Fairfield,CT,06824,1349000,4,4.5,Greenfield Hill,3200,87555,2020,93,422,226,Active,,,http://www.redfin.com/CT/Fairfield/1825-Fence-Row-Dr-06824/home/170498570,Smart MLS,170268974,N,Y,41.1868848,-73.3261658
MLS Listing,,Single Family Residential,145 Sunnyridge Ave,Fairfield,CT,06824,380000,3,1.0,University,1190,16117,1947,93,319,,Active,,,http://www.redfin.com/CT/Fairfield/145-Sunnyridge-Ave-06824/home/107147782,Smart MLS,170268141,N,Y,41.1661837,-73.2383628
MLS Listing,,Vacant Land,2160 Woodchuck Dr,Fairfield,CT,06824,579000,,,Greenfield Hill,,87555,,93,,266,Active,,,http://www.redfin.com/CT/Fairfield/2160-Woodchuck-DR-06824/home/171436072,Smart MLS,170268948,N,Y,41.179136,-73.325044
MLS Listing,,Single Family Residential,68 Myren St,Fairfield,CT,06824,1850000,4,4.5,Beach,4034,9583,2013,93,459,,Active,,,http://www.redfin.com/CT/Fairfield/68-Myren-St-06824/home/107143759,Smart MLS,170269276,N,Y,41.14054,-73.2399756
MLS Listing,,Single Family Residential,249 Old South Rd,Fairfield,CT,06890,2095000,4,3.5,Southport,4533,13503,1860,94,462,,Active,,,http://www.redfin.com/CT/Southport/249-S-Old-Rd-06890/home/107134910,Smart MLS,170269384,N,Y,41.1313323,-73.2895969
MLS Listing,,Single Family Residential,102 Old Stratfield Rd,Fairfield,CT,06825,599900,4,3.5,Fairfield,2400,5227,2019,94,250,,Active,,,http://www.redfin.com/CT/Fairfield/102-Old-Stratfield-Rd-06825/home/107148140,Smart MLS,170269221,N,Y,41.182644,-73.2303449
MLS Listing,,Single Family Residential,2043 Congress St,Fairfield,CT,06824,639000,4,2.5,Greenfield Hill,5150,66211,1959,95,124,,Active,,,http://www.redfin.com/CT/Fairfield/2043-Congress-St-06824/home/107144838,Smart MLS,170269060,N,Y,41.1978485,-73.272597
MLS Listing,,Single Family Residential,50 Judges Hollow Rd,Fairfield,CT,06824,679000,4,2.5,Greenfield Hill,2360,155073,1961,95,288,,Active,,,http://www.redfin.com/CT/Fairfield/50-Judges-Hollow-Rd-06824/home/109709977,Smart MLS,170268551,N,Y,41.2110169,-73.326725
MLS Listing,,Single Family Residential,535 Hoydens Hill Rd,Fairfield,CT,06824,1049000,5,3.5,Greenfield Hill,4651,100623,1998,95,226,,Active,,,http://www.redfin.com/CT/Fairfield/535-Hoydens-Hill-Rd-06824/home/107128968,Smart MLS,170268684,N,Y,41.2092046,-73.2770199
MLS Listing,,Condo/Co-op,2160 Kings Hwy #8,Fairfield,CT,06824,559000,3,2.5,Fairfield,2130,,2016,98,262,256,Active,,,http://www.redfin.com/CT/Fairfield/2160-Kings-Hwy-06824/unit-8/home/137852449,Smart MLS,170262735,N,Y,41.151098,-73.2425992
MLS Listing,,Single Family Residential,355 Mistywood Ln,Fairfield,CT,06824,725000,6,3.5,Greenfield Hill,4010,103237,1995,98,181,,Active,,,http://www.redfin.com/CT/Fairfield/355-Mistywood-Ln-06824/home/107146747,Smart MLS,170268320,N,Y,41.2126541,-73.3105455
MLS Listing,,Single Family Residential,41 French St,Fairfield,CT,06824,1499000,4,3.5,Beach,3100,4791,2020,98,484,,Active,,,http://www.redfin.com/CT/Fairfield/41-French-St-06824/home/107146107,Smart MLS,170267390,N,Y,41.1218979,-73.2696484
MLS Listing,,Single Family Residential,437 Hulls Farm Rd,Fairfield,CT,06890,2695000,5,4.5,Southport,4814,270072,1822,100,560,,Active,,,http://www.redfin.com/CT/Southport/437-Hulls-Farm-Rd-06890/home/107141379,Smart MLS,170267359,N,Y,41.1593388,-73.295368
MLS Listing,,Single Family Residential,53 Old Dam Rd,Fairfield,CT,06824,1099000,3,2.5,Beach,3188,13939,1997,100,345,,Active,,,http://www.redfin.com/CT/Fairfield/53-Old-Dam-Rd-06824/home/107148054,Smart MLS,170260277,N,Y,41.123938,-73.257252
MLS Listing,,Single Family Residential,80 Governors Ln,Fairfield,CT,06824,3600000,6,6.0,Greenfield Hill,7801,370260,1933,102,461,,Active,,,http://www.redfin.com/CT/Fairfield/80-Governors-Ln-06824/home/107133536,Smart MLS,170261757,N,Y,41.165468,-73.2872629
MLS Listing,,Vacant Land,1995 N Benson Rd,Fairfield,CT,06824,250000,,,University,,12632,,102,,,Active,,,http://www.redfin.com/CT/Fairfield/1995-N-Benson-Rd-06824/home/107134419,Smart MLS,170266999,N,Y,41.173057,-73.2583871
MLS Listing,,Single Family Residential,220 Burr St,Fairfield,CT,06824,899000,5,4.5,Greenfield Hill,3996,87555,1964,102,225,,Active,,,http://www.redfin.com/CT/Fairfield/220-Burr-St-06824/home/107124704,Smart MLS,170259983,N,Y,41.1775318,-73.2708923
MLS Listing,,Single Family Residential,31 Melody Ln,Fairfield,CT,06824,1119000,5,4.5,University,4845,10454,2020,102,231,,Active,,,http://www.redfin.com/CT/Fairfield/31-Melody-Ln-06824/home/107139202,Smart MLS,170251824,N,Y,41.1787173,-73.2524972
MLS Listing,,Single Family Residential,1225 Fairfield Beach Rd,Fairfield,CT,06824,3775000,4,4.5,Beach,4399,7405,2015,105,858,,Active,,,http://www.redfin.com/CT/Fairfield/1225-Fairfield-Beach-Rd-06824/home/107130901,Smart MLS,170265068,N,Y,41.1262456,-73.250595
MLS Listing,,Single Family Residential,254 Woodside Cir,Fairfield,CT,06825,575000,3,2.5,Stratfield,2900,9583,1957,105,198,,Active,,,http://www.redfin.com/CT/Fairfield/254-Woodside-Cir-06825/home/107145906,Smart MLS,170266152,N,Y,41.1918269,-73.2263359
MLS Listing,,Single Family Residential,195 Flintlock Rd,Fairfield,CT,06890,1050000,5,3.5,Southport,4761,24829,1989,105,221,19,Active,,,http://www.redfin.com/CT/Southport/195-Flintlock-Rd-06890/home/107130130,Smart MLS,170266383,N,Y,41.1490688,-73.2946644
MLS Listing,,Single Family Residential,57 Pine Ridge Rd,Fairfield,CT,06825,499900,4,3.0,Stratfield,2862,12196,1959,105,175,,Active,,,http://www.redfin.com/CT/Fairfield/57-Pine-Ridge-Rd-06825/home/107139818,Smart MLS,170266056,N,Y,41.207487,-73.2306675
MLS Listing,,Single Family Residential,628 Rowland Rd,Fairfield,CT,06824,1895000,5,4.5,Beach,4024,11325,2007,107,471,,Active,,,http://www.redfin.com/CT/Fairfield/628-Rowland-Rd-06824/home/107144435,Smart MLS,170263122,N,Y,41.1336393,-73.245505
MLS Listing,,Single Family Residential,2980 Burr St,Fairfield,CT,06824,949000,4,4.0,Greenfield Hill,4724,103672,1994,107,201,,Active,,,http://www.redfin.com/CT/Fairfield/2980-Burr-St-06824/home/107141100,Smart MLS,170258315,N,Y,41.2099907,-73.2977048
MLS Listing,,Single Family Residential,734 Sasco Hill Rd,Fairfield,CT,06824,4700000,6,7.5,Sasco,6900,69696,1929,107,681,,Active,,,http://www.redfin.com/CT/Fairfield/734-Sasco-Hill-Rd-06824/home/107127845,Smart MLS,170265391,N,Y,41.1298636,-73.2733548
MLS Listing,,Single Family Residential,1555-1556 Fairfield Beach Rd,Fairfield,CT,06824,2675000,4,3.5,Beach,3600,9583,1926,107,743,,Active,,,http://www.redfin.com/CT/Fairfield/1555-Fairfield-Beach-Rd-06824/home/40495745,Smart MLS,170265696,N,Y,41.1238007,-73.2554575
MLS Listing,,Single Family Residential,185 Red Oak Rd,Fairfield,CT,06824,1439000,5,6.5,Greenfield Hill,7402,88862,2004,107,194,,Active,,,http://www.redfin.com/CT/Fairfield/185-Red-Oak-Rd-06824/home/107136986,Smart MLS,170265630,N,Y,41.1984321,-73.2939734
MLS Listing,,Single Family Residential,394 Penfield Rd,Fairfield,CT,06824,2299000,6,5.0,Beach,4500,12632,2020,107,511,,Active,,,http://www.redfin.com/CT/Fairfield/394-Penfield-Rd-06824/home/107135959,Smart MLS,170265597,N,Y,41.1373912,-73.2466411
MLS Listing,,Single Family Residential,378 Penfield Rd,Fairfield,CT,06824,2299000,6,5.0,Beach,4800,12632,2020,107,479,,Active,,,http://www.redfin.com/CT/Fairfield/378-Penfield-Rd-06824/home/107135512,Smart MLS,170265595,N,Y,41.1375824,-73.2468758
MLS Listing,,Single Family Residential,740 Mill Hill Ter,Fairfield,CT,06890,395000,3,2.5,Southport,1774,57499,1946,108,223,,Active,,,http://www.redfin.com/CT/Southport/740-Mill-Hill-Ter-06890/home/107148155,Smart MLS,170265610,N,Y,41.1456109,-73.2835362
MLS Listing,,Single Family Residential,99 Oriole Ln,Fairfield,CT,06824,679000,4,2.5,Lake Hills,2712,31363,1968,108,250,33,Active,,,http://www.redfin.com/CT/Fairfield/99-Oriole-Ln-06824/home/107129616,Smart MLS,170265469,N,Y,41.1857125,-73.2621845
MLS Listing,,Single Family Residential,295 Crestwood Rd,Fairfield,CT,06824,914000,4,3.5,University,3235,20037,2019,109,283,,Active,,,http://www.redfin.com/CT/Fairfield/295-Crestwood-Rd-06824/home/107131586,Smart MLS,170265105,N,Y,41.162964,-73.2473366
MLS Listing,,Single Family Residential,350 Canterbury Ln,Fairfield,CT,06825,573500,3,2.5,Lake Hills,1936,20473,1974,109,296,,Active,,,http://www.redfin.com/CT/Fairfield/350-Canterbury-Ln-06825/home/107124865,Smart MLS,170264156,N,Y,41.1992206,-73.2587289
MLS Listing,,Vacant Land,44 Hamlet Hill Ln,Fairfield,CT,06890,425000,,,Southport,,29620,,110,,,Active,,,http://www.redfin.com/CT/Fairfield/44-Hill-Brook-Ln-06824/home/169888843,Smart MLS,170244932,N,Y,41.143731,-73.282943
MLS Listing,,Vacant Land,50 Hamlet Hill Ln,Fairfield,CT,06890,375000,,,Southport,,21780,,111,,,Active,,,http://www.redfin.com/CT/Fairfield/50-Hill-Brook-Ln-06824/home/170352691,Smart MLS,170264823,N,Y,41.143567,-73.283359
MLS Listing,,Vacant Land,20 Hamlet Hill Ln,Fairfield,CT,06890,399000,,,Southport,,23522,,111,,,Active,,,http://www.redfin.com/CT/Fairfield/20-Hill-Brook-Ln-06824/home/170352687,Smart MLS,170264821,N,Y,41.143099,-73.282862
MLS Listing,,Vacant Land,Lot  B Stone Creek Ests,Fairfield,CT,06824,325000,,,Greenfield Hill,,132422,,111,,,Active,,,http://www.redfin.com/CT/Fairfield/Lot-B-Stone-Creek-ESTS-06824/home/169605242,Smart MLS,170264797,N,Y,41.216799,-73.277205
MLS Listing,,Vacant Land,Lot A Stone Creek Ests,Fairfield,CT,06824,349000,,,Greenfield Hill,,96703,,111,,,Active,,,http://www.redfin.com/CT/Fairfield/Lot-A-Stone-Creek-ESTS-06824/home/169604566,Smart MLS,170264794,N,Y,41.216799,-73.277205
MLS Listing,,Single Family Residential,451 Midlock Rd,Fairfield,CT,06824,1525000,5,5.5,Greenfield Hill,7658,103672,1997,111,199,,Active,,,http://www.redfin.com/CT/Fairfield/451-Midlock-Rd-06824/home/107132139,Smart MLS,170264727,N,Y,41.2044668,-73.2911978
MLS Listing,,Single Family Residential,357 N Benson Rd,Fairfield,CT,06824,449000,3,2.0,University,1430,15245,1939,112,314,,Active,,,http://www.redfin.com/CT/Fairfield/357-N-Benson-Rd-06824/home/107132853,Smart MLS,170262941,N,Y,41.1516113,-73.251518
MLS Listing,,Condo/Co-op,3845 Park Ave #18,Fairfield,CT,06825,315000,3,2.5,Fairfield,1996,,1987,113,158,350,Active,,,http://www.redfin.com/CT/Fairfield/3845-Park-Ave-06825/unit-18/home/107125398,Smart MLS,170264013,N,Y,41.2074199,-73.2276274
MLS Listing,,Single Family Residential,38 Sawyer Rd,Fairfield,CT,06824,519500,4,2.0,No,1825,8276,1949,113,285,,Active,,,http://www.redfin.com/CT/Fairfield/38-Sawyer-Rd-06824/home/107143813,Smart MLS,170264166,N,Y,41.1747057,-73.2393766
MLS Listing,,Single Family Residential,91 Ingleside Rd,Fairfield,CT,06824,749900,4,2.5,Greenfield Hill,2796,102801,1967,114,268,,Active,,,http://www.redfin.com/CT/Fairfield/91-Ingleside-Rd-06824/home/107146093,Smart MLS,170263997,N,Y,41.1619048,-73.3123812
MLS Listing,,Single Family Residential,1011 Pequot Ave,Fairfield,CT,06890,2998000,5,5.0,Southport,5819,86684,1963,114,515,,Active,,,http://www.redfin.com/CT/Southport/1011-Pequot-Ave-06890/home/107143596,Smart MLS,170263653,N,Y,41.1284788,-73.2926054
MLS Listing,,Single Family Residential,50 Jackman Ave,Fairfield,CT,06825,699000,4,4.5,Stratfield,3047,26136,1923,114,229,,Active,,,http://www.redfin.com/CT/Fairfield/50-Jackman-Ave-06825/home/107141261,Smart MLS,170260430,N,Y,41.1988325,-73.2213568
MLS Listing,,Single Family Residential,490 Castle Ave,Fairfield,CT,06825,399000,4,2.5,Fairfield,2443,4791,1922,116,163,,Active,,,http://www.redfin.com/CT/Fairfield/490-Castle-Ave-06825/home/107138811,Smart MLS,170263349,N,Y,41.1666571,-73.2356442
MLS Listing,,Single Family Residential,111 Woodbine Ln,Fairfield,CT,06825,599900,4,2.5,Stratfield,2653,23958,1981,116,226,,Active,,,http://www.redfin.com/CT/Fairfield/111-Woodbine-Ln-06825/home/107135281,Smart MLS,170260554,N,Y,41.2023813,-73.2318844
MLS Listing,,Single Family Residential,15 Windermere St,Fairfield,CT,06825,679000,4,3.0,Stratfield,3360,10018,1985,116,202,,Active,,,http://www.redfin.com/CT/Fairfield/15-Windermere-St-06825/home/107131003,Smart MLS,170261469,N,Y,41.2019152,-73.2243083
MLS Listing,,Single Family Residential,1037 Fairfield Beach Rd,Fairfield,CT,06824,1699000,6,4.0,Beach,3512,6534,1900,118,484,,Active,,,http://www.redfin.com/CT/Fairfield/1037-Fairfield-Beach-Rd-06824/home/107131007,Smart MLS,170262117,N,Y,41.1273253,-73.2474748
MLS Listing,,Single Family Residential,1041 Round Hill Rd,Fairfield,CT,06824,1275000,4,4.5,University,5459,68389,2008,119,234,,Active,,,http://www.redfin.com/CT/Fairfield/1041-Round-Hill-Rd-06824/home/107143857,Smart MLS,170262103,N,Y,41.1575351,-73.2616316
MLS Listing,,Vacant Land,645 Hillside Rd,Fairfield,CT,06824,399000,,,Greenfield Hill,,87120,,119,,,Active,,,http://www.redfin.com/CT/Fairfield/645-Hillside-Rd-06824/home/107130265,Smart MLS,170260333,N,Y,41.1691769,-73.285076
MLS Listing,,Vacant Land,701 Hillside Rd,Fairfield,CT,06824,399000,,,Greenfield Hill,,95832,,119,,,Active,,,http://www.redfin.com/CT/Fairfield/701-Hillside-Rd-06824/home/107133073,Smart MLS,170260331,N,Y,41.1699258,-73.2851627
MLS Listing,,Single Family Residential,2850 Redding Rd,Fairfield,CT,06824,949950,5,3.5,Greenfield Hill,4908,87120,1972,119,194,,Active,,,http://www.redfin.com/CT/Fairfield/2850-Redding-Rd-06824/home/107127355,Smart MLS,170258937,N,Y,41.1976833,-73.3114692
MLS Listing,,Single Family Residential,133 May St,Fairfield,CT,06825,399900,3,2.0,Tunxis Hill,2190,6098,1955,120,183,,Active,,,http://www.redfin.com/CT/Fairfield/133-May-St-06825/home/107139120,Smart MLS,170262281,N,Y,41.1734319,-73.2326722
MLS Listing,,Single Family Residential,365 Lalley Blvd,Fairfield,CT,06824,1775000,5,4.5,Beach,4524,10890,2017,121,392,2,Active,,,http://www.redfin.com/CT/Fairfield/365-Lalley-Blvd-06824/home/107125681,Smart MLS,170260542,N,Y,41.135119,-73.2443991
MLS Listing,,Single Family Residential,4610 Black Rock Tpke,Fairfield,CT,06824,969000,4,3.5,Greenfield Hill,4579,67518,2019,121,212,,Active,,,http://www.redfin.com/CT/Fairfield/4610-Black-Rock-Tpke-06824/home/107124108,Smart MLS,170261874,N,Y,41.2046535,-73.2798686
MLS Listing,,Single Family Residential,558 S Pine Creek Rd,Fairfield,CT,06824,474900,4,1.0,Beach,1595,6098,1947,122,298,,Active,,,http://www.redfin.com/CT/Fairfield/558-S-Pine-Creek-Rd-06824/home/107127746,Smart MLS,170259469,N,Y,41.1328773,-73.2678515
MLS Listing,,Single Family Residential,100 Jessica Ln,Fairfield,CT,06890,1495000,7,5.5,Southport,7086,87120,1989,122,211,,Active,,,http://www.redfin.com/CT/Southport/100-Jessica-Ln-06890/home/107135847,Smart MLS,170261607,N,Y,41.160679,-73.2981655
MLS Listing,,Single Family Residential,174 Mona Ter #174,Fairfield,CT,06824,675000,3,2.5,Beach,2558,,2005,122,264,,Active,,,http://www.redfin.com/CT/Fairfield/174-Mona-Ter-06824/unit-174/home/144528177,Smart MLS,170260156,N,Y,41.1309655,-73.2599614
MLS Listing,,Single Family Residential,753 Rowland Rd,Fairfield,CT,06824,2429000,5,4.5,Beach,4786,10890,2015,123,508,,Active,,,http://www.redfin.com/CT/Fairfield/753-Rowland-Rd-06824/home/107133707,Smart MLS,170261011,N,Y,41.1327974,-73.2432587
MLS Listing,,Single Family Residential,1100 Catamount Rd,Fairfield,CT,06824,795000,5,3.5,Greenfield Hill,4400,90604,1986,123,181,,Active,,,http://www.redfin.com/CT/Fairfield/1100-Catamount-Rd-06824/home/107133613,Smart MLS,170250008,N,Y,41.1943786,-73.3277666
MLS Listing,,Condo/Co-op,150 Salt Meadow Rd #150,Fairfield,CT,06824,795000,3,2.5,Beach,2350,,1978,124,338,580,Active,,,http://www.redfin.com/CT/Fairfield/150-Salt-Meadow-Rd-06824/unit-150/home/170214794,Smart MLS,170251169,N,Y,41.1295996,-73.2653636
MLS Listing,,Single Family Residential,2357 Easton Tpke,Fairfield,CT,06825,365000,4,2.5,Stratfield,2240,8712,1940,125,163,,Active,,,http://www.redfin.com/CT/Fairfield/2357-Easton-Tpke-06825/home/107124583,Smart MLS,170260991,N,Y,41.2107334,-73.2458256
MLS Listing,,Single Family Residential,38 Forest Ave,Fairfield,CT,06824,599000,3,2.0,Beach,1567,7405,1953,125,382,,Active,,,http://www.redfin.com/CT/Fairfield/38-Forest-Ave-06824/home/107148824,Smart MLS,170260953,N,Y,41.1328908,-73.2517715
MLS Listing,,Single Family Residential,47 Bay Edge Ct,Fairfield,CT,06824,1599000,5,5.0,Beach,6257,17859,1954,126,256,,Active,,,http://www.redfin.com/CT/Fairfield/47-Bay-Edge-Ct-06824/home/107140061,Smart MLS,170260826,N,Y,41.1517503,-73.2350221
MLS Listing,,Single Family Residential,864 Flintlock Rd,Fairfield,CT,06890,1050000,4,3.0,Southport,5130,23958,1993,126,205,19,Active,,,http://www.redfin.com/CT/Southport/864-Flintlock-Rd-06890/home/107138835,Smart MLS,170260574,N,Y,41.1484123,-73.2928217
MLS Listing,,Single Family Residential,103 Brooklawn Pkwy,Fairfield,CT,06825,449900,3,2.0,Stratfield,1667,7405,1923,127,270,,Active,,,http://www.redfin.com/CT/Fairfield/103-Brooklawn-Pkwy-06825/home/107143318,Smart MLS,170260270,N,Y,41.1967539,-73.2314011
MLS Listing,,Single Family Residential,1163 Merwins Ln,Fairfield,CT,06824,619000,5,3.5,Greenfield Hill,2960,91476,1954,127,209,,Active,,,http://www.redfin.com/CT/Fairfield/1163-Merwins-Ln-06824/home/107129027,Smart MLS,170260403,N,Y,41.1776581,-73.3115705
MLS Listing,,Vacant Land,70 Meadow Ridge Rd,Fairfield,CT,06824,494900,,,Southport,,50965,,133,,,Active,,,http://www.redfin.com/CT/Fairfield/70-Meadow-Ridge-Rd-06824/home/144532361,Smart MLS,170259641,N,Y,41.1598302,-73.2431655
MLS Listing,,Single Family Residential,660 Stillson Rd,Fairfield,CT,06824,419000,3,1.5,University,1588,40510,1959,147,264,,Active,,,http://www.redfin.com/CT/Fairfield/660-Stillson-Rd-06824/home/107133489,Smart MLS,170255779,N,Y,41.1780532,-73.254522
MLS Listing,,Single Family Residential,10 Knapps Park Dr,Fairfield,CT,06825,235000,3,1.5,Fairfield Woods,1100,4791,1942,147,214,,Active,,,http://www.redfin.com/CT/Fairfield/10-Knapps-Park-Dr-06825/home/107141632,Smart MLS,170257802,N,Y,41.183076,-73.2365657
MLS Listing,,Vacant Land,3250 North St,Fairfield,CT,06824,235000,,,Greenfield Hill,,168141,,148,,,Active,,,http://www.redfin.com/CT/Fairfield/3250-North-St-06824/home/107147473,Smart MLS,170257676,N,Y,41.2081473,-73.3170665
MLS Listing,,Single Family Residential,121 Soundview Ave,Fairfield,CT,06825,319500,4,1.0,Tunxis Hill,1132,5662,1954,148,282,,Active,,,http://www.redfin.com/CT/Fairfield/121-Soundview-Ave-06825/home/107148482,Smart MLS,170257535,N,Y,41.1758293,-73.2322457
MLS Listing,,Single Family Residential,257 Colonial Dr,Fairfield,CT,06824,2385000,4,4.5,Beach,4200,9583,2019,149,568,,Active,,,http://www.redfin.com/CT/Fairfield/257-Colonial-Dr-06824/home/107135856,Smart MLS,170243087,N,Y,41.1401979,-73.2407589
MLS Listing,,Single Family Residential,250 Hemlock Hills Rd S,Fairfield,CT,06824,900000,4,2.5,Greenfield Hill,3402,90169,1979,149,265,,Active,,,http://www.redfin.com/CT/Fairfield/250-Hemlock-Hills-Rd-S-06824/home/107126099,Smart MLS,170257331,N,Y,41.2043191,-73.2881868
MLS Listing,,Single Family Residential,51 Short Hill Ln,Fairfield,CT,06825,750975,4,3.5,Lake Mohegan,2600,20473,1952,149,289,,Active,,,http://www.redfin.com/CT/Fairfield/51-Short-Hill-Ln-06825/home/107124462,Smart MLS,170257584,N,Y,41.1964073,-73.2524165
MLS Listing,,Single Family Residential,250 S Gate Ln,Fairfield,CT,06890,899500,4,2.5,Southport,2303,21780,1969,149,391,,Active,,,http://www.redfin.com/CT/Southport/250-S-Gate-Ln-06890/home/107136841,Smart MLS,170253546,N,Y,41.1301199,-73.2939849
MLS Listing,,Single Family Residential,34 Euclid Ave,Fairfield,CT,06825,519000,4,2.5,Stratfield,1825,6969,1961,152,284,,Active,,,http://www.redfin.com/CT/Fairfield/34-Euclid-Ave-06825/home/107143258,Smart MLS,170256873,N,Y,41.1916815,-73.2207599
MLS Listing,,Single Family Residential,866 N Benson Rd,Fairfield,CT,06824,519900,2,2.0,University,1999,22215,1950,153,260,,Active,,,http://www.redfin.com/CT/Fairfield/866-N-Benson-Rd-06824/home/107134657,Smart MLS,170256839,N,Y,41.158599,-73.2522898
MLS Listing,,Single Family Residential,136 Henderson Rd,Fairfield,CT,06824,599000,4,2.5,Sturges,2310,11325,1936,158,259,,Active,,,http://www.redfin.com/CT/Fairfield/136-Henderson-Rd-06824/home/107143446,Smart MLS,170254723,N,Y,41.1435865,-73.2714452
MLS Listing,,Vacant Land,177 High Meadow Rd,Fairfield,CT,06890,495000,,,Southport,,43560,,164,,,Active,,,http://www.redfin.com/CT/Southport/177-High-Meadow-Rd-06890/home/109704113,Smart MLS,170254995,N,Y,41.1470045,-73.2754781
MLS Listing,,Single Family Residential,571 Bronson Rd,Fairfield,CT,06890,675000,4,2.0,Southport,1785,19602,1907,164,378,,Active,,,http://www.redfin.com/CT/Southport/571-Bronson-Rd-06890/home/107124114,Smart MLS,170254424,N,Y,41.1466929,-73.2740713
MLS Listing,,Single Family Residential,76 Vesper St,Fairfield,CT,06825,199900,2,1.0,Tunxis Hill,1006,4791,1916,164,199,,Active,,,http://www.redfin.com/CT/Fairfield/76-Vesper-St-06825/home/107125137,Smart MLS,170254541,N,Y,41.1801122,-73.2333847
MLS Listing,,Single Family Residential,102 Newton St,Fairfield,CT,06824,510000,3,1.0,Beach,1072,5227,1952,171,476,,Active,,,http://www.redfin.com/CT/Fairfield/102-Newton-St-06824/home/107132237,Smart MLS,170253357,N,Y,41.1457158,-73.2423717
MLS Listing,,Single Family Residential,112 Westwood Rd,Fairfield,CT,06825,729000,4,2.5,Stratfield,2850,22651,1949,171,256,,Active,,,http://www.redfin.com/CT/Fairfield/112-Westwood-Rd-06825/home/107137166,Smart MLS,170253483,N,Y,41.1940367,-73.2319453
MLS Listing,,Single Family Residential,125 Brett Ln,Fairfield,CT,06824,1425000,6,5.0,Greenfield Hill,7764,196020,1964,176,184,,Active,,,http://www.redfin.com/CT/Fairfield/125-Brett-Ln-06824/home/107133624,Smart MLS,170252310,N,Y,41.1969345,-73.3082081
MLS Listing,,Single Family Residential,57 Wilson St,Fairfield,CT,06825,364000,3,2.0,Stratfield,1225,5227,1956,176,297,,Active,,,http://www.redfin.com/CT/Fairfield/57-Wilson-St-06825/home/107145815,Smart MLS,170246256,N,Y,41.2045971,-73.226471
MLS Listing,,Single Family Residential,64 Lookout Dr N,Fairfield,CT,06825,1049000,6,3.5,Brooklawn,5813,37897,1915,179,180,93,Active,,,http://www.redfin.com/CT/Fairfield/64-Lookout-Dr-N-06825/home/107126185,Smart MLS,170238829,N,Y,41.1862675,-73.2235316
MLS Listing,,Single Family Residential,400 Burr St,Fairfield,CT,06824,1085000,4,3.5,Greenfield Hill,4450,139392,1764,183,244,,Active,,,http://www.redfin.com/CT/Fairfield/400-Burr-St-06824/home/107148855,Smart MLS,170249749,N,Y,41.1796752,-73.2729656
MLS Listing,,Condo/Co-op,75 Stone Ridge Way Unit 1F,Fairfield,CT,06824,569000,3,3.0,Grasmere,1769,,2005,186,322,855,Active,,,http://www.redfin.com/CT/Fairfield/75-Stone-Ridge-Way-06825/unit-1F/home/169647371,Smart MLS,170247689,N,Y,41.161826,-73.236924
MLS Listing,,Single Family Residential,251 Shoreham Village Dr,Fairfield,CT,06824,539000,3,1.5,Beach,1536,6969,1940,188,351,,Active,,,http://www.redfin.com/CT/Fairfield/251-Shoreham-Village-Dr-06824/home/107136680,Smart MLS,170248833,N,Y,41.1507545,-73.2392383
MLS Listing,,Single Family Residential,11 Pilgrim Ln,Fairfield,CT,06824,899000,6,2.5,Beach,2311,10454,1956,192,389,,Active,,,http://www.redfin.com/CT/Fairfield/11-Pilgrim-Ln-06824/home/107141125,Smart MLS,170247058,N,Y,41.141414,-73.2412197
MLS Listing,,Single Family Residential,581 Pequot Ave,Fairfield,CT,06890,1387900,4,3.5,Southport,3184,16117,1822,195,436,,Active,,,http://www.redfin.com/CT/Southport/581-Pequot-Ave-06890/home/107129117,Smart MLS,170246551,N,Y,41.1340965,-73.2867735
MLS Listing,,Single Family Residential,1677 Bronson Rd,Fairfield,CT,06824,779000,4,3.0,Greenfield Hill,2246,60548,1954,195,347,,Active,,,http://www.redfin.com/CT/Fairfield/1677-Bronson-Rd-06824/home/107129373,Smart MLS,170231644,N,Y,41.1599948,-73.2796179
MLS Listing,,Single Family Residential,45 Linley Dr,Fairfield,CT,06825,509000,4,2.5,Fairfield Woods,3051,12632,1974,197,167,,Active,,,http://www.redfin.com/CT/Fairfield/45-Linley-Dr-06825/home/107124710,Smart MLS,170247371,N,Y,41.1927538,-73.2340774
MLS Listing,,Single Family Residential,30 Spring Hill Rd,Fairfield,CT,06824,748000,3,3.0,Greenfield Hill,3356,87555,1962,202,223,,Active,,,http://www.redfin.com/CT/Fairfield/30-Spring-Hill-Rd-06824/home/107143936,Smart MLS,170245953,N,Y,41.1674614,-73.3136766
MLS Listing,,Single Family Residential,15 Mill Hill Ln,Fairfield,CT,06890,1649000,5,6.0,Southport,5800,65340,2019,205,284,,Active,,,http://www.redfin.com/CT/Southport/15-Mill-Hill-Ln-06890/home/107136355,Smart MLS,170244461,N,Y,41.1444218,-73.2807313
MLS Listing,,Single Family Residential,225 S Gate Ln,Fairfield,CT,06890,979900,4,2.5,Southport,2668,36590,1967,206,367,,Active,,,http://www.redfin.com/CT/Southport/225-S-Gate-Ln-06890/home/107135848,Smart MLS,170240156,N,Y,41.1301623,-73.2948486
MLS Listing,,Single Family Residential,1450 Hillside Rd,Fairfield,CT,06824,2500000,6,7.0,Greenfield Hill,5726,78408,1939,212,437,,Active,,,http://www.redfin.com/CT/Fairfield/1450-Hillside-Rd-06824/home/107144389,Smart MLS,170242914,N,Y,41.1789291,-73.2911287
MLS Listing,,Single Family Residential,390 Harbor Rd,Fairfield,CT,06890,3000000,5,4.5,Southport,4942,69696,1884,214,607,,Active,,,http://www.redfin.com/CT/Southport/390-Harbor-Rd-06890/home/107136823,Smart MLS,170242551,N,Y,41.1356755,-73.2796884
MLS Listing,,Multi-Family (2-4 Unit),3 Garden Ct,Fairfield,CT,06825,399000,4,2.0,Fairfield Woods,1612,9583,1942,216,248,,Active,,,http://www.redfin.com/CT/Fairfield/3-Garden-Ct-06825/home/107126134,Smart MLS,170239950,N,Y,41.1912691,-73.240606
MLS Listing,,Single Family Residential,1852 Hillside Rd,Fairfield,CT,06824,1980000,6,6.0,Greenfield Hill,6122,111949,1978,217,323,,Active,,,http://www.redfin.com/CT/Fairfield/1852-Hillside-Rd-06824/home/107141932,Smart MLS,170240658,N,Y,41.184259,-73.293138
MLS Listing,,Single Family Residential,920 Burr St,Fairfield,CT,06824,1100000,5,4.5,Greenfield Hill,3975,89297,1968,218,277,,Active,,,http://www.redfin.com/CT/Fairfield/920-Burr-St-06824/home/107132945,Smart MLS,170238770,N,Y,41.1857746,-73.2779298
MLS Listing,,Single Family Residential,842 Redding Rd,Fairfield,CT,06824,990000,5,5.5,Greenfield Hill,4072,196020,1951,218,243,,Active,,,http://www.redfin.com/CT/Fairfield/842-Redding-Rd-06824/home/107123821,Smart MLS,170241019,N,Y,41.1726127,-73.2974284
MLS Listing,,Single Family Residential,152 Dill Rd,Fairfield,CT,06824,819000,4,2.5,University,1998,9583,1960,219,410,,Active,,,http://www.redfin.com/CT/Fairfield/152-Dill-Rd-06824/home/107135616,Smart MLS,170240686,N,Y,41.1602622,-73.2527391
MLS Listing,,Single Family Residential,157 Tanglewood Ln,Fairfield,CT,06824,589000,4,2.5,Greenfield Hill,2884,95832,1964,220,204,,Active,,,http://www.redfin.com/CT/Fairfield/157-Tanglewood-Ln-06824/home/107137105,Smart MLS,170239988,N,Y,41.2030592,-73.2817161
MLS Listing,,Single Family Residential,11 Tuckahoe Ln,Fairfield,CT,06824,999900,4,3.5,University,3778,10454,2018,220,265,,Active,,,http://www.redfin.com/CT/Fairfield/11-Tuckahoe-Ln-06824/home/107124324,Smart MLS,170210006,N,Y,41.1747798,-73.2509536
MLS Listing,,Single Family Residential,60 Chester Pl,Fairfield,CT,06890,2150000,5,4.5,Southport,5285,22215,1961,227,407,,Active,,,http://www.redfin.com/CT/Southport/60-Chester-Pl-06890/home/107130566,Smart MLS,170238180,N,Y,41.1353411,-73.2840801
MLS Listing,,Single Family Residential,506 Lakeview Dr,Fairfield,CT,06825,459000,2,2.0,Lake Mohegan,1200,20037,1956,233,383,,Active,,,http://www.redfin.com/CT/Fairfield/506-Lakeview-Dr-06825/home/107131633,Smart MLS,170236523,N,Y,41.1939808,-73.2548864
MLS Listing,,Single Family Residential,939 Hillside Rd,Fairfield,CT,06824,1049000,4,3.5,Greenfield Hill,4000,95396,1740,234,262,,Active,,,http://www.redfin.com/CT/Fairfield/939-Hillside-Rd-06824/home/107140112,Smart MLS,170235421,N,Y,41.1729902,-73.2866024
MLS Listing,,Single Family Residential,1522 Fairfield Beach Rd,Fairfield,CT,06824,2350000,5,4.5,Beach,3800,5227,1910,237,618,,Active,,,http://www.redfin.com/CT/Fairfield/1522-Fairfield-Beach-Rd-06824/home/107132664,Smart MLS,170235499,N,Y,41.1242588,-73.2554344
MLS Listing,,Single Family Residential,188 Range Rd,Fairfield,CT,06890,1200000,4,2.5,Southport,3548,27007,1991,237,338,19,Active,,,http://www.redfin.com/CT/Southport/188-Range-Rd-06890/home/107148067,Smart MLS,170234118,N,Y,41.1486995,-73.2965531
MLS Listing,,Single Family Residential,2312 Redding Rd,Fairfield,CT,06824,1795000,5,6.0,Greenfield Hill,5000,92347,2005,240,359,,Active,,,http://www.redfin.com/CT/Fairfield/2312-Redding-Rd-06824/home/107132715,Smart MLS,170232337,N,Y,41.1909289,-73.3078277
MLS Listing,,Single Family Residential,641 Penfield Rd,Fairfield,CT,06824,2949000,5,4.5,Beach,4783,12196,2020,245,617,,Active,,,http://www.redfin.com/CT/Fairfield/641-Penfield-Rd-06824/home/107137214,Smart MLS,170232944,N,Y,41.1356365,-73.2427403
MLS Listing,,Single Family Residential,371 Sky Top Dr,Fairfield,CT,06825,635000,3,3.5,Stratfield,3264,15245,1954,245,195,,Active,,,http://www.redfin.com/CT/Fairfield/371-Sky-Top-Dr-06825/home/107147750,Smart MLS,170232972,N,Y,41.2054694,-73.2381324
MLS Listing,,Single Family Residential,118 Lloyd Dr,Fairfield,CT,06825,399000,3,2.0,Stratfield,1736,12196,1950,245,230,,Active,,,http://www.redfin.com/CT/Fairfield/118-Lloyd-Dr-06825/home/107132782,Smart MLS,170232848,N,Y,41.2020367,-73.2483668
MLS Listing,,Single Family Residential,771 Rowland Rd,Fairfield,CT,06824,2250000,5,4.5,Beach,4744,10890,2015,246,474,,Active,,,http://www.redfin.com/CT/Fairfield/771-Rowland-Rd-06824/home/107141750,Smart MLS,170231303,N,Y,41.1326292,-73.2430283
MLS Listing,,Single Family Residential,2575 North St,Fairfield,CT,06824,1348000,5,6.0,Greenfield Hill,8514,222155,2006,248,158,,Active,,,http://www.redfin.com/CT/Fairfield/2575-North-St-06824/home/107123820,Smart MLS,170231257,N,Y,41.2075541,-73.3117024
MLS Listing,,Vacant Land,657 Stratfield Rd,Fairfield,CT,06825,288350,,,Stratfield,,12196,,251,,,Active,,,http://www.redfin.com/CT/Fairfield/657-Stratfield-Rd-06825/home/107124346,Smart MLS,170230973,N,Y,41.1938361,-73.2281094
MLS Listing,,Vacant Land,1150-1240 Westport Tpke,Fairfield,CT,06824,600000,,,Greenfield Hill,,419482,,254,,,Active,,,http://www.redfin.com/CT/Fairfield/1150-Westport-Tpke-06824/home/168383389,Smart MLS,170230071,N,Y,41.2078849,-73.3299697
MLS Listing,,Vacant Land,1240 Westport Tpke,Fairfield,CT,06824,200000,,,Greenfield Hill,,114998,,254,,,Active,,,http://www.redfin.com/CT/Fairfield/1240-Westport-Tpke-06824/home/107135119,Smart MLS,170230058,N,Y,41.208257,-73.328747
MLS Listing,,Single Family Residential,1894 Cross Hwy,Fairfield,CT,06824,2395000,5,7.0,Greenfield Hill,9847,147232,1983,255,243,,Active,,,http://www.redfin.com/CT/Fairfield/1894-Cross-Hwy-06824/home/107127748,Smart MLS,170226923,N,Y,41.1786029,-73.3209558
MLS Listing,,Single Family Residential,405 Hill Farm Rd,Fairfield,CT,06824,894900,4,2.5,Greenfield Hill,3308,48351,1999,261,271,,Active,,,http://www.redfin.com/CT/Fairfield/405-Hill-Farm-Rd-06824/home/107133854,Smart MLS,170225881,N,Y,41.1660955,-73.2795747
MLS Listing,,Single Family Residential,1198 Samuel Ln,Fairfield,CT,06824,789000,4,2.5,Sturges,2572,14374,1973,266,307,,Active,,,http://www.redfin.com/CT/Fairfield/1198-Samuel-Ln-06824/home/107137143,Smart MLS,170225190,N,Y,41.1502016,-73.2701552
MLS Listing,,Single Family Residential,90 Brighton View Rd,Fairfield,CT,06824,559000,4,2.5,Greenfield Hill,2476,52272,1977,267,226,,Active,,,http://www.redfin.com/CT/Fairfield/90-Brighton-View-Rd-06824/home/107133879,Smart MLS,170225093,N,Y,41.1845747,-73.2698326
MLS Listing,,Single Family Residential,221 Rolling Hills Dr,Fairfield,CT,06824,765000,4,4.5,Greenfield Hill,4951,87120,1979,269,155,,Active,,,http://www.redfin.com/CT/Fairfield/221-Rolling-Hills-Dr-06824/home/107132868,Smart MLS,170223930,N,Y,41.227089,-73.2796459
MLS Listing,,Single Family Residential,272 Fairfield Beach Rd,Fairfield,CT,06824,3199000,5,4.5,Beach,4771,13068,2019,269,671,2,Active,,,http://www.redfin.com/CT/Fairfield/272-Fairfield-Beach-Rd-06824/home/107129472,Smart MLS,170224102,N,Y,41.1357422,-73.2419109
MLS Listing,,Single Family Residential,485 Wellington Dr,Fairfield,CT,06824,820000,4,2.5,Greenfield Hill,3550,87991,1978,270,231,,Active,,,http://www.redfin.com/CT/Fairfield/485-Wellington-Dr-06824/home/107141960,Smart MLS,170225502,N,Y,41.1738688,-73.3135973
MLS Listing,,Single Family Residential,1160 Pequot Ave,Fairfield,CT,06890,2400000,5,5.5,Southport,5605,30056,1970,274,428,,Active,,,http://www.redfin.com/CT/Southport/1160-Pequot-Ave-06890/home/107127580,Smart MLS,170210154,N,Y,41.1286206,-73.293743
MLS Listing,,Single Family Residential,3780 Black Rock Tpke,Fairfield,CT,06825,399000,3,1.5,Lake Hills,1982,28749,1969,290,201,33,Active,,,http://www.redfin.com/CT/Fairfield/3780-Black-Rock-Tpke-06825/home/107124194,Smart MLS,170213689,N,Y,41.2000368,-73.2663196
