SALE TYPE,SOLD DATE,PROPERTY TYPE,ADDRESS,CITY,STATE OR PROVINCE,ZIP OR POSTAL CODE,PRICE,BEDS,BATHS,LOCATION,SQUARE FEET,LOT SIZE,YEAR BUILT,DAYS ON MARKET,$/SQUARE FEET,HOA/MONTH,STATUS,NEXT OPEN HOUSE START TIME,NEXT OPEN HOUSE END TIME,URL (SEE http://www.redfin.com/buy-a-home/comparative-market-analysis FOR INFO ON PRICING),SOURCE,MLS#,FAVORITE,INTERESTED,LATITUDE,LONGITUDE
MLS Listing,,Single Family Residential,46 Crosswood Rd,Farmington,CT,06032,369900,2,2.5,Unionville,2768,32234,1982,1,134,,Active,,,http://www.redfin.com/CT/Farmington/46-Crosswood-Rd-06032/home/54433770,Smart MLS,170292432,N,Y,41.7535127,-72.8707895
MLS Listing,,Single Family Residential,92 Mountain Rd,Farmington,CT,06032,365000,3,2.0,Farmington,2041,80586,1963,2,179,,Active,,,http://www.redfin.com/CT/Farmington/92-Mountain-Rd-06032/home/54428563,Smart MLS,170292879,N,Y,41.717823,-72.8175968
MLS Listing,,Single Family Residential,,Farmington,CT,06032,300000,2,2.0,,1803,22651,1958,2,166,,Active,,,http://www.redfin.com/CT/Farmington/Undisclosed-address-06032/home/54426023,Smart MLS,170292989,N,Y,41.7310521,-72.7695966
MLS Listing,,Condo/Co-op,53 Songbird Ln #53,Farmington,CT,06032,174900,2,2.5,Farmington,1224,,1990,2,143,293,Active,,,http://www.redfin.com/CT/Farmington/53-Songbird-Ln-06032/unit-53/home/144528784,Smart MLS,170291321,N,Y,41.6986536,-72.8915293
MLS Listing,,Condo/Co-op,1646 Farmington Ave #3,Farmington,CT,06085,112000,2,1.0,Unionville,719,,1964,3,156,265,Active,,,http://www.redfin.com/CT/Unionville/1646-Farmington-Ave-06085/unit-3/home/54427472,Smart MLS,170292821,N,Y,41.7527959,-72.873943
MLS Listing,,Single Family Residential,14 Garden GATE,Farmington,CT,06032,750000,4,3.0,Farmington,4865,39204,2004,3,154,43,Active,,,http://www.redfin.com/CT/Farmington/14-Garden-Gate-06032/home/54424338,Smart MLS,170291028,N,Y,41.721645,-72.777773
MLS Listing,,Single Family Residential,1 Kelso Way,Farmington,CT,06085,479000,4,3.5,Farmington,2696,4791,2009,4,178,165,Active,,,http://www.redfin.com/CT/Farmington/Kelso-Way-06085/home/54426775,Smart MLS,170290393,N,Y,41.721285,-72.890097
MLS Listing,,Vacant Land,0 Garden St,Farmington,CT,06032,175000,,,Farmington Village,,16552,,7,,,Active,,,http://www.redfin.com/CT/FARMINGTON/GARDEN-ST-06032/home/54425538,Smart MLS,170290937,N,Y,41.721131,-72.833903
MLS Listing,,Single Family Residential,13 Walnut St,Farmington,CT,06085,474600,3,2.5,Unionville,2210,14810,2020,7,215,,Active,,,http://www.redfin.com/CT/Unionville/13-Walnut-St-06085/home/171492926,Smart MLS,170291108,N,Y,41.7546816,-72.8779164
MLS Listing,,Single Family Residential,1 Sanford Ave,Farmington,CT,06085,399900,4,3.0,Unionville,2732,19166,1910,9,146,,Active,,,http://www.redfin.com/CT/Unionville/1-Sanford-Ave-06085/home/109642643,Smart MLS,170290347,N,Y,41.7630881,-72.8888194
MLS Listing,,Single Family Residential,465 Main St,Farmington,CT,06032,309750,3,2.0,Farmington Village,1540,16552,1950,9,201,,Active,,,http://www.redfin.com/CT/Farmington/465-Main-St-06032/home/54432478,Smart MLS,170289828,N,Y,41.6956089,-72.8464938
MLS Listing,,Single Family Residential,15 Orchard Rd,Farmington,CT,06032,259000,3,1.5,Farmington,1593,22215,1954,14,163,,Active,,,http://www.redfin.com/CT/Farmington/15-Orchard-Rd-06032/home/54432679,Smart MLS,170285138,N,Y,41.7207139,-72.772724
MLS Listing,,Single Family Residential,1 Julles Ct,Farmington,CT,06085,565000,4,2.5,Unionville,3319,11325,2002,14,170,58,Active,,,http://www.redfin.com/CT/Farmington/1-Julles-Ct-06085/home/171413693,Smart MLS,170289127,N,Y,41.756062,-72.896088
MLS Listing,,Single Family Residential,16 Snowberry Ln,Farmington,CT,06085,499000,4,3.5,West District,2732,5227,2007,15,183,165,Active,,,http://www.redfin.com/CT/Unionville/16-Snowberry-Ln-06085/home/54425612,Smart MLS,170290029,N,Y,41.7214134,-72.8887629
MLS Listing,,Condo/Co-op,53 Florence Way,Farmington,CT,06032,317900,3,2.5,Farmington,2378,,1998,16,134,285,Active,,,http://www.redfin.com/CT/Farmington/53-Florence-Way-06032/home/54428158,Smart MLS,170289827,N,Y,41.7003599,-72.8857083
MLS Listing,,Condo/Co-op,88 Mallard Dr #88,Farmington,CT,06032,129900,1,1.0,Farmington,964,,1971,17,135,392,Active,,,http://www.redfin.com/CT/Farmington/88-Mallard-Dr-06032/unit-88/home/171388557,Smart MLS,170281711,N,Y,41.7320732,-72.8474399
MLS Listing,,Single Family Residential,2 windswept,Farmington,CT,06085,499995,4,2.5,Unionville,2700,5662,2020,18,185,165,Active,,,http://www.redfin.com/CT/Farmington/2-Windswept-Ln-06085/home/171436499,Smart MLS,170289354,N,Y,41.750947,-72.840635
MLS Listing,,Single Family Residential,96 Garden GATE,Farmington,CT,06032,749900,4,2.5,Garden Gate,3674,32670,2004,18,204,43,Active,,,http://www.redfin.com/CT/Farmington/96-Garden-Gate-06032/home/54425919,Smart MLS,170288916,N,Y,41.7202722,-72.7769717
MLS Listing,,Single Family Residential,1 Hazelnut Dr,Farmington,CT,06032,599000,3,2.5,Unionville,2718,,2011,19,220,330,Active,,,http://www.redfin.com/CT/Farmington/1-Hazelnut-Dr-06085/unit-1/home/169400453,Smart MLS,170288005,N,Y,41.725534,-72.889589
MLS Listing,,Condo/Co-op,58 Mallard Dr #58,Farmington,CT,06032,159900,2,2.0,Farmington,1330,,1971,22,120,375,Active,,,http://www.redfin.com/CT/Farmington/58-Mallard-Dr-06032/unit-58/home/147610696,Smart MLS,170288550,N,Y,41.7326594,-72.8446166
MLS Listing,,Condo/Co-op,84 Tunxis Vlg #84,Farmington,CT,06032,199900,2,2.5,Farmington Village,1660,,1973,24,120,403,Active,,,http://www.redfin.com/CT/Farmington/84-Tunxis-Vlg-06032/unit-84/home/160678391,Smart MLS,170287994,N,Y,41.7420548,-72.8328302
MLS Listing,,Vacant Land,228 Waterville Rd,Farmington,CT,06032,239000,,,Farmington,,219978,,28,,,Active,,,http://www.redfin.com/CT/Farmington/228-Waterville-Rd-06032/home/54433189,Smart MLS,170287168,N,Y,41.7487852,-72.819499
MLS Listing,,Vacant Land,8919 Taine Mountain Rd,Farmington,CT,06032,1740000,,,Farmington,,1481040,,30,,,Active,,,http://www.redfin.com/CT/Farmington/8919-Taine-Mountain-Rd-Unknown/home/160465930,Smart MLS,170287171,N,Y,41.760259,-72.902669
MLS Listing,,Condo/Co-op,5 Talcott Ridge Rd Unit F,Farmington,CT,06032,159900,2,1.5,Farmington,1380,,1970,31,116,532,Active,,,http://www.redfin.com/CT/Farmington/5-Talcott-Ridge-Rd-06032/unit-F/home/54424397,Smart MLS,170286818,N,Y,41.7398539,-72.7967899
MLS Listing,,Single Family Residential,86 Forest Hills Dr,Farmington,CT,06032,699900,4,3.5,N/A,3500,79714,2020,32,200,,Active,,,http://www.redfin.com/CT/Farmington/86-Forest-Hills-Dr-06032/home/146210075,Smart MLS,170286791,N,Y,41.7009821,-72.8378238
MLS Listing,,Single Family Residential,7 Ashford Ct,Farmington,CT,06032,549000,4,4.0,Devonwood,4324,18295,1991,37,127,104,Active,,,http://www.redfin.com/CT/Farmington/7-Ashford-Ct-06032/home/54432507,Smart MLS,170283151,N,Y,41.7553848,-72.8317462
MLS Listing,,Single Family Residential,37 Prattling Pond Rd,Farmington,CT,06032,1100000,4,4.5,Farmington,4210,283140,1951,41,261,,Active,,,http://www.redfin.com/CT/Farmington/37-Prattling-Pond-Rd-06032/home/54432508,Smart MLS,170284660,N,Y,41.7276338,-72.8085788
MLS Listing,,Condo/Co-op,1660 Farmington Ave #14,Farmington,CT,06085,99900,1,1.0,Unionville,706,,1964,41,142,252,Active,,,http://www.redfin.com/CT/Unionville/1660-Farmington-Ave-06085/unit-14/home/54431202,Smart MLS,170283514,N,Y,41.7531648,-72.8747194
MLS Listing,,Single Family Residential,169 Main St,Farmington,CT,06032,639000,4,2.5,Farmington Village,3410,18295,2020,45,187,,Active,,,http://www.redfin.com/CT/Farmington/169-Main-St-06032/home/54427782,Smart MLS,170283526,N,Y,41.7137957,-72.8371321
MLS Listing,,Single Family Residential,6 Stonegate,Farmington,CT,06085,469000,4,2.5,Unionville,3349,24829,1986,49,140,,Active,,,http://www.redfin.com/CT/Unionville/6-Stonegate-06085/home/54433340,Smart MLS,170283224,N,Y,41.7426489,-72.8737091
MLS Listing,,Single Family Residential,64 Harold Rd,Farmington,CT,06032,319788,3,2.5,Farmington,1660,13068,1986,49,193,,Active,,,http://www.redfin.com/CT/Farmington/64-Harold-Rd-06032/home/54432199,Smart MLS,170283219,N,Y,41.7046323,-72.8933594
MLS Listing,,Single Family Residential,63 Westmeath Ln,Farmington,CT,06032,289000,3,1.0,Unionville,1131,17859,1979,50,256,,Active,,,http://www.redfin.com/CT/Farmington/63-Westmeath-LN-06032/home/171152508,Smart MLS,170282656,N,Y,41.744731,-72.892165
MLS Listing,,Single Family Residential,29 Orchard Rd,Farmington,CT,06032,259900,2,2.0,Farmington,1074,21780,1954,52,242,,Active,,,http://www.redfin.com/CT/Farmington/29-Orchard-Rd-06032/home/54424306,Smart MLS,170281627,N,Y,41.7192693,-72.7719378
MLS Listing,,Single Family Residential,64 Pinnacle Rd,Farmington,CT,06032,879000,6,4.5,Farmington,5859,53578,1983,55,150,,Active,,,http://www.redfin.com/CT/Farmington/64-Pinnacle-Rd-06032/home/54425157,Smart MLS,170279704,N,Y,41.7005455,-72.8377528
MLS Listing,,Condo/Co-op,17 Hearthstone Ln #17,Farmington,CT,06032,887900,3,3.5,Farmington,4614,,2009,56,192,300,Active,,,http://www.redfin.com/CT/Farmington/17-Hearthstone-Dr-06032/unit-17/home/171099423,Smart MLS,170277640,N,Y,41.710095,-72.8158
MLS Listing,,Single Family Residential,40 Worthington Dr #40,Farmington,CT,06032,354900,3,2.0,Farmington,2200,,2002,57,161,355,Active,,,http://www.redfin.com/CT/Farmington/40-Worthington-Dr-06032/unit-40/home/170622353,Smart MLS,170280658,N,Y,41.7424789,-72.845916
MLS Listing,,Single Family Residential,46 Portage Xing,Farmington,CT,06032,847900,4,4.5,Farmington,5460,42688,1995,58,155,,Active,,,http://www.redfin.com/CT/Farmington/46-Portage-Xing-06032/home/54431972,Smart MLS,170270870,N,Y,41.7229419,-72.8790836
MLS Listing,,Single Family Residential,17 Vine Hill Rd,Farmington,CT,06032,1495000,4,3.5,Farmington,4000,226512,2021,59,374,,Active,,,http://www.redfin.com/CT/Farmington/17-Vine-Hill-Rd-06032/home/171048369,Smart MLS,170279203,N,Y,41.7398561,-72.8068046
MLS Listing,,Single Family Residential,28 Skyline Dr,Farmington,CT,06032,419900,3,3.0,Farmington,3167,20908,1955,59,133,,Active,,,http://www.redfin.com/CT/Farmington/28-Skyline-Dr-06032/home/54425255,Smart MLS,170279690,N,Y,41.7284902,-72.7789923
MLS Listing,,Single Family Residential,73 Lido Rd,Farmington,CT,06085,329900,3,2.5,Unionville,1770,14810,1990,61,186,17,Active,,,http://www.redfin.com/CT/Unionville/73-Lido-Rd-06085/home/54432538,Smart MLS,170279343,N,Y,41.7408266,-72.9000979
MLS Listing,,Single Family Residential,3 Sussex,Farmington,CT,06032,589000,5,5.0,Devonwood,6776,72745,1986,62,87,104,Active,,,http://www.redfin.com/CT/Farmington/3-Sussex-Rd-06032/home/54429902,Smart MLS,170278891,N,Y,41.7467581,-72.8339266
MLS Listing,,Single Family Residential,50 Forest Hills Dr,Farmington,CT,06032,724900,4,3.5,Farmington,2294,57499,1970,63,316,,Active,,,http://www.redfin.com/CT/Farmington/50-Forest-Hills-Dr-06032/home/54428458,Smart MLS,170277845,N,Y,41.6949143,-72.8395364
MLS Listing,,Single Family Residential,8 Essex Ct,Farmington,CT,06032,499900,4,3.0,Farmington,3820,22215,1985,64,131,104,Active,,,http://www.redfin.com/CT/Farmington/8-Essex-Ct-06032/home/54430141,Smart MLS,170278010,N,Y,41.7451298,-72.8393855
MLS Listing,,Vacant Land,8234 Farmington Ave,Farmington,CT,06032,224900,,,Farmington Village,,92347,,65,,,Active,,,http://www.redfin.com/CT/Farmington/8234-Farmington-Ave-06032/home/170952091,Smart MLS,170278181,N,Y,41.7251,-72.813856
MLS Listing,,Single Family Residential,2 Mountain Spring Rd,Farmington,CT,06032,724900,4,4.0,Farmington Village,4694,95832,1686,66,154,,Active,,,http://www.redfin.com/CT/Farmington/2-Mountain-Spring-Rd-06032/home/54430665,Smart MLS,170277357,N,Y,41.7307404,-72.8128123
MLS Listing,,Single Family Residential,101 Somersby Way,Farmington,CT,06032,1095000,4,4.0,Somersby,4208,40075,2007,66,260,83,Active,,,http://www.redfin.com/CT/Farmington/101-Somersby-Way-06032/home/54426417,Smart MLS,170277114,N,Y,41.7242967,-72.8700443
MLS Listing,,Condo/Co-op,134 Farmington Chase Cres #134,Farmington,CT,06032,189900,2,3.0,Farmington,2158,,1974,67,88,315,Active,,,http://www.redfin.com/CT/Farmington/134-Farmington-Chase-Cres-06032/unit-134/home/170939821,Smart MLS,170277018,N,Y,41.7016171,-72.8831959
MLS Listing,,Single Family Residential,426 Main St,Farmington,CT,06032,269900,3,2.0,Farmington,1584,33976,1817,67,170,,Active,,,http://www.redfin.com/CT/Farmington/426-Main-St-06032/home/54424082,Smart MLS,170277543,N,Y,41.6981216,-72.8448783
MLS Listing,,Single Family Residential,16 Pond St,Farmington,CT,06085,319000,3,1.5,Unionville,1873,13939,1976,72,170,17,Active,,,http://www.redfin.com/CT/Unionville/16-Pond-St-06085/home/54427999,Smart MLS,170275837,N,Y,41.7383996,-72.8978742
MLS Listing,,Single Family Residential,9 Belgravia Ter,Farmington,CT,06032,699900,6,5.5,Devonwood,5020,34848,1991,75,139,96,Active,,,http://www.redfin.com/CT/Farmington/9-Belgravia-Ter-06032/home/54429455,Smart MLS,170274716,N,Y,41.7568268,-72.8337996
MLS Listing,,Single Family Residential,15 Silversmith Rd,Farmington,CT,06085,399900,4,3.5,Unionville,2743,30927,1948,79,146,,Active,,,http://www.redfin.com/CT/Unionville/15-Silversmith-Rd-06085/home/54427757,Smart MLS,170270787,N,Y,41.7403971,-72.8896423
MLS Listing,,Single Family Residential,13 Farnham Way,Farmington,CT,06032,1100000,5,6.0,Farmington,7147,32670,1997,79,154,104,Active,,,http://www.redfin.com/CT/Farmington/13-Farnham-Way-06032/home/54429702,Smart MLS,170269475,N,Y,41.7582109,-72.8427672
MLS Listing,,Single Family Residential,5 Jefferson Xing,Farmington,CT,06032,1995000,6,5.5,Farmington,8801,100187,2013,81,227,104,Active,,,http://www.redfin.com/CT/Farmington/5-Jefferson-Xing-06032/home/106924669,Smart MLS,170269423,N,Y,41.758158,-72.80017
MLS Listing,,Single Family Residential,21 Ely Rd,Farmington,CT,06032,1499900,4,5.0,Farmington,5896,111077,2020,83,254,,Active,,,http://www.redfin.com/CT/Farmington/21-Ely-Rd-06032/home/170579889,Smart MLS,170272098,N,Y,41.7503806,-72.8034416
MLS Listing,,Single Family Residential,19 Ely Rd,Farmington,CT,06032,1249900,4,5.0,Farmington,4600,250905,2020,83,272,,Active,,,http://www.redfin.com/CT/Farmington/19-Ely-Rd-06032/home/170579823,Smart MLS,170272094,N,Y,41.7502045,-72.8032641
MLS Listing,,Single Family Residential,11 Ely Rd,Farmington,CT,06032,999900,4,3.5,Farmington,3600,124146,2020,83,278,,Active,,,http://www.redfin.com/CT/Farmington/11-Ely-Rd-06032/home/145653969,Smart MLS,170272077,N,Y,41.7496033,-72.8026872
MLS Listing,,Single Family Residential,17 Inwood Ln,Farmington,CT,06032,340000,3,3.0,Farmington,2583,12632,1996,85,132,,Active,,,http://www.redfin.com/CT/Farmington/17-Inwood-Ln-06032/home/54427987,Smart MLS,170271937,N,Y,41.7051499,-72.8864595
MLS Listing,,Condo/Co-op,113 Bradford Walk #113,Farmington,CT,06032,349900,2,2.5,Farmington,1781,,2006,90,196,340,Active,,,http://www.redfin.com/CT/Farmington/113-Bradford-Walk-06032/unit-113/home/169407457,Smart MLS,170269937,N,Y,41.7143473,-72.7773248
MLS Listing,,Single Family Residential,14 Crosswood Rd,Farmington,CT,06032,403000,4,2.5,Farmington,2391,30056,1983,91,169,,Active,,,http://www.redfin.com/CT/Farmington/14-Crosswood-Rd-06032/home/54430217,Smart MLS,170268886,N,Y,41.7574368,-72.8700477
MLS Listing,,Vacant Land,1509 Farmington Ave,Farmington,CT,06032,139900,,,Unionville,,23958,,98,,,Active,,,http://www.redfin.com/CT/Farmington/1509-Farmington-Ave-06032/home/54431779,Smart MLS,170268054,N,Y,41.7469522,-72.8670121
MLS Listing,,Vacant Land,3A White Oak Rd,Farmington,CT,06032,159900,,,Farmington,,129808,,101,,,Active,,,http://www.redfin.com/CT/Farmington/3-White-Oak-Rd-06032/home/145524666,Smart MLS,170267379,N,Y,41.7484177,-72.7989044
MLS Listing,,Single Family Residential,7 Pond St,Farmington,CT,06085,479900,4,3.5,Unionville,2828,5662,2020,102,170,,Active,,,http://www.redfin.com/CT/Unionville/7-Pond-St-06085/home/167133299,Smart MLS,170267227,N,Y,41.7382096,-72.8977675
MLS Listing,,Single Family Residential,lot 34 Gateshead Way,Farmington,CT,06085,799900,4,4.0,Unionville,3821,31363,2020,103,209,13,Active,,,http://www.redfin.com/CT/Unionville/34-Gateshead-Way-06085/home/144534938,Smart MLS,170266717,N,Y,41.7504209,-72.9026076
MLS Listing,,Condo/Co-op,44 Yorkshire Ct #44,Farmington,CT,06032,439900,3,2.5,Farmington,1900,,2020,105,232,270,Active,,,http://www.redfin.com/CT/Farmington/44-Yorkshire-Ct-06032/unit-44/home/170427085,Smart MLS,170265892,N,Y,41.727621,-72.785081
MLS Listing,,Condo/Co-op,8 Great Meadow Ln #8,Farmington,CT,06032,125000,1,1.0,Farmington,964,,1971,106,130,392,Active,,,http://www.redfin.com/CT/Farmington/8-Great-Meadow-LN-06032/unit-8/home/170408487,Smart MLS,170266228,N,Y,41.762538,-72.879638
MLS Listing,,Single Family Residential,1511 Farmington Ave,Farmington,CT,06032,230000,3,1.5,Farmington,1496,16552,1930,107,154,,Active,,,http://www.redfin.com/CT/Farmington/1511-Farmington-Ave-06032/home/54424295,Smart MLS,170265810,N,Y,41.746912,-72.8673442
MLS Listing,,Condo/Co-op,58 Songbird Ln #58,Farmington,CT,06032,159900,2,1.5,Farmington,1034,,1984,108,155,247,Active,,,http://www.redfin.com/CT/Farmington/58-Songbird-Ln-06032/unit-58/home/170379472,Smart MLS,170265567,N,Y,41.6995938,-72.8873293
MLS Listing,,Condo/Co-op,65 Mallard Dr,Farmington,CT,06032,159999,2,2.0,Farmington,1250,,1971,112,128,379,Active,,,http://www.redfin.com/CT/Farmington/65-Mallard-Dr-06032/home/54430001,Smart MLS,170264471,N,Y,41.7324014,-72.8452404
MLS Listing,,Condo/Co-op,788 Farmington Ave #303,Farmington,CT,06032,535000,2,2.5,Farmington,1709,,2018,113,313,522,Active,,,http://www.redfin.com/CT/Farmington/788-Farmington-Ave-06032/unit-303/home/146378356,Smart MLS,170264219,N,Y,41.7265356,-72.8246506
MLS Listing,,Condo/Co-op,788 Farmington Ave #203,Farmington,CT,06032,510000,2,2.5,Farmington,1709,,2018,113,298,522,Active,,,http://www.redfin.com/CT/Farmington/788-Farmington-Ave-06032/unit-203/home/146378349,Smart MLS,170264207,N,Y,41.7265356,-72.8246506
MLS Listing,,Condo/Co-op,788 Farmington Ave #103,Farmington,CT,06032,484900,2,2.5,Farmington,1709,,2018,113,284,522,Active,,,http://www.redfin.com/CT/Farmington/788-Farmington-Ave-06032/unit-103/home/144528318,Smart MLS,170264200,N,Y,41.7265356,-72.8246506
MLS Listing,,Single Family Residential,22 Canterbury Ln,Farmington,CT,06085,449000,4,2.5,Unionville,2760,19166,1986,119,163,,Active,,,http://www.redfin.com/CT/Unionville/22-Canterbury-Ln-06085/home/54428926,Smart MLS,170261666,N,Y,41.7605146,-72.8744049
MLS Listing,,Single Family Residential,10 Old Village Ln,Farmington,CT,06085,384900,3,2.5,Unionville,2231,12196,1984,122,173,107,Active,,,http://www.redfin.com/CT/Unionville/10-Old-Village-Ln-06085/home/54428337,Smart MLS,170261344,N,Y,41.73211,-72.8974917
MLS Listing,,Vacant Land,9 Ely Rd,Farmington,CT,06032,225000,,,Farmington,,124146,,123,,,Active,,,http://www.redfin.com/CT/Farmington/9-Ely-Rd-06032/home/145369457,Smart MLS,170261247,N,Y,41.7495161,-72.8026425
MLS Listing,,Vacant Land,6 Ely Rd,Farmington,CT,06032,400000,,,Farmington,,111077,,123,,,Active,,,http://www.redfin.com/CT/Farmington/6-Ely-Rd-06032/home/145369487,Smart MLS,170261239,N,Y,41.7492847,-72.8012464
MLS Listing,,Single Family Residential,24 Perry Dr,Burlington,CT,06013,549900,3,2.5,Washington Farms,2851,,2020,128,193,,Active,,,http://www.redfin.com/CT/Burlington/24-Perry-Dr-06013/home/109850195,Smart MLS,170257955,N,Y,41.7587724,-72.8915441
MLS Listing,,Single Family Residential,28 Perry Dr,Burlington,CT,06013,546900,3,2.5,Washington Farms,2228,,2020,128,245,,Active,,,http://www.redfin.com/CT/Burlington/28-Perry-Dr-06013/home/109850186,Smart MLS,170257956,N,Y,41.7589808,-72.8906365
MLS Listing,,Single Family Residential,1 Northeast Rd,Farmington,CT,06032,789000,4,4.0,Farmington,4578,102366,1992,130,172,,Active,,,http://www.redfin.com/CT/Farmington/1-NE-Rd-06032/home/54428373,Smart MLS,170259920,N,Y,41.7487248,-72.799206
MLS Listing,,Single Family Residential,333/8788 Scott Swamp Rd,Farmington,CT,06032,445000,4,2.0,Scott's Swamp,2812,107157,1757,148,158,,Active,,,http://www.redfin.com/CT/Farmington/333-Scott-Swamp-Rd-06032/home/148440249,Smart MLS,170257761,N,Y,41.7032066,-72.8854932
MLS Listing,,Single Family Residential,117 Main St,Farmington,CT,06032,349000,3,2.5,Farmington Village,2169,22215,1760,156,161,,Active,,,http://www.redfin.com/CT/Farmington/117-Main-St-06032/home/54431333,Smart MLS,170255101,N,Y,41.7184589,-72.8329356
MLS Listing,,Single Family Residential,8 River Rd,Farmington,CT,06085,229900,3,2.0,Unionville,1614,19602,1958,157,142,,Active,,,http://www.redfin.com/CT/Unionville/8-River-Rd-06085/home/54427092,Smart MLS,170256009,N,Y,41.7452238,-72.8974917
MLS Listing,,Condo/Co-op,17 Farm Dr #17,Farmington,CT,06032,248000,3,2.5,Farmington,1932,,1979,167,128,205,Active,,,http://www.redfin.com/CT/Farmington/17-Farm-Dr-06032/unit-17/home/148689183,Smart MLS,170254430,N,Y,41.7336371,-72.8761249
MLS Listing,,Condo/Co-op,2 Yorkshire Ct #2,Farmington,CT,06032,654054,3,2.5,Farmington,2427,,2019,171,269,270,Active,,,http://www.redfin.com/CT/Farmington/2-Yorkshire-Ct-06032/unit-2/home/145207492,Smart MLS,170253548,N,Y,41.7282169,-72.7853804
MLS Listing,,Single Family Residential,4 Pond St,Farmington,CT,06085,299900,3,2.5,Unionville,2138,18730,1950,182,140,17,Active,,,http://www.redfin.com/CT/Unionville/4-Pond-St-06085/home/54427990,Smart MLS,170251288,N,Y,41.7383714,-72.897507
MLS Listing,,Single Family Residential,4 Chimney Hill Dr #4,Farmington,CT,06032,649900,3,3.5,Farmington,3882,,2006,183,167,300,Active,,,http://www.redfin.com/CT/Farmington/4-Chimney-Hill-Dr-06032/unit-4/home/145302249,Smart MLS,170250587,N,Y,41.7099441,-72.813575
MLS Listing,,Condo/Co-op,91 Bradford Walk,Farmington,CT,06032,369900,2,2.5,Farmington,2061,,2005,186,179,340,Active,,,http://www.redfin.com/CT/Farmington/91-Bradford-Walk-06032/home/54426269,Smart MLS,170250150,N,Y,41.715046,-72.775438
MLS Listing,,Condo/Co-op,23 Mallard Dr,Farmington,CT,06032,224900,3,2.0,Farmington,1884,,1971,186,119,593,Active,,,http://www.redfin.com/CT/Farmington/23-Mallard-Dr-06032/home/54429906,Smart MLS,170247523,N,Y,41.7348502,-72.8419475
MLS Listing,,Single Family Residential,136 Mountain Spring Rd,Farmington,CT,06032,675000,4,3.5,Farmington,2595,116740,1986,191,260,,Active,,,http://www.redfin.com/CT/Farmington/136-Mountain-Spring-Rd-06032/home/54426637,Smart MLS,170248989,N,Y,41.7381769,-72.8122264
MLS Listing,,Single Family Residential,41 Stonefield Rd,Farmington,CT,06032,975000,6,7.5,Farmington,7691,166399,1996,197,127,,Active,,,http://www.redfin.com/CT/Farmington/41-Stonefield-RD-06032/home/170461731,Smart MLS,170246729,N,Y,41.758093,-72.811072
MLS Listing,,Single Family Residential,3 Nauset Ln,Farmington,CT,06032,699000,4,2.5,Unionville,3359,20908,2004,197,208,100,Active,,,http://www.redfin.com/CT/Farmington/3-Nauset-LN-06032/home/170474127,Smart MLS,170238936,N,Y,41.730267,-72.891374
MLS Listing,,Condo/Co-op,47 Tunxis St #47,Farmington,CT,06032,324900,3,3.5,Farmington Village,2330,,2001,198,139,110,Active,,,http://www.redfin.com/CT/Farmington/47-Tunxis-St-06032/unit-47/home/169529564,Smart MLS,170246079,N,Y,41.7145274,-72.8418153
MLS Listing,,Single Family Residential,8 Douglas Way,Farmington,CT,06032,334900,3,1.5,Farmington,1481,10890,1992,202,226,,Active,,,http://www.redfin.com/CT/Farmington/8-Douglas-Way-06032/home/54431400,Smart MLS,170245251,N,Y,41.7147168,-72.8087307
MLS Listing,,Condo/Co-op,788 Farmington Ave #104,Farmington,CT,06032,499900,3,2.5,Farmington,1978,,2018,232,253,605,Active,,,http://www.redfin.com/CT/Farmington/788-Farmington-Ave-06032/unit-104/home/144899378,Smart MLS,170237067,N,Y,41.7265356,-72.8246506
MLS Listing,,Condo/Co-op,788 Farmington Ave #102,Farmington,CT,06032,479900,2,2.0,Farmington,1620,,2018,232,296,495,Active,,,http://www.redfin.com/CT/Farmington/788-Farmington-Ave-06032/unit-102/home/144532644,Smart MLS,170236730,N,Y,41.7265356,-72.8246506
MLS Listing,,Single Family Residential,25 Michael Dr,Farmington,CT,06032,399000,4,2.5,Farmington,3393,20037,1984,234,118,,Active,,,http://www.redfin.com/CT/Farmington/25-Michael-Dr-06032/home/54433199,Smart MLS,170235984,N,Y,41.7544042,-72.8607974
MLS Listing,,Condo/Co-op,10 Nutmeg Ln #10,Farmington,CT,06032,300000,2,2.5,Farmington,1912,,2000,259,157,315,Active,,,http://www.redfin.com/CT/Farmington/10-Nutmeg-Ln-06032/unit-10/home/168718820,Smart MLS,170226404,N,Y,41.729071,-72.794523
MLS Listing,,Vacant Land,3 Prattling Pond Rd,Farmington,CT,06032,299900,,,Farmington,,81021,,264,,71,Active,,,http://www.redfin.com/CT/Farmington/3-Prattling-Pond-Rd-06032/home/54429335,Smart MLS,170227121,N,Y,41.7251223,-72.8075687
MLS Listing,,Single Family Residential,9 Blue Ridge Dr,Farmington,CT,06032,359900,3,2.5,Farmington,2834,22651,1964,267,127,,Active,,,http://www.redfin.com/CT/Farmington/9-Blue-Ridge-Dr-06032/home/54429104,Smart MLS,170225444,N,Y,41.7309834,-72.7699347
MLS Listing,,Vacant Land,9506 Talcott Notch Rd,Farmington,CT,06032,129900,,,Farmington,,104544,,297,,,Active,,,http://www.redfin.com/CT/Farmington/9506-Talcott-Notch-Rd-06032/home/171436558,Smart MLS,170216467,N,Y,41.748114,-72.815179
MLS Listing,,Condo/Co-op,99 Farmington Chase Cres #99,Farmington,CT,06032,164900,2,2.5,Unionville,1432,,1978,455,115,315,Active,,,http://www.redfin.com/CT/Farmington/99-Farmington-Chase-Cres-06032/unit-99/home/144521531,Smart MLS,170162857,N,Y,41.7024147,-72.8832203
MLS Listing,,Vacant Land,8A talcott notch,Farmington,CT,06032,135000,,,Farmington,,89297,,871,,,Active,,,http://www.redfin.com/CT/Farmington/8-Talcott-Notch-Rd-06032/home/144518961,Smart MLS,170038821,N,Y,41.739214,-72.7928919
