SALE TYPE,SOLD DATE,PROPERTY TYPE,ADDRESS,CITY,STATE OR PROVINCE,ZIP OR POSTAL CODE,PRICE,BEDS,BATHS,LOCATION,SQUARE FEET,LOT SIZE,YEAR BUILT,DAYS ON MARKET,$/SQUARE FEET,HOA/MONTH,STATUS,NEXT OPEN HOUSE START TIME,NEXT OPEN HOUSE END TIME,URL (SEE http://www.redfin.com/buy-a-home/comparative-market-analysis FOR INFO ON PRICING),SOURCE,MLS#,FAVORITE,INTERESTED,LATITUDE,LONGITUDE
MLS Listing,,Single Family Residential,382 Toll Gate Rd,Groton,CT,06340,210000,3,1.0,Groton,1304,30056,1960,1,161,,Active,,,http://www.redfin.com/CT/Groton/382-Toll-Gate-Rd-06340/home/54177476,Smart MLS,170292634,N,Y,41.3732767,-72.0574872
MLS Listing,,Single Family Residential,57 Main St,Groton,CT,06340,995000,4,3.5,Noank,2231,8276,1847,1,446,,Active,,,http://www.redfin.com/CT/Groton/57-Main-St-06340/home/54184581,Smart MLS,170293127,N,Y,41.3258305,-71.9873447
MLS Listing,,Single Family Residential,152 Capstan Ave,Groton,CT,06355,295000,3,2.0,West Mystic,2369,12196,1972,2,125,,Active,,,http://www.redfin.com/CT/Mystic/152-Capstan-Ave-06355/home/54181522,Smart MLS,170292849,N,Y,41.3495215,-71.9850758
MLS Listing,,Single Family Residential,33 Middlefield St,Groton,CT,06340,500000,3,2.5,Groton Long Point,2308,5227,1947,3,217,1,Active,,,http://www.redfin.com/CT/Groton/33-Middlefield-St-06340/home/54180087,Smart MLS,170292483,N,Y,41.314001,-72.006632
MLS Listing,,Condo/Co-op,128 North St #31,Groton,CT,06340,69000,1,1.0,Groton City,654,,1989,3,106,160,Active,,,http://www.redfin.com/CT/Groton/128-North-St-06340/unit-31/home/54184308,Smart MLS,170291849,N,Y,41.3589415,-72.0767458
MLS Listing,,Single Family Residential,114 Ledgeland Dr,Groton,CT,06355,389900,4,2.5,Mystic,2650,16988,2003,4,147,,Active,,,http://www.redfin.com/CT/Mystic/114-Ledgeland-Dr-06355/home/52213984,Smart MLS,170290713,N,Y,41.3765217,-71.9805842
MLS Listing,,Single Family Residential,226 Fort Hill Rd,Groton,CT,06340,299900,4,2.0,Fort Hill,2138,37026,1949,4,140,,Active,,,http://www.redfin.com/CT/Groton/226-Fort-Hill-Rd-06340/home/54178972,Smart MLS,170290952,N,Y,41.3472462,-72.0178113
MLS Listing,,Condo/Co-op,98 Leafwood Ln #176,Groton,CT,06340,154000,2,2.0,Center Groton,1076,,1990,4,143,322,Active,,,http://www.redfin.com/CT/Groton/98-Leafwood-Ln-06340/unit-176/home/54185140,Smart MLS,170292170,N,Y,41.3682368,-72.0528439
MLS Listing,,Vacant Land,7 Cross St,Groton,CT,06340,250000,,,Groton Long Point,,5662,,7,,,Active,,,http://www.redfin.com/CT/Groton/7-Cross-St-06340/home/171495250,Smart MLS,170291779,N,Y,41.3146211,-72.0062965
MLS Listing,,Condo/Co-op,273 Bridge St #15,Groton,CT,06340,179500,2,1.5,Groton City,1309,,2003,7,137,240,Active,,,http://www.redfin.com/CT/Groton/273-Bridge-St-06340/unit-15/home/54175078,Smart MLS,170291679,N,Y,41.3601034,-72.075183
MLS Listing,,Single Family Residential,0 Hobbs Is,Groton,CT,06340,499900,1,1.0,Groton,971,25700,1977,10,515,,Active,,,http://www.redfin.com/CT/Jupiter-Point/Hobbs-IS-06340/home/171437468,Smart MLS,170289749,N,Y,41.322597,-72.076234
MLS Listing,,Condo/Co-op,15 Crown Knoll Ct #34,Groton,CT,06340,149000,2,2.0,Poquonock Bridge,1076,,1990,11,138,,Active,,,http://www.redfin.com/CT/Groton/15-Crown-Knoll-Ct-06340/unit-34/home/54184814,Smart MLS,170290398,N,Y,41.3670451,-72.0550896
MLS Listing,,Vacant Land,8 Middlefield St,Groton,CT,06340,245000,,,Groton Long Point,,5227,,14,,,Active,,,http://www.redfin.com/CT/Groton/8-Middlefield-St-06340/home/144519786,Smart MLS,170289488,N,Y,41.3160141,-72.0049017
MLS Listing,,Single Family Residential,18 Ensign Dr,Groton,CT,06355,422000,4,2.5,Mystic,2847,10890,2005,18,148,,Active,,,http://www.redfin.com/CT/Mystic/18-Ensign-Dr-06355/home/54174828,Smart MLS,170289168,N,Y,41.3572926,-72.0070465
MLS Listing,,Single Family Residential,16 Saint Paul Ct,Groton,CT,06340,219000,3,1.5,Poquonock Bridge,1000,18730,1942,20,219,,Active,,,http://www.redfin.com/CT/Groton/16-St-Paul-Ct-06340/home/54178514,Smart MLS,170288569,N,Y,41.3451909,-72.0300341
MLS Listing,,Single Family Residential,15 Raleigh Ct,Groton,CT,06340,170000,2,1.0,Groton,825,17859,1942,30,206,,Active,,,http://www.redfin.com/CT/Groton/15-Raleigh-Ct-06340/home/54178665,Smart MLS,170287068,N,Y,41.344681,-72.0347649
MLS Listing,,Single Family Residential,213 Shore Ave,Groton,CT,06340,840000,4,4.0,Eastern Point,3435,19166,1895,33,245,,Active,,,http://www.redfin.com/CT/Groton/213-Shore-Ave-06340/home/54176840,Smart MLS,170286516,N,Y,41.3224219,-72.0740135
MLS Listing,,Single Family Residential,305 River Rd,Groton,CT,06355,850000,2,2.0,Mystic,2443,111949,1982,34,348,,Active,,,http://www.redfin.com/CT/Mystic/305-River-Rd-06355/home/54184413,Smart MLS,170261493,N,Y,41.3674275,-71.971462
MLS Listing,,Single Family Residential,5 Beach Rd,Groton,CT,06340,599000,4,2.0,Groton Long Point,1988,6969,1960,34,301,,Active,,,http://www.redfin.com/CT/Groton/5-Beach-Rd-06340/home/54180012,Smart MLS,170286403,N,Y,41.3133959,-72.0061089
MLS Listing,,Single Family Residential,17 Island Cir S,Groton,CT,06340,599000,2,1.0,Groton Long Point,624,4356,1940,34,960,,Active,,,http://www.redfin.com/CT/Groton/17-Island-Cir-S-06340/home/54179656,Smart MLS,170286237,N,Y,41.317247,-72.014193
MLS Listing,,Single Family Residential,743C River Rd,Groton,CT,06355,788000,5,3.0,Mystic,2920,43560,2020,36,270,,Active,,,http://www.redfin.com/CT/Mystic/743-River-Rd-06355/home/54182244,Smart MLS,170285221,N,Y,41.3776405,-71.9659052
MLS Listing,,Single Family Residential,48 Godfrey St,Groton,CT,06340,192900,3,1.0,Groton City,1165,7840,1920,39,166,,Active,,,http://www.redfin.com/CT/Groton/48-Godfrey-St-06340/home/54176546,Smart MLS,170285199,N,Y,41.3403013,-72.0697547
MLS Listing,,Single Family Residential,124 Somersett Dr,Groton,CT,06355,377500,4,2.0,Mystic,2920,50093,1979,42,129,,Active,,,http://www.redfin.com/CT/Mystic/124-Somersett-Dr-06355/home/54180480,Smart MLS,170284730,N,Y,41.3502646,-71.9910953
MLS Listing,,Single Family Residential,114 E Shore Ave,Groton,CT,06340,1999000,3,2.5,Groton Long Point,3131,22215,1913,43,638,,Active,,,http://www.redfin.com/CT/Groton/114-E-Shore-Ave-06340/home/54180185,Smart MLS,170284575,N,Y,41.311146,-72.0043378
MLS Listing,,Condo/Co-op,31 Courtland Dr,Groton,CT,06340,150000,2,1.5,Center Groton,1110,,1987,44,135,260,Active,,,http://www.redfin.com/CT/Groton/31-Courtland-Dr-06340/home/54184898,Smart MLS,170282881,N,Y,41.357162,-72.0592359
MLS Listing,,Vacant Land,25 Campbell Rd,Groton,CT,06340,235000,,,Groton Heights,,2613,,49,,,Active,,,http://www.redfin.com/CT/Groton/25-Campbell-Rd-06340/home/167023155,RIS,1250252,N,Y,41.3249093,-71.994956
MLS Listing,,Single Family Residential,90 Indian Field Rd,Groton,CT,06340,189900,3,1.5,Center Groton,1475,12632,1959,50,129,,Active,,,http://www.redfin.com/CT/Groton/90-Indian-Field-Rd-06340/home/54178400,Smart MLS,170282034,N,Y,41.34992,-72.0271173
MLS Listing,,Single Family Residential,930 Groton Long Point Rd,Groton,CT,06340,1289900,3,2.0,Noank,2268,19166,1992,50,569,,Active,,,http://www.redfin.com/CT/Groton/930-Groton-Long-Point-Rd-06340/home/54180386,Smart MLS,170283013,N,Y,41.3188439,-71.9993372
MLS Listing,,Single Family Residential,335 Cow Hill Rd,Groton,CT,06355,235000,4,1.5,Mystic,1664,12196,1960,52,141,,Active,,,http://www.redfin.com/CT/Mystic/335-Cow-Hill-Rd-06355/home/54182185,Smart MLS,170280742,N,Y,41.378309,-71.978026
MLS Listing,,Single Family Residential,98 Oslo St,Groton,CT,06355,199000,3,1.0,Mystic,988,13068,1960,52,201,,Active,,,http://www.redfin.com/CT/Mystic/98-Oslo-St-06355/home/54181048,Smart MLS,170276146,N,Y,41.3811586,-71.9853536
MLS Listing,,Condo/Co-op,375 Allyn St #29,Groton,CT,06355,375000,3,2.5,Mystic,2240,,2006,53,167,345,Active,,,http://www.redfin.com/CT/Mystic/375-Allyn-St-06355/unit-29/home/52249483,Smart MLS,170280387,N,Y,41.3635379,-71.982655
MLS Listing,,Single Family Residential,164 Meridian St,Groton,CT,06340,199900,3,2.0,Groton City,1388,13503,1910,53,144,,Active,,,http://www.redfin.com/CT/Groton/164-Meridian-St-06340/home/54183210,Smart MLS,170281917,N,Y,41.3566615,-72.0739787
MLS Listing,,Single Family Residential,129 Prospect Hill Rd,Groton,CT,06340,1550000,4,3.5,Noank,2940,98010,1953,56,527,,Active,,,http://www.redfin.com/CT/Groton/129-Prospect-Hill-Rd-06340/home/54180282,Smart MLS,170280730,N,Y,41.3255694,-71.9967906
MLS Listing,,Condo/Co-op,75 Crown Knoll Ct #100,Groton,CT,06340,109900,1,1.0,Center Groton,714,,1990,58,154,220,Active,,,http://www.redfin.com/CT/Groton/75-Crown-Knoll-Ct-06340/unit-100/home/54184994,Smart MLS,170280495,N,Y,41.368694,-72.0550468
MLS Listing,,Single Family Residential,60 E St,Groton,CT,06340,29900,2,1.0,High Rock Landing,784,,1979,62,38,535,Active,,,http://www.redfin.com/CT/Groton/60-E-St-06340/home/54177760,Smart MLS,170279440,N,Y,41.3407043,-72.0517076
MLS Listing,,Single Family Residential,549 Noank Ledyard Rd,Groton,CT,06355,264000,3,2.0,Mystic,1985,20473,1940,62,133,,Active,,,http://www.redfin.com/CT/Mystic/549-Noank-Ledyard-Rd-06355/home/54180623,Smart MLS,170277829,N,Y,41.365235,-71.9959572
MLS Listing,,Single Family Residential,382 Cow Hill Rd,Groton,CT,06355,460000,6,7.0,Mystic,3676,23086,1740,63,125,,Active,,,http://www.redfin.com/CT/Mystic/382-Cow-Hill-Rd-06355/home/54182147,Smart MLS,170279004,N,Y,41.3791529,-71.9775049
MLS Listing,,Multi-Family (2-4 Unit),5 Division St,Groton,CT,06340,260000,6,2.0,Groton,2741,11325,1915,64,95,,Active,,,http://www.redfin.com/CT/Groton/5-Division-St-06340/home/54176257,Smart MLS,170278913,N,Y,41.3409403,-72.071679
MLS Listing,,Multi-Family (2-4 Unit),1 Pearl St,Groton,CT,06340,1590000,4,3.0,Mystic,1988,12196,1826,65,800,,Active,,,http://www.redfin.com/CT/Groton/1-Pearl-St-06340/home/170951987,Smart MLS,170275654,N,Y,41.3255397,-71.9876009
MLS Listing,,Condo/Co-op,31 Steamboat WHRF,Groton,CT,06355,895000,3,2.5,Mystic,1634,,1981,66,548,650,Active,,,http://www.redfin.com/CT/Mystic/31-Steamboat-Wharf-06355/home/54185611,Smart MLS,170275652,N,Y,41.3541936,-71.9697707
MLS Listing,,Single Family Residential,66 Atlantic Ave,Groton,CT,06340,1100000,4,3.5,Groton Long Point,2544,6098,2007,67,432,,Active,,,http://www.redfin.com/CT/Groton/66-Atlantic-Ave-06340/home/54183274,Smart MLS,170277679,N,Y,41.3153808,-72.0127183
MLS Listing,,Single Family Residential,426 Oral School Rd,Groton,CT,06355,348500,3,2.0,Mystic,1756,125017,1934,67,198,,Active,,,http://www.redfin.com/CT/Mystic/426-Oral-School-Rd-06355/home/54182169,Smart MLS,170277118,N,Y,41.3797834,-71.977065
MLS Listing,,Single Family Residential,1049 Poquonnock Rd,Groton,CT,06340,294900,4,6.0,Center Groton,3199,37243,1742,67,92,,Active,,,http://www.redfin.com/CT/Groton/1049-Poquonnock-Rd-06340/home/54178052,Smart MLS,170277448,N,Y,41.3456307,-72.0458095
MLS Listing,,Single Family Residential,1130 River Rd,Old Mystic,CT,06355,1695000,6,4.5,Mystic,3539,47480,1891,67,479,,Active,,,http://www.redfin.com/CT/Mystic/1130-River-Rd-06355/home/54184250,RIS,1248168,N,Y,41.386446,-71.963424
MLS Listing,,Single Family Residential,273 Lamphere Rd,Groton,CT,06355,249900,3,1.0,Mystic,1488,12196,1979,70,168,,Active,,,http://www.redfin.com/CT/Mystic/273-Lamphere-Rd-06355/home/54184169,Smart MLS,170276686,N,Y,41.3800141,-71.9897178
MLS Listing,,Single Family Residential,63A Mariners Ln,Groton,CT,06355,416900,3,2.0,Mystic,1784,24393,2020,70,234,,Active,,,http://www.redfin.com/CT/Mystic/63-Mariner-s-Ln-06355/home/144519145,Smart MLS,170276673,N,Y,41.3563464,-72.0067529
MLS Listing,,Condo/Co-op,59 Leafwood Ln #268,Groton,CT,06340,155000,2,2.0,Groton,1076,,1993,71,144,323,Active,,,http://www.redfin.com/CT/Groton/59-Leafwood-Ln-06340/unit-268/home/54185213,Smart MLS,170276413,N,Y,41.3680228,-72.0537223
MLS Listing,,Single Family Residential,65 Atlantic Ave,Groton,CT,06340,1075000,3,3.0,Groton Long Point,2804,6534,1987,71,383,,Active,,,http://www.redfin.com/CT/Groton/65-Atlantic-Ave-06340/home/54179666,Smart MLS,170274920,N,Y,41.3151896,-72.0131813
MLS Listing,,Single Family Residential,12 Clubhouse Point Rd,Groton,CT,06340,1400000,4,2.5,Groton Long Point,2752,4356,1925,73,509,,Active,,,http://www.redfin.com/CT/Groton/12-Clubhouse-Point-Rd-06340/home/54180133,Smart MLS,170275602,N,Y,41.3072654,-72.0057616
MLS Listing,,Single Family Residential,99 Phoenix Dr,Groton,CT,06340,289000,4,2.0,Groton City,1671,17859,1963,73,173,,Active,,,http://www.redfin.com/CT/Groton/99-Phoenix-Dr-06340/home/54182763,Smart MLS,170275622,N,Y,41.3826116,-72.085285
MLS Listing,,Single Family Residential,88 E Shore Ave,Groton,CT,06340,1595000,5,5.0,Groton Long Point,4020,6098,2010,74,397,,Active,,,http://www.redfin.com/CT/Groton/88-E-Shore-Ave-06340/home/54175105,Smart MLS,170275245,N,Y,41.3133295,-72.0046622
MLS Listing,,Single Family Residential,20 Godfrey St,Groton,CT,06355,469000,3,2.0,Mystic,2345,12632,1962,74,200,,Active,,,http://www.redfin.com/CT/MYSTIC/20-GODFREY-ST-06355/home/54184330,Smart MLS,170274902,N,Y,41.358,-71.97586
MLS Listing,,Single Family Residential,214 Crosswinds Dr,Groton,CT,06340,664500,4,2.5,Noank,2662,40075,1999,74,250,,Active,,,http://www.redfin.com/CT/Groton/214-Crosswinds-Dr-06340/home/54183811,Smart MLS,170272165,N,Y,41.3393283,-71.9973925
MLS Listing,,Single Family Residential,34 Boardwalk,Groton,CT,06340,1175000,6,2.0,Groton Long Point,2274,3484,1925,77,517,,Active,,,http://www.redfin.com/CT/Groton/34-Boardwalk-06340/home/54179482,Smart MLS,170274409,N,Y,41.311729,-72.01138
MLS Listing,,Multi-Family (2-4 Unit),8 Depot Rd,Groton,CT,06340,94900,3,2.0,Groton,1450,14374,1942,78,65,,Active,,,http://www.redfin.com/CT/Groton/8-Depot-Rd-06340/home/54178481,Smart MLS,170274255,N,Y,41.3434272,-72.0334601
MLS Listing,,Single Family Residential,91 Buddington Rd #101,Groton,CT,06340,16000,2,1.0,Groton,1656,,1972,80,10,530,Active,,,http://www.redfin.com/CT/Groton/91-Buddington-Rd-06340/unit-101/home/54185569,Smart MLS,170273460,N,Y,41.3488055,-72.0456239
MLS Listing,,Single Family Residential,212 Great Brook Rd,Groton,CT,06340,369900,4,2.5,Center Groton,2300,40946,2008,81,161,,Active,,,http://www.redfin.com/CT/Groton/212-Great-Brook-Rd-06340/home/52220635,Smart MLS,170273046,N,Y,41.386705,-72.034031
MLS Listing,,Single Family Residential,122 Midway Oval,Groton,CT,06340,85000,2,1.0,Poquonock Bridge,1994,18730,1942,85,43,,Active,,,http://www.redfin.com/CT/Groton/122-Midway-Oval-06340/home/54178592,Smart MLS,170272187,N,Y,41.342652,-72.0288766
MLS Listing,,Single Family Residential,180 Cow Hill Rd,Groton,CT,06355,460000,9,9.5,Mystic,5754,23958,1830,86,80,,Active,,,http://www.redfin.com/CT/Mystic/180-Cow-Hill-Rd-06355/home/54182143,Smart MLS,170271417,N,Y,41.3741434,-71.9761852
MLS Listing,,Single Family Residential,500 Noank Rd,Groton,CT,06355,799000,5,3.0,Mystic,2732,60983,1795,86,292,,Active,,,http://www.redfin.com/CT/Mystic/500-Noank-Rd-06355/home/54184408,Smart MLS,170271531,N,Y,41.3433202,-71.9808042
MLS Listing,,Single Family Residential,11 Midway Oval,Groton,CT,06340,214900,4,2.0,Center Groton,1814,4791,1941,94,118,,Active,,,http://www.redfin.com/CT/Groton/11-Midway-Oval-06340/home/54179092,Smart MLS,170269460,N,Y,41.3444896,-72.0235523
MLS Listing,,Single Family Residential,16 Anchorage Cir,Groton,CT,06340,475000,4,2.5,Mumford Cove,2190,16552,1960,94,217,100,Active,,,http://www.redfin.com/CT/Groton/16-Anchorage-Cir-06340/home/54179024,Smart MLS,170267031,N,Y,41.3204853,-72.0118849
MLS Listing,,Vacant Land,65 Newport St,Groton,CT,06355,72000,,,Mystic,,12196,,95,,,Active,,,http://www.redfin.com/CT/Mystic/65-Newport-St-06355/home/167027935,Smart MLS,170269076,N,Y,41.3796589,-71.984932
MLS Listing,,Single Family Residential,295 Deerfield Ridge Dr,Groton,CT,06355,379900,3,2.5,Mystic,1764,20037,2020,99,215,,Active,,,http://www.redfin.com/CT/Mystic/295-Deerfield-Ridge-Dr-06355/home/167023192,Smart MLS,170267863,N,Y,41.3940822,-71.9891827
MLS Listing,,Single Family Residential,233 Virgo Dr,Groton,CT,06340,259900,4,2.0,Bailey Hill,1560,11761,1984,100,167,,Active,,,http://www.redfin.com/CT/Groton/233-Virgo-Dr-06340/home/54175712,Smart MLS,170267453,N,Y,41.3830407,-72.0840584
MLS Listing,,Condo/Co-op,290 Meridian St Unit G,Groton,CT,06340,105500,2,1.0,Groton City,969,,1973,100,109,365,Active,,,http://www.redfin.com/CT/Groton/290-Meridian-St-06340/unit-G/home/54176186,Smart MLS,170267535,N,Y,41.3552458,-72.0711904
MLS Listing,,Single Family Residential,83 Division St,Groton,CT,06340,159900,4,2.0,Groton,1365,15681,1954,101,117,,Active,,,http://www.redfin.com/CT/Groton/83-Division-St-06340/home/54183052,Smart MLS,170267434,N,Y,41.3387681,-72.0718494
MLS Listing,,Condo/Co-op,78 Buddington Rd #8,Groton,CT,06340,99800,2,2.0,Groton,1026,,1975,102,97,310,Active,,,http://www.redfin.com/CT/Groton/78-Buddington-Rd-06340/unit-8/home/54178719,Smart MLS,170267201,N,Y,41.348021,-72.0436065
MLS Listing,,Condo/Co-op,43 George Ave Unit B,Groton,CT,06340,74000,2,1.0,Center Groton,784,,1972,103,94,300,Active,,,http://www.redfin.com/CT/Groton/43-George-Ave-06340/unit-B/home/54184854,Smart MLS,170266764,N,Y,41.344954,-72.0729719
MLS Listing,,Condo/Co-op,43 George Ave Unit D,Groton,CT,06340,74000,2,1.0,Center Groton,784,,1972,103,94,300,Active,,,http://www.redfin.com/CT/Groton/43-George-Ave-06340/unit-D/home/54184852,Smart MLS,170266762,N,Y,41.344954,-72.0729719
MLS Listing,,Single Family Residential,27 Smith Ct,Groton,CT,06340,1150000,5,4.5,Noank,3800,10454,1940,106,303,,Active,,,http://www.redfin.com/CT/Groton/27-Smith-Ct-06340/home/54181417,Smart MLS,170265740,N,Y,41.3238345,-71.9872058
MLS Listing,,Single Family Residential,95 Noble Ave,Groton,CT,06340,669499,4,1.5,Groton,2381,5227,1969,112,281,,Active,,,http://www.redfin.com/CT/Groton/95-Noble-Ave-06340/home/54180383,RIS,1245034,N,Y,41.321475,-71.997763
MLS Listing,,Vacant Land,0 Pleasant Valley Rd N,Groton,CT,06340,39750,,,Poquonock Bridge,,31755,,114,,,Active,,,http://www.redfin.com/CT/Groton/700-Pleasant-Valley-Rd-N-06340/home/168265559,Smart MLS,170263949,N,Y,41.384066,-72.076838
MLS Listing,,Single Family Residential,219 Candlewood Rd,Groton,CT,06340,235000,3,1.0,Center Groton,1905,46609,1773,114,123,,Active,,,http://www.redfin.com/CT/Groton/219-Candlewood-Rd-06340/home/54183473,Smart MLS,170263855,N,Y,41.3839741,-72.027071
MLS Listing,,Condo/Co-op,59 Steamboat WHRF #59,Groton,CT,06355,799000,3,2.5,Mystic,1812,,1981,118,441,650,Active,,,http://www.redfin.com/CT/Mystic/59-Steamboat-Wharf-06355/unit-59/home/170270016,Smart MLS,170261681,N,Y,41.3544322,-71.9697651
MLS Listing,,Single Family Residential,23 1/2 Pearl St,Groton,CT,06340,574000,6,4.5,Mystic,2667,8712,1988,127,215,,Active,,,http://www.redfin.com/CT/Groton/23-1-2-Pearl-St-06340/home/167077102,Smart MLS,170260316,N,Y,41.3572501,-71.9706748
MLS Listing,,Vacant Land,203 Winding Hollow Rd,Groton,CT,06340,399000,,,Groton City,,30491,,128,,,Active,,,http://www.redfin.com/CT/Groton/203-Winding-Hollow-Rd-06340/home/167026406,Smart MLS,170260260,N,Y,41.3668439,-72.0562109
MLS Listing,,Condo/Co-op,9 Chase Oaks Ct #7,Groton,CT,06340,105900,1,1.0,Poquonock Bridge,714,,1996,141,148,213,Active,,,http://www.redfin.com/CT/Groton/9-Chase-Oaks-Ct-06340/unit-7/home/54185414,Smart MLS,170258842,N,Y,41.365828,-72.054834
MLS Listing,,Single Family Residential,514 Noank Ledyard Rd,Groton,CT,06355,380000,4,2.5,Mystic,2342,43952,1928,144,162,,Active,,,http://www.redfin.com/CT/Mystic/514-Noank-Ledyard-Rd-06355/home/54180615,Smart MLS,170258011,N,Y,41.3643445,-71.9941976
MLS Listing,,Single Family Residential,19 Island Ave,Groton,CT,06340,625000,3,1.0,Groton Long Point,899,3484,1940,151,695,,Active,,,http://www.redfin.com/CT/Groton/19-Island-Ave-06340/home/54179658,Smart MLS,170255763,N,Y,41.3170852,-72.0135959
MLS Listing,,Vacant Land,760 Shennecossett Rd,Groton,CT,06340,400000,,,Groton City,,38768,,155,,,Active,,,http://www.redfin.com/CT/Groton/760-Shennecossett-Rd-06340/home/167022315,Smart MLS,170256314,N,Y,41.3257434,-72.0587468
MLS Listing,,Vacant Land,748 Shennecossett Rd,Groton,CT,06340,400000,,,Groton City,,36590,,155,,,Active,,,http://www.redfin.com/CT/Groton/748-Shennecossett-Rd-06340/home/167029004,Smart MLS,170256311,N,Y,41.3260367,-72.0588376
MLS Listing,,Vacant Land,48 Bakers Cv,Groton,CT,06340,375000,,,Groton City,,20908,,155,,,Active,,,http://www.redfin.com/CT/Groton/48-Bakers-Cove-Ln-06340/home/167022319,Smart MLS,170256283,N,Y,41.325787,-72.056898
MLS Listing,,Vacant Land,36 Bakers Cv,Groton,CT,06340,375000,,,Groton City,,23522,,155,,,Active,,,http://www.redfin.com/CT/Groton/36-Bakers-Cove-Ln-06340/home/167026397,Smart MLS,170256308,N,Y,41.325812,-72.057281
MLS Listing,,Vacant Land,26 Bakers Cv,Groton,CT,06340,400000,,,Groton City,,42688,,155,,,Active,,,http://www.redfin.com/CT/Groton/26-Bakers-Cove-Ln-06340/home/167023200,Smart MLS,170256303,N,Y,41.325679,-72.058043
MLS Listing,,Vacant Land,58 Bakers Cv,Groton,CT,06340,350000,,,Groton City,,16988,,155,,,Active,,,http://www.redfin.com/CT/Groton/58-Bakers-Cove-Ln-06340/home/167022318,Smart MLS,170256296,N,Y,41.325756,-72.056525
MLS Listing,,Vacant Land,27 Bakers Cv,Groton,CT,06340,200000,,,Groton City,,13068,,155,,,Active,,,http://www.redfin.com/CT/Groton/27-Bakers-Cove-Ln-06340/home/167023199,Smart MLS,170256188,N,Y,41.325215,-72.057612
MLS Listing,,Vacant Land,37 Bakers Cv,Groton,CT,06340,245000,,,Groton City,,12632,,155,,,Active,,,http://www.redfin.com/CT/Groton/37-Bakers-Cove-Ln-06340/home/167026396,Smart MLS,170256281,N,Y,41.3252,-72.057238
MLS Listing,,Vacant Land,15 Bakers Cv,Groton,CT,06340,200000,,,Groton City,,12632,,155,,,Active,,,http://www.redfin.com/CT/Groton/15-Bakers-Cove-Ln-06340/home/167023198,Smart MLS,170256182,N,Y,41.325209,-72.058004
MLS Listing,,Vacant Land,522 Noank Rd,Groton,CT,06355,299900,,,Mystic,,30491,,158,,,Active,,,http://www.redfin.com/CT/Mystic/522-Noank-Rd-06355/home/52217610,Smart MLS,170255685,N,Y,41.342461,-71.9808419
MLS Listing,,Condo/Co-op,298 Meridian St Unit B,Groton,CT,06340,107900,2,1.0,Groton City,969,,1973,175,111,365,Active,,,http://www.redfin.com/CT/Groton/298-Meridian-St-06340/unit-B/home/54176243,Smart MLS,170252889,N,Y,41.356383,-72.070091
MLS Listing,,Single Family Residential,108 Hillside Dr,Groton,CT,06355,219900,3,1.0,Mystic,1144,96267,1958,186,192,,Active,,,http://www.redfin.com/CT/Mystic/108-Hillside-Dr-06355/home/54179599,Smart MLS,170249947,N,Y,41.3918229,-72.0049398
MLS Listing,,Single Family Residential,88 Boardwalk,Groton,CT,06340,2858000,2,3.5,Groton Long Point,5289,11761,1922,189,540,,Active,,,http://www.redfin.com/CT/Groton/88-Boardwalk-06340/home/54179516,Smart MLS,170248252,N,Y,41.31389,-72.014403
MLS Listing,,Single Family Residential,19 Gravel St,Groton,CT,06355,1725000,4,3.5,Mystic,3128,19602,1861,203,551,,Active,,,http://www.redfin.com/CT/Mystic/19-Gravel-St-06355/home/54184204,Smart MLS,170245705,N,Y,41.3566839,-71.9695171
MLS Listing,,Single Family Residential,18 Beach Rd,Groton,CT,06340,699000,5,3.5,Groton Long Point,3108,10018,1955,217,225,,Active,,,http://www.redfin.com/CT/Groton/18-Beach-Rd-06340/home/54183906,Smart MLS,170241773,N,Y,41.3133479,-72.0069307
MLS Listing,,Single Family Residential,236 Pumpkin Hill Rd,Groton,CT,06355,374900,5,5.5,Mystic,4560,80150,2011,227,82,,Active,,,http://www.redfin.com/CT/Mystic/236-Pumpkin-Hill-Rd-06355/home/54175491,Smart MLS,170238324,N,Y,41.3958345,-71.9802138
MLS Listing,,Single Family Residential,53 North Rd,Groton,CT,06340,319000,4,2.5,Groton City,2395,29620,1830,228,133,,Active,,,http://www.redfin.com/CT/Groton/53-N-Rd-06340/home/54178394,Smart MLS,170237421,N,Y,41.347724,-72.033357
MLS Listing,,Single Family Residential,174 Sandy Hollow Rd,Groton,CT,06355,459900,3,2.0,Mystic,1488,30056,2020,231,309,,Active,,,http://www.redfin.com/CT/Mystic/174-Sandy-Hollow-Rd-06355/home/160584028,Smart MLS,170236167,N,Y,41.3701814,-71.980688
MLS Listing,,Single Family Residential,134 Sandy Hollow Rd,Groton,CT,06355,499900,3,2.0,Mystic,1665,73616,2020,231,300,,Active,,,http://www.redfin.com/CT/Mystic/134-Sandy-Hollow-Rd-06355/home/160584108,Smart MLS,170236168,N,Y,41.3701529,-71.979907
MLS Listing,,Single Family Residential,940 Groton Long Point Rd,Groton,CT,06340,1599000,4,3.0,Noank,2723,53143,1964,275,587,,Active,,,http://www.redfin.com/CT/Groton/940-Groton-Long-Point-Rd-06340/home/54180378,Smart MLS,170214908,N,Y,41.3187822,-71.9996614
MLS Listing,,Vacant Land,0+502 Pleasant Valley Rd S,Groton,CT,06340,325000,,,Groton,,248727,,289,,,Active,,,http://www.redfin.com/CT/Groton/502-Pleasant-Valley-Rd-S-06340/home/54175597,Smart MLS,170219488,N,Y,41.37862,-72.077461
MLS Listing,,Single Family Residential,"628, 636, 642 Gold Star Hwy",Groton,CT,06340,475000,3,2.0,Groton,4872,101930,1930,291,97,,Active,,,http://www.redfin.com/CT/Groton/636-Gold-Star-Hwy-06340/home/54177946,Smart MLS,170218626,N,Y,41.3744547,-72.0473488
MLS Listing,,Single Family Residential,324 Deerfield Ridge Dr,Groton,CT,06355,399900,4,2.5,Mystic,2100,20037,2019,297,190,,Active,,,http://www.redfin.com/CT/Mystic/324-Deerfield-Ridge-Dr-06355/home/160453708,Smart MLS,170216294,N,Y,41.3941788,-71.9906076
MLS Listing,,Single Family Residential,104 Atlantic Ave,Groton,CT,06340,1195000,4,3.5,Groton Long Point,3310,13503,1999,301,361,,Active,,,http://www.redfin.com/CT/Groton/104-Atlantic-Ave-06340/home/54179650,Smart MLS,170215930,N,Y,41.3156985,-72.0156352
MLS Listing,,Vacant Land,7 Island Ave,Groton,CT,06340,199000,,,Groton Long Point,,3484,,312,,,Active,,,http://www.redfin.com/CT/Groton/7-Island-Ave-06340/home/144540240,Smart MLS,170212173,N,Y,41.3167267,-72.0127094
MLS Listing,,Condo/Co-op,2590 Gold Star Hwy #324,Groton,CT,06355,166900,1,1.0,Mystic,870,,2005,319,192,344,Active,,,http://www.redfin.com/CT/Mystic/2590-Gold-Star-Hwy-06355/unit-324/home/54174920,Smart MLS,170207529,N,Y,41.3894964,-71.9801784
MLS Listing,,Single Family Residential,171 Ann Ave,Groton,CT,06355,275000,4,2.0,Mystic,1862,18730,1970,319,148,,Active,,,http://www.redfin.com/CT/Mystic/171-Ann-Ave-06355/home/54181200,Smart MLS,170209785,N,Y,41.3859596,-71.9841202
MLS Listing,,Multi-Family (2-4 Unit),6-8 Maple Ave,Groton,CT,06355,395000,6,4.0,West Mystic,3819,12850,1860,322,103,,Active,,,http://www.redfin.com/CT/Mystic/6-Maple-Ave-06355/home/54182326,Smart MLS,170209152,N,Y,41.3442666,-71.9771404
MLS Listing,,Single Family Residential,62 Haley Cres,Groton,CT,06340,799900,4,3.5,Mumford Cove,4124,26571,1989,332,194,142,Active,,,http://www.redfin.com/CT/Groton/62-Haley-Cres-06340/home/54179782,Smart MLS,170203792,N,Y,41.3225859,-72.0048935
MLS Listing,,Single Family Residential,1 Clubhouse Point Rd,Groton,CT,06340,1300000,3,3.0,Groton Long Point,1929,12196,1913,335,674,,Active,,,http://www.redfin.com/CT/Groton/1-Clubhouse-Point-Rd-06340/home/54180146,Smart MLS,170204389,N,Y,41.3075372,-72.0050324
MLS Listing,,Vacant Land,303 Deerfield Ridge Dr,Groton,CT,06355,99900,,,Mystic,,20473,,338,,,Active,,,http://www.redfin.com/CT/Mystic/303-Deerfield-Ridge-Dr-06355/home/167023191,Smart MLS,170203255,N,Y,41.3938838,-71.9893216
MLS Listing,,Vacant Land,28 Imogen Dr,Groton,CT,06355,99900,,,Mystic,,20037,,338,,,Active,,,http://www.redfin.com/CT/Groton/28-Imogen-Dr-06340/home/167026390,Smart MLS,170203230,N,Y,41.3925692,-71.9899445
MLS Listing,,Single Family Residential,1300 River Rd,Groton,CT,06355,574000,3,2.5,Mystic,3044,50093,1987,350,189,,Active,,,http://www.redfin.com/CT/Mystic/1300-River-Rd-06355/home/54183070,Smart MLS,170197325,N,Y,41.3910016,-71.9617838
MLS Listing,,Single Family Residential,86 Crosswinds Dr,Groton,CT,06340,699900,5,5.0,Noank,3546,40031,1998,350,197,,Active,,,http://www.redfin.com/CT/Groton/86-Crosswinds-Dr-06340/home/54183728,Smart MLS,170191868,N,Y,41.3355,-71.9985964
MLS Listing,,Single Family Residential,334 Deerfield Ridge Dr,Groton,CT,06355,389900,3,2.5,Mystic,1800,20037,2019,351,217,,Active,,,http://www.redfin.com/CT/Mystic/334-Deerfield-Ridge-Dr-06355/home/166811912,Smart MLS,170198486,N,Y,41.3940908,-71.990923
MLS Listing,,Single Family Residential,8 Clubhouse Point Rd,Groton,CT,06340,2100000,5,3.0,Groton Long Point,3138,10018,1920,352,669,,Active,,,http://www.redfin.com/CT/Groton/8-Clubhouse-Point-Rd-06340/home/54180149,Smart MLS,170198184,N,Y,41.3066632,-72.0052639
MLS Listing,,Single Family Residential,202 S Shore Ave,Groton,CT,06340,2175000,4,2.5,Groton Long Point,3354,13503,1932,359,648,,Active,,,http://www.redfin.com/CT/Groton/202-S-Shore-Ave-06340/home/54179564,Smart MLS,170194599,N,Y,41.3078414,-72.0099866
MLS Listing,,Condo/Co-op,378 Meridian Street Ext #33,Groton,CT,06340,185000,3,2.5,Groton City,1567,,1988,373,118,220,Active,,,http://www.redfin.com/CT/Groton/378-Meridian-St-Ext-06340/unit-33/home/54177149,Smart MLS,170189844,N,Y,41.3541919,-72.0701234
MLS Listing,,Single Family Residential,14 Atlantic Ave,Groton,CT,06340,800000,4,3.5,Groton Long Point,2530,7840,1985,387,316,,Active,,,http://www.redfin.com/CT/Groton/14-Atlantic-Ave-06340/home/54179691,Smart MLS,170183198,N,Y,41.3133316,-72.009894
MLS Listing,,Single Family Residential,1047 Poquonnock Rd,Groton,CT,06340,130000,3,2.5,Groton City,1756,19166,1940,406,74,,Active,,,http://www.redfin.com/CT/Groton/1047-Poquonnock-Rd-06340/home/54178050,Smart MLS,170177828,N,Y,41.3456669,-72.0462165
MLS Listing,,Single Family Residential,87 Noble Ave,Groton,CT,06340,675000,3,2.0,Noank,1680,5227,1938,421,402,,Active,,,http://www.redfin.com/CT/Groton/87-Noble-Ave-06340/home/54184127,Smart MLS,170169559,N,Y,41.3214913,-71.9973925
MLS Listing,,Vacant Land,124 Sandy Hollow Rd,Groton,CT,06355,74900,,,Mystic,,114562,,432,,,Active,,,http://www.redfin.com/CT/Mystic/124-Sandy-Hollow-Rd-06355/home/160584145,Smart MLS,170168979,N,Y,41.3701073,-71.9797081
MLS Listing,,Vacant Land,164 Sandy Hollow Rd,Groton,CT,06355,69900,,,Mystic,,20037,,432,,,Active,,,http://www.redfin.com/CT/Mystic/164-Sandy-Hollow-Rd-06355/home/160584047,Smart MLS,170168974,N,Y,41.3704479,-71.9804911
MLS Listing,,Single Family Residential,29 Gravel St,Groton,CT,06355,2150000,5,3.5,Mystic,3210,43777,1837,434,670,,Active,,,http://www.redfin.com/CT/Mystic/29-Gravel-St-06355/home/54182600,Smart MLS,170162095,N,Y,41.3579674,-71.968892
MLS Listing,,Single Family Residential,499 River Rd,Groton,CT,06355,999000,4,2.5,Groton,4324,68389,1908,443,231,,Active,,,http://www.redfin.com/CT/Mystic/499-River-Rd-06355/home/54184422,Smart MLS,170165771,N,Y,41.3715626,-71.9674796
MLS Listing,,Single Family Residential,20 Imogen Dr,Groton,CT,06355,379900,3,2.5,Mystic,1764,20037,2019,452,215,,Active,,,http://www.redfin.com/CT/Groton/20-Imogen-Dr-06340/home/144533911,Smart MLS,170163384,N,Y,41.3934272,-71.9894233
MLS Listing,,Single Family Residential,90 Atlantic Ave,Groton,CT,06340,809000,4,4.0,Groton Long Point,3313,6969,1988,454,244,214,Active,,,http://www.redfin.com/CT/Groton/90-Atlantic-Ave-06340/home/54183382,Smart MLS,170160149,N,Y,41.316172,-72.014641
MLS Listing,,Vacant Land,23 Imogen Dr,Groton,CT,06355,99900,,,Mystic,,20037,,456,,,Active,,,http://www.redfin.com/CT/Groton/23-Imogen-Dr-06340/home/160409870,Smart MLS,170162278,N,Y,41.393386,-71.9905006
MLS Listing,,Vacant Land,15 Imogen Dr,Groton,CT,06355,99900,,,Mystic,,20037,,515,,,Active,,,http://www.redfin.com/CT/Groton/15-Imogen-Dr-06340/home/144530323,Smart MLS,170148957,N,Y,41.3936441,-71.9902445
MLS Listing,,Vacant Land,8 Imogen Dr,Groton,CT,06355,99900,,,Mystic,,21344,,526,,,Active,,,http://www.redfin.com/CT/Groton/8-Imogen-Dr-06340/home/148368115,Smart MLS,170146813,N,Y,41.3937461,-71.9895323
MLS Listing,,Single Family Residential,199 Neptune Dr,Groton,CT,06340,2350000,2,3.0,Mumford Cove,5514,17859,1990,569,426,371,Active,,,http://www.redfin.com/CT/Groton/199-Neptune-Dr-06340/home/54179079,Smart MLS,170132557,N,Y,41.3265927,-72.0157509
MLS Listing,,Vacant Land,24 Imogen Dr,Groton,CT,06355,99900,,,Mystic,,20037,,625,,,Active,,,http://www.redfin.com/CT/Groton/24-Imogen-Dr-06340/home/146806492,Smart MLS,170117899,N,Y,41.3931291,-71.9894945
MLS Listing,,Single Family Residential,312 W Shore Ave,Groton,CT,06340,530000,5,1.5,Groton Long Point,2865,3049,1930,648,185,,Active,,,http://www.redfin.com/CT/Groton/312-W-Shore-Ave-06340/home/54179413,Smart MLS,170110880,N,Y,41.313501,-72.012604
MLS Listing,,Vacant Land,894 Eastern Point Rd,Groton,CT,06340,139000,,,Groton City,,17859,,703,,,Active,,,http://www.redfin.com/CT/Groton/894-Eastern-Point-Rd-06340/home/54176989,Smart MLS,170091806,N,Y,41.324937,-72.070819
MLS Listing,,Vacant Land,0 North Rd,Groton,CT,06340,625000,,,Center Groton,,3582810,,704,,,Active,,,http://www.redfin.com/CT/GROTON/NORTH-RD-06340/home/54178355,Smart MLS,170091767,N,Y,41.389631,-72.027148
MLS Listing,,Single Family Residential,88 Colonel Ledyard Hwy,Groton,CT,06355,387900,3,2.0,Mystic,1760,20037,2019,734,220,,Active,,,http://www.redfin.com/CT/Mystic/88-Colonel-Ledyard-Hwy-06355/home/145573748,Smart MLS,170080530,N,Y,41.3923144,-71.989815
MLS Listing,,Single Family Residential,26 Imogen Dr,Groton,CT,06355,374900,3,2.0,Mystic,1545,20037,2019,739,243,,Active,,,http://www.redfin.com/CT/Groton/26-Imogen-Dr-06340/home/148169499,Smart MLS,170077603,N,Y,41.3928685,-71.9899942
MLS Listing,,Vacant Land,80 Starr St,Groton,CT,06355,250000,,,Mystic,,86684,,827,,,Active,,,http://www.redfin.com/CT/Mystic/80-Starr-St-06355/home/144797029,Smart MLS,170048590,N,Y,41.3618596,-71.9723753
MLS Listing,,Single Family Residential,213 West Shore Ave,Groton,CT,06340,995000,4,2.0,Groton Long Point,1450,6969,1937,870,686,,Active,,,http://www.redfin.com/CT/Groton/213-W-Shore-Ave-06340/home/54179462,Smart MLS,170039471,N,Y,41.307673,-72.010671
MLS Listing,,Vacant Land,0-2 Allyn St,Groton,CT,06355,399000,,,Mystic,,79279,,870,,,Active,,,http://www.redfin.com/CT/Mystic/2-Allyn-St-06355/home/170460886,Smart MLS,170038496,N,Y,41.3529992,-71.9770238
MLS Listing,,Vacant Land,2 Whitehall Ln,Groton,CT,06355,399000,,,Mystic,,35719,,870,,,Active,,,http://www.redfin.com/CT/Mystic/2-Whitehall-Ln-06355/home/146409056,Smart MLS,170038485,N,Y,41.3604239,-71.9793666
MLS Listing,,Vacant Land,0 Allyn St,Groton,CT,06355,399000,,,Mystic,,28749,,870,,,Active,,,http://www.redfin.com/CT/MYSTIC/ALLYN-ST-06355/home/167021711,Smart MLS,170038469,N,Y,41.357716,-71.978514
MLS Listing,,Vacant Land,25 Whitehall Ln,Groton,CT,06355,399000,,,Mystic,,37897,,871,,,Active,,,http://www.redfin.com/CT/Mystic/25-Whitehall-Ln-06355/home/168266280,Smart MLS,170038505,N,Y,41.359885,-71.980623
MLS Listing,,Vacant Land,0-3 Allyn St,Groton,CT,06355,399000,,,Mystic,,46609,,871,,,Active,,,http://www.redfin.com/CT/Mystic/3-Allyn-St-06355/home/54181940,Smart MLS,170038500,N,Y,41.3536814,-71.9781764
MLS Listing,,Vacant Land,24 Greenbriar Ct,Groton,CT,06355,399000,,,Mystic,,23522,,871,,,Active,,,http://www.redfin.com/CT/Mystic/24-Greenbriar-Ct-06355/home/144518959,Smart MLS,170038510,N,Y,41.358874,-71.981053
