SALE TYPE,SOLD DATE,PROPERTY TYPE,ADDRESS,CITY,STATE OR PROVINCE,ZIP OR POSTAL CODE,PRICE,BEDS,BATHS,LOCATION,SQUARE FEET,LOT SIZE,YEAR BUILT,DAYS ON MARKET,$/SQUARE FEET,HOA/MONTH,STATUS,NEXT OPEN HOUSE START TIME,NEXT OPEN HOUSE END TIME,URL (SEE http://www.redfin.com/buy-a-home/comparative-market-analysis FOR INFO ON PRICING),SOURCE,MLS#,FAVORITE,INTERESTED,LATITUDE,LONGITUDE
MLS Listing,,Single Family Residential,330 North Rd,Harwinton,CT,06791,1000000,3,2.5,Harwinton,2297,2450685,1824,15,435,,Active,,,http://www.redfin.com/CT/Harwinton/330-N-Rd-06791/home/107254327,Smart MLS,170289777,N,Y,41.7931558,-73.0581827
MLS Listing,,Single Family Residential,51 Highview Dr,Harwinton,CT,06791,140000,3,1.5,Harwinton,1196,30056,1960,17,117,,Active,,,http://www.redfin.com/CT/Harwinton/51-Highview-Dr-06791/home/107252248,Smart MLS,170289227,N,Y,41.7774117,-73.0720746
MLS Listing,,Single Family Residential,134-00 Orchard Hill Rd,Harwinton,CT,06791,499800,6,3.0,Scoville Hill,3350,1279357,1812,20,149,,Active,,,http://www.redfin.com/CT/Harwinton/134-Orchard-Hill-Rd-06791/home/107252954,Smart MLS,170288466,N,Y,41.7669595,-73.1038352
MLS Listing,,Single Family Residential,160 Lead Mine Brook Rd,Harwinton,CT,06791,329900,4,2.5,Harwinton,2378,65340,1972,24,139,,Active,,,http://www.redfin.com/CT/Harwinton/160-Lead-Mine-Brook-Rd-06791/home/107251963,Smart MLS,170288224,N,Y,41.7920906,-73.066924
MLS Listing,,Vacant Land,Lot 14 Plymouth Rd,Harwinton,CT,06791,69900,,,Harwinton,,304920,,29,,,Active,,,http://www.redfin.com/CT/Harwinton/14-Plymouth-Rd-06791/home/167211027,Smart MLS,170287301,N,Y,41.7611368,-73.0459689
MLS Listing,,Single Family Residential,87 Rocky Rd E,Harwinton,CT,06791,395000,3,2.5,Harwinton,2634,484387,1980,35,150,,Active,,,http://www.redfin.com/CT/Harwinton/87-Rocky-Rd-E-06791/home/107253406,Smart MLS,170268972,N,Y,41.7168113,-73.0330877
MLS Listing,,Single Family Residential,7 Hannah Way,Harwinton,CT,06791,324900,2,2.0,Scoville Hill,2034,,2016,44,160,170,Active,,,http://www.redfin.com/CT/Harwinton/7-Hannah-Way-06791/home/141262223,Smart MLS,170284070,N,Y,41.7980661,-73.0986161
MLS Listing,,Vacant Land,46 Fox Hunt Way,Harwinton,CT,06791,110000,,,Equestrian Estates,,200811,,45,,,Active,,,http://www.redfin.com/CT/Harwinton/46-Fox-Hunt-Way-06791/home/160706143,Smart MLS,170284139,N,Y,41.7188391,-73.0445124
MLS Listing,,Vacant Land,596 Hill Rd,Harwinton,CT,06791,119900,,,Harwinton,,93741,,45,,,Active,,,http://www.redfin.com/CT/Harwinton/596-Hill-Rd-06791/home/146425536,Smart MLS,170284100,N,Y,41.7291877,-73.0732595
MLS Listing,,Vacant Land,0 Davis Rd,Harwinton,CT,06791,44500,,,Lake Harwinton,,50529,,50,,,Active,,,http://www.redfin.com/CT/HARWINTON/DAVIS-RD-06791/home/107254068,Smart MLS,170282160,N,Y,41.777626,-73.079659
MLS Listing,,Vacant Land,Lot 2 Davis Rd,Harwinton,CT,06791,70000,,,Harwinton,,415998,,60,,,Active,,,http://www.redfin.com/CT/Harwinton/2-Davis-Rd-06791/home/144522269,Smart MLS,170279355,N,Y,41.7688763,-73.0773971
MLS Listing,,Vacant Land,00 Orchard Hill Rd,Harwinton,CT,06791,129900,,,Scoville Hill,,1115136,,63,,,Active,,,http://www.redfin.com/CT/Harwinton/Orchard-Hill-Rd-06791/home/171031025,Smart MLS,170279130,N,Y,41.76689,-73.103172
MLS Listing,,Single Family Residential,236 North Rd,Harwinton,CT,06791,344900,4,3.5,Harwinton,3480,142441,1989,66,99,,Active,,,http://www.redfin.com/CT/Harwinton/236-N-Rd-06791/home/107253609,Smart MLS,170275799,N,Y,41.7878152,-73.0592284
MLS Listing,,Single Family Residential,118 Orchard Hill Rd,Harwinton,CT,06791,249900,3,2.0,Scoville Hill,1160,93654,1958,69,215,,Active,,,http://www.redfin.com/CT/Harwinton/118-Orchard-Hill-Rd-06791/home/107253481,Smart MLS,170276805,N,Y,41.7670695,-73.102641
MLS Listing,,Single Family Residential,17 Hannah Dr,Harwinton,CT,06791,280000,2,2.0,Harwinton,1450,,2020,73,193,170,Active,May-10-2020 12:00 PM,May-10-2020 03:00 PM,http://www.redfin.com/CT/Torrington/17-Hannah-Way-06791/home/170650814,Smart MLS,170275332,N,Y,41.7980493,-73.0986223
MLS Listing,,Single Family Residential,159 WILDCAT HILL Rd,Harwinton,CT,06791,489900,4,3.5,Harwinton,3506,44866,1973,79,140,,Active,,,http://www.redfin.com/CT/Harwinton/159-Wildcat-Hill-Rd-06791/home/107252920,Smart MLS,170273629,N,Y,41.7547577,-73.093721
MLS Listing,,Vacant Land,604 Wildcat Hill Rd,Harwinton,CT,06791,49900,,,Harwinton,,119790,,85,,,Active,,,http://www.redfin.com/CT/Harwinton/604-Wildcat-Hill-Rd-06791/home/107252756,Smart MLS,170271909,N,Y,41.7229034,-73.0880008
MLS Listing,,Vacant Land,596 Wildcat Hill Rd,Harwinton,CT,06791,119900,,,Harwinton,,229996,,85,,,Active,,,http://www.redfin.com/CT/Harwinton/596-Wildcat-Hill-Rd-06791/home/107251496,Smart MLS,170271901,N,Y,41.7204749,-73.0881375
MLS Listing,,Single Family Residential,573 Litchfield Rd,Harwinton,CT,06791,299990,4,2.0,Harwinton,1504,134164,1927,122,199,,Active,,,http://www.redfin.com/CT/Harwinton/573-Litchfield-Rd-06791/home/107253954,Smart MLS,170261736,N,Y,41.7634051,-73.1098114
MLS Listing,,Single Family Residential,5 Brick Kiln Rd,Harwinton,CT,06791,270000,4,2.5,Harwinton,2616,94960,1970,127,103,,Active,,,http://www.redfin.com/CT/Harwinton/5-Brick-Kiln-Rd-06791/home/107251410,Smart MLS,170260211,N,Y,41.7738114,-73.0435486
MLS Listing,,Single Family Residential,70 Wildcat Hill Rd,Harwinton,CT,06791,189900,3,2.0,Harwinton,1248,27007,1950,131,152,,Active,,,http://www.redfin.com/CT/Harwinton/70-Wildcat-Hill-Rd-06791/home/107254214,Smart MLS,170259691,N,Y,41.7651535,-73.0965943
MLS Listing,,Single Family Residential,93 Oakwood Dr,Harwinton,CT,06791,1099000,3,2.5,Harwinton,3001,2779128,1999,233,366,,Active,,,http://www.redfin.com/CT/Harwinton/93-Oakwood-Dr-06791/home/107254162,Smart MLS,170236459,N,Y,41.7850538,-73.0681817
MLS Listing,,Vacant Land,00 Clearview Ave,Harwinton,CT,06791,149900,,,Harwinton,,166399,,269,,,Active,,,http://www.redfin.com/CT/Torrington/Clearview-Ave-06791/home/148352800,Smart MLS,170225716,N,Y,41.791945,-73.103155
MLS Listing,,Single Family Residential,215 Locust Rd,Harwinton,CT,06791,950000,6,5.0,Harwinton,5974,820234,1800,298,159,,Active,,,http://www.redfin.com/CT/Harwinton/215-Locust-Rd-06791/home/107251837,Smart MLS,170212955,N,Y,41.7608627,-73.0411526
MLS Listing,,Single Family Residential,217 Scoville Hill Rd,Harwinton,CT,06791,98450,2,1.0,Harwinton,984,40946,2006,345,100,,Active,,,http://www.redfin.com/CT/Harwinton/217-Scoville-Hill-Rd-06791/home/107253807,Smart MLS,170195286,N,Y,41.7781207,-73.1045835
MLS Listing,,Single Family Residential,544 Litchfield Rd,Harwinton,CT,06791,975000,3,1.5,Harwinton,1596,2565684,1910,404,611,,Active,,,http://www.redfin.com/CT/Harwinton/544-Litchfield-Rd-06791/home/107251328,Smart MLS,170178353,N,Y,41.7642084,-73.1093606
MLS Listing,,Single Family Residential,4 Fox Hunt Way,Harwinton,CT,06791,429900,4,2.5,Harwinton,2479,219978,2018,413,173,,Active,,,http://www.redfin.com/CT/Harwinton/4-Fox-Hunt-Way-06791/home/107253428,Smart MLS,170174241,N,Y,41.7186673,-73.0443038
MLS Listing,,Vacant Land,123 Meadowview Dr,Harwinton,CT,06791,154900,,,Harwinton,,157687,,723,,,Active,,,http://www.redfin.com/CT/Harwinton/123-Meadowview-Dr-06791/home/107254133,Smart MLS,170084752,N,Y,41.7898342,-73.0241212
MLS Listing,,Single Family Residential,5 Ross Dr,Harwinton,CT,06791,299000,2,2.0,Harwinton,1590,,2015,872,188,170,Active,May-10-2020 12:00 PM,May-10-2020 03:00 PM,http://www.redfin.com/CT/Harwinton/5-Ross-DR-06791/unit-5/home/144523653,Smart MLS,G10154098,N,Y,41.797896,-73.099141
