SALE TYPE,SOLD DATE,PROPERTY TYPE,ADDRESS,CITY,STATE OR PROVINCE,ZIP OR POSTAL CODE,PRICE,BEDS,BATHS,LOCATION,SQUARE FEET,LOT SIZE,YEAR BUILT,DAYS ON MARKET,$/SQUARE FEET,HOA/MONTH,STATUS,NEXT OPEN HOUSE START TIME,NEXT OPEN HOUSE END TIME,URL (SEE http://www.redfin.com/buy-a-home/comparative-market-analysis FOR INFO ON PRICING),SOURCE,MLS#,FAVORITE,INTERESTED,LATITUDE,LONGITUDE
MLS Listing,,Single Family Residential,389 Wall St,Hebron,CT,06248,275000,3,2.0,Gilead,1200,63162,2020,1,229,,Active,,,http://www.redfin.com/CT/Hebron/389-Wall-St-06248/home/54029999,Smart MLS,170292937,N,Y,41.6817758,-72.3608851
MLS Listing,,Single Family Residential,120 Hope Valley Rd,Hebron,CT,06231,599900,4,3.0,Amston,4100,354142,1989,1,146,,Active,,,http://www.redfin.com/CT/Amston/120-Hope-Valley-Rd-06231/home/54031934,Smart MLS,170292977,N,Y,41.6454144,-72.3684081
MLS Listing,,Single Family Residential,25 Fieldstone Dr,Hebron,CT,06248,420000,4,2.5,Chestnut Hollow,3289,37461,1997,1,128,,Active,,,http://www.redfin.com/CT/Hebron/25-Fieldstone-Dr-06248/home/54031921,Smart MLS,170286670,N,Y,41.6526162,-72.3737282
MLS Listing,,Single Family Residential,13 Oakland Rd,Hebron,CT,06231,259900,3,2.0,Amston,1922,10018,1940,3,135,,Active,,,http://www.redfin.com/CT/Amston/13-Oakland-Rd-06231/home/54032763,Smart MLS,170292437,N,Y,41.621847,-72.3337261
MLS Listing,,Single Family Residential,173 Martin Rd,Hebron,CT,06248,334900,3,2.5,Hebron,2272,50965,1998,9,147,,Active,,,http://www.redfin.com/CT/Hebron/173-Martin-Rd-06248/home/54031247,Smart MLS,170291307,N,Y,41.6730014,-72.4227863
MLS Listing,,Single Family Residential,17 Knollwood Dr,Hebron,CT,06248,456500,4,2.5,Gilead,3102,67953,2003,10,147,,Active,,,http://www.redfin.com/CT/Hebron/17-Knollwood-Dr-06248/home/54032850,Smart MLS,170290870,N,Y,41.6654614,-72.4312931
MLS Listing,,Single Family Residential,428 Hope Valley Rd,Hebron,CT,06231,359900,4,2.5,Hebron,2300,82328,2020,20,156,,Active,,,http://www.redfin.com/CT/Amston/428-Hope-Valley-Rd-06231/home/171374000,Smart MLS,170288566,N,Y,41.6304997,-72.3791467
MLS Listing,,Single Family Residential,520 Wall St,Hebron,CT,06248,234900,3,1.5,Hebron,1534,49222,1968,21,153,,Active,,,http://www.redfin.com/CT/Hebron/520-Wall-St-06248/home/54032203,Smart MLS,170288753,N,Y,41.6907512,-72.3607339
MLS Listing,,Single Family Residential,29 Forest View Ln,Hebron,CT,06248,465000,4,3.5,Gilead,3826,88426,2000,33,122,,Active,,,http://www.redfin.com/CT/Hebron/29-Forest-View-Ln-06248/home/54032837,Smart MLS,170285906,N,Y,41.6537105,-72.4052401
MLS Listing,,Single Family Residential,281 Gilead Rd,Andover,CT,06232,372000,4,2.5,Andover,3220,81021,1991,39,116,,Active,,,http://www.redfin.com/CT/Andover/281-Gilead-Rd-06232/home/53791829,Smart MLS,170282751,N,Y,41.697977,-72.387777
MLS Listing,,Single Family Residential,128 Senate Brook Dr,Hebron,CT,06231,369900,5,2.5,Amston,2842,94089,1987,43,130,,Active,,,http://www.redfin.com/CT/Amston/128-Senate-Brook-Dr-06231/home/54030548,Smart MLS,170284476,N,Y,41.6080324,-72.3810343
MLS Listing,,Single Family Residential,55 Reidy Hill Rd,Hebron,CT,06231,699900,4,3.0,Amston,3926,264409,2012,46,178,,Active,,,http://www.redfin.com/CT/Amston/55-Reidy-Hill-Rd-06231/home/54029703,Smart MLS,170282910,N,Y,41.6275939,-72.3727307
MLS Listing,,Single Family Residential,38 Cedar Ridge Dr,Hebron,CT,06248,519000,4,4.0,Gilead,4310,48351,2005,47,120,,Active,,,http://www.redfin.com/CT/Hebron/38-Cedar-Ridge-Dr-06248/home/54030436,Smart MLS,170282703,N,Y,41.6522837,-72.3764102
MLS Listing,,Multi-Family (2-4 Unit),51-53 Gilead St,Hebron,CT,06248,339900,5,4.5,Hebron,3033,79714,1972,53,112,,Active,,,http://www.redfin.com/CT/Hebron/51-Gilead-St-06248/home/54030326,Smart MLS,170281204,N,Y,41.6608781,-72.3691039
MLS Listing,,Single Family Residential,17 Mint Brook Ln,Hebron,CT,06231,449900,4,2.5,Hebron,2869,69260,2004,55,157,,Active,,,http://www.redfin.com/CT/Amston/17-Mint-Brook-Ln-06231/home/54029364,Smart MLS,170281467,N,Y,41.6445037,-72.3420903
MLS Listing,,Condo/Co-op,80 Wellswood Rd #17,Hebron,CT,06231,119900,2,1.5,Amston,1340,,1972,55,89,250,Active,,,http://www.redfin.com/CT/Amston/80-Wellswood-Rd-06231/unit-17/home/54029762,Smart MLS,170281572,N,Y,41.6620872,-72.3444245
MLS Listing,,Single Family Residential,39 East St,Hebron,CT,06248,395000,3,2.5,Gilead,2200,47916,2017,55,180,,Active,,,http://www.redfin.com/CT/Hebron/39-East-St-06248/home/109652902,Smart MLS,170280318,N,Y,41.6743342,-72.3856019
MLS Listing,,Single Family Residential,310 West St,Hebron,CT,06248,374900,4,3.5,Hebron,3140,64468,1979,70,119,,Active,,,http://www.redfin.com/CT/Hebron/310-West-St-06248/home/54031607,Smart MLS,170276716,N,Y,41.6718699,-72.4396147
MLS Listing,,Single Family Residential,22 Gilbert Ln #23,Hebron,CT,06248,295900,3,2.5,Loveland Farms,1744,,2020,74,170,290,Active,,,http://www.redfin.com/CT/Hebron/22-Gilbert-Ln-06248/unit-23/home/170656951,Smart MLS,170273744,N,Y,41.6627339,-72.355639
MLS Listing,,Single Family Residential,5 Stone House Rd,Hebron,CT,06231,469900,4,2.5,Amston,2377,87991,2004,82,198,,Active,,,http://www.redfin.com/CT/Amston/5-Stone-House-Rd-06231/home/54032819,Smart MLS,170271636,N,Y,41.6465511,-72.4030901
MLS Listing,,Single Family Residential,194 Deepwood Dr,Hebron,CT,06231,254900,3,1.0,Amston,2251,16552,1959,114,113,,Active,,,http://www.redfin.com/CT/Amston/194-Deepwood-Dr-06231/home/54029476,Smart MLS,170259858,N,Y,41.6210265,-72.3302112
MLS Listing,,Condo/Co-op,31 Barber's Way Unit 16,Hebron,CT,06248,306900,2,2.0,Hebron,1440,,2018,115,213,290,Active,,,http://www.redfin.com/CT/Hebron/31-Barber-s-Way-06248/unit-16/home/144523821,Smart MLS,170263246,N,Y,41.6630731,-72.3540419
MLS Listing,,Single Family Residential,31 Barber's Way,Hebron,CT,06248,306900,2,2.0,Hebron,1440,,2018,115,213,290,Active,,,http://www.redfin.com/CT/Hebron/31-Barber-s-Way-06248/home/54029604,Smart MLS,170263244,N,Y,41.6630731,-72.3540419
MLS Listing,,Single Family Residential,80 Buttonwood Rd #80,Hebron,CT,06248,280000,2,2.0,Loveland Hills,2024,,2008,129,138,390,Active,,,http://www.redfin.com/CT/Hebron/80-Buttonwood-Rd-06248/unit-80/home/170186312,Smart MLS,170259942,N,Y,41.666123,-72.354039
MLS Listing,,Single Family Residential,10 Jackman Rd,Hebron,CT,06231,189000,3,1.0,Amston,1100,15245,1934,142,172,,Active,,,http://www.redfin.com/CT/Amston/10-Jackman-Rd-06231/home/54031644,Smart MLS,170257602,N,Y,41.6228654,-72.3341308
MLS Listing,,Single Family Residential,17 Papermill Rd,Marlborough,CT,06447,469900,4,3.0,Marlborough,2300,80150,2020,170,204,,Active,,,http://www.redfin.com/CT/Marlborough/17-Paper-Mill-Rd-Unknown/home/160411383,Smart MLS,170253795,N,Y,41.618709,-72.409375
MLS Listing,,Single Family Residential,18 Gilbert Ln #25,Hebron,CT,06248,294900,2,2.0,Loveland Farms,1570,,2019,192,188,290,Active,,,http://www.redfin.com/CT/Hebron/18-Gilbert-Ln-06248/unit-25/home/169595212,Smart MLS,170248219,N,Y,41.6627339,-72.355639
MLS Listing,,Single Family Residential,481 East St,Hebron,CT,06248,139900,3,2.5,Hebron,1887,77101,1987,204,74,,Active,,,http://www.redfin.com/CT/Hebron/481-East-St-06248/home/54032387,Smart MLS,170245362,N,Y,41.7000638,-72.4075751
MLS Listing,,Vacant Land,46 Gilead St,Hebron,CT,06248,69900,,,Gilead,,111121,,212,,,Active,,,http://www.redfin.com/CT/Hebron/46-Gilead-St-06248/home/147492626,Smart MLS,170241921,N,Y,41.6611966,-72.3676225
MLS Listing,,Vacant Land,28 Gilead St,Hebron,CT,06248,127900,,,Gilead,,70131,,212,,,Active,,,http://www.redfin.com/CT/Hebron/28-Gilead-St-06248/home/147492714,Smart MLS,170241920,N,Y,41.6603933,-72.3672065
MLS Listing,,Vacant Land,22 Gilead St,Hebron,CT,06248,129900,,,Gilead,,73616,,212,,,Active,,,http://www.redfin.com/CT/Hebron/22-Gilead-St-06248/home/144522228,Smart MLS,170241917,N,Y,41.6598711,-72.3668375
MLS Listing,,Single Family Residential,264 Deepwood Dr,Hebron,CT,06231,179000,2,1.0,Amston,1050,12196,1940,230,170,11,Active,,,http://www.redfin.com/CT/Amston/264-Deepwood-Dr-06231/home/54031686,Smart MLS,170237595,N,Y,41.618418,-72.3259678
MLS Listing,,Single Family Residential,13 Church St,Hebron,CT,06248,239900,4,1.0,Hebron,2239,,1816,246,107,200,Active,,,http://www.redfin.com/CT/Hebron/13-Church-St-06248/home/54032225,Smart MLS,170232600,N,Y,41.6573256,-72.3652658
MLS Listing,,Vacant Land,51 Ames Rd,Hebron,CT,06231,289900,,,Amston,,2032074,,313,,,Active,,,http://www.redfin.com/CT/Amston/51-Ames-Rd-06231/home/144533129,Smart MLS,170211555,N,Y,41.6280048,-72.3323849
MLS Listing,,Vacant Land,669 Wall St,Hebron,CT,06248,78900,,,Hatem George,,176418,,548,,,Active,,,http://www.redfin.com/CT/Hebron/669-Wall-St-06248/home/54032938,Smart MLS,170141122,N,Y,41.7000665,-72.3629344
MLS Listing,,Vacant Land,619 Old Colchester Road Colchester &,Hebron,CT,06231,224900,,,Hebron,,883396,,626,,,Active,,,http://www.redfin.com/CT/Amston/619-Old-Colchester-Rd-06231/home/54032910,Smart MLS,170117589,N,Y,41.600216,-72.3487093
MLS Listing,,Vacant Land,438 *B* Hope Valley Parcel B Rd Unit B,Hebron,CT,06248,45000,,,Hebron,,82328,,735,,,Active,,,http://www.redfin.com/CT/Hebron/438-B-Hope-Valley-Parcel-B-Rd-06248/unit-B/home/145562220,Smart MLS,170080341,N,Y,41.630421,-72.38139
MLS Listing,,Single Family Residential,"18 Birch Hill Road, Lot 1",Hebron,CT,06248,525900,3,2.5,Grayville Estates,2600,111513,2017,870,202,,Active,,,http://www.redfin.com/CT/Hebron/18-Birch-Hill-Road-Lot-1-06248/home/146186663,Smart MLS,170025351,N,Y,41.614606,-72.362732
MLS Listing,,Single Family Residential,"13 Birch Hill Road, Lot 2",Hebron,CT,06248,512500,4,2.5,Grayville Estates,2650,79714,2017,872,193,,Active,,,http://www.redfin.com/CT/Hebron/13-Birch-Hill-Road-Lot-2-06248/home/144513548,Smart MLS,170025328,N,Y,41.614756,-72.362828
