SALE TYPE,SOLD DATE,PROPERTY TYPE,ADDRESS,CITY,STATE OR PROVINCE,ZIP OR POSTAL CODE,PRICE,BEDS,BATHS,LOCATION,SQUARE FEET,LOT SIZE,YEAR BUILT,DAYS ON MARKET,$/SQUARE FEET,HOA/MONTH,STATUS,NEXT OPEN HOUSE START TIME,NEXT OPEN HOUSE END TIME,URL (SEE http://www.redfin.com/buy-a-home/comparative-market-analysis FOR INFO ON PRICING),SOURCE,MLS#,FAVORITE,INTERESTED,LATITUDE,LONGITUDE
MLS Listing,,Single Family Residential,22 Carriage Ln,Litchfield,CT,06759,1195000,4,4.0,Litchfield,4917,278348,2007,1,243,108,Active,,,http://www.redfin.com/CT/Litchfield/22-Carriage-Ln-06759/home/107164996,Smart MLS,170292735,N,Y,41.76695,-73.219638
MLS Listing,,Single Family Residential,111 East St,Litchfield,CT,06759,315000,3,2.5,Litchfield,2421,13068,1884,1,130,,Active,,,http://www.redfin.com/CT/Litchfield/111-East-St-06759/home/107166289,Smart MLS,170293122,N,Y,41.7477213,-73.1844785
MLS Listing,,Single Family Residential,144 West St,Litchfield,CT,06759,269000,3,1.5,Litchfield,1644,15245,1870,1,164,,Active,,,http://www.redfin.com/CT/Litchfield/144-West-St-06759/home/107164333,Smart MLS,170292990,N,Y,41.7467313,-73.194999
MLS Listing,,Single Family Residential,17 Hill Top Ln,Litchfield,CT,06778,120000,3,1.0,Northfield,1176,29185,1963,3,102,,Active,,,http://www.redfin.com/CT/Northfield/17-Hill-Top-Ln-06778/home/107164310,Smart MLS,170292543,N,Y,41.7039831,-73.0906222
MLS Listing,,Single Family Residential,21 Karl St,Litchfield,CT,06759,399900,4,2.0,Litchfield,2052,13068,1900,4,195,,Active,,,http://www.redfin.com/CT/Litchfield/21-Karl-St-06759/home/107165938,Smart MLS,170292474,N,Y,41.748785,-73.1856663
MLS Listing,,Single Family Residential,101 N Shore Rd,Litchfield,CT,06750,249900,3,1.0,Bantam,894,6969,1956,4,280,,Active,,,http://www.redfin.com/CT/Bantam/101-N-Shore-Rd-06750/home/109713333,Smart MLS,170292371,N,Y,41.7135996,-73.226329
MLS Listing,,Vacant Land,20 Mike Rd,Litchfield,CT,06759,169000,,,Litchfield,,88426,,11,,,Active,,,http://www.redfin.com/CT/Litchfield/20-Mike-Rd-06759/home/107164320,Smart MLS,170289456,N,Y,41.7704151,-73.2358187
MLS Listing,,Condo/Co-op,318 Hunter Dr #318,Litchfield,CT,06759,309000,3,2.5,South Plains,1972,,2013,17,157,395,Active,,,http://www.redfin.com/CT/Litchfield/318-Hunter-Dr-06759/unit-318/home/144680025,Smart MLS,170288828,N,Y,41.781507,-73.149256
MLS Listing,,Single Family Residential,200 Cathole Rd,Litchfield,CT,06759,289900,3,2.0,Bantam,1938,87120,1940,17,150,,Active,,,http://www.redfin.com/CT/Litchfield/200-Cathole-Rd-06759/home/107167787,Smart MLS,170289409,N,Y,41.7347282,-73.2512464
MLS Listing,,Single Family Residential,548 Bantam Rd,Litchfield,CT,06759,285000,3,2.0,Litchfield,2210,88862,1735,24,129,,Active,,,http://www.redfin.com/CT/Litchfield/548-Bantam-Rd-06759/home/107168217,Smart MLS,170286463,N,Y,41.7279627,-73.2210219
MLS Listing,,Vacant Land,0 Goslee Rd #3,Litchfield,CT,06759,159900,,,Litchfield,,221284,,24,,4,Active,,,http://www.redfin.com/CT/Litchfield/Goslee-Rd-06750/unit-3/home/171326849,Smart MLS,170287380,N,Y,41.716369,-73.276811
MLS Listing,,Single Family Residential,153 North St,Litchfield,CT,06759,995000,5,3.5,Litchfield,4724,60112,1863,24,211,,Active,,,http://www.redfin.com/CT/Litchfield/153-North-St-06759/home/107165436,Smart MLS,170288087,N,Y,41.7486577,-73.19058
MLS Listing,,Vacant Land,0 Goslee Rd #4,Litchfield,CT,06759,159900,,,Litchfield,,209523,,28,,4,Active,,,http://www.redfin.com/CT/Litchfield/Goslee-Rd-06750/unit-4/home/171305259,Smart MLS,170287373,N,Y,41.717508,-73.276623
MLS Listing,,Condo/Co-op,395 Hunter Dr #61,Litchfield,CT,06759,379900,3,2.5,East Litchfield,2080,,2020,35,183,395,Active,,,http://www.redfin.com/CT/Litchfield/395-Hunter-Dr-06759/unit-61/home/171260388,Smart MLS,170286371,N,Y,41.7822118,-73.1504783
MLS Listing,,Condo/Co-op,387 Hunter Dr #63,Litchfield,CT,06759,369900,2,2.0,East Litchfield,1364,,2020,35,271,395,Active,,,http://www.redfin.com/CT/Litchfield/387-Hunter-Dr-06759/unit-63/home/171259683,Smart MLS,170286360,N,Y,41.7822118,-73.1504783
MLS Listing,,Condo/Co-op,383 Hunter Dr,Litchfield,CT,06759,409900,3,2.5,East Litchfield,2400,,2020,35,171,395,Active,,,http://www.redfin.com/CT/Litchfield/383-Hunter-Dr-06759/home/171259562,Smart MLS,170286355,N,Y,41.7822118,-73.1504783
MLS Listing,,Vacant Land,150 Campville Rd,Litchfield,CT,06778,55000,,,Northfield,,80150,,37,,,Active,,,http://www.redfin.com/CT/Northfield/150-Campville-Rd-06778/home/107167054,Smart MLS,170285809,N,Y,41.7129249,-73.0945324
MLS Listing,,Single Family Residential,19 Sheldon Lane Ext,Litchfield,CT,06759,275000,2,1.5,Litchfield,1590,46609,1958,47,173,,Active,,,http://www.redfin.com/CT/Litchfield/19-Sheldon-Ln-Ext-06759/home/107165001,Smart MLS,170283606,N,Y,41.7514204,-73.1964818
MLS Listing,,Condo/Co-op,379 Hunter Dr,Litchfield,CT,06759,379900,3,2.5,East Litchfield,2080,,2020,49,183,395,Active,,,http://www.redfin.com/CT/Litchfield/379-Hunter-Dr-06759/unit-0/home/167961577,Smart MLS,170283352,N,Y,41.7822118,-73.1504783
MLS Listing,,Single Family Residential,513 Torrington Rd,Litchfield,CT,06759,175000,4,1.5,Litchfield,1812,653400,1900,57,97,,Active,,,http://www.redfin.com/CT/Litchfield/513-Torrington-Rd-06759/home/107167847,Smart MLS,170280943,N,Y,41.7765598,-73.1672976
MLS Listing,,Single Family Residential,236 Brush Hill Rd,Litchfield,CT,06759,264900,3,2.0,Litchfield,1752,66646,1949,58,151,,Active,,,http://www.redfin.com/CT/Litchfield/236-Brush-Hill-Rd-06759/home/107168283,Smart MLS,170277309,N,Y,41.7511912,-73.239629
MLS Listing,,Single Family Residential,16 Hill Top Ln,Litchfield,CT,06778,154900,3,2.0,Northfield,1633,28749,2000,67,95,,Active,,,http://www.redfin.com/CT/Litchfield/Unknown-06778/home/107165758,Smart MLS,170277532,N,Y,41.702797,-73.090321
MLS Listing,,Single Family Residential,9 Howe Rd,Litchfield,CT,06759,389900,4,2.0,Litchfield,2439,694346,1971,67,160,,Active,,,http://www.redfin.com/CT/Litchfield/9-Howe-Rd-06759/home/107165878,Smart MLS,170277137,N,Y,41.7589926,-73.1357693
MLS Listing,,Single Family Residential,188 Campville Rd,Litchfield,CT,06778,329900,3,2.5,Northfield,1974,130244,1997,70,167,,Active,,,http://www.redfin.com/CT/Northfield/188-Campville-Rd-06778/home/107167201,Smart MLS,170276722,N,Y,41.715627,-73.0966857
MLS Listing,,Single Family Residential,28 Jefferson Hill Rd S,Litchfield,CT,06759,1299000,4,4.5,Litchfield,5737,3377642,1997,76,226,,Active,,,http://www.redfin.com/CT/Litchfield/28-Jefferson-Hill-Rd-S-06759/home/107164386,Smart MLS,170274216,N,Y,41.7383338,-73.1533385
MLS Listing,,Single Family Residential,180 South St,Litchfield,CT,06759,1475000,6,6.5,Litchfield,5521,113256,1856,78,267,,Active,,,http://www.redfin.com/CT/Litchfield/180-South-St-06759/home/107165950,Smart MLS,170269218,N,Y,41.7413138,-73.1866561
MLS Listing,,Condo/Co-op,1 Hawthorne Ct #1,Litchfield,CT,06759,275000,3,3.0,Litchfield,2297,,1984,80,120,556,Active,,,http://www.redfin.com/CT/Litchfield/1-Hawthorne-Ct-06759/unit-1/home/170592338,Smart MLS,170273155,N,Y,41.746866,-73.205827
MLS Listing,,Single Family Residential,59 Fenn Rd,Litchfield,CT,06778,299000,1,1.0,Northfield,672,307098,2014,80,445,,Active,,,http://www.redfin.com/CT/Northfield/59-Fenn-Rd-06778/home/107166906,Smart MLS,170273027,N,Y,41.7103125,-73.0969105
MLS Listing,,Single Family Residential,12 Brook Hill Rd,Litchfield,CT,06759,559900,4,2.5,Litchfield,3071,81021,1964,89,182,,Active,,,http://www.redfin.com/CT/Litchfield/12-Brook-Hill-Rd-06759/home/107167671,Smart MLS,170270770,N,Y,41.7631816,-73.1928235
MLS Listing,,Single Family Residential,1240 Bantam Rd,Litchfield,CT,06750,274000,2,1.5,Bantam,1698,172062,1742,91,161,,Active,,,http://www.redfin.com/CT/Bantam/1240-Bantam-Rd-06750/home/107165006,Smart MLS,170270409,N,Y,41.7202748,-73.2573927
MLS Listing,,Vacant Land,202 Marsh Rd,Litchfield,CT,06759,120000,,,Litchfield,,908226,,102,,,Active,,,http://www.redfin.com/CT/Litchfield/202-Marsh-Rd-06759/home/107166943,Smart MLS,170266984,N,Y,41.738272,-73.1285998
MLS Listing,,Vacant Land,0 College St,Cornwall,CT,06753,299000,,,East Cornwall,,1568160,,103,,,Active,,,http://www.redfin.com/CT/CORNWALL/COLLEGE-ST-06753/home/107275376,Smart MLS,170266733,N,Y,41.790358,-73.305418
MLS Listing,,Vacant Land,Lot 3 Old Farm Rd,Litchfield,CT,06759,99900,,,Litchfield,,149846,,109,,,Active,,,http://www.redfin.com/CT/Litchfield/3-Old-Farm-Rd-06759/home/107164893,Smart MLS,170265186,N,Y,41.690354,-73.12097
MLS Listing,,Single Family Residential,7 East St,Litchfield,CT,06759,1099000,4,3.5,Litchfield,4021,21780,1782,137,273,,Active,,,http://www.redfin.com/CT/Litchfield/7-East-St-06759/home/170156703,Smart MLS,170258659,N,Y,41.7477582,-73.1895428
MLS Listing,,Single Family Residential,52 Bantam Ter,Litchfield,CT,06750,309900,3,2.0,Bantam Terrace,1756,20037,1955,175,176,,Active,,,http://www.redfin.com/CT/Bantam/52-Bantam-Ter-06750/home/107166879,Smart MLS,170252762,N,Y,41.7238199,-73.2446839
MLS Listing,,Single Family Residential,39 Avalon Ln,Litchfield,CT,06750,1050000,4,3.5,Bantam,3907,232174,2002,223,269,4,Active,,,http://www.redfin.com/CT/Bantam/39-Avalon-Ln-06750/home/107165851,Smart MLS,170239709,N,Y,41.7052949,-73.2812805
MLS Listing,,Single Family Residential,66 E Litchfield Rd S,Litchfield,CT,06759,294900,2,2.0,East Litchfield,1600,64033,1943,230,184,,Active,,,http://www.redfin.com/CT/Litchfield/66-E-Litchfield-Rd-S-06759/home/107165453,Smart MLS,170230469,N,Y,41.761618,-73.11977
MLS Listing,,Single Family Residential,35 Van Winkle Rd,Litchfield,CT,06763,695000,3,3.0,Litchfield,1911,,1951,232,364,,Active,,,http://www.redfin.com/CT/Morris/35-Van-Winkle-Rd-06763/home/109713329,Smart MLS,170235009,N,Y,41.7126757,-73.2032935
MLS Listing,,Vacant Land,5 Maple View Trl,Litchfield,CT,06759,144444,,,Litchfield,,202118,,237,,50,Active,,,http://www.redfin.com/CT/Litchfield/5-Maple-View-Trl-06759/home/169057138,Smart MLS,170234931,N,Y,41.7791653,-73.2517168
MLS Listing,,Single Family Residential,22 Chestnut Hill Rd,Litchfield,CT,06759,549000,3,1.5,Chestnut Hill,1140,60983,1949,240,482,,Active,,,http://www.redfin.com/CT/Litchfield/22-Chestnut-Hill-Rd-06759/home/107166790,Smart MLS,170234327,N,Y,41.7443422,-73.171337
MLS Listing,,Condo/Co-op,212 Hunter Dr #212,Litchfield,CT,06759,415000,3,3.5,Litchfield,3060,,2017,263,136,395,Active,,,http://www.redfin.com/CT/Litchfield/212-Hunter-Dr-06759/unit-212/home/144519148,Smart MLS,170226927,N,Y,41.780083,-73.148669
MLS Listing,,Single Family Residential,566 Milton Rd,Litchfield,CT,06759,1200000,4,4.5,Litchfield,4737,289238,1987,268,253,,Active,,,http://www.redfin.com/CT/Litchfield/566-Milton-Rd-06759/home/107165105,Smart MLS,170224885,N,Y,41.7703397,-73.2724434
MLS Listing,,Vacant Land,00 E Cornwall Rd,Goshen,CT,06756,245000,,,Goshen,,566280,,270,,,Active,,,http://www.redfin.com/CT/Goshen/E-Cornwall-Rd-06756/home/144530026,Smart MLS,170224617,N,Y,41.786248,-73.28851
MLS Listing,,Single Family Residential,66 Tallmadge Ln,Litchfield,CT,06759,995000,5,4.5,Litchfield,4786,84070,1890,277,208,,Active,,,http://www.redfin.com/CT/Litchfield/66-Tallmadge-Ln-06759/home/107165895,Smart MLS,170218747,N,Y,41.7560544,-73.1958247
MLS Listing,,Single Family Residential,4 Remsen Rd,Litchfield,CT,06759,119900,1,1.0,Northfield,980,43560,1750,280,122,,Active,,,http://www.redfin.com/CT/Litchfield/4-Remsen-Rd-06759/home/107168167,Smart MLS,170222454,N,Y,41.7033299,-73.1198263
MLS Listing,,Single Family Residential,615 Bantam Rd,Litchfield,CT,06750,315000,4,1.5,Bantam,2112,60112,1890,282,149,,Active,,,http://www.redfin.com/CT/Bantam/615-Bantam-Rd-06750/home/107165953,Smart MLS,170221455,N,Y,41.7258823,-73.229921
MLS Listing,,Single Family Residential,322 Beach St,Litchfield,CT,06759,575000,4,3.5,Litchfield,3482,217800,1987,285,165,,Active,,,http://www.redfin.com/CT/Litchfield/322-Beach-St-06759/home/107168080,Smart MLS,170192446,N,Y,41.7630726,-73.2149231
MLS Listing,,Single Family Residential,591 Bantam Rd,Litchfield,CT,06750,495000,3,2.5,Bantam,3500,46609,1950,297,141,,Active,,,http://www.redfin.com/CT/Bantam/591-Bantam-Rd-06750/home/167463147,Smart MLS,170217014,N,Y,41.7241049,-73.2233933
MLS Listing,,Single Family Residential,88 Fern Ave,Litchfield,CT,06759,189000,2,1.0,Litchfield,572,60983,1920,303,330,,Active,,,http://www.redfin.com/CT/Litchfield/88-Fern-Ave-06759/home/107167423,Smart MLS,170214326,N,Y,41.767925,-73.1748181
MLS Listing,,Single Family Residential,292 Old Mount Tom Rd,Litchfield,CT,06750,799900,4,3.5,Bantam,3400,205603,2019,306,235,,Active,,,http://www.redfin.com/CT/Bantam/292-Old-Mt-Tom-Rd-06750/home/107165932,Smart MLS,170213713,N,Y,41.7192577,-73.2790638
MLS Listing,,Single Family Residential,19 Newton Rd,Litchfield,CT,06778,222000,2,2.0,Northfield,1517,50093,1860,319,146,,Active,,,http://www.redfin.com/CT/Northfield/19-Newton-Rd-06778/home/107166324,Smart MLS,170204591,N,Y,41.7010148,-73.10345
MLS Listing,,Vacant Land,4 Litchfield Holw,Litchfield,CT,06759,234500,,,Litchfield Hollow,,631620,,359,,,Active,,,http://www.redfin.com/CT/Litchfield/4-Litchfield-HOLW-06759/home/166640727,Smart MLS,170194556,N,Y,41.790113,-73.199219
MLS Listing,,Vacant Land,44 Penfield Dr,Litchfield,CT,06778,119900,,,Northfield,,182952,,360,,,Active,,,http://www.redfin.com/CT/Northfield/44-Penfield-Dr-06778/home/107167345,Smart MLS,170195254,N,Y,41.6953524,-73.0977328
MLS Listing,,Vacant Land,999 Bantam Rd,Litchfield,CT,06759,149000,,,Bantam,,1091178,,373,,,Active,,,http://www.redfin.com/CT/Litchfield/999-Bantam-RD-06759/home/169583042,Smart MLS,170190068,N,Y,41.72125,-73.254601
MLS Listing,,Single Family Residential,104 Hart Dr,Litchfield,CT,06759,795000,3,3.0,Litchfield,4116,304920,1989,378,193,,Active,,,http://www.redfin.com/CT/Litchfield/104-Hart-Dr-06759/home/107164884,Smart MLS,170177462,N,Y,41.7790098,-73.1508222
MLS Listing,,Vacant Land,57 Fenn Rd,Litchfield,CT,06759,99900,,,Northfield,,313632,,398,,,Active,,,http://www.redfin.com/CT/Litchfield/57-Fenn-RD-06759/home/171436626,Smart MLS,170180912,N,Y,41.710319,-73.096742
MLS Listing,,Vacant Land,00 Milton Rd,Warren,CT,06754,295000,,,Warren,,914760,,399,,,Active,,,http://www.redfin.com/CT/Warren/00-Milton-RD-06754/home/161120226,Smart MLS,170180688,N,Y,41.777944,-73.302277
MLS Listing,,Single Family Residential,232 Goodhouse Rd,Litchfield,CT,06759,465000,4,3.5,Litchfield,4253,139827,1967,438,109,,Active,,,http://www.redfin.com/CT/Litchfield/232-Goodhouse-Rd-06759/home/107166046,Smart MLS,170166208,N,Y,41.7697217,-73.2393598
MLS Listing,,Single Family Residential,31 North St,Litchfield,CT,06759,850000,15,9.0,Litchfield,8216,103237,1888,445,103,,Active,,,http://www.redfin.com/CT/Litchfield/31-North-St-06759/home/160490791,Smart MLS,170164463,N,Y,41.7537973,-73.1915808
MLS Listing,,Single Family Residential,258 Beach St,Litchfield,CT,06759,580000,3,4.5,Litchfield,3254,348480,1987,672,178,,Active,,,http://www.redfin.com/CT/Litchfield/258-Beach-St-06759/home/109713449,Smart MLS,170094271,N,Y,41.7734954,-73.21916
MLS Listing,,Single Family Residential,514 Northfield Rd,Litchfield,CT,06759,1995000,3,6.0,Northfield,5326,3878582,1987,690,375,,Active,,,http://www.redfin.com/CT/Litchfield/514-Northfield-Rd-06759/home/107166272,Smart MLS,170096266,N,Y,41.7053071,-73.1283092
MLS Listing,,Single Family Residential,182 E Litchfield Rd,Litchfield,CT,06759,525000,4,3.5,Litchfield,3672,1177426,1760,696,143,,Active,,,http://www.redfin.com/CT/Litchfield/182-E-Litchfield-Rd-06759/home/109713623,Smart MLS,170090567,N,Y,41.7539825,-73.1548106
MLS Listing,,Vacant Land,00 Buell Rd,Litchfield,CT,06759,349000,,,Litchfield,,354578,,708,,,Active,,,http://www.redfin.com/CT/LITCHFIELD/BUELL-RD-06759/home/107164496,Smart MLS,170090195,N,Y,41.748272,-73.150387
MLS Listing,,Vacant Land,13 Buell Rd. South Rd S,Litchfield,CT,06759,114900,,,Litchfield,,324957,,733,,,Active,,,http://www.redfin.com/CT/Litchfield/13-Buell-Rd-06759/home/145577892,Smart MLS,170072752,N,Y,41.7472662,-73.1521345
MLS Listing,,Vacant Land,00 East St,Litchfield,CT,06759,99000,,,Litchfield,,47044,,870,,,Active,,,http://www.redfin.com/CT/LITCHFIELD/EAST-ST-06759/home/107167065,Smart MLS,170012146,N,Y,41.767201,-73.130654
MLS Listing,,Single Family Residential,257 Milton Rd,Litchfield,CT,06759,2350000,4,2.5,Litchfield,2985,2873043,1961,870,787,,Active,,,http://www.redfin.com/CT/Litchfield/257-Milton-Rd-06759/home/107166074,Smart MLS,L10049256,N,Y,41.7577212,-73.2302731
MLS Listing,,Vacant Land,0 Old Farm Rd,Litchfield,CT,06759,105000,,,Litchfield,,121096,,871,,,Active,,,http://www.redfin.com/CT/LITCHFIELD/OLD-FARM-RD-06759/home/107164265,Smart MLS,L152162,N,Y,41.71777,-73.1401
MLS Listing,,Vacant Land,00 Milton Rd,Litchfield,CT,06759,269000,,,Litchfield,,1181913,,871,,,Active,,,http://www.redfin.com/CT/LITCHFIELD/MILTON-RD-06759/home/109713517,Smart MLS,170012337,N,Y,41.766392,-73.264726
