SALE TYPE,SOLD DATE,PROPERTY TYPE,ADDRESS,CITY,STATE OR PROVINCE,ZIP OR POSTAL CODE,PRICE,BEDS,BATHS,LOCATION,SQUARE FEET,LOT SIZE,YEAR BUILT,DAYS ON MARKET,$/SQUARE FEET,HOA/MONTH,STATUS,NEXT OPEN HOUSE START TIME,NEXT OPEN HOUSE END TIME,URL (SEE http://www.redfin.com/buy-a-home/comparative-market-analysis FOR INFO ON PRICING),SOURCE,MLS#,FAVORITE,INTERESTED,LATITUDE,LONGITUDE
MLS Listing,,Condo/Co-op,188 Oak Grove St Unit D,Manchester,CT,06040,109000,2,2.0,Highland Park,1936,,1985,1,56,325,Active,,,http://www.redfin.com/CT/Manchester/188-Oak-Grove-St-06040/unit-D/home/53863992,Smart MLS,170293572,N,Y,41.768343,-72.502712
MLS Listing,,Condo/Co-op,17 Garden Dr Unit P,Manchester,CT,06040,59900,2,1.0,West Side,784,,1944,1,76,235,Active,,,http://www.redfin.com/CT/Manchester/17-Garden-Dr-06040/unit-P/home/53861897,Smart MLS,170293005,N,Y,41.768766,-72.521493
MLS Listing,,Single Family Residential,55 Round Hill Rd,Manchester,CT,06040,389900,5,3.0,Manchester,3031,34412,2007,1,129,,Active,,,http://www.redfin.com/CT/Manchester/55-Round-Hill-Rd-06040/home/53865221,Smart MLS,170292970,N,Y,41.7525786,-72.5595558
MLS Listing,,Single Family Residential,112 Pitkin St,Manchester,CT,06040,239900,4,1.5,Highland Park,1842,9583,1930,2,130,,Active,,,http://www.redfin.com/CT/Manchester/112-Pitkin-St-06040/home/53873490,Smart MLS,170292691,N,Y,41.7766136,-72.5023884
MLS Listing,,Condo/Co-op,400 N Main St #15,Manchester,CT,06042,84000,2,1.5,Robertson,952,,1983,2,88,220,Active,,,http://www.redfin.com/CT/Manchester/400-N-Main-St-06042/unit-15/home/53868468,Smart MLS,170293066,N,Y,41.7955512,-72.5287006
MLS Listing,,Multi-Family (2-4 Unit),99 Walnut St,Manchester,CT,06040,192999,6,2.0,Manchester,2922,17859,1903,3,66,,Active,,,http://www.redfin.com/CT/Manchester/99-Walnut-St-06040/home/53866181,Smart MLS,170279573,N,Y,41.7700971,-72.5348162
MLS Listing,,Single Family Residential,214 Valley View Rd,Manchester,CT,06040,275000,3,3.0,Manchester,3012,13939,1978,4,91,,Active,,,http://www.redfin.com/CT/Manchester/214-Valley-View-Rd-06040/home/53865995,Smart MLS,170292345,N,Y,41.7459374,-72.545785
MLS Listing,,Single Family Residential,50 Cedar St,Manchester,CT,06040,174900,3,1.5,Manchester,961,11761,1900,6,182,,Active,,,http://www.redfin.com/CT/Manchester/50-Cedar-St-06040/home/53867837,Smart MLS,170292075,N,Y,41.7693263,-72.5336772
MLS Listing,,Condo/Co-op,1206 Middle Tpke W Unit C1,Manchester,CT,06040,89900,2,1.0,Manchester,840,,1969,7,107,323,Active,,,http://www.redfin.com/CT/Manchester/1206-Middle-Tpke-W-06040/unit-C1/home/53863763,Smart MLS,170285710,N,Y,41.7809302,-72.5764809
MLS Listing,,Condo/Co-op,37 Faith Cir,Manchester,CT,06040,112000,3,1.0,Manchester,1200,,1958,8,93,175,Active,,,http://www.redfin.com/CT/Manchester/37-Faith-Cir-06040/unit-37/home/53861552,Smart MLS,170291381,N,Y,41.7555933,-72.5289027
MLS Listing,,Single Family Residential,17 Patriot Ln,Manchester,CT,06040,279900,3,2.5,Highland Park,2556,22215,1979,11,110,,Active,,,http://www.redfin.com/CT/Manchester/17-Patriot-Ln-06040/home/53864859,Smart MLS,170289821,N,Y,41.7682632,-72.5034977
MLS Listing,,Multi-Family (2-4 Unit),250 Main St,Manchester,CT,06042,149900,2,2.0,Manchester,2143,13503,1875,12,70,,Active,,,http://www.redfin.com/CT/Manchester/250-Main-St-06040/home/53863080,Smart MLS,170290488,N,Y,41.7850793,-72.5239109
MLS Listing,,Multi-Family (2-4 Unit),244 Main St,Manchester,CT,06042,179999,2,2.0,Manchester,2480,13068,1866,12,73,,Active,,,http://www.redfin.com/CT/Manchester/244-Main-St-06040/home/169202720,Smart MLS,170290269,N,Y,41.7853414,-72.5239382
MLS Listing,,Vacant Land,19 Jolly Ln,Manchester,CT,06040,127000,,,Martins,,42253,,13,,,Active,,,http://www.redfin.com/CT/Manchester/19-Jolly-Ln-06040/home/109582577,Smart MLS,170290243,N,Y,41.7570439,-72.5036549
MLS Listing,,Single Family Residential,255 Mckee St,Manchester,CT,06040,207900,3,1.0,West Side,1152,6969,1942,17,180,,Active,,,http://www.redfin.com/CT/Manchester/255-McKee-St-06040/home/53863516,Smart MLS,170289555,N,Y,41.7651197,-72.5415682
MLS Listing,,Single Family Residential,531 Center St,Manchester,CT,06040,189000,3,1.5,Verplanck,1418,6534,1923,22,133,,Active,,,http://www.redfin.com/CT/Manchester/531-Center-St-06040/home/53873665,Smart MLS,170288666,N,Y,41.7740222,-72.5429661
MLS Listing,,Single Family Residential,100 Hampton Dr,Manchester,CT,06040,549900,3,3.0,Keeney,3120,65340,2004,24,176,,Active,,,http://www.redfin.com/CT/Manchester/100-Hampton-Dr-06040/home/53875837,Smart MLS,170287575,N,Y,41.7536325,-72.4900267
MLS Listing,,Single Family Residential,12 Byron Rd,Manchester,CT,06040,99900,3,1.0,Manchester,1184,7405,1943,25,84,,Active,,,http://www.redfin.com/CT/Manchester/12-Byron-Rd-06040/home/53870875,Smart MLS,170287985,N,Y,41.781452,-72.5087204
MLS Listing,,Single Family Residential,43 Edgerton St,Manchester,CT,06040,129900,2,1.5,West Side,1056,7840,1937,25,123,,Active,,,http://www.redfin.com/CT/Manchester/43-Edgerton-St-06040/home/53870818,Smart MLS,170287573,N,Y,41.7745213,-72.529749
MLS Listing,,Single Family Residential,31 Plymouth Ln,Manchester,CT,06040,219900,3,1.5,Manchester,1786,21344,1942,36,123,,Active,,,http://www.redfin.com/CT/Manchester/31-Plymouth-Ln-06040/home/53871739,Smart MLS,170285407,N,Y,41.7814168,-72.5003085
MLS Listing,,Single Family Residential,85 Wells St,Manchester,CT,06040,154900,2,1.0,East Side,1176,6969,1900,38,132,,Active,,,http://www.redfin.com/CT/Manchester/85-Wells-St-06040/home/53868695,Smart MLS,170285427,N,Y,41.7660947,-72.5163926
MLS Listing,,Single Family Residential,115 Castle Hl,Manchester,CT,06040,399900,3,2.5,Highland Park,2200,8712,2019,41,182,,Active,,,http://www.redfin.com/CT/Manchester/115-Castle-Hl-06040/home/109582667,Smart MLS,170278991,N,Y,41.7816789,-72.4799917
MLS Listing,,Multi-Family (2-4 Unit),136 Cooper St Lot B,Manchester,CT,06040,399900,6,4.0,Manchester,3200,34848,2020,42,125,,Active,,,http://www.redfin.com/CT/Manchester/136-Cooper-St-06040/unit-B/home/171203312,Smart MLS,170284769,N,Y,41.767801,-72.536402
MLS Listing,,Multi-Family (2-4 Unit),136 Cooper St Lot A,Manchester,CT,06040,399900,6,4.0,Manchester,3200,34848,2020,42,125,,Active,,,http://www.redfin.com/CT/Manchester/136-Cooper-St-06040/unit-A/home/171203236,Smart MLS,170284752,N,Y,41.767801,-72.536402
MLS Listing,,Single Family Residential,72 West St,Manchester,CT,06040,153900,2,1.5,West Side,1224,8276,1860,45,126,,Active,,,http://www.redfin.com/CT/Manchester/72-West-St-06040/home/53866285,Smart MLS,170284158,N,Y,41.766802,-72.5370162
MLS Listing,,Single Family Residential,731 Hillstown Rd,Manchester,CT,06040,434900,3,4.5,Manchester,4082,33541,1992,47,107,,Active,,,http://www.redfin.com/CT/Manchester/731-Hillstown-Rd-06040/home/53875706,Smart MLS,170283532,N,Y,41.7419174,-72.5681507
MLS Listing,,Single Family Residential,128 Vernon St W,Manchester,CT,06042,289900,4,2.5,Manchester,3070,61419,1969,50,94,,Active,,,http://www.redfin.com/CT/Manchester/128-Vernon-St-06042/home/53869101,Smart MLS,170281979,N,Y,41.7893163,-72.4951318
MLS Listing,,Vacant Land,99 Union St,Manchester,CT,06042,79000,,,Manchester,,6969,,52,,,Active,,,http://www.redfin.com/CT/Manchester/99-Union-St-06042/home/109582458,Smart MLS,170282276,N,Y,41.7993188,-72.5281756
MLS Listing,,Multi-Family (2-4 Unit),82 Florence St,Manchester,CT,06040,209900,4,2.0,Manchester,1965,6098,1919,52,107,,Active,,,http://www.redfin.com/CT/Manchester/82-Florence-St-06040/home/53861787,Smart MLS,170282296,N,Y,41.771225,-72.512298
MLS Listing,,Single Family Residential,23 Cumberland St,Manchester,CT,06042,264900,3,3.5,Manchester,2932,9583,1900,55,90,,Active,,,http://www.redfin.com/CT/Manchester/23-Cumberland-St-06042/home/53860737,Smart MLS,170267327,N,Y,41.7925272,-72.5334769
MLS Listing,,Single Family Residential,17 Wilson Way,Manchester,CT,06040,274900,4,2.5,Manchester,2380,12632,2001,58,116,,Active,,,http://www.redfin.com/CT/Manchester/17-Wilson-Way-06040/home/53866479,Smart MLS,170279727,N,Y,41.7570916,-72.5575226
MLS Listing,,Single Family Residential,37 Bolton Center Rd,Manchester,CT,06040,223900,3,1.5,Manchester,1178,35283,1976,58,190,,Active,,,http://www.redfin.com/CT/Manchester/37-Bolton-Center-Rd-06040/home/53875947,Smart MLS,170279731,N,Y,41.782904,-72.4722157
MLS Listing,,Condo/Co-op,1 Thompson Rd Unit H,Manchester,CT,06040,65000,2,1.5,Manchester,952,,1969,58,68,319,Active,,,http://www.redfin.com/CT/Manchester/1-Thompson-Rd-06040/unit-H/home/53865489,Smart MLS,170280553,N,Y,41.7738976,-72.5456695
MLS Listing,,Single Family Residential,146 Oak St,Manchester,CT,06040,179900,3,1.0,East Side,1572,11761,1916,60,114,,Active,,,http://www.redfin.com/CT/Manchester/146-Oak-St-06040/home/53874114,Smart MLS,170279569,N,Y,41.769697,-72.5136195
MLS Listing,,Single Family Residential,87 Prospect St,Manchester,CT,06040,234900,4,2.0,Keeney,1622,47480,1996,62,145,,Active,,,http://www.redfin.com/CT/Manchester/87-Prospect-St-06040/home/53874368,Smart MLS,170279289,N,Y,41.7620283,-72.5306733
MLS Listing,,Single Family Residential,273 Ludlow Rd,Manchester,CT,06040,233500,3,2.5,Manchester,1274,14810,1960,63,183,,Active,,,http://www.redfin.com/CT/Manchester/273-Ludlow-Rd-06040/home/53871625,Smart MLS,170277638,N,Y,41.7773112,-72.4902323
MLS Listing,,Single Family Residential,1071 Middle Tpke E,Manchester,CT,06040,244900,4,2.0,East Side,2068,11325,1969,65,118,,Active,,,http://www.redfin.com/CT/Manchester/1071-Middle-Tpke-E-06040/home/53863840,Smart MLS,170278478,N,Y,41.7832576,-72.4754294
MLS Listing,,Single Family Residential,454 N Main St,Manchester,CT,06042,249900,6,2.0,Oakland,2525,7405,1900,65,99,,Active,,,http://www.redfin.com/CT/Manchester/454-N-Main-St-06040/home/53868451,Smart MLS,170278450,N,Y,41.7956871,-72.531271
MLS Listing,,Vacant Land,25 Eldridge St,Manchester,CT,06040,54900,,,East Side,,6969,,65,,,Active,,,http://www.redfin.com/CT/Manchester/25-Eldridge-St-06040/home/109580749,Smart MLS,170277668,N,Y,41.767453,-72.519237
MLS Listing,,Multi-Family (2-4 Unit),32 Cottage St,Manchester,CT,06040,119900,4,2.0,N/A,1668,5227,1924,65,72,,Active,,,http://www.redfin.com/CT/Manchester/32-Cottage-St-06040/home/53872181,Smart MLS,170272976,N,Y,41.7704694,-72.5187958
MLS Listing,,Condo/Co-op,32 Thompson Rd Unit 5 A,Manchester,CT,06040,79900,2,1.5,Verplanck,952,,1969,74,84,,Active,,,http://www.redfin.com/CT/Manchester/32-Thompson-Rd-06040/unit-5-A/home/170658214,Smart MLS,170275248,N,Y,41.7727488,-72.5451299
MLS Listing,,Vacant Land,554 GARDNER St,Manchester,CT,06040,90000,,,Martins,,34848,,76,,,Active,,,http://www.redfin.com/CT/Manchester/554-Gardner-St-06040/home/144791508,Smart MLS,170274281,N,Y,41.74695,-72.500397
MLS Listing,,Single Family Residential,503 Bush Hill Rd,Manchester,CT,06040,245000,4,1.5,Keeney,2361,29185,1968,77,104,,Active,,,http://www.redfin.com/CT/Manchester/503-Bush-Hill-Rd-06040/home/53873450,Smart MLS,170273642,N,Y,41.740669,-72.5478183
MLS Listing,,Single Family Residential,546 E Center St,Manchester,CT,06040,314900,4,3.5,Highland Park,3476,54014,2007,80,91,,Active,,,http://www.redfin.com/CT/Manchester/546-E-Center-St-06040/home/53867056,Smart MLS,170273518,N,Y,41.7824175,-72.5006783
MLS Listing,,Single Family Residential,82 Walnut St,Manchester,CT,06040,144900,3,1.5,Manchester,1782,6098,1877,84,81,,Active,,,http://www.redfin.com/CT/Manchester/82-Walnut-St-06040/home/53869494,Smart MLS,170270918,N,Y,41.7698312,-72.5337696
MLS Listing,,Single Family Residential,281 Middle Tpke E,Manchester,CT,06040,229900,3,1.5,Manchester,1626,9583,1977,85,141,,Active,,,http://www.redfin.com/CT/Manchester/281-Middle-Tpke-E-06040/home/53863559,Smart MLS,170272078,N,Y,41.783992,-72.510182
MLS Listing,,Vacant Land,708 Hilliard St,Manchester,CT,06040,199900,,,Manchester,,243935,,94,,,Active,,,http://www.redfin.com/CT/Manchester/708-Hilliard-St-06040/home/109581924,Smart MLS,170269201,N,Y,41.783377,-72.553504
MLS Listing,,Single Family Residential,485 Hilliard St,Manchester,CT,06042,259900,3,3.0,Waddell,2730,64904,1963,119,95,,Active,,,http://www.redfin.com/CT/Manchester/485-Hilliard-St-06042/home/53862218,Smart MLS,170262157,N,Y,41.7887462,-72.5458896
MLS Listing,,Single Family Residential,16 Hamilton Dr,Manchester,CT,06042,249900,4,2.5,Manchester,2539,26136,1968,123,98,,Active,,,http://www.redfin.com/CT/Manchester/16-Hamilton-Dr-06042/home/53874058,Smart MLS,170259583,N,Y,41.8052267,-72.4973042
MLS Listing,,Single Family Residential,95 Broad St,Manchester,CT,06042,139900,4,1.0,Waddell,916,9147,1943,135,153,,Active,,,http://www.redfin.com/CT/Manchester/95-Broad-St-06042/home/53872897,Smart MLS,170259442,N,Y,41.7868396,-72.5357453
MLS Listing,,Single Family Residential,24 Bigelow St,Manchester,CT,06040,199900,5,1.5,East Side,1950,17424,1920,146,103,,Active,,,http://www.redfin.com/CT/Manchester/24-Bigelow-St-06040/home/53875092,Smart MLS,170258126,N,Y,41.7790995,-72.5224733
MLS Listing,,Single Family Residential,107 Keeney St,Manchester,CT,06040,229900,4,2.5,Keeney,2178,13068,1951,146,106,,Active,,,http://www.redfin.com/CT/Manchester/107-Keeney-St-06040/home/53873961,Smart MLS,170257019,N,Y,41.758767,-72.5416721
MLS Listing,,Condo/Co-op,24 Prospect St #29,Manchester,CT,06040,110000,3,2.0,Keeney,1115,,1970,150,99,350,Active,,,http://www.redfin.com/CT/Manchester/24-Prospect-St-06040/unit-29/home/53864539,Smart MLS,170257376,N,Y,41.763783,-72.5308941
MLS Listing,,Single Family Residential,111 Middle Tpke E,Manchester,CT,06040,130000,3,1.5,Manchester,1310,11761,1949,151,99,,Active,,,http://www.redfin.com/CT/Manchester/111-Middle-Tpke-E-06040/home/53867440,Smart MLS,170257140,N,Y,41.784068,-72.5179639
MLS Listing,,Vacant Land,424 E Middle Tpke,Manchester,CT,06040,39900,,,Manchester,,32670,,168,,,Active,,,http://www.redfin.com/CT/Manchester/424-Middle-Tpke-E-06040/home/109582757,Smart MLS,170254235,N,Y,41.7844501,-72.5034869
MLS Listing,,Single Family Residential,303 Keeney St,Manchester,CT,06040,235000,3,2.0,Keeney,2218,12632,1992,171,106,,Active,,,http://www.redfin.com/CT/Manchester/303-Keeney-St-06040/home/53874678,Smart MLS,170251456,N,Y,41.7520922,-72.5400085
MLS Listing,,Single Family Residential,754 Center St,Manchester,CT,06040,185900,3,2.5,Verplanck,1980,7405,1941,172,94,,Active,,,http://www.redfin.com/CT/Manchester/754-Center-St-06040/home/53873255,Smart MLS,170253123,N,Y,41.7769658,-72.5523933
MLS Listing,,Condo/Co-op,188 Main St Unit B,Manchester,CT,06042,198883,3,2.5,Manchester,1700,,1987,173,117,280,Active,,,http://www.redfin.com/CT/Manchester/188-Main-St-06042/unit-B/home/53868864,Smart MLS,170253122,N,Y,41.786887,-72.525882
MLS Listing,,Single Family Residential,60 Foley St,Manchester,CT,06040,175000,4,2.0,Verplanck,1152,15245,1940,176,152,,Active,,,http://www.redfin.com/CT/Manchester/60-Foley-St-06040/home/53861780,Smart MLS,170252644,N,Y,41.7683194,-72.5470905
MLS Listing,,Single Family Residential,47 Cottage St,Manchester,CT,06040,239900,9,2.0,East Side,2438,11761,1920,176,98,,Active,,,http://www.redfin.com/CT/Manchester/47-Cottage-St-06040/home/144889654,Smart MLS,170252483,N,Y,41.7699299,-72.5182412
MLS Listing,,Single Family Residential,232 Ferguson Rd,Manchester,CT,06040,287000,4,2.5,Highland Park,2637,23086,1966,191,109,,Active,,,http://www.redfin.com/CT/Manchester/232-Ferguson-Rd-06040/home/53861504,Smart MLS,170245501,N,Y,41.7776764,-72.4920812
MLS Listing,,Condo/Co-op,3 Red Rock Ln,Manchester,CT,06042,255000,2,2.5,Manchester,1578,,2019,204,162,165,Active,,,http://www.redfin.com/CT/Manchester/3-Red-Rock-Ln-06042/home/169451068,Smart MLS,170245492,N,Y,41.802028,-72.536911
MLS Listing,,Single Family Residential,119 Bissell St,Manchester,CT,06040,114900,2,2.0,Manchester,1024,7840,1900,233,112,,Active,,,http://www.redfin.com/CT/Manchester/119-Bissell-St-06040/home/53874589,Smart MLS,170236702,N,Y,41.7728417,-72.5149136
MLS Listing,,Vacant Land,177 Wyneding Hill Rd,Manchester,CT,06040,175000,,,Highland Park,,99316,,249,,,Active,,,http://www.redfin.com/CT/Manchester/177-Wyneding-Hill-Rd-06040/home/146087619,Smart MLS,170228059,N,Y,41.748378,-72.4965652
MLS Listing,,Vacant Land,181 Wyneding Hill Rd,Manchester,CT,06040,195000,,,Highland Park,,160300,,249,,,Active,,,http://www.redfin.com/CT/Manchester/181-Wyneding-Hill-Rd-06040/home/144665706,Smart MLS,170228047,N,Y,41.7483789,-72.4964882
MLS Listing,,Single Family Residential,314 School St,Manchester,CT,06040,185000,3,1.5,Highland Park,2240,10454,1959,260,83,,Active,,,http://www.redfin.com/CT/Manchester/314-School-St-06040/home/53873663,Smart MLS,170227529,N,Y,41.7677952,-72.5058086
MLS Listing,,Single Family Residential,12 Castle Hl,Manchester,CT,06040,579900,3,2.5,Highland Park,2400,18295,2019,281,242,,Active,,,http://www.redfin.com/CT/Manchester/12-Castle-Hl-06040/home/109582579,Smart MLS,170221925,N,Y,41.7823317,-72.4839276
MLS Listing,,Single Family Residential,133 Gerald Dr,Manchester,CT,06040,549900,4,3.5,Manchester,3575,40946,2002,282,154,,Active,,,http://www.redfin.com/CT/Manchester/133-Gerald-Dr-06040/home/53872586,Smart MLS,170221236,N,Y,41.7414754,-72.5266526
MLS Listing,,Vacant Land,486 Tolland Tpke,Manchester,CT,06042,225000,,,Robertson,,71002,,409,,,Active,,,http://www.redfin.com/CT/Manchester/486-Tolland-Tpke-06042/home/109582479,Smart MLS,170175604,N,Y,41.806277,-72.527644
MLS Listing,,Vacant Land,31 Joyce Ln,Manchester,CT,06040,98000,,,Martins,,22215,,487,,,Active,,,http://www.redfin.com/CT/Manchester/31-Joyce-Ln-06040/home/106527780,Smart MLS,170153549,N,Y,41.757171,-72.500975
MLS Listing,,Single Family Residential,89 High Ledge Cir,Manchester,CT,06040,369900,4,2.5,Birchmountain 88,2614,23086,2018,774,142,12,Active,,,http://www.redfin.com/CT/Manchester/89-High-Ledge-Cir-06040/home/53875978,Smart MLS,170065185,N,Y,41.7490299,-72.4759239
MLS Listing,,Single Family Residential,lot 8 or choice Rock Rdg,Manchester,CT,06040,339900,4,2.5,Manchester,2400,17424,2017,870,142,12,Active,,,http://www.redfin.com/CT/Manchester/lot-8-or-choice-Rock-Rdg-06040/home/144533180,Smart MLS,G696756,N,Y,41.748857,-72.477862
MLS Listing,,Single Family Residential,73 High Ledge Cir,Manchester,CT,06040,349900,4,2.5,Birchmountain 88,2350,26136,2017,870,149,12,Active,,,http://www.redfin.com/CT/Manchester/73-High-Ledge-Cir-06040/home/144533179,Smart MLS,G696754,N,Y,41.7496513,-72.4757661
MLS Listing,,Single Family Residential,64 Russell St,Manchester,CT,06040,89900,3,1.5,Manchester,1400,11325,1880,871,64,,Active,,,http://www.redfin.com/CT/Manchester/64-Russell-St-06040/home/53865239,Smart MLS,170034272,N,Y,41.7800388,-72.5247869
MLS Listing,,Single Family Residential,6 Rock Rdg,Manchester,CT,06040,359900,4,2.5,Birch Mountain 88,4200,23958,2014,871,86,12,Active,,,http://www.redfin.com/CT/Manchester/6-Rock-Rdg-06040/home/144517886,Smart MLS,170024964,N,Y,41.7484084,-72.4774118
