SALE TYPE,SOLD DATE,PROPERTY TYPE,ADDRESS,CITY,STATE OR PROVINCE,ZIP OR POSTAL CODE,PRICE,BEDS,BATHS,LOCATION,SQUARE FEET,LOT SIZE,YEAR BUILT,DAYS ON MARKET,$/SQUARE FEET,HOA/MONTH,STATUS,NEXT OPEN HOUSE START TIME,NEXT OPEN HOUSE END TIME,URL (SEE http://www.redfin.com/buy-a-home/comparative-market-analysis FOR INFO ON PRICING),SOURCE,MLS#,FAVORITE,INTERESTED,LATITUDE,LONGITUDE
MLS Listing,,Single Family Residential,0 Bioski Rd,Middlebury,CT,06762,400000,4,2.5,Middlebury,2100,60983,2020,1,190,,Active,,,http://www.redfin.com/CT/MIDDLEBURY/BIOSKI-RD-06762/home/54026372,Smart MLS,170293470,N,Y,41.518253,-73.101812
MLS Listing,,Single Family Residential,79 Woodland Rd,Middlebury,CT,06762,407000,4,3.0,Middlebury,2494,33105,1957,4,163,,Active,,,http://www.redfin.com/CT/Middlebury/79-Woodland-Rd-06762/home/54027884,Smart MLS,170291430,N,Y,41.5235623,-73.1289905
MLS Listing,,Single Family Residential,8 Tylers Cv #8,Middlebury,CT,06762,599900,2,2.0,Middlebury,2316,,2001,7,259,83,Active,,,http://www.redfin.com/CT/Middlebury/8-Tylers-CV-06762/unit-8/home/171491754,Smart MLS,170291165,N,Y,41.537978,-73.116811
MLS Listing,,Single Family Residential,5 Central Rd,Middlebury,CT,06762,299900,4,2.0,Middlebury,2407,19602,1949,9,125,,Active,,,http://www.redfin.com/CT/Middlebury/5-Central-Rd-06762/home/54027204,Smart MLS,170291215,N,Y,41.5327315,-73.1233199
MLS Listing,,Vacant Land,0 Ferndale Ave,Middlebury,CT,06762,89900,,,Middlebury,,132422,,16,,,Active,,,http://www.redfin.com/CT/MIDDLEBURY/FERNDALE-AVE-06762/home/54026112,Smart MLS,170289594,N,Y,41.539968,-73.0921
MLS Listing,,Single Family Residential,440 Old Watertown Rd,Middlebury,CT,06762,529900,3,3.5,Middlebury,3764,83199,1974,28,141,,Active,,,http://www.redfin.com/CT/Middlebury/440-Old-Watertown-Rd-06762/home/54027924,Smart MLS,170285157,N,Y,41.5576689,-73.1441343
MLS Listing,,Condo/Co-op,104 Periwinkle Dr #104,Middlebury,CT,06762,385000,2,2.5,Middlebury,2593,,2005,30,148,419,Active,,,http://www.redfin.com/CT/Middlebury/104-Periwinkle-Dr-06762/unit-104/home/148691397,Smart MLS,170287177,N,Y,41.5103061,-73.154522
MLS Listing,,Condo/Co-op,137 Ridgewood Drive Rd #257,Middlebury,CT,06762,389995,2,2.5,Middlebury,2010,,2020,33,194,390,Active,,,http://www.redfin.com/CT/Middlebury/137-Ridgewood-Dr-06762/unit-257/home/160496978,Smart MLS,170286517,N,Y,41.5146967,-73.1300414
MLS Listing,,Condo/Co-op,11 HIGHRIDGE Rd #147,Middlebury,CT,06762,409995,3,2.5,Middlebury,2485,,2020,33,165,390,Active,,,http://www.redfin.com/CT/Middlebury/11-Highridge-Rd-06762/unit-147/home/170231498,Smart MLS,170286503,N,Y,41.5129486,-73.1329866
MLS Listing,,Single Family Residential,41 Ravenwood Dr,Middlebury,CT,06762,319000,4,2.5,Middlebury,4132,40075,1966,40,77,,Active,,,http://www.redfin.com/CT/Middlebury/41-Ravenwood-Dr-06762/home/54027768,Smart MLS,170283609,N,Y,41.5597339,-73.1171421
MLS Listing,,Single Family Residential,71 E Farms Rd,Middlebury,CT,06762,799900,5,7.0,Middlebury,7691,82764,1994,50,104,,Active,,,http://www.redfin.com/CT/Middlebury/71-E-Farms-Rd-06762/home/54028576,Smart MLS,170281141,N,Y,41.5609747,-73.125821
MLS Listing,,Vacant Land,243 Three Mile Hill Lot C Rd,Middlebury,CT,06762,99900,,,N/A,,78843,,52,,,Active,,,http://www.redfin.com/CT/Middlebury/243-3-Mile-Hill-Rd-06762/home/144522257,Smart MLS,170282358,N,Y,41.5493075,-73.104333
MLS Listing,,Single Family Residential,125 Strathmore Rd,Middlebury,CT,06762,499900,4,3.5,Middlebury,3917,87991,1986,56,128,,Active,,,http://www.redfin.com/CT/Middlebury/125-Strathmore-Rd-06762/home/54029148,Smart MLS,170275432,N,Y,41.550346,-73.1189237
MLS Listing,,Condo/Co-op,174 Ridgewood Dr #216,Middlebury,CT,06762,409099,2,2.0,Middlebury,2266,,2021,60,181,390,Active,,,http://www.redfin.com/CT/Middlebury/174-Ridgewood-Dr-06762/unit-216/home/171039776,Smart MLS,170279797,N,Y,41.5167295,-73.1301214
MLS Listing,,Single Family Residential,28 Porter Hill Rd,Middlebury,CT,06762,409000,4,2.5,Middlebury,3457,110206,1939,62,118,,Active,,,http://www.redfin.com/CT/Middlebury/28-Porter-Hill-Rd-06762/home/54026671,Smart MLS,170278299,N,Y,41.5255361,-73.1113429
MLS Listing,,Condo/Co-op,96 Ridgewood Drive Dr #112,Middlebury,CT,06762,439995,3,2.5,Middlebury,2468,,2020,63,178,390,Active,,,http://www.redfin.com/CT/Middlebury/96-Ridgewood-Dr-06762/unit-112/home/145075505,Smart MLS,170279192,N,Y,41.5120358,-73.1343359
MLS Listing,,Single Family Residential,39 Independence Cir #39,Middlebury,CT,06762,419900,4,3.0,Brookside,3382,43560,2004,63,124,150,Active,,,http://www.redfin.com/CT/Middlebury/39-Independence-Cir-06762/unit-39/home/171028288,Smart MLS,170275175,N,Y,41.4988391,-73.1446649
MLS Listing,,Single Family Residential,289 Burr Hall Rd,Middlebury,CT,06762,1899900,4,6.5,Middlebury,8420,456073,2004,63,226,,Active,,,http://www.redfin.com/CT/Middlebury/289-Burr-Hall-Rd-06762/home/54025884,Smart MLS,170278999,N,Y,41.5586417,-73.1331767
MLS Listing,,Condo/Co-op,12 Winding Trl #12,Middlebury,CT,06762,535000,3,3.0,Middlebury,3488,,2014,64,153,390,Active,,,http://www.redfin.com/CT/Middlebury/12-Winding-Trl-06762/unit-12/home/171013524,Smart MLS,170275909,N,Y,41.5163793,-73.1338709
MLS Listing,,Single Family Residential,444 Long Meadow Rd,Middlebury,CT,06762,425000,4,2.5,Middlebury,2499,49658,2003,65,170,,Active,,,http://www.redfin.com/CT/Middlebury/444-Long-Meadow-Rd-06762/home/54025821,Smart MLS,170277740,N,Y,41.5110083,-73.1379348
MLS Listing,,Single Family Residential,4 Devon Ct,Middlebury,CT,06762,599900,3,3.5,Middlebury,3322,31363,2004,66,181,225,Active,,,http://www.redfin.com/CT/Middlebury/4-Devon-Ct-06762/home/54025933,Smart MLS,170277772,N,Y,41.5145311,-73.1418409
MLS Listing,,Single Family Residential,400 Charcoal Ave,Middlebury,CT,06762,595000,6,3.5,Middlebury,5275,213444,1967,66,113,,Active,,,http://www.redfin.com/CT/Middlebury/400-Charcoal-Ave-06762/home/54028665,Smart MLS,170276625,N,Y,41.5411751,-73.1307423
MLS Listing,,Single Family Residential,37 Independence Cir #37,Middlebury,CT,06762,425000,4,3.5,Brookside at Middlebury,3381,43560,2004,66,126,150,Active,,,http://www.redfin.com/CT/Middlebury/37-Independence-Cir-06762/unit-37/home/170947049,Smart MLS,170274844,N,Y,41.4993614,-73.1441941
MLS Listing,,Single Family Residential,72 E Farms Rd,Middlebury,CT,06762,895000,6,5.0,Middlebury,9080,104979,1993,67,99,,Active,,,http://www.redfin.com/CT/Middlebury/72-E-Farms-Rd-06762/home/54028564,Smart MLS,170277468,N,Y,41.5610743,-73.1244033
MLS Listing,,Condo/Co-op,22 Ridgewood Dr #59,Middlebury,CT,06762,449900,3,3.5,Middlebury,2376,,2008,67,189,390,Active,,,http://www.redfin.com/CT/Middlebury/22-Ridgewood-Dr-06762/unit-59/home/170934582,Smart MLS,170272371,N,Y,41.515155,-73.1358343
MLS Listing,,Single Family Residential,428 Benson Rd,Middlebury,CT,06762,379900,5,4.0,Middlebury,3106,62290,1962,71,122,,Active,,,http://www.redfin.com/CT/Middlebury/428-Benson-Rd-06762/home/54028786,Smart MLS,170276145,N,Y,41.4928462,-73.1447105
MLS Listing,,Condo/Co-op,5 Fairview Ln #205,Middlebury,CT,06762,328910,2,2.5,Middlebury,1537,,2020,76,214,390,Active,,,http://www.redfin.com/CT/Middlebury/5-Fairview-Ln-06762/unit-205/home/170634026,Smart MLS,170274684,N,Y,41.5156227,-73.1301621
MLS Listing,,Single Family Residential,135 Crest Rd,Middlebury,CT,06762,1295000,4,5.5,Middlebury,3864,132858,1977,79,335,,Active,,,http://www.redfin.com/CT/Middlebury/135-Crest-Rd-06762/home/54026845,Smart MLS,170273718,N,Y,41.5322288,-73.1207381
MLS Listing,,Single Family Residential,185 Munson Rd,Middlebury,CT,06762,495000,4,2.5,Middlebury,2876,87555,1980,91,172,,Active,,,http://www.redfin.com/CT/Middlebury/185-Munson-Rd-06762/home/54027149,Smart MLS,170269590,N,Y,41.5438906,-73.1469002
MLS Listing,,Condo/Co-op,12 Ridgewood Dr #12,Middlebury,CT,06762,339900,3,2.5,Middlebury,2376,,2008,92,143,390,Active,,,http://www.redfin.com/CT/Middlebury/12-Ridgewood-Dr-06762/unit-12/home/54025497,Smart MLS,170269762,N,Y,41.5157637,-73.1357123
MLS Listing,,Condo/Co-op,72 Ridgewood Dr #72,Middlebury,CT,06762,389900,3,2.5,Middlebury,2230,,2016,92,175,390,Active,,,http://www.redfin.com/CT/Middlebury/72-Ridgewood-Dr-06762/unit-72/home/170505255,Smart MLS,170269908,N,Y,41.5123954,-73.1351979
MLS Listing,,Single Family Residential,65 Atwood St,Middlebury,CT,06762,326700,5,3.0,Middlebury,2407,28749,1955,97,136,,Active,,,http://www.redfin.com/CT/Middlebury/65-Atwood-St-06762/home/54028816,Smart MLS,170268560,N,Y,41.517238,-73.1344359
MLS Listing,,Condo/Co-op,61 Ridgewood Dr #61,Middlebury,CT,06762,450000,3,2.5,Middlebury,2658,,2015,97,169,369,Active,,,http://www.redfin.com/CT/Middlebury/61-Ridgewood-Dr-06762/unit-61/home/144526343,Smart MLS,170264960,N,Y,41.5118497,-73.1354058
MLS Listing,,Single Family Residential,780 South St,Middlebury,CT,06762,575000,4,4.0,Middlebury,4671,291852,1961,99,123,,Active,,,http://www.redfin.com/CT/Middlebury/780-South-St-06762/home/54028984,Smart MLS,170264610,N,Y,41.510543,-73.1154708
MLS Listing,,Condo/Co-op,12 Highridge Rd #12,Middlebury,CT,06762,449999,3,2.5,Middlebury,2542,,2018,101,177,389,Active,,,http://www.redfin.com/CT/Middlebury/12-Highridge-Rd-06762/unit-12/home/170451139,Smart MLS,170267242,N,Y,41.5133307,-73.1326745
MLS Listing,,Single Family Residential,9 Beacon Hill Rd,Middlebury,CT,06762,379900,3,2.5,Middlebury,2927,47916,1979,106,130,,Active,,,http://www.redfin.com/CT/Middlebury/9-Beacon-Hill-Rd-06762/home/54028454,Smart MLS,170266162,N,Y,41.5572398,-73.117776
MLS Listing,,Single Family Residential,1 Brookside Dr,Middlebury,CT,06762,399000,3,3.0,Brookside,3731,10890,2003,112,107,150,Active,,,http://www.redfin.com/CT/Middlebury/1-Brookside-Dr-06762/home/54025781,Smart MLS,170264241,N,Y,41.5045009,-73.140434
MLS Listing,,Single Family Residential,257 Christian Rd,Middlebury,CT,06762,349900,3,2.0,Middlebury,1836,58806,1798,113,191,,Active,,,http://www.redfin.com/CT/Middlebury/257-Christian-Rd-06762/home/54029113,Smart MLS,170262741,N,Y,41.5186185,-73.1491359
MLS Listing,,Condo/Co-op,35 Nutmeg Rd Unit E6,Middlebury,CT,06762,164900,1,1.0,Middlebury,905,,1984,115,182,200,Active,,,http://www.redfin.com/CT/Middlebury/35-Nutmeg-Rd-06762/unit-E6/home/54026985,Smart MLS,170263473,N,Y,41.5345967,-73.1033783
MLS Listing,,Single Family Residential,155 Christian Rd,Middlebury,CT,06762,339900,3,3.0,Middlebury,1751,31363,2020,127,194,,Active,,,http://www.redfin.com/CT/Middlebury/155-Christian-Rd-06762/home/54026205,Smart MLS,170260565,N,Y,41.5215983,-73.1500118
MLS Listing,,Condo/Co-op,11 FAIRVIEW Ln #208,Middlebury,CT,06762,398995,3,2.5,Middlebury,1848,,2020,151,216,380,Active,,,http://www.redfin.com/CT/Middlebury/11-Fairview-Ln-06762/unit-208/home/170039917,Smart MLS,170257168,N,Y,41.5159381,-73.1306984
MLS Listing,,Condo/Co-op,35 Nutmeg Rd Unit D1,Middlebury,CT,06762,150000,1,1.0,Middlebury,889,,1984,172,169,200,Active,,,http://www.redfin.com/CT/Middlebury/35-Nutmeg-Rd-06762/unit-D1/home/54027003,Smart MLS,170252934,N,Y,41.5345967,-73.1033783
MLS Listing,,Single Family Residential,7 East Farms Rd,Middlebury,CT,06762,1500000,4,6.0,Middlebury,9478,85813,1999,174,158,,Active,,,http://www.redfin.com/CT/Middlebury/7-E-Farms-Rd-06762/home/54028581,Smart MLS,170251554,N,Y,41.55816,-73.1287369
MLS Listing,,Condo/Co-op,132 RIDGEWOOD Dr #181,Middlebury,CT,06762,399995,2,2.5,Middlebury,1848,,2020,174,216,380,Active,,,http://www.redfin.com/CT/Middlebury/132-Ridgewood-Dr-06762/unit-181/home/169859113,Smart MLS,170253030,N,Y,41.5141303,-73.1331012
MLS Listing,,Condo/Co-op,128 RIDGEWOOD Dr #029,Middlebury,CT,06762,454995,3,2.5,Middlebury,2485,,2020,174,183,380,Active,,,http://www.redfin.com/CT/Middlebury/128-Ridgewood-Dr-06762/unit-029/home/169859112,Smart MLS,170253028,N,Y,41.5140713,-73.1333023
MLS Listing,,Condo/Co-op,130 RIDGEWOOD Dr #180,Middlebury,CT,06762,429995,3,2.5,Middlebury,2485,,2020,174,173,390,Active,,,http://www.redfin.com/CT/Middlebury/130-Ridgewood-Dr-06762/unit-180/home/169859051,Smart MLS,170253026,N,Y,41.5141021,-73.133205
MLS Listing,,Single Family Residential,835 South St,Middlebury,CT,06762,649500,4,3.5,Middlebury,3545,311889,2000,186,183,,Active,,,http://www.redfin.com/CT/Middlebury/835-South-St-06762/home/54028676,Smart MLS,170249661,N,Y,41.506366,-73.114079
MLS Listing,,Single Family Residential,470 South St,Middlebury,CT,06762,1075000,6,5.0,Middlebury,4190,910403,1800,219,257,,Active,,,http://www.redfin.com/CT/Middlebury/470-South-St-06762/home/54026481,Smart MLS,170239951,N,Y,41.516043,-73.119602
MLS Listing,,Single Family Residential,24 Steinmann Ave,Middlebury,CT,06762,284900,3,2.0,Middlebury,1110,18730,1940,225,257,,Active,,,http://www.redfin.com/CT/Middlebury/24-Steinmann-Ave-06762/home/54026651,Smart MLS,170238674,N,Y,41.537645,-73.097865
MLS Listing,,Single Family Residential,54 Falcon Crest Rd,Middlebury,CT,06762,1100000,5,6.5,Middlebury,7071,226076,1992,227,156,,Active,,,http://www.redfin.com/CT/Middlebury/54-Falcon-Crest-Rd-06762/home/54027231,Smart MLS,170238298,N,Y,41.555574,-73.119141
MLS Listing,,Single Family Residential,6 Kentwood Ct,Middlebury,CT,06762,540000,3,2.5,Avalon Farms,2638,30491,2005,238,205,225,Active,,,http://www.redfin.com/CT/Middlebury/6-Kentwood-Ct-06762/home/54025925,Smart MLS,170235023,N,Y,41.5159295,-73.140723
MLS Listing,,Condo/Co-op,13 Fairview Ln #209,Middlebury,CT,06762,469995,3,2.5,Middlebury,2605,,2020,270,180,390,Active,,,http://www.redfin.com/CT/Middlebury/13-Fairview-LN-06762/unit-209/home/168643465,Smart MLS,170225374,N,Y,41.515087,-73.134843
MLS Listing,,Vacant Land,989 Long Meadow Rd,Middlebury,CT,06762,89900,,,Middlebury,,41817,,277,,,Active,,,http://www.redfin.com/CT/Middlebury/989-Long-Meadow-Rd-06762/home/168344713,Smart MLS,170223080,N,Y,41.4994485,-73.1280774
MLS Listing,,Single Family Residential,102 Falcon Crest Rd,Middlebury,CT,06762,499000,4,2.5,Middlebury,3290,52707,1986,279,152,,Active,,,http://www.redfin.com/CT/Middlebury/102-Falcon-Crest-Rd-06762/home/54028879,Smart MLS,170222129,N,Y,41.555202,-73.1206533
MLS Listing,,Single Family Residential,1 Riverside Dr,Middlebury,CT,06762,349000,4,3.5,Middlebury,2826,82764,1947,315,123,,Active,,,http://www.redfin.com/CT/Middlebury/1-Riverside-Dr-06762/home/54026660,Smart MLS,170211022,N,Y,41.503016,-73.13215
MLS Listing,,Vacant Land,373 Leonard Rd,Middlebury,CT,06762,109500,,,dede estates,,41817,,346,,,Active,,,http://www.redfin.com/CT/Middlebury/373-Leonard-Rd-06762/home/148315134,Smart MLS,170199371,N,Y,41.5185758,-73.0963965
MLS Listing,,Single Family Residential,19 Somerset Dr,Middlebury,CT,06762,615000,3,2.5,Avalon Farms,2632,32234,2019,359,234,225,Active,,,http://www.redfin.com/CT/Middlebury/19-Somerset-Dr-06762/home/54025677,Smart MLS,170183462,N,Y,41.5124629,-73.145099
MLS Listing,,Single Family Residential,120 Tranquility Rd,Middlebury,CT,06762,2400000,3,3.5,Middlebury,6161,1031936,1998,365,390,,Active,,,http://www.redfin.com/CT/Middlebury/120-Tranquility-Rd-06762/home/54026273,Smart MLS,170191502,N,Y,41.532584,-73.140534
MLS Listing,,Condo/Co-op,110 Periwinkle Ln #19,Middlebury,CT,06762,399900,2,1.5,Middlebury,1800,,2018,686,222,399,Active,,,http://www.redfin.com/CT/Middlebury/110-Periwinkle-Dr-06762/unit-19/home/146088395,Smart MLS,170098110,N,Y,41.5119844,-73.1538129
MLS Listing,,Vacant Land,0 Park Rd,Middlebury,CT,06762,99900,,,Middlebury,,136778,,870,,,Active,,,http://www.redfin.com/CT/MIDDLEBURY/PARK-RD-06762/home/54026449,Smart MLS,170008638,N,Y,41.562679,-73.11121
MLS Listing,,Vacant Land,397 Mirey Dam Rd,Middlebury,CT,06762,199990,,,Middlebury,,159865,,870,,,Active,,,http://www.redfin.com/CT/Middlebury/397-Mirey-Dam-Rd-06762/home/144529310,Smart MLS,170020080,N,Y,41.5575755,-73.1291332
New Construction Home,,Townhouse,96 Ridgewood Dr,Middlebury,CT,06762,439995,3,2.5,Ridgewood at Middlebury,2468,,2020,45,178,,Active,,,http://www.redfin.com/CT/Middlebury/96-Ridgewood-Dr-06762/home/54025507,NewHomeSource.com,1853534,N,Y,41.5120358,-73.1343359
New Construction Home,,Townhouse,137 Ridgewood Dr,Middlebury,CT,06762,389995,3,2.5,Ridgewood at Middlebury,2010,,2020,93,194,,Active,,,http://www.redfin.com/CT/Middlebury/137-Ridgewood-Dr-06762/home/54025521,NewHomeSource.com,1814155,N,Y,41.517092,-73.123159
New Construction Home,,Townhouse,9 Highridge Rd,Middlebury,CT,06762,429995,3,2.5,Ridgewood at Middlebury,2485,,2020,97,173,,Active,,,http://www.redfin.com/CT/Middlebury/9-Highridge-Rd-06762/home/54026025,NewHomeSource.com,1812510,N,Y,41.5130313,-73.1330317
New Construction Home,,Townhouse,11 Highridge Rd,Middlebury,CT,06762,409995,3,2.5,Ridgewood at Middlebury,2485,,2020,99,165,,Active,,,http://www.redfin.com/CT/Middlebury/11-Highridge-Rd-06762/home/54026022,NewHomeSource.com,1811042,N,Y,41.5129486,-73.1329866
New Construction Plan,,Townhouse,Lehman,Middlebury,CT,06762,386995,3,2.5,Ridgewood at Middlebury,1859,,,,208,,Active,,,http://www.redfin.com/CT/Middlebury/Ridgewood-at-Middlebury/Lehman/home/169965615,NewHomeSource.com,Plan-111564634,N,Y,41.5150645,-73.1359055
New Construction Plan,,Townhouse,Portman,Middlebury,CT,06762,349995,3,2.5,Ridgewood at Middlebury,1780,,,,197,,Active,,,http://www.redfin.com/CT/Middlebury/Ridgewood-at-Middlebury/Portman/home/169965616,NewHomeSource.com,Plan-111045786,N,Y,41.5150645,-73.1359055
New Construction Plan,,Townhouse,Denton,Middlebury,CT,06762,399995,3,2.5,Ridgewood at Middlebury,2485,,,,161,,Active,,,http://www.redfin.com/CT/Middlebury/Ridgewood-at-Middlebury/Denton/home/169965617,NewHomeSource.com,Plan-111045783,N,Y,41.5150645,-73.1359055
New Construction Plan,,Townhouse,Bucknell II,Middlebury,CT,06762,449995,3,2.5,Ridgewood at Middlebury,2616,,,,172,,Active,,,http://www.redfin.com/CT/Middlebury/Ridgewood-at-Middlebury/Bucknell-II/home/169965618,NewHomeSource.com,Plan-111045781,N,Y,41.5150645,-73.1359055
New Construction Plan,,Townhouse,Kington,Middlebury,CT,06762,439995,2,2.5,Ridgewood at Middlebury,2294,,,,192,,Active,,,http://www.redfin.com/CT/Middlebury/Ridgewood-at-Middlebury/Kington/home/169936470,NewHomeSource.com,Plan-111541729,N,Y,41.5150645,-73.1359055
New Construction Plan,,Townhouse,Bethel,Middlebury,CT,06762,389995,2,2.0,Ridgewood at Middlebury,1627,,,,240,,Active,,,http://www.redfin.com/CT/Middlebury/Ridgewood-at-Middlebury/Bethel/home/169931529,NewHomeSource.com,Plan-111045778,N,Y,41.5150645,-73.1359055
New Construction Plan,,Townhouse,Tamarack,Middlebury,CT,06762,359995,2,2.5,Ridgewood at Middlebury,1848,,,,195,,Active,,,http://www.redfin.com/CT/Middlebury/Ridgewood-at-Middlebury/Tamarack/home/169965614,NewHomeSource.com,Plan-111082943,N,Y,41.5150645,-73.1359055
New Construction Plan,,Townhouse,Hickory,Middlebury,CT,06762,327995,2,2.5,Ridgewood at Middlebury,1537,,,,213,,Active,,,http://www.redfin.com/CT/Middlebury/Ridgewood-at-Middlebury/Hickory/home/169920899,NewHomeSource.com,Plan-111082942,N,Y,41.5150645,-73.1359055
