SALE TYPE,SOLD DATE,PROPERTY TYPE,ADDRESS,CITY,STATE OR PROVINCE,ZIP OR POSTAL CODE,PRICE,BEDS,BATHS,LOCATION,SQUARE FEET,LOT SIZE,YEAR BUILT,DAYS ON MARKET,$/SQUARE FEET,HOA/MONTH,STATUS,NEXT OPEN HOUSE START TIME,NEXT OPEN HOUSE END TIME,URL (SEE http://www.redfin.com/buy-a-home/comparative-market-analysis FOR INFO ON PRICING),SOURCE,MLS#,FAVORITE,INTERESTED,LATITUDE,LONGITUDE
MLS Listing,,Single Family Residential,39 Farm View Rd,Monroe,CT,06468,379900,3,2.5,Monroe,2042,54450,1977,1,186,,Active,,,http://www.redfin.com/CT/Monroe/39-Farm-View-Rd-06468/home/107071429,Smart MLS,170289287,N,Y,41.308924,-73.2385932
MLS Listing,,Single Family Residential,716 Wheeler Rd,Monroe,CT,06468,659900,4,2.5,East Village,3369,87120,1820,2,196,,Active,,,http://www.redfin.com/CT/Monroe/716-Wheeler-Rd-06468/home/107075677,Smart MLS,170282262,N,Y,41.3600393,-73.2063503
MLS Listing,,Single Family Residential,17 Nickel Pl,Monroe,CT,06468,485000,4,2.5,East Village,2545,88426,1995,2,191,,Active,,,http://www.redfin.com/CT/Monroe/17-Nickel-Pl-06468/home/107067213,Smart MLS,170292942,N,Y,41.353974,-73.1909078
MLS Listing,,Single Family Residential,2 Cherry Hill Cir #2,Monroe,CT,06468,465000,4,2.5,Great Oak Farm,3935,,1996,3,118,140,Active,,,http://www.redfin.com/CT/Monroe/2-Cherry-Hill-Cir-06468/unit-2/home/144521433,Smart MLS,170290110,N,Y,41.3218599,-73.2473488
MLS Listing,,Single Family Residential,9 Glenbrook Dr,Monroe,CT,06468,349000,3,2.0,Monroe,1472,43995,1962,6,237,,Active,,,http://www.redfin.com/CT/Monroe/9-Glenbrook-Dr-06468/home/107066691,Smart MLS,170291523,N,Y,41.3101102,-73.2082711
MLS Listing,,Condo/Co-op,9 Sterling Pl #9,Monroe,CT,06468,265000,2,2.5,Monroe,1839,,1986,7,144,342,Active,,,http://www.redfin.com/CT/Monroe/9-Sterling-Pl-06468/unit-9/home/171489319,Smart MLS,170291651,N,Y,41.337316,-73.252872
MLS Listing,,Single Family Residential,29 Purdy Hill Rd,Monroe,CT,06468,479000,3,3.0,Stepney,2000,43560,2020,9,240,,Active,,,http://www.redfin.com/CT/Monroe/29-Purdy-Hill-Rd-06468/home/109671617,Smart MLS,170291221,N,Y,41.3019103,-73.2125225
MLS Listing,,Single Family Residential,35 Birdseye Rd,Call Listing Agent,CT,06468,594900,4,2.5,Trailside Reserve,2822,,2020,10,211,,Active,,,http://www.redfin.com/CT/Monroe/35-Birdseye-Rd-06468/unit-15/home/148118745,OneKey,H6036849,N,Y,41.3405617,-73.2175571
MLS Listing,,Single Family Residential,218 Turkey Roost Rd,Monroe,CT,06468,449900,4,2.5,Monroe,3187,43995,1998,11,141,,Active,,,http://www.redfin.com/CT/Monroe/218-Turkey-Roost-Rd-06468/home/107068469,Smart MLS,170290521,N,Y,41.3532305,-73.2141804
MLS Listing,,Single Family Residential,10 Abbey Rd,Easton,CT,06612,699900,6,6.0,Easton,7165,191664,2005,11,98,,Active,,,http://www.redfin.com/CT/Easton/10-Abbey-Rd-06612/home/107613040,Smart MLS,170290515,N,Y,41.3205471,-73.2774702
MLS Listing,,Single Family Residential,55 Karen Dr,Monroe,CT,06468,499900,4,2.5,Monroe,2600,43560,2020,13,192,,Active,,,http://www.redfin.com/CT/Monroe/55-Karen-Dr-06468/home/109672677,Smart MLS,170289892,N,Y,41.3474493,-73.2244624
MLS Listing,,Single Family Residential,43-45 Nickel Pl,Monroe,CT,06468,684500,5,4.0,East Village,5180,44866,1998,15,132,,Active,,,http://www.redfin.com/CT/Monroe/43-Nickel-Pl-06468/home/107068338,Smart MLS,170288744,N,Y,41.3542721,-73.188131
MLS Listing,,Single Family Residential,40 Belle Vale St,Monroe,CT,06468,711000,5,5.5,Monroe,6194,509216,1985,15,115,,Active,,,http://www.redfin.com/CT/Monroe/40-Bellevale-St-06468/home/107074685,Smart MLS,170288043,N,Y,41.2978087,-73.2608456
MLS Listing,,Single Family Residential,476 Moose Hill Rd,Monroe,CT,06468,425000,4,2.0,Monroe,2296,54014,1948,16,185,,Active,,,http://www.redfin.com/CT/Monroe/476-Moose-Hill-Rd-06468/home/107068374,Smart MLS,170289111,N,Y,41.3205819,-73.2051551
MLS Listing,,Condo/Co-op,301 Fairmount Dr Unit E,Monroe,CT,06468,189900,1,1.0,Stepney,983,,1988,18,193,321,Active,,,http://www.redfin.com/CT/Monroe/301-Fairmount-Dr-06468/unit-E/home/107074966,Smart MLS,170289267,N,Y,41.338838,-73.269567
MLS Listing,,Single Family Residential,98 Osborn Ln,Monroe,CT,06468,379900,3,2.0,Monroe,1696,43560,1967,21,224,,Active,,,http://www.redfin.com/CT/Monroe/98-Osborn-Ln-06468/home/107073191,Smart MLS,170288646,N,Y,41.330549,-73.1860911
MLS Listing,,Single Family Residential,47 Trailside Dr,Monroe,CT,06468,699900,5,3.5,Wells Farm Estates,4061,87120,2005,24,172,,Active,,,http://www.redfin.com/CT/Monroe/47-Trailside-Dr-06468/home/107069932,Smart MLS,170288075,N,Y,41.3668891,-73.1884586
MLS Listing,,Single Family Residential,31 Quarter Horse Dr,Monroe,CT,06468,584900,4,2.5,Stepney,3134,87991,1995,25,187,,Active,,,http://www.redfin.com/CT/Monroe/31-Quarter-Horse-Dr-06468/home/107067232,Smart MLS,170287731,N,Y,41.3315287,-73.2941043
MLS Listing,,Single Family Residential,1428 Monroe Tpke,Monroe,CT,06468,1250000,6,5.0,Monroe Center,7817,314067,1936,28,160,,Active,,,http://www.redfin.com/CT/Monroe/1428-Monroe-Tpke-06468/home/109671724,Smart MLS,170286411,N,Y,41.3727021,-73.1921236
MLS Listing,,Condo/Co-op,57 Hidden Knolls Cir #57,Monroe,CT,06468,109900,1,1.0,Monroe Center,765,,1987,29,144,394,Active,,,http://www.redfin.com/CT/Monroe/57-Hidden-Knolls-Cir-06468/unit-57/home/171300231,Smart MLS,170286451,N,Y,41.3186579,-73.2239215
MLS Listing,,Single Family Residential,15 Block Farm Rd,Monroe,CT,06468,669900,4,2.5,East Village,3826,50965,2008,29,175,,Active,,,http://www.redfin.com/CT/Monroe/15-Block-Farm-Rd-06468/home/107067910,Smart MLS,170287272,N,Y,41.3571245,-73.1730307
MLS Listing,,Single Family Residential,10 Little Diet Rd,Monroe,CT,06468,140000,2,1.0,Monroe,1155,5227,1953,31,121,,Active,,,http://www.redfin.com/CT/Monroe/10-Little-Diet-Rd-06468/home/107072979,Smart MLS,170284601,N,Y,41.3341293,-73.2640731
MLS Listing,,Single Family Residential,489 Purdy Hill Rd,Monroe,CT,06468,474000,5,3.0,Stepney,3070,54450,1955,36,154,,Active,,,http://www.redfin.com/CT/Monroe/489-Purdy-Hill-Rd-06468/home/107073255,Smart MLS,170284791,N,Y,41.3049187,-73.2498416
MLS Listing,,Single Family Residential,120 Knorr Rd,Monroe,CT,06468,353900,4,3.0,Monroe,2780,67518,1984,36,127,,Active,,,http://www.redfin.com/CT/Monroe/120-Knorr-Rd-06468/home/107070971,Smart MLS,170286073,N,Y,41.343961,-73.21327
MLS Listing,,Single Family Residential,541 Moose Hill Rd,Monroe,CT,06468,375000,5,2.0,Monroe,2040,34412,1949,40,184,,Active,,,http://www.redfin.com/CT/Monroe/541-Moose-Hill-Rd-06468/home/107074169,Smart MLS,170285146,N,Y,41.3249019,-73.2062434
MLS Listing,,Single Family Residential,22 Meadowview Ter,Monroe,CT,06468,310000,3,1.0,Monroe,1304,20473,1952,45,238,,Active,,,http://www.redfin.com/CT/Monroe/22-Meadowview-Ter-06468/home/107069868,Smart MLS,170283602,N,Y,41.339428,-73.263872
MLS Listing,,Single Family Residential,224 Guinea Rd,Monroe,CT,06468,599900,5,5.5,Monroe,5246,192535,2003,48,114,,Active,,,http://www.redfin.com/CT/Monroe/224-Guinea-Rd-06468/home/107068580,Smart MLS,170283405,N,Y,41.340733,-73.2758083
MLS Listing,,Single Family Residential,41 Rockwood Ln,Monroe,CT,06468,515000,4,2.5,Stepney,3175,87120,1992,52,162,,Active,,,http://www.redfin.com/CT/Monroe/41-Rockwood-Ln-06468/home/107068346,Smart MLS,170281886,N,Y,41.3274425,-73.2922851
MLS Listing,,Single Family Residential,25 Sweetbrier Ln,Monroe,CT,06468,649900,5,5.5,Monroe Center,4667,68824,2002,52,139,,Active,,,http://www.redfin.com/CT/Monroe/25-Sweetbrier-Ln-06468/home/107072853,Smart MLS,170281821,N,Y,41.3260039,-73.2108058
MLS Listing,,Condo/Co-op,11 Old Colony Rd #11,Monroe,CT,06468,428000,3,3.5,Stepney,2926,,1989,52,146,140,Active,,,http://www.redfin.com/CT/Monroe/11-Old-Colony-Rd-06468/unit-11/home/146895171,Smart MLS,170282162,N,Y,41.3218429,-73.2481632
MLS Listing,,Condo/Co-op,34 Highland Dr #34,Monroe,CT,06468,189900,2,1.5,Monroe,1365,,1990,56,139,342,Active,,,http://www.redfin.com/CT/Monroe/34-Highland-Dr-06468/unit-34/home/171099992,Smart MLS,170278894,N,Y,41.3645254,-73.1930631
MLS Listing,,Single Family Residential,55 Partridge Dr,Monroe,CT,06468,499000,4,2.5,Monroe Center,2622,43560,1988,57,190,,Active,,,http://www.redfin.com/CT/Monroe/55-Partridge-Dr-06468/home/107073046,Smart MLS,170280655,N,Y,41.3027914,-73.2421823
MLS Listing,,Condo/Co-op,58 Senior Dr #58,Monroe,CT,06468,119900,1,1.0,Monroe,765,,1987,58,157,236,Active,,,http://www.redfin.com/CT/Monroe/58-Senior-Dr-06468/unit-58/home/144525194,Smart MLS,170280811,N,Y,41.3187215,-73.2220285
MLS Listing,,Single Family Residential,10 Cannon Way,Monroe,CT,06468,499999,4,2.5,Stepney,4056,14374,1999,58,123,140,Active,,,http://www.redfin.com/CT/Monroe/10-Cannon-Way-06468/home/107070087,Smart MLS,170280456,N,Y,41.3247426,-73.2493092
MLS Listing,,Single Family Residential,3 Patmar Dr,Monroe,CT,06468,359900,3,1.5,Stepney,1988,34848,1955,58,181,,Active,,,http://www.redfin.com/CT/Monroe/3-Patmar-Dr-06468/home/107074435,Smart MLS,170268218,N,Y,41.3071196,-73.2650871
MLS Listing,,Single Family Residential,118 Richards Dr,Monroe,CT,06468,379900,3,2.5,Monroe Center,2142,47480,1965,60,177,,Active,,,http://www.redfin.com/CT/Monroe/118-Richards-Dr-06468/home/107074057,Smart MLS,170279007,N,Y,41.3092205,-73.2119257
MLS Listing,,Single Family Residential,30 Applegate Ln,Monroe,CT,06468,479900,4,2.5,Monroe,3372,55756,1995,61,142,,Active,,,http://www.redfin.com/CT/Monroe/30-Applegate-Ln-06468/home/107075869,Smart MLS,170279496,N,Y,41.344438,-73.2401385
MLS Listing,,Single Family Residential,148 Knorr Rd,Monroe,CT,06468,534900,4,4.0,Monroe,4494,46173,1978,66,119,,Active,,,http://www.redfin.com/CT/Monroe/148-Knorr-Rd-06468/home/107067365,Smart MLS,170277849,N,Y,41.3411526,-73.2124649
MLS Listing,,Single Family Residential,70 Christianna Dr,Monroe,CT,06468,459000,4,2.5,Monroe Center,2809,47044,1979,68,163,,Active,,,http://www.redfin.com/CT/Monroe/70-Christianna-Dr-06468/home/107068185,Smart MLS,170276639,N,Y,41.348288,-73.2115612
MLS Listing,,Single Family Residential,665 Elm St,Monroe,CT,06468,398000,5,3.0,Monroe,2470,45302,1960,70,161,13,Active,,,http://www.redfin.com/CT/Monroe/665-Elm-St-06468/home/107074259,Smart MLS,170273656,N,Y,41.3400271,-73.2253221
MLS Listing,,Vacant Land,24 Whitetail Dr,Monroe,CT,06468,201900,,,Monroe,,87555,,71,,,Active,,,http://www.redfin.com/CT/Monroe/24-Hammertown-Rd-06468/home/109671668,Smart MLS,170276289,N,Y,41.3560761,-73.1989007
MLS Listing,,Single Family Residential,103 Bart Rd,Monroe,CT,06468,299900,3,3.0,Monroe,3104,33105,1962,72,97,,Active,,,http://www.redfin.com/CT/Monroe/103-Bart-Rd-06468/home/107071238,Smart MLS,170276094,N,Y,41.3294493,-73.2598073
MLS Listing,,Vacant Land,269-289 Purdy Hill Rd,Monroe,CT,06468,1250000,,,Monroe,,444311,,72,,,Active,,,http://www.redfin.com/CT/Monroe/269-Purdy-Hill-Rd-06468/home/40495394,Smart MLS,170275832,N,Y,41.3073413,-73.2312679
MLS Listing,,Single Family Residential,172 Cutlers Farm Rd,Monroe,CT,06468,629900,4,2.5,Monroe Center,2844,43560,1996,72,221,,Active,,,http://www.redfin.com/CT/Monroe/172-Cutler-s-Farm-Rd-06468/home/107074583,Smart MLS,170275737,N,Y,41.3076481,-73.233702
MLS Listing,,Single Family Residential,342 Monroe Tpke,Monroe,CT,06468,342000,3,2.0,Monroe Center,1944,11761,1931,73,176,,Active,,,http://www.redfin.com/CT/Monroe/342-Monroe-Tpke-06468/home/107071033,Smart MLS,170275494,N,Y,41.307336,-73.2220974
MLS Listing,,Single Family Residential,55 Birchwood Rd,Monroe,CT,06468,293000,3,1.5,Monroe,1488,23958,1956,77,197,,Active,,,http://www.redfin.com/CT/Monroe/55-Birchwood-Rd-06468/home/107072857,Smart MLS,170274065,N,Y,41.3373812,-73.2936468
MLS Listing,,Single Family Residential,9 Blanket Meadow Rd,Monroe,CT,06468,550000,4,2.5,Stepney,3777,87120,1996,78,146,,Active,,,http://www.redfin.com/CT/Monroe/9-Blanket-Meadow-Rd-06468/home/107075919,Smart MLS,170273631,N,Y,41.332737,-73.2882999
MLS Listing,,Vacant Land,86 Trailside Dr,Monroe,CT,06468,220000,,,Trailside Reserve,,53143,,80,,,Active,,,http://www.redfin.com/CT/Monroe/86-Trailside-Dr-06468/home/109671635,Smart MLS,170273402,N,Y,41.369453,-73.1867821
MLS Listing,,Single Family Residential,136 Lynn Dr,Monroe,CT,06468,565000,4,2.5,Monroe Center,3594,45302,1997,80,157,,Active,,,http://www.redfin.com/CT/Monroe/136-Lynn-Dr-06468/home/107066698,Smart MLS,170270873,N,Y,41.3406135,-73.2174907
MLS Listing,,Single Family Residential,32 Harmony Ln,Monroe,CT,06468,496900,3,2.5,Stepney,3414,43995,1986,82,146,,Active,,,http://www.redfin.com/CT/Monroe/32-Harmony-Ln-06468/home/107074709,Smart MLS,170270860,N,Y,41.3332177,-73.2560325
MLS Listing,,Single Family Residential,78 Knorr Rd,Monroe,CT,06468,315000,3,1.5,Monroe Center,3048,93218,1965,86,103,,Active,,,http://www.redfin.com/CT/Monroe/78-Knorr-Rd-06468/home/107067311,Smart MLS,170271828,N,Y,41.3387516,-73.2116838
MLS Listing,,Single Family Residential,232 E Village Rd,Monroe,CT,06468,350350,3,1.0,East Village,1353,74052,1958,94,259,,Active,,,http://www.redfin.com/CT/Monroe/232-E-Village-Rd-06468/home/107069276,Smart MLS,170266788,N,Y,41.3577277,-73.1888223
MLS Listing,,Vacant Land,33 Woodcock Trl,Monroe,CT,06468,119900,,,Monroe,,400751,,98,,,Active,,,http://www.redfin.com/CT/Monroe/33-Woodcock-TRL-06468/home/163593902,Smart MLS,170268208,N,Y,41.374402,-73.179607
MLS Listing,,Single Family Residential,94 Sentry Hill Rd,Monroe,CT,06468,413500,4,3.0,Monroe,2533,91040,1978,103,163,,Active,,,http://www.redfin.com/CT/Monroe/94-Sentry-Hill-Rd-06468/home/107067456,Smart MLS,170266772,N,Y,41.3517315,-73.2004029
MLS Listing,,Single Family Residential,30 Nancy Dr,Monroe,CT,06468,309900,4,2.5,East Village,2208,45738,1981,114,140,,Active,,,http://www.redfin.com/CT/Monroe/30-Nancy-Dr-06468/home/107076020,Smart MLS,170263245,N,Y,41.3500088,-73.2083761
MLS Listing,,Single Family Residential,15 May Ct,Monroe,CT,06468,669000,4,3.5,Stepney,5263,43560,1994,115,127,,Active,,,http://www.redfin.com/CT/Monroe/15-May-Ct-06468/home/107075952,Smart MLS,170263168,N,Y,41.3361534,-73.2575003
MLS Listing,,Single Family Residential,231 Pepper St,Monroe,CT,06468,325000,3,2.0,Stepney,2064,84942,1900,124,157,,Active,,,http://www.redfin.com/CT/Monroe/231-Pepper-St-06468/home/107071043,Smart MLS,170261035,N,Y,41.3303844,-73.2514358
MLS Listing,,Single Family Residential,16 Founders Way,Monroe,CT,06468,569900,5,2.5,Monroe Center,4831,43560,1994,126,118,,Active,,,http://www.redfin.com/CT/Monroe/16-Founders-Way-06468/home/107071282,Smart MLS,170260252,N,Y,41.3291759,-73.2131561
MLS Listing,,Single Family Residential,83 Trailside Dr,Monroe,CT,06468,649900,4,2.5,Trailside Reserve,2893,32670,2018,127,225,,Active,,,http://www.redfin.com/CT/Monroe/83-Trailside-Dr-06468/home/109671700,Smart MLS,170259723,N,Y,41.3684231,-73.1873077
MLS Listing,,Single Family Residential,117 Ripton Rdg,Monroe,CT,06468,389900,3,2.0,Monroe,2184,44866,1967,141,179,,Active,,,http://www.redfin.com/CT/Monroe/117-Ripton-Rdg-06468/home/107073134,Smart MLS,170258880,N,Y,41.3261168,-73.185089
MLS Listing,,Single Family Residential,380 Webb Cir,Monroe,CT,06468,119900,3,1.0,East Village,1262,130680,1948,142,95,,Active,,,http://www.redfin.com/CT/Monroe/380-Webb-Cir-06468/home/107073256,Smart MLS,170258720,N,Y,41.3667227,-73.1797001
MLS Listing,,Single Family Residential,326 Moose Hill Rd,Monroe,CT,06468,345000,3,3.0,Monroe,3180,63162,1981,157,108,,Active,,,http://www.redfin.com/CT/Monroe/326-Moose-Hill-Rd-06468/home/107075535,Smart MLS,170256012,N,Y,41.3103036,-73.2041538
MLS Listing,,Single Family Residential,245 HAMMERTOWN Rd,Monroe,CT,06468,459000,3,2.0,Monroe,2668,182952,1975,158,172,,Active,,,http://www.redfin.com/CT/Monroe/245-Hammertown-Rd-06468/home/107071095,Smart MLS,170255812,N,Y,41.3623712,-73.2144585
MLS Listing,,Condo/Co-op,156 Highland Dr #156,Monroe,CT,06468,209900,1,1.5,Monroe,1011,,1992,164,208,350,Active,,,http://www.redfin.com/CT/Monroe/156-Highland-Dr-06468/unit-156/home/169959706,Smart MLS,170254372,N,Y,41.362339,-73.1946296
MLS Listing,,Single Family Residential,25 Old Fawn Hill Rd,Monroe,CT,06468,274000,4,2.0,Monroe,3441,87120,1928,195,80,,Active,,,http://www.redfin.com/CT/Monroe/25-Old-Fawn-Hill-Rd-06468/home/107069617,Smart MLS,170247781,N,Y,41.3527459,-73.2295072
MLS Listing,,Single Family Residential,43 Secret Hollow Rd #43,Monroe,CT,06468,438500,3,2.5,Stepney,2400,,1995,213,183,140,Active,,,http://www.redfin.com/CT/Monroe/43-Secret-Hollow-Rd-06468/unit-43/home/169305139,Smart MLS,170242221,N,Y,41.3268304,-73.2495944
MLS Listing,,Single Family Residential,104 Sentry Hill Rd,Monroe,CT,06468,479900,3,3.5,Monroe Center,2656,90169,1970,219,181,,Active,,,http://www.redfin.com/CT/Monroe/104-Sentry-Hill-Rd-06468/home/107067356,Smart MLS,170240726,N,Y,41.3521816,-73.2001139
MLS Listing,,Vacant Land,359 Hammertown Rd,Monroe,CT,06468,119900,,,Monroe,,131115,,224,,,Active,,,http://www.redfin.com/CT/Monroe/359-Hammertown-Rd-06468/home/109671623,Smart MLS,170239699,N,Y,41.364134,-73.2247699
MLS Listing,,Single Family Residential,754 Monroe Tpke,Monroe,CT,06468,469000,4,2.5,Monroe Center,2862,17424,1825,231,164,,Active,,,http://www.redfin.com/CT/Monroe/754-Monroe-Tpke-06468/home/107068107,Smart MLS,170237378,N,Y,41.332608,-73.2062431
MLS Listing,,Vacant Land,120 Webb Cir,Monroe,CT,06468,129900,,,Monroe,,709592,,258,,,Active,,,http://www.redfin.com/CT/Monroe/120-Webb-Cir-06468/home/109673585,Smart MLS,170228387,N,Y,41.3628024,-73.1698327
MLS Listing,,Vacant Land,3 Richards Dr,Monroe,CT,06468,159000,,,Monroe,,46609,,325,,,Active,,,http://www.redfin.com/CT/Monroe/3-Richards-Dr-06468/home/109671696,Smart MLS,170029644,N,Y,41.3058726,-73.2067042
MLS Listing,,Vacant Land,2 Highridge Dr,Monroe,CT,06468,159000,,,Monroe,,50529,,325,,,Active,,,http://www.redfin.com/CT/Monroe/2-Highridge-Dr-06468/home/109671702,Smart MLS,170029648,N,Y,41.3061335,-73.2049339
MLS Listing,,Single Family Residential,92 Pepper St,Monroe,CT,06468,629000,4,2.5,Upper Stepney,3000,128502,2019,407,210,,Active,,,http://www.redfin.com/CT/Monroe/92-Pepper-St-06468/home/109671659,Smart MLS,170168534,N,Y,41.3227548,-73.2576498
MLS Listing,,Vacant Land,14 Mountainside Dr,Monroe,CT,06468,99900,,,Upper Stepney,,187308,,420,,,Active,,,http://www.redfin.com/CT/Monroe/14-Mountainside-Dr-06468/home/109672331,Smart MLS,170172918,N,Y,41.3345023,-73.2974314
MLS Listing,,Vacant Land,421 Webb Cir,Monroe,CT,06468,69900,,,Monroe,,40510,,569,,,Active,,,http://www.redfin.com/CT/Monroe/421-Webb-Cir-06468/home/107075862,Smart MLS,170134831,N,Y,41.3639676,-73.1805925
