SALE TYPE,SOLD DATE,PROPERTY TYPE,ADDRESS,CITY,STATE OR PROVINCE,ZIP OR POSTAL CODE,PRICE,BEDS,BATHS,LOCATION,SQUARE FEET,LOT SIZE,YEAR BUILT,DAYS ON MARKET,$/SQUARE FEET,HOA/MONTH,STATUS,NEXT OPEN HOUSE START TIME,NEXT OPEN HOUSE END TIME,URL (SEE http://www.redfin.com/buy-a-home/comparative-market-analysis FOR INFO ON PRICING),SOURCE,MLS#,FAVORITE,INTERESTED,LATITUDE,LONGITUDE
MLS Listing,,Single Family Residential,6 Liberty Hl,New Milford,CT,06755,339999,3,2.0,Gaylordsville,1908,140263,1870,1,178,,Active,,,http://www.redfin.com/CT/Gaylordsville/6-Liberty-Hill-Rd-06755/home/107724472,Smart MLS,170279345,N,Y,41.646935,-73.478775
MLS Listing,,Single Family Residential,4 Wampum Dr,New Milford,CT,06776,269000,3,1.0,New Milford,960,18730,1969,2,280,,Active,,,http://www.redfin.com/CT/New-Milford/4-Wampum-Dr-06776/home/107700603,Smart MLS,170292847,N,Y,41.5398558,-73.4104817
MLS Listing,,Single Family Residential,1 Little Quarry Ln,New Milford,CT,06776,158900,3,1.0,New Milford,1488,65775,1973,2,107,,Active,,,http://www.redfin.com/CT/New-Milford/1-Little-Quarry-Ln-06776/home/107728286,Smart MLS,170293103,N,Y,41.5858264,-73.4600296
MLS Listing,,Single Family Residential,153 Carmen Hill Rd,New Milford,CT,06776,305000,3,1.5,Candlewood Lake,1028,17424,1976,4,297,13,Active,,,http://www.redfin.com/CT/New-Milford/153-Carmen-Hill-Rd-06776/home/107726243,Smart MLS,170292254,N,Y,41.5111027,-73.4331171
MLS Listing,,Single Family Residential,5 Mohawk ACR,New Milford,CT,06776,299000,3,2.0,New Milford,1712,55321,1986,5,175,,Active,,,http://www.redfin.com/CT/New-Milford/5-Mohawk-Acres-06776/home/107728414,Smart MLS,170290445,N,Y,41.6058099,-73.4153724
MLS Listing,,Single Family Residential,3 Mountain View Dr,New Milford,CT,06776,284900,4,2.5,Mountain View Terrace,2252,31363,1970,6,127,,Active,,,http://www.redfin.com/CT/New-Milford/3-Mountain-View-Dr-06776/home/107704168,Smart MLS,170292066,N,Y,41.61299,-73.4023895
MLS Listing,,Condo/Co-op,15 Aspetuck Vlg #15,New Milford,CT,06776,89900,1,1.0,Aspetuck District,578,,1982,7,156,176,Active,,,http://www.redfin.com/CT/New-Milford/15-Aspetuck-Vlg-06776/unit-15/home/171497976,Smart MLS,170290595,N,Y,41.5898031,-73.4209005
MLS Listing,,Single Family Residential,111 Malletts Ln,New Milford,CT,06776,274999,4,2.0,New Milford,1700,10018,1870,7,162,,Active,,,http://www.redfin.com/CT/New-Milford/111-Malletts-Ln-06776/home/107725706,Smart MLS,170291597,N,Y,41.5794175,-73.4027578
MLS Listing,,Single Family Residential,103 Squash Hollow Rd,New Milford,CT,06776,239000,2,1.0,Gaylordsville,1000,20908,1950,8,239,,Active,,,http://www.redfin.com/CT/New-Milford/103-Squash-Hollow-Rd-06776/home/107720345,Smart MLS,170291486,N,Y,41.6171838,-73.4729988
MLS Listing,,Single Family Residential,19 Blue Bonnet Knls,New Milford,CT,06776,189900,3,2.5,New Milford,1531,22651,1950,10,124,,Active,,,http://www.redfin.com/CT/New-Milford/19-Blue-Bonnet-Knls-06776/home/107711370,Smart MLS,170267073,N,Y,41.549439,-73.4214051
MLS Listing,,Vacant Land,2 Candlewood Shr,New Milford,CT,06776,275000,,,Candlewood Lake,,13068,,10,,6,Active,,,http://www.redfin.com/CT/New-Milford/2-Candlewood-Shr-06776/home/107701441,Smart MLS,170290978,N,Y,41.5559031,-73.4451146
MLS Listing,,Single Family Residential,91 Browns Forge Rd,New Milford,CT,06755,395000,3,2.5,Merwinsville,1635,40075,1740,11,242,,Active,,,http://www.redfin.com/CT/Gaylordsville/91-Browns-Forge-Rd-06755/home/107714865,Smart MLS,170289432,N,Y,41.6579252,-73.4719056
MLS Listing,,Single Family Residential,72 Boardman Rd,New Milford,CT,06776,210000,2,1.0,Boardman Bridge,900,24393,1954,11,233,,Active,,,http://www.redfin.com/CT/New-Milford/72-Boardman-Rd-06776/home/107725884,Smart MLS,170290528,N,Y,41.592636,-73.4444241
MLS Listing,,Single Family Residential,4 Grandview Ln,New Milford,CT,06776,439900,4,2.5,New Milford,2733,105850,2001,13,161,,Active,,,http://www.redfin.com/CT/New-Milford/4-Grandview-Ln-06776/home/107720404,Smart MLS,170290300,N,Y,41.6114312,-73.4325236
MLS Listing,,Single Family Residential,52 Housatonic Ave,New Milford,CT,06776,215000,2,1.0,Wellsville,1040,10018,1952,14,207,,Active,,,http://www.redfin.com/CT/New-Milford/52-Housatonic-Ave-06776/home/107717690,Smart MLS,170290080,N,Y,41.5820687,-73.4178599
MLS Listing,,Condo/Co-op,6 Carlson Ridge Ct #6,New Milford,CT,06776,339000,2,2.5,Taylor Terrace,1870,,2003,14,181,345,Active,,,http://www.redfin.com/CT/New-Milford/6-Carlson-Ridge-Ct-06776/unit-6/home/144526513,Smart MLS,170289845,N,Y,41.599321,-73.4082277
MLS Listing,,Single Family Residential,37 Upper Reservoir Dr,New Milford,CT,06776,810000,4,3.0,New Milford,2586,2621571,1986,15,313,,Active,,,http://www.redfin.com/CT/New-Milford/37-Upper-Reservoir-Rd-06776/home/171407332,Smart MLS,170289945,N,Y,41.5920047,-73.3828485
MLS Listing,,Vacant Land,LOTS Upper Reservoir Dr,New Milford,CT,06776,810000,,,New Milford,,2621571,,15,,,Active,,,http://www.redfin.com/CT/New-Milford/375-Danbury-Rd-06776/home/107691736,Smart MLS,170289940,N,Y,41.5292592,-73.4229492
MLS Listing,,Condo/Co-op,39 Aspetuck Vlg #39,New Milford,CT,06776,92000,1,1.0,New Milford,578,,1982,17,159,176,Active,,,http://www.redfin.com/CT/New-Milford/39-Aspetuck-Vlg-06776/unit-39/home/144637101,Smart MLS,170289574,N,Y,41.5901869,-73.4217977
MLS Listing,,Single Family Residential,19 Fox Run,New Milford,CT,06776,335000,4,2.5,Candlewood Lake,2688,84942,1980,18,125,,Active,,,http://www.redfin.com/CT/New-Milford/19-Fox-Run-06776/home/107700948,Smart MLS,170288921,N,Y,41.5719957,-73.4278046
MLS Listing,,Single Family Residential,909 Candlewood Lake Rd S,New Milford,CT,06776,325000,3,2.0,Candlewood Lake,1258,6969,1938,18,258,334,Active,,,http://www.redfin.com/CT/New-Milford/909-Candlewood-Lake-Rd-S-06776/home/107714822,Smart MLS,170289115,N,Y,41.4991463,-73.4411556
MLS Listing,,Single Family Residential,14 Club Dr,New Milford,CT,06776,279000,3,2.0,Candlewood Lake,1573,20037,1934,20,177,173,Active,,,http://www.redfin.com/CT/New-Milford/14-Club-Dr-06776/home/107720911,Smart MLS,170287402,N,Y,41.5428403,-73.4412937
MLS Listing,,Single Family Residential,9 Quail Ridge Rd,New Milford,CT,06755,368900,4,2.5,Gaylordsville,2440,291852,1986,21,151,,Active,,,http://www.redfin.com/CT/Gaylordsville/9-Quail-Ridge-Rd-06755/home/107700882,Smart MLS,170288817,N,Y,41.6551674,-73.4704326
MLS Listing,,Single Family Residential,138 2nd Hill Rd,New Milford,CT,06776,750000,5,3.5,New Milford,3690,153331,2012,22,203,,Active,,,http://www.redfin.com/CT/New-Milford/138-2nd-Hill-Rd-06776/home/107724688,Smart MLS,170288286,N,Y,41.5818136,-73.384086
MLS Listing,,Single Family Residential,38 Upper Reservoir Rd,New Milford,CT,06776,299900,3,3.0,New Milford,1840,54885,1985,25,163,,Active,,,http://www.redfin.com/CT/New-Milford/38-Upper-Reservoir-Rd-06776/home/107710897,Smart MLS,170287922,N,Y,41.5923849,-73.382284
MLS Listing,,Single Family Residential,11 Anderson Ave,New Milford,CT,06776,265000,3,1.5,New Milford,1288,10018,1900,30,206,,Active,,,http://www.redfin.com/CT/New-Milford/11-Anderson-Ave-06776/home/171295284,Smart MLS,170287203,N,Y,41.5659974,-73.4059809
MLS Listing,,Single Family Residential,44 Lillis Rd,New Milford,CT,06776,1975000,5,6.0,New Milford,12283,404236,2006,30,161,,Active,,,http://www.redfin.com/CT/New-Milford/44-Lillis-Rd-06776/home/107720600,Smart MLS,170287060,N,Y,41.5807349,-73.3936873
MLS Listing,,Single Family Residential,5 Bittersweet Blf,New Milford,CT,06776,234900,3,2.5,Northville,1980,84942,1988,34,119,,Active,,,http://www.redfin.com/CT/New-Milford/5-Bittersweet-Blf-06776/home/107704520,Smart MLS,170286310,N,Y,41.6375457,-73.3929962
MLS Listing,,Single Family Residential,4 Pratt Ln,New Milford,CT,06776,349000,4,2.5,Northville,2579,48787,2000,39,135,,Active,,,http://www.redfin.com/CT/New-Milford/4-Pratt-Ln-06776/home/107700960,Smart MLS,170282995,N,Y,41.6216838,-73.3952525
MLS Listing,,Vacant Land,28 Webatuck Rd,New Milford,CT,06755,99900,,,New Milford,,87120,,41,,,Active,,,http://www.redfin.com/CT/Gaylordsville/28-Webatuck-Rd-06755/home/107708214,Smart MLS,170284439,N,Y,41.6452402,-73.4915869
MLS Listing,,Single Family Residential,38 Aspetuck Pines Dr,New Milford,CT,06776,320000,3,2.0,Merryall,1928,33105,1970,42,166,,Active,,,http://www.redfin.com/CT/New-Milford/38-Aspetuck-Pines-Dr-06776/home/107726460,Smart MLS,170284760,N,Y,41.6224528,-73.4345723
MLS Listing,,Vacant Land,3 Bear Ln,New Milford,CT,06776,119900,,,Merryall,,196455,,45,,,Active,,,http://www.redfin.com/CT/New-Milford/3-Bear-Ln-06776/home/107704738,Smart MLS,170283884,N,Y,41.6314975,-73.3983046
MLS Listing,,Condo/Co-op,90 Willow Spgs #90,New Milford,CT,06776,209900,2,1.5,New Milford,1651,,1985,49,127,243,Active,,,http://www.redfin.com/CT/New-Milford/90-Willow-Spgs-06776/unit-90/home/171165470,Smart MLS,170283338,N,Y,41.5425451,-73.4256475
MLS Listing,,Condo/Co-op,12 Terrace Pl Unit 1A,New Milford,CT,06776,85000,1,1.0,New Milford,620,,1968,51,137,200,Active,,,http://www.redfin.com/CT/New-Milford/12-Terrace-Pl-06776/unit-1A/home/171146881,Smart MLS,170281087,N,Y,41.5811284,-73.4135931
MLS Listing,,Single Family Residential,23 Front of the Mountian Rd,New Milford,CT,06755,315000,2,2.0,Gaylordsville,1413,184258,2020,51,223,,Active,,,http://www.redfin.com/CT/New-Milford/23-Front-of-the-Mountain-Rd-06776/home/171146778,Smart MLS,170282146,N,Y,41.6465102,-73.4739718
MLS Listing,,Single Family Residential,9 Sundance Rd,New Milford,CT,06776,399000,4,2.5,New Milford,3245,48351,1999,52,123,,Active,,,http://www.redfin.com/CT/New-Milford/9-Sundance-Rd-06776/home/107728572,Smart MLS,170282185,N,Y,41.5735847,-73.387977
MLS Listing,,Multi-Family (2-4 Unit),104-106 Pumpkin Hill Rd,New Milford,CT,06776,550000,9,6.0,New Milford,5336,30056,1970,52,103,,Active,,,http://www.redfin.com/CT/New-Milford/104-Pumpkin-Hill-Rd-06776/home/171138274,Smart MLS,170282214,N,Y,41.5349971,-73.4110917
MLS Listing,,Single Family Residential,12 Farmview Dr,New Milford,CT,06776,830000,4,4.5,New Milford,5106,66646,2004,56,163,,Active,,,http://www.redfin.com/CT/New-Milford/12-Farmview-Dr-06776/home/107711721,Smart MLS,170276391,N,Y,41.5869227,-73.367577
MLS Listing,,Condo/Co-op,178 Beard Dr #178,New Milford,CT,06776,169900,2,1.5,New Milford,1115,,1994,56,152,222,Active,,,http://www.redfin.com/CT/New-Milford/178-Beard-Dr-06776/unit-178/home/171114659,Smart MLS,170281023,N,Y,41.5714124,-73.4039548
MLS Listing,,Single Family Residential,37 Maplewood Dr,New Milford,CT,06776,424900,4,3.5,New Milford,3000,45738,1988,57,142,,Active,,,http://www.redfin.com/CT/New-Milford/37-Maplewood-Dr-06776/home/107721131,Smart MLS,170279544,N,Y,41.5717519,-73.3832751
MLS Listing,,Single Family Residential,62 Park Ln,New Milford,CT,06776,250000,2,1.5,Park Lane,1197,40075,1939,59,209,,Active,,,http://www.redfin.com/CT/New-Milford/62-Park-Ln-E-06776/home/171045467,Smart MLS,170268803,N,Y,41.5985024,-73.3978475
MLS Listing,,Single Family Residential,61 Bridgewater Rd,New Milford,CT,06776,154900,3,2.0,New Milford,1672,18295,1954,60,93,,Active,,,http://www.redfin.com/CT/New-Milford/61-Bridgewater-Rd-06776/home/107691895,Smart MLS,170266338,N,Y,41.5582593,-73.388403
MLS Listing,,Vacant Land,0 Great Brook Rd,New Milford,CT,06776,105000,,,New Milford,,661676,,62,,,Active,,,http://www.redfin.com/CT/NEW-MILFORD/GREAT-BROOK-RD-06776/home/107714802,Smart MLS,170279342,N,Y,41.597759,-73.394211
MLS Listing,,Vacant Land,0 Indian Trail Rd,New Milford,CT,06776,199900,,,Merryall,,585882,,63,,,Active,,,http://www.redfin.com/CT/NEW-MILFORD/INDIAN-TRAIL-RD-06776/home/107714104,Smart MLS,170278996,N,Y,41.654373,-73.452363
MLS Listing,,Single Family Residential,8 Hardwood Cir #6,New Milford,CT,06776,449900,2,2.5,New Milford,2700,,2020,64,167,240,Active,,,http://www.redfin.com/CT/New-Milford/8-Hardwood-Cir-06776/unit-6/home/170962342,Smart MLS,170278674,N,Y,41.5971869,-73.427283
MLS Listing,,Single Family Residential,6 Hardwood Cir #6,New Milford,CT,06776,429900,2,2.5,New Milford,2500,,2020,64,172,240,Active,,,http://www.redfin.com/CT/New-Milford/6-Hardwood-Cir-06776/unit-6/home/170960375,Smart MLS,170278642,N,Y,41.5971869,-73.427283
MLS Listing,,Single Family Residential,16 Hemlock Rdg,New Milford,CT,06776,550000,3,2.5,Candlewood Lake,3433,33541,2007,67,160,,Active,,,http://www.redfin.com/CT/New-Milford/16-Hemlock-Rdg-06776/home/107726191,Smart MLS,170276561,N,Y,41.5200422,-73.4337516
MLS Listing,,Single Family Residential,138 Stilson Hill Rd,New Milford,CT,06776,1245000,4,4.0,New Milford,5549,269636,2001,67,224,,Active,,,http://www.redfin.com/CT/New-Milford/138-Stilson-Hill-Rd-06776/home/107701178,Smart MLS,170277009,N,Y,41.5969615,-73.4706679
MLS Listing,,Single Family Residential,9 Fair Oaks Cir,New Milford,CT,06776,479000,4,3.5,New Milford,3578,81021,1995,72,134,,Active,,,http://www.redfin.com/CT/New-Milford/9-Fair-Oaks-Cir-06776/home/107728620,Smart MLS,170276108,N,Y,41.5742578,-73.3926508
MLS Listing,,Single Family Residential,97 Pumpkin Hill Rd,New Milford,CT,06776,599000,4,4.0,Pumpkin Hill,3202,132422,1979,72,187,,Active,,,http://www.redfin.com/CT/New-Milford/97-Pumpkin-Hill-Rd-06776/home/107728847,Smart MLS,170275834,N,Y,41.535778,-73.4110651
MLS Listing,,Vacant Land,337 Litchfield Rd,New Milford,CT,06776,49900,,,Northville,,75794,,72,,,Active,,,http://www.redfin.com/CT/New-Milford/337-Litchfield-Rd-06776/home/144514088,Smart MLS,170274826,N,Y,41.6351422,-73.3918026
MLS Listing,,Condo/Co-op,12 Terrace Pl #2,New Milford,CT,06776,77000,1,1.0,New Milford,620,,1968,74,124,200,Active,,,http://www.redfin.com/CT/New-Milford/12-Terrace-Pl-06776/unit-2/home/107728766,Smart MLS,170274963,N,Y,41.5811156,-73.4138463
MLS Listing,,Single Family Residential,43 Cherniske Rd,New Milford,CT,06776,1995000,4,5.5,Upper Merryall,4042,2178000,1987,78,494,,Active,,,http://www.redfin.com/CT/New-Milford/43-Cherniske-Rd-06776/home/107728689,Smart MLS,170248078,N,Y,41.6719259,-73.4099954
MLS Listing,,Single Family Residential,43 Maplewood Dr,New Milford,CT,06776,459000,4,2.5,Pleasant View,2434,84070,1996,78,189,,Active,,,http://www.redfin.com/CT/New-Milford/43-Maplewood-Dr-06776/home/107714027,Smart MLS,170273900,N,Y,41.5719536,-73.3851681
MLS Listing,,Vacant Land,145 Homestead Dr,New Milford,CT,06776,139000,,,Northville,,702187,,79,,,Active,,,http://www.redfin.com/CT/New-Milford/23-Stone-Tent-Rd-06776/home/107691865,Smart MLS,170273054,N,Y,41.6204554,-73.3984501
MLS Listing,,Vacant Land,28 Ivy Cir,New Milford,CT,06776,169000,,,Northville,,939589,,81,,,Active,,,http://www.redfin.com/CT/New-Milford/28-Ivy-CIR-06776/home/170583159,Smart MLS,170273034,N,Y,41.637576,-73.362493
MLS Listing,,Single Family Residential,12 Mountain Dr,New Milford,CT,06776,549000,3,3.5,Candlewood Lake,2200,43560,2020,81,250,482,Active,,,http://www.redfin.com/CT/New-Milford/12-Mountain-Dr-06776/home/107728351,Smart MLS,170272509,N,Y,41.4991742,-73.4403558
MLS Listing,,Single Family Residential,14 Candlewood Mountain Rd,New Milford,CT,06776,78500,2,1.0,New Milford,840,,1979,82,93,475,Active,,,http://www.redfin.com/CT/New-Milford/14-Candlewood-Mountain-Rd-06776/home/107720887,Smart MLS,170270735,N,Y,41.5946629,-73.4620575
MLS Listing,,Single Family Residential,156 Lone Oak Dr,New Milford,CT,06776,217400,2,1.5,Candlewood Lake,888,21780,1966,83,245,,Active,,,http://www.redfin.com/CT/New-Milford/156-Lone-Oak-Dr-06776/home/107725780,Smart MLS,170272641,N,Y,41.5370183,-73.4291398
MLS Listing,,Single Family Residential,78 Bonnie Vu Ln,New Milford,CT,06776,375000,4,3.0,New Milford,2348,105850,2017,88,160,,Active,,,http://www.redfin.com/CT/New-Milford/78-Bonnie-Vu-Ln-06776/home/107700282,Smart MLS,170270802,N,Y,41.5966339,-73.3637085
MLS Listing,,Vacant Land,38 Lanesville Rd,New Milford,CT,06776,574900,,,New Milford,,83635,,88,,,Active,,,http://www.redfin.com/CT/New-Milford/38-Lanesville-Rd-06776/home/107696701,Smart MLS,170271008,N,Y,41.5370916,-73.4183203
MLS Listing,,Single Family Residential,39 Walker Brook Dr,New Milford,CT,06776,449900,4,3.0,Walker Brook Estates,3171,78408,2001,94,142,100,Active,,,http://www.redfin.com/CT/New-Milford/39-Walker-Brook-Dr-06776/home/107714238,Smart MLS,170265500,N,Y,41.6310889,-73.3613368
MLS Listing,,Condo/Co-op,15 Fordyce Ct #8,New Milford,CT,06776,115000,1,1.0,New Milford,692,,1970,94,166,292,Active,,,http://www.redfin.com/CT/New-Milford/15-Fordyce-Ct-06776/unit-8/home/107728316,Smart MLS,170269089,N,Y,41.5639218,-73.3994166
MLS Listing,,Single Family Residential,66 Beardsley Rd,New Milford,CT,06776,424900,4,2.5,Mine Hill,2698,60112,1992,95,157,6,Active,,,http://www.redfin.com/CT/New-Milford/66-Beardsley-Rd-06776/home/107725970,Smart MLS,170268467,N,Y,41.5720852,-73.3479118
MLS Listing,,Single Family Residential,31 Squire Hill Rd,New Milford,CT,06776,398900,5,3.5,Northville,2391,87120,2001,95,167,,Active,,,http://www.redfin.com/CT/New-Milford/31-Squire-Hill-Rd-06776/home/107701193,Smart MLS,170268904,N,Y,41.6486413,-73.4174916
MLS Listing,,Single Family Residential,48 Bullymuck Rd,New Milford,CT,06776,379900,4,2.5,New Milford,2640,87120,1987,95,144,,Active,,,http://www.redfin.com/CT/New-Milford/48-Bullymuck-Rd-06776/home/107720360,Smart MLS,170266927,N,Y,41.5789382,-73.4686835
MLS Listing,,Condo/Co-op,83 Glen Ridge Ct #83,New Milford,CT,06776,110000,1,1.0,Aspetuck District,682,,1991,97,161,198,Active,,,http://www.redfin.com/CT/New-Milford/83-Glen-Ridge-Ct-06776/unit-83/home/170482160,Smart MLS,170267449,N,Y,41.5844578,-73.4225338
MLS Listing,,Single Family Residential,201 Stilson Hill Rd,New Milford,CT,06776,995000,3,3.0,New Milford,2562,457380,1935,98,388,,Active,,,http://www.redfin.com/CT/New-Milford/201-Stilson-Hill-Rd-06776/home/107708043,Smart MLS,170268230,N,Y,41.6088124,-73.4802401
MLS Listing,,Condo/Co-op,112 Sullivan Farm #112,New Milford,CT,06776,389000,2,3.5,Candlewood Lake,2260,,1993,103,172,425,Active,,,http://www.redfin.com/CT/New-Milford/112-Sullivan-Farm-06776/unit-112/home/167690360,Smart MLS,170266397,N,Y,41.52742,-73.431189
MLS Listing,,Single Family Residential,3 Ormsby Ln,New Milford,CT,06776,549000,4,3.0,New Milford,3010,74487,2001,105,182,,Active,,,http://www.redfin.com/CT/New-Milford/3-Ormsby-Ln-06776/home/107717212,Smart MLS,170266335,N,Y,41.5133692,-73.4288175
MLS Listing,,Single Family Residential,10 Candlewood Cmn,New Milford,CT,06776,595000,3,3.5,Candlewood Lake,4982,32670,1982,106,119,,Active,,,http://www.redfin.com/CT/New-Milford/10-Candlewood-Cmn-06776/home/107714092,Smart MLS,170266225,N,Y,41.5570817,-73.4459566
MLS Listing,,Condo/Co-op,83 West St #5,New Milford,CT,06776,139900,1,1.0,New Milford,1100,,1988,111,127,210,Active,,,http://www.redfin.com/CT/New-Milford/83-West-St-06776/unit-5/home/107700437,Smart MLS,170264842,N,Y,41.5714226,-73.4100607
MLS Listing,,Single Family Residential,90 Weathervane Dr,New Milford,CT,06776,629900,4,2.5,New Milford,4050,75358,2005,113,156,18,Active,,,http://www.redfin.com/CT/New-Milford/90-Weathervane-Dr-06776/home/107728471,Smart MLS,170264196,N,Y,41.6227545,-73.3686246
MLS Listing,,Condo/Co-op,10 Fiddlehead Dr,New Milford,CT,06776,245000,1,2.0,New Milford,1459,,2017,114,168,255,Active,,,http://www.redfin.com/CT/New-Milford/10-Fiddlehead-Dr-06776/home/107704530,Smart MLS,170261198,N,Y,41.5928297,-73.4536628
MLS Listing,,Condo/Co-op,8 Fiddlehead Dr,New Milford,CT,06776,245000,1,2.0,New Milford,1459,,2018,114,168,255,Active,,,http://www.redfin.com/CT/New-Milford/8-Fiddlehead-Dr-06776/home/107704619,Smart MLS,170261194,N,Y,41.5928339,-73.4536108
MLS Listing,,Condo/Co-op,6 Fiddlehead Dr,New Milford,CT,06776,245000,1,2.0,New Milford,1459,,2018,114,168,255,Active,,,http://www.redfin.com/CT/New-Milford/6-Fiddlehead-Dr-06776/home/107724166,Smart MLS,170259791,N,Y,41.5928381,-73.4535588
MLS Listing,,Single Family Residential,145 Weathervane Dr,New Milford,CT,06776,499900,3,2.5,New Milford,2800,60983,2020,115,179,18,Active,,,http://www.redfin.com/CT/New-Milford/145-Weathervane-Dr-06776/home/107704918,Smart MLS,170263615,N,Y,41.6218536,-73.3669135
MLS Listing,,Vacant Land,150 Weathervane Dr,New Milford,CT,06776,85000,,,New Milford,,60548,,115,,15,Active,,,http://www.redfin.com/CT/New-Milford/150-Weathervane-Dr-06776/home/107728391,Smart MLS,170263613,N,Y,41.6214702,-73.368444
MLS Listing,,Condo/Co-op,157 Aspetuck Vlg #157,New Milford,CT,06776,92000,1,1.0,New Milford,608,,1983,115,151,180,Active,,,http://www.redfin.com/CT/New-Milford/157-Aspetuck-Vlg-06776/unit-157/home/170280893,Smart MLS,170263609,N,Y,41.5873659,-73.4208284
MLS Listing,,Vacant Land,85 Weathervane Dr,New Milford,CT,06776,85000,,,New Milford,,62726,,115,,18,Active,,,http://www.redfin.com/CT/New-Milford/85-Weathervane-Dr-06776/home/107692327,Smart MLS,170263612,N,Y,41.6232782,-73.367873
MLS Listing,,Vacant Land,27 Weathervane Dr,New Milford,CT,06776,72500,,,New Milford,,95396,,115,,18,Active,,,http://www.redfin.com/CT/New-Milford/27-Weathervane-Dr-06776/home/107711670,Smart MLS,170263604,N,Y,41.624318,-73.3694608
MLS Listing,,Vacant Land,32 Weathervane Dr,New Milford,CT,06776,72500,,,New Milford,,95396,,115,,15,Active,,,http://www.redfin.com/CT/New-Milford/32-Weathervane-Dr-06776/home/107724270,Smart MLS,170263576,N,Y,41.6236038,-73.3700213
MLS Listing,,Single Family Residential,140 Sherry Ln,New Milford,CT,06776,999000,3,3.0,Candlewood Point,2100,15245,2013,120,476,120,Active,,,http://www.redfin.com/CT/New-Milford/140-Sherry-Ln-06776/home/107696348,Smart MLS,170260948,N,Y,41.5337663,-73.4382553
MLS Listing,,Single Family Residential,19 Birchwood Dr,New Milford,CT,06776,265000,3,1.0,Park Lane,1094,16552,1970,120,242,,Active,,,http://www.redfin.com/CT/New-Milford/19-Birchwood-Dr-06776/home/107700372,Smart MLS,170262289,N,Y,41.596007,-73.4107923
MLS Listing,,Single Family Residential,678 Kent Rd,New Milford,CT,06755,351900,3,2.5,Gaylordsville,2969,27442,1949,121,119,,Active,,,http://www.redfin.com/CT/Gaylordsville/678-Kent-Rd-06755/home/107704468,Smart MLS,170262155,N,Y,41.6430039,-73.48375
MLS Listing,,Vacant Land,319 Kent Rd,New Milford,CT,06776,200000,,,New Milford,,230432,,121,,,Active,,,http://www.redfin.com/CT/New-Milford/319-Kent-Rd-06776/home/107707332,Smart MLS,170261202,N,Y,41.5928155,-73.4549785
MLS Listing,,Vacant Land,13 Mountain Dr,New Milford,CT,06776,159000,,,Candlewood Lake,,91476,,123,,478,Active,,,http://www.redfin.com/CT/New-Milford/13-Mountain-Dr-06776/home/107707536,Smart MLS,170261442,N,Y,41.4993803,-73.4391168
MLS Listing,,Condo/Co-op,16 Fordyce Ct #12,New Milford,CT,06776,132900,3,1.0,New Milford,941,,1970,125,141,342,Active,,,http://www.redfin.com/CT/New-Milford/16-Fordyce-Ct-06776/unit-12/home/107714793,Smart MLS,170260980,N,Y,41.5651858,-73.4008759
MLS Listing,,Single Family Residential,180 Weathervane Dr,New Milford,CT,06776,625000,4,2.5,Chestnut Land,4078,69696,2007,130,153,17,Active,,,http://www.redfin.com/CT/New-Milford/180-Weathervane-Dr-06776/home/107711757,Smart MLS,170256907,N,Y,41.6205642,-73.3677957
MLS Listing,,Condo/Co-op,22 Twin Oaks #22,New Milford,CT,06776,190000,2,1.5,New Milford,1937,,1988,132,98,318,Active,,,http://www.redfin.com/CT/New-Milford/22-Twin-Oaks-06776/unit-22/home/170172531,Smart MLS,170251390,N,Y,41.6111067,-73.4531055
MLS Listing,,Vacant Land,1 Timothy Ln,New Milford,CT,06776,1100000,,,New Milford,,6093172,,138,,,Active,,,http://www.redfin.com/CT/New-Milford/1-Timothy-Ln-06776/home/107717423,Smart MLS,170259191,N,Y,41.5928325,-73.4280314
MLS Listing,,Single Family Residential,21 Maple Ln,New Milford,CT,06776,369900,6,3.0,Birch Groves,2921,37026,1935,156,127,225,Active,,,http://www.redfin.com/CT/New-Milford/21-Maple-Ln-06776/home/107696527,Smart MLS,170256118,N,Y,41.549434,-73.4383473
MLS Listing,,Single Family Residential,19 Candlewood Vis,New Milford,CT,06776,479900,4,3.5,Candlewood Lake,3743,23522,2000,159,128,42,Active,,,http://www.redfin.com/CT/New-Milford/19-Candlewood-Vis-06776/home/107700694,Smart MLS,170255441,N,Y,41.5616934,-73.4467719
MLS Listing,,Condo/Co-op,5 Wishing Well Ln #5,New Milford,CT,06776,119900,2,1.5,New Milford,1040,,2006,169,115,355,Active,,,http://www.redfin.com/CT/New-Milford/5-Wishing-Well-Ln-06776/unit-5/home/144522157,Smart MLS,170254079,N,Y,41.5792272,-73.4239558
MLS Listing,,Single Family Residential,25 Jefferson Dr,New Milford,CT,06776,515000,7,4.5,Meadowbrook,4200,39639,1973,169,123,,Active,,,http://www.redfin.com/CT/New-Milford/25-Jefferson-Dr-06776/home/107704150,Smart MLS,170253829,N,Y,41.5704289,-73.3673237
MLS Listing,,Single Family Residential,28 Merryall Rd,New Milford,CT,06776,389500,4,3.5,Aspetuck District,2019,59677,1971,172,193,,Active,,,http://www.redfin.com/CT/New-Milford/28-Merryall-Rd-06776/home/107724320,Smart MLS,170253404,N,Y,41.6038261,-73.4178781
MLS Listing,,Single Family Residential,17 Saddle Ridge Rd,New Milford,CT,06776,319900,4,2.5,New Milford,3120,87991,1974,175,103,,Active,,,http://www.redfin.com/CT/New-Milford/17-Saddle-Ridge-Rd-06776/home/107701065,Smart MLS,170252820,N,Y,41.6155467,-73.375868
MLS Listing,,Single Family Residential,17 Charterhouse Rd,New Milford,CT,06776,219900,2,1.0,Park Lane,1042,21780,1968,178,211,,Active,,,http://www.redfin.com/CT/New-Milford/17-Charterhouse-Rd-06776/home/107720476,Smart MLS,170251826,N,Y,41.6111033,-73.3845234
MLS Listing,,Vacant Land,75 2nd Hill Rd,New Milford,CT,06776,129900,,,New Milford,,269200,,180,,,Active,,,http://www.redfin.com/CT/New-Milford/75-2nd-Hill-Rd-06776/home/107724572,Smart MLS,170251533,N,Y,41.5893121,-73.394216
MLS Listing,,Single Family Residential,66 Hartwell Rd,New Milford,CT,06776,975000,5,4.0,New Milford,4730,2620569,1991,188,206,,Active,,,http://www.redfin.com/CT/New-Milford/66-Hartwell-Rd-06776/home/107714436,Smart MLS,170239632,N,Y,41.5903511,-73.3530147
MLS Listing,,Single Family Residential,180 Sawyer Hill Rd,New Milford,CT,06776,665000,5,4.5,Northville,4982,60112,2007,193,133,,Active,,,http://www.redfin.com/CT/New-Milford/180-Sawyer-Hill-Rd-06776/home/107718140,Smart MLS,170244422,N,Y,41.6749635,-73.388898
MLS Listing,,Vacant Land,1 Lesh Ln,New Milford,CT,06776,199500,,,Lower Merryall,,348044,,195,,,Active,,,http://www.redfin.com/CT/New-Milford/1-Lesh-Ln-06776/home/107691647,Smart MLS,170247774,N,Y,41.613803,-73.4219371
MLS Listing,,Condo/Co-op,7 Twin Oaks #7,New Milford,CT,06776,210000,2,1.5,New Milford,1937,,1988,199,108,359,Active,,,http://www.redfin.com/CT/New-Milford/7-Twin-Oaks-06776/unit-7/home/144526807,Smart MLS,170246597,N,Y,41.6096356,-73.4539541
MLS Listing,,Condo/Co-op,unit 31 Twin Oaks Route 7 North St #31,New Milford,CT,06776,169900,2,1.5,Gaylordsville,3557,,1984,207,48,300,Active,,,http://www.redfin.com/CT/New-Milford/31-Twin-Oaks-06776/unit-31/home/169415975,Smart MLS,170244295,N,Y,41.6104764,-73.4539567
MLS Listing,,Single Family Residential,9 Mcnulty Dr,New Milford,CT,06776,319900,3,2.5,Northville,2140,80586,1993,210,149,,Active,,,http://www.redfin.com/CT/New-Milford/9-McNulty-Dr-06776/home/107717521,Smart MLS,170242827,N,Y,41.653456,-73.3875166
MLS Listing,,Multi-Family (2-4 Unit),6 Wellsville Ave,New Milford,CT,06776,279900,5,2.0,Wellsville,2562,7840,1914,217,109,,Active,,,http://www.redfin.com/CT/New-Milford/6-Wellsville-Ave-06776/home/107717321,Smart MLS,170241753,N,Y,41.5805822,-73.4153161
MLS Listing,,Single Family Residential,799 Candlewood Lake Rd S,New Milford,CT,06776,1000000,4,2.5,Candlewood Lake,2520,28749,1996,234,397,,Active,,,http://www.redfin.com/CT/New-Milford/799-Candlewood-Lake-Rd-S-06776/home/107707518,Smart MLS,170233915,N,Y,41.5144878,-73.4396133
MLS Listing,,Vacant Land,5 Anthonys Ln,New Milford,CT,06776,84900,,,New Milford,,76665,,239,,,Active,,,http://www.redfin.com/CT/New-Milford/5-Mead-Ln-06776/home/170158740,Smart MLS,170234842,N,Y,41.586597,-73.389695
MLS Listing,,Vacant Land,278 Pumpkin Hill Rd,New Milford,CT,06776,150000,,,New Milford,,367646,,241,,,Active,,,http://www.redfin.com/CT/New-Milford/278-Pumpkin-Hill-Rd-06776/home/144763931,Smart MLS,170234129,N,Y,41.5114435,-73.403185
MLS Listing,,Single Family Residential,492 Kent Rd,New Milford,CT,06776,499000,4,3.0,Gaylordsville,2784,81021,2002,248,179,,Active,,,http://www.redfin.com/CT/New-Milford/492-Kent-Rd-06776/home/107691921,Smart MLS,170231632,N,Y,41.6225671,-73.4634844
MLS Listing,,Single Family Residential,184 Chestnut Land Rd,New Milford,CT,06776,425000,4,2.5,Chestnut Land,2392,94089,1860,254,178,,Active,,,http://www.redfin.com/CT/New-Milford/184-Chestnut-Land-Rd-06776/home/107701310,Smart MLS,170229583,N,Y,41.6132732,-73.3863654
MLS Listing,,Vacant Land,352 Candlewood Lake Rd N,New Milford,CT,06776,13500,,,Candlewood Lake,,13503,,260,,,Active,,,http://www.redfin.com/CT/New-Milford/352-Candlewood-Lake-Rd-N-06776/home/168700682,Smart MLS,170228453,N,Y,41.5502749,-73.4370559
MLS Listing,,Single Family Residential,14 Greenwood Rd,New Milford,CT,06776,1690000,4,3.5,New Milford,5946,87555,1986,268,284,,Active,,,http://www.redfin.com/CT/New-Milford/14-Greenwood-Rd-06776/home/107717278,Smart MLS,170224294,N,Y,41.5497298,-73.4403341
MLS Listing,,Single Family Residential,1 Everwood Dr,New Milford,CT,06776,575000,4,3.5,New Milford,3500,176418,2019,282,164,,Active,,,http://www.redfin.com/CT/New-Milford/1-Everwood-Dr-06776/home/107724342,Smart MLS,170221629,N,Y,41.6085222,-73.4576591
MLS Listing,,Single Family Residential,10 Elizabeth Ln,New Milford,CT,06776,1895000,5,4.0,New Milford,5000,676922,2019,286,379,,Active,,,http://www.redfin.com/CT/New-Milford/10-Elizabeth-Ln-06776/home/107717523,Smart MLS,170218824,N,Y,41.519825,-73.403701
MLS Listing,,Single Family Residential,3 Apple Ln,New Milford,CT,06776,750000,3,2.0,Candlewood Lake,1906,25700,1939,289,393,250,Active,,,http://www.redfin.com/CT/New-Milford/3-Apple-Ln-06776/home/107696400,Smart MLS,170219235,N,Y,41.546884,-73.441662
MLS Listing,,Vacant Land,92 Perry Dr,New Milford,CT,06776,50000,,,Candlewood Lake,,23958,,293,,,Active,,,http://www.redfin.com/CT/New-Milford/92-Perry-Dr-06776/home/107711410,Smart MLS,170218290,N,Y,41.5417447,-73.4337098
MLS Listing,,Condo/Co-op,15 Fordyce Ct #12,New Milford,CT,06776,150000,3,1.0,New Milford,940,,1970,294,160,425,Active,,,http://www.redfin.com/CT/New-Milford/15-Fordyce-Ct-06776/unit-12/home/107701264,Smart MLS,170217647,N,Y,41.5639218,-73.3994166
MLS Listing,,Single Family Residential,1 Wades Lndg,New Milford,CT,06776,449000,4,2.5,Northville,2849,61419,2005,296,158,,Active,,,http://www.redfin.com/CT/New-Milford/1-Wades-Lndg-06776/home/107725616,Smart MLS,170217325,N,Y,41.6084184,-73.3853523
MLS Listing,,Single Family Residential,616 Long Mountain Rd,New Milford,CT,06776,479000,2,2.0,Gaylordsville,1633,147232,1983,302,293,,Active,,,http://www.redfin.com/CT/NEW-MILFORD/616-LONG-MOUNTAIN-RD-06776/home/107704094,Smart MLS,170215108,N,Y,41.660045,-73.470767
MLS Listing,,Single Family Residential,82 Aspetuck Ridge Rd,New Milford,CT,06776,215000,2,2.0,New Milford,1352,87120,1934,304,159,,Active,,,http://www.redfin.com/CT/New-Milford/82-Aspetuck-Ridge-Rd-06776/home/107717903,Smart MLS,170214362,N,Y,41.5940643,-73.4265603
MLS Listing,,Vacant Land,4 Deer Woods Dr,New Milford,CT,06776,49900,,,Merryall,,71002,,311,,,Active,,,http://www.redfin.com/CT/New-Milford/4-Deer-Woods-Dr-06776/home/144523212,Smart MLS,170212659,N,Y,41.6166871,-73.445065
MLS Listing,,Single Family Residential,60 Crossmon Rd,New Milford,CT,06776,699000,3,1.0,Northville,1227,4944931,1837,316,570,,Active,,,http://www.redfin.com/CT/New-Milford/60-Crossmon-Rd-06776/home/107726392,Smart MLS,170210828,N,Y,41.6351598,-73.3816486
MLS Listing,,Single Family Residential,1 Kiara Ct,New Milford,CT,06776,699000,4,3.0,HARVEST VIEW ESTATES,5116,87120,2008,337,137,,Active,October-4-2020 12:00 PM,October-4-2020 02:00 PM,http://www.redfin.com/CT/New-Milford/1-Kiara-Ct-06776/home/107728364,Smart MLS,170203208,N,Y,41.5617393,-73.3869639
MLS Listing,,Vacant Land,106 Candlewood Mountain Rd Unit a,New Milford,CT,06776,275000,,,Candlewood Lake,,80586,,353,,6,Active,,,http://www.redfin.com/CT/New-Milford/106-Candlewood-Mountain-Rd-06776/unit-a/home/166764837,Smart MLS,170197620,N,Y,41.5855218,-73.4623973
MLS Listing,,Vacant Land,106 Candlewood Mountain Rd,New Milford,CT,06776,159000,,,Candlewood Lake,,48351,,353,,6,Active,,,http://www.redfin.com/CT/New-Milford/106-Candlewood-Mountain-Rd-06776/home/166764777,Smart MLS,170197615,N,Y,41.5855218,-73.4623973
MLS Listing,,Vacant Land,103 Candlewood Mountain Rd,New Milford,CT,06776,159000,,,Candlewood Lake,,30927,,353,,6,Active,,,http://www.redfin.com/CT/New-Milford/103-Candlewood-Mountain-Rd-06776/home/166764656,Smart MLS,170197598,N,Y,41.5853102,-73.4610512
MLS Listing,,Vacant Land,399 Kent Rd,New Milford,CT,06776,480000,,,New Milford,,3049200,,354,,,Active,,,http://www.redfin.com/CT/New-Milford/399-Kent-Rd-06776/home/107710839,Smart MLS,170197090,N,Y,41.6034975,-73.4610452
MLS Listing,,Vacant Land,999 Crossmon Rd,New Milford,CT,06776,135000,,,Northville,,291852,,389,,,Active,,,http://www.redfin.com/CT/New-Milford/999-Crossmon-Rd-06776/home/171436535,Smart MLS,170183957,N,Y,41.638342,-73.383466
MLS Listing,,Vacant Land,45 New Preston Hill Rd,New Milford,CT,06776,99900,,,Northville,,87120,,396,,,Active,,,http://www.redfin.com/CT/New-Milford/45-New-Preston-Hill-Rd-06776/home/107696402,Smart MLS,170181506,N,Y,41.6721467,-73.3815543
MLS Listing,,Condo/Co-op,10 Harmony Trl,New Milford,CT,06776,425000,2,2.5,Northville,4423,,2006,419,96,525,Active,,,http://www.redfin.com/CT/New-Milford/10-Harmony-Trl-06776/home/107728402,Smart MLS,170171834,N,Y,41.6347235,-73.3945193
MLS Listing,,Condo/Co-op,15 Fordyce Ct #13,New Milford,CT,06776,125000,2,1.0,New Milford,798,,1970,427,157,363,Active,,,http://www.redfin.com/CT/New-Milford/15-Fordyce-Ct-06776/unit-13/home/107704261,Smart MLS,170170926,N,Y,41.5639218,-73.3994166
MLS Listing,,Vacant Land,139 Stilson Hill Rd,New Milford,CT,06776,125000,,,New Milford,,91476,,427,,,Active,,,http://www.redfin.com/CT/New-Milford/139-Stilson-Hill-Rd-06776/home/107714601,Smart MLS,170170763,N,Y,41.5979405,-73.4722332
MLS Listing,,Condo/Co-op,4 Harry Brook Vlg #4,New Milford,CT,06776,124800,2,1.5,New Milford,891,,1967,434,140,285,Active,,,http://www.redfin.com/CT/New-Milford/4-Harry-Brook-Vlg-06776/unit-4/home/160569171,Smart MLS,170166062,N,Y,41.5374721,-73.4174646
MLS Listing,,Condo/Co-op,52 Sullivan Farm,New Milford,CT,06776,395000,3,3.5,Candlewood Lake,3070,,1989,448,129,533,Active,,,http://www.redfin.com/CT/New-Milford/52-Sullivan-Farm-06776/home/107704575,Smart MLS,170163982,N,Y,41.526577,-73.432918
MLS Listing,,Vacant Land,342 Candlewood Lake Rd N,New Milford,CT,06776,49900,,,Candlewood Lake,,39204,,450,,75,Active,,,http://www.redfin.com/CT/New-Milford/342-Candlewood-Lake-Rd-N-06776/home/107704842,Smart MLS,170164080,N,Y,41.5521377,-73.4379246
MLS Listing,,Single Family Residential,75 Old Town Park Rd,New Milford,CT,06776,365500,3,2.0,Candlewood Lake,2826,130244,1987,459,129,,Active,,,http://www.redfin.com/CT/New-Milford/75-Old-Town-Park-Rd-06776/home/107720590,Smart MLS,170161308,N,Y,41.5309106,-73.4320402
MLS Listing,,Single Family Residential,121 Indian Trail Rd,New Milford,CT,06776,1595000,4,5.5,Merryall,6400,470883,2000,465,249,,Active,,,http://www.redfin.com/CT/New-Milford/121-Indian-Trail-Rd-06776/home/107701046,Smart MLS,170159360,N,Y,41.6498264,-73.4518965
MLS Listing,,Vacant Land,95 Paper Mill Rd,New Milford,CT,06776,395000,,,New Milford,,2935944,,542,,,Active,,,http://www.redfin.com/CT/New-Milford/95-Paper-Mill-Rd-06776/home/148118639,Smart MLS,170143682,N,Y,41.61581,-73.4073692
MLS Listing,,Single Family Residential,130 Old Hayrake Ln,New Milford,CT,06776,560000,4,2.5,Northville,4352,95832,2006,543,129,21,Active,,,http://www.redfin.com/CT/New-Milford/130-Old-Hayrake-Ln-06776/home/107728170,Smart MLS,170143568,N,Y,41.618142,-73.3681526
MLS Listing,,Single Family Residential,51 Webatuck Rd,New Milford,CT,06755,459000,3,2.0,Gaylordsville,1500,64033,2018,611,306,,Active,,,http://www.redfin.com/CT/Gaylordsville/51-Webatuck-Rd-06755/home/107724664,Smart MLS,170121311,N,Y,41.6445245,-73.4917211
MLS Listing,,Vacant Land,430432 Long Mountain Rd,New Milford,CT,06776,399900,,,Merryall,,2229836,,655,,,Active,,,http://www.redfin.com/CT/New-Milford/430432-Long-Mountain-Rd-06776/home/146665527,Smart MLS,170107066,N,Y,41.639739,-73.460287
MLS Listing,,Vacant Land,3/52 Outlook Rd,New Milford,CT,06776,48900,,,New Milford,,108900,,701,,,Active,,,http://www.redfin.com/CT/New-Milford/52-Outlook-Rd-06776/home/144533881,Smart MLS,170093129,N,Y,41.582196,-73.3946306
MLS Listing,,Vacant Land,48 River Rd,New Milford,CT,06776,39900,,,New Milford,,31798,,702,,,Active,,,http://www.redfin.com/CT/New-Milford/48-River-Rd-06776/home/107704546,Smart MLS,170092342,N,Y,41.5983907,-73.4512027
MLS Listing,,Vacant Land,0000 Hall Ln,New Milford,CT,06776,99000,,,Gaylordsville,,87120,,870,,,Active,,,http://www.redfin.com/CT/GAYLORDSVILLE/HALL-LN-06755/home/107692268,Smart MLS,170031167,N,Y,41.639235,-73.488175
MLS Listing,,Vacant Land,15 Buckingham Ln,New Milford,CT,06755,49000,,,Gaylordsville,,62290,,870,,,Active,,,http://www.redfin.com/CT/Gaylordsville/15-Buckingham-Ln-06755/home/107725739,Smart MLS,99189835,N,Y,41.6416712,-73.4909257
MLS Listing,,Vacant Land,155 Stilson Hill Rd,New Milford,CT,06776,125000,,,New Milford,,87120,,870,,,Active,,,http://www.redfin.com/CT/New-Milford/155-Stilson-Hill-Rd-06776/home/107711668,Smart MLS,99106467,N,Y,41.6009844,-73.4741763
MLS Listing,,Vacant Land,0000 Stilson Hill Rd,New Milford,CT,06776,1300000,,,New Milford,,3265693,,871,,,Active,,,http://www.redfin.com/CT/NEW-MILFORD/STILSON-HILL-RD-06776/home/107720690,Smart MLS,99047778,N,Y,41.601136,-73.477715
MLS Listing,,Vacant Land,147 Stilson Hill Rd,New Milford,CT,06776,125000,,,New Milford,,65340,,871,,,Active,,,http://www.redfin.com/CT/New-Milford/147-Stilson-Hill-Rd-06776/home/107710801,Smart MLS,99089642,N,Y,41.5991821,-73.4728587
MLS Listing,,Vacant Land,69 Sunny Valley Rd,New Milford,CT,06776,329900,,,New Milford,,78408,,872,,,Active,,,http://www.redfin.com/CT/New-Milford/69-Sunny-Valley-Rd-06776/home/107696413,Smart MLS,99142151,N,Y,41.5661554,-73.4222683
MLS Listing,,Vacant Land,64 Boardman Rd,New Milford,CT,06776,99900,,,New Milford,,80150,,872,,,Active,,,http://www.redfin.com/CT/New-Milford/64-Boardman-Rd-06776/home/107691589,Smart MLS,99061690,N,Y,41.5897731,-73.4419054
