SALE TYPE,SOLD DATE,PROPERTY TYPE,ADDRESS,CITY,STATE OR PROVINCE,ZIP OR POSTAL CODE,PRICE,BEDS,BATHS,LOCATION,SQUARE FEET,LOT SIZE,YEAR BUILT,DAYS ON MARKET,$/SQUARE FEET,HOA/MONTH,STATUS,NEXT OPEN HOUSE START TIME,NEXT OPEN HOUSE END TIME,URL (SEE http://www.redfin.com/buy-a-home/comparative-market-analysis FOR INFO ON PRICING),SOURCE,MLS#,FAVORITE,INTERESTED,LATITUDE,LONGITUDE
MLS Listing,,Single Family Residential,469 Old Stamford Rd,New Canaan,CT,06840,849500,4,2.5,New Canaan,2543,49658,1965,28,334,,Active,,,http://www.redfin.com/CT/New-Canaan/469-Old-Stamford-Rd-06840/home/107241317,Smart MLS,170282896,N,Y,41.1237425,-73.4981835
MLS Listing,,Condo/Co-op,312 Elm St #10,New Canaan,CT,06840,840000,2,3.5,New Canaan,1914,,1973,1,439,407,Active,,,http://www.redfin.com/CT/New-Canaan/312-Elm-St-06840/unit-10/home/107233843,Smart MLS,170292768,N,Y,41.1452047,-73.5013
MLS Listing,,Single Family Residential,21 Oak St,New Canaan,CT,06840,1495000,4,5.5,New Canaan,3485,,2008,1,429,600,Active,,,http://www.redfin.com/CT/New-Canaan/21-Oak-St-06840/home/107234928,Smart MLS,170292881,N,Y,41.1403621,-73.4899139
MLS Listing,,Single Family Residential,290 Dans Hwy,New Canaan,CT,06840,3200000,6,7.5,New Canaan,9862,89297,2005,1,324,,Active,,,http://www.redfin.com/CT/New-Canaan/290-Dans-Hwy-06840/home/107236382,Smart MLS,170293264,N,Y,41.1712636,-73.5387186
MLS Listing,,Single Family Residential,51 Hoyt St,New Canaan,CT,06840,895000,3,2.5,New Canaan,1692,9583,1940,1,529,,Active,,,http://www.redfin.com/CT/New-Canaan/51-Hoyt-St-06840/home/107234056,Smart MLS,170292243,N,Y,41.1457898,-73.4881074
MLS Listing,,Single Family Residential,16 Brooks Rd,New Canaan,CT,06840,1325000,5,4.5,New Canaan,3053,20473,1960,2,434,,Active,,,http://www.redfin.com/CT/New-Canaan/16-Brooks-Rd-06840/home/107236320,Smart MLS,170293219,N,Y,41.1364297,-73.4902827
MLS Listing,,Single Family Residential,98 Thurton Dr,New Canaan,CT,06840,3095000,5,5.0,New Canaan,7450,57063,2021,3,415,,Active,,,http://www.redfin.com/CT/New-Canaan/98-Thurton-Dr-06840/home/107238090,Smart MLS,170292540,N,Y,41.1291155,-73.5166417
MLS Listing,,Single Family Residential,322 Dans Hwy,New Canaan,CT,06840,3995000,5,6.0,New Canaan,6100,87120,2021,4,655,,Active,,,http://www.redfin.com/CT/New-Canaan/322-Dans-Hwy-06840/home/107238284,Smart MLS,170291910,N,Y,41.1708378,-73.5399265
MLS Listing,,Condo/Co-op,39 Lakeview Ave Unit 5A,New Canaan,CT,06840,1200000,4,3.5,New Canaan,2580,,1986,4,465,727,Active,,,http://www.redfin.com/CT/New-Canaan/39-Lakeview-Ave-06840/unit-5A/home/171531950,Smart MLS,170276397,N,Y,41.144172,-73.486863
MLS Listing,,Condo/Co-op,250 New Norwalk Rd #250,New Canaan,CT,06840,569000,3,2.5,New Canaan,1698,,1980,6,335,483,Active,,,http://www.redfin.com/CT/New-Canaan/250-New-Norwalk-Rd-06840/unit-250/home/167127312,Smart MLS,170292088,N,Y,41.1503919,-73.484754
MLS Listing,,Condo/Co-op,13 Bank St #1,New Canaan,CT,06840,1795000,4,3.5,New Canaan,3850,,1977,7,466,742,Active,,,http://www.redfin.com/CT/New-Canaan/13-Bank-St-06840/unit-1/home/160802417,Smart MLS,170291785,N,Y,41.139925,-73.491163
MLS Listing,,Single Family Residential,14 Meadow Ln,New Canaan,CT,06840,2095000,5,5.5,New Canaan,6037,18295,2005,7,347,,Active,,,http://www.redfin.com/CT/New-Canaan/14-Meadow-Ln-06840/home/107233710,Smart MLS,170278746,N,Y,41.1370297,-73.4878773
MLS Listing,,Single Family Residential,1277 Smith Ridge Rd,New Canaan,CT,06840,1249000,5,3.5,New Canaan,4578,106286,1962,7,273,,Active,,,http://www.redfin.com/CT/New-Canaan/1277-Smith-Ridge-Rd-06840/home/107239967,Smart MLS,170291692,N,Y,41.1967202,-73.5059188
MLS Listing,,Single Family Residential,56 Pequot Ln,New Canaan,CT,06840,4495000,5,7.0,New Canaan,9043,187308,2015,7,497,,Active,,,http://www.redfin.com/CT/New-Canaan/56-Pequot-Ln-06840/home/107234292,Smart MLS,170291700,N,Y,41.1824345,-73.5454482
MLS Listing,,Condo/Co-op,55 Jelliff Mill Rd,New Canaan,CT,06840,1495000,3,3.5,New Canaan,4310,,2014,8,347,1252,Active,,,http://www.redfin.com/CT/New-Canaan/55-Jelliff-Mill-Rd-06840/home/109729335,Smart MLS,170291602,N,Y,41.1188163,-73.5011507
MLS Listing,,Single Family Residential,296 West Hills Rd,New Canaan,CT,06840,1695000,5,4.5,New Canaan,6001,91476,1954,8,282,,Active,,,http://www.redfin.com/CT/New-Canaan/296-W-Hills-Rd-06840/home/107239043,Smart MLS,170291481,N,Y,41.1637957,-73.5307693
MLS Listing,,Single Family Residential,5 Cecil Pl,New Canaan,CT,06840,1499000,4,3.5,New Canaan,4812,24829,1996,8,312,,Active,,,http://www.redfin.com/CT/New-Canaan/5-Cecil-Pl-06840/home/107240737,Smart MLS,170291116,N,Y,41.1363581,-73.4731484
MLS Listing,,Condo/Co-op,51 Heritage Hill Rd #51,New Canaan,CT,06840,525000,2,2.0,Oenoke Ridge,1120,,1965,9,469,722,Active,,,http://www.redfin.com/CT/New-Canaan/51-Heritage-Hill-Rd-06840/unit-51/home/144526293,Smart MLS,170290673,N,Y,41.151281,-73.494122
MLS Listing,,Single Family Residential,145 Turtle Back Rd,New Canaan,CT,06840,2195000,4,5.0,Oenoke Ridge,7865,175546,1996,11,279,,Active,,,http://www.redfin.com/CT/New-Canaan/145-Turtle-Back-Rd-06840/home/107239906,Smart MLS,170284328,N,Y,41.1745739,-73.519524
MLS Listing,,Single Family Residential,96 Juniper Rd,New Canaan,CT,06840,1285000,4,3.0,New Canaan,4010,87120,1971,11,320,,Active,,,http://www.redfin.com/CT/New-Canaan/96-Juniper-Rd-06840/home/107236688,Smart MLS,170288974,N,Y,41.1515166,-73.4645868
MLS Listing,,Single Family Residential,85 Lukes Wood Rd,New Canaan,CT,06840,6395000,6,7.5,New Canaan,11296,233045,1997,12,566,,Active,,,http://www.redfin.com/CT/New-Canaan/85-Lukes-Wood-Rd-06840/home/107240772,Smart MLS,170290489,N,Y,41.1868181,-73.5187126
MLS Listing,,Single Family Residential,70 Seminary St,New Canaan,CT,06840,1299000,3,3.0,New Canaan,2300,11761,2020,12,565,,Active,,,http://www.redfin.com/CT/New-Canaan/70-Seminary-St-06840/home/107240654,Smart MLS,170290399,N,Y,41.1467392,-73.4983695
MLS Listing,,Condo/Co-op,61 Heritage Hill Rd #61,New Canaan,CT,06840,515000,2,2.5,New Canaan,1120,,1965,15,460,723,Active,,,http://www.redfin.com/CT/New-Canaan/61-Heritage-Hill-Rd-06840/unit-61/home/171408212,Smart MLS,170289984,N,Y,41.151564,-73.493899
MLS Listing,,Condo/Co-op,362 MAIN St #362,New Canaan,CT,06840,489000,3,1.5,New Canaan,1122,,1969,18,436,167,Active,,,http://www.redfin.com/CT/New-Canaan/362-Main-St-06840/unit-362/home/171379970,Smart MLS,170289283,N,Y,41.141595,-73.484266
MLS Listing,,Single Family Residential,97 Skyview Ln,New Canaan,CT,06840,3995000,5,6.0,New Canaan,8360,57499,2019,20,478,,Active,,,http://www.redfin.com/CT/New-Canaan/97-Skyview-Ln-06840/home/107240716,Smart MLS,170288951,N,Y,41.1229584,-73.5232224
MLS Listing,,Single Family Residential,27 Raymond St,New Canaan,CT,06840,2149000,6,6.5,New Canaan,6000,15681,2020,21,358,,Active,,,http://www.redfin.com/CT/New-Canaan/27-Raymond-St-06840/home/171367848,Smart MLS,170288796,N,Y,41.1466453,-73.4895039
MLS Listing,,Single Family Residential,486 MAIN St,New Canaan,CT,06840,999000,3,2.5,New Canaan,2486,10890,1998,23,402,,Active,,,http://www.redfin.com/CT/New-Canaan/486-Main-St-06840/home/107241053,Smart MLS,170288333,N,Y,41.1380913,-73.4812954
MLS Listing,,Single Family Residential,132 Pequot Ln,New Canaan,CT,06840,1275000,4,3.5,Oenoke Ridge,3850,177724,1970,24,331,,Active,,,http://www.redfin.com/CT/New-Canaan/132-Pequot-Ln-06840/home/107236421,Smart MLS,170288237,N,Y,41.1848521,-73.5423652
MLS Listing,,Single Family Residential,278 Davenport Ridge Rd,New Canaan,CT,06840,1375000,4,3.5,New Canaan,3976,43560,1956,27,346,,Active,,,http://www.redfin.com/CT/New-Canaan/278-Davenport-Ridge-Rd-06840/home/107235271,Smart MLS,170287406,N,Y,41.1270266,-73.5213932
MLS Listing,,Single Family Residential,81 Richmond Hill Rd,New Canaan,CT,06840,849000,3,1.5,New Canaan,1463,7840,1920,27,580,,Active,,,http://www.redfin.com/CT/New-Canaan/81-Richmond-Hill-Rd-06840/home/107236588,Smart MLS,170283774,N,Y,41.142774,-73.498325
MLS Listing,,Single Family Residential,96 Long Lots Rd,New Canaan,CT,06840,1664250,5,3.5,New Canaan,4012,87120,1980,30,415,,Active,,,http://www.redfin.com/CT/New-Canaan/96-Long-Lots-Rd-06840/home/107241332,Smart MLS,170287084,N,Y,41.1434151,-73.4703866
MLS Listing,,Single Family Residential,1160 Smith Ridge Rd,New Canaan,CT,06840,875000,4,2.0,New Canaan,2379,87991,1958,30,368,,Active,,,http://www.redfin.com/CT/New-Canaan/1160-Smith-Ridge-Rd-06840/home/107236866,Smart MLS,170287054,N,Y,41.1925072,-73.5074375
MLS Listing,,Single Family Residential,96 Woods End Rd,New Canaan,CT,06840,4300000,5,5.5,New Canaan,4378,269200,1930,32,982,,Active,,,http://www.redfin.com/CT/New-Canaan/96-Woods-End-Rd-06840/home/107236830,Smart MLS,170274486,N,Y,41.1444687,-73.508872
MLS Listing,,Vacant Land,133 Woodland Rd,New Canaan,CT,06840,930000,,,New Canaan,,23522,,35,,,Active,,,http://www.redfin.com/CT/New-Canaan/133-Woodland-Rd-06840/home/107234026,Smart MLS,170286335,N,Y,41.1379748,-73.4843447
MLS Listing,,Single Family Residential,35 Charter Oak Ln,New Canaan,CT,06840,4195000,6,8.0,New Canaan,9724,90604,2006,35,431,,Active,,,http://www.redfin.com/CT/New-Canaan/35-Charter-Oak-Ln-06840/home/107238895,Smart MLS,170280689,N,Y,41.1148829,-73.4801908
MLS Listing,,Single Family Residential,262 Lukes Wood Rd,New Canaan,CT,06840,2395000,5,5.0,New Canaan,8822,359370,1997,36,271,,Active,,,http://www.redfin.com/CT/New-Canaan/262-Lukes-Wood-Rd-06840/home/107239900,Smart MLS,170278575,N,Y,41.1960157,-73.5192993
MLS Listing,,Single Family Residential,39 Driftway Ln,New Canaan,CT,06840,2895000,5,6.0,New Canaan,7502,75358,2020,38,386,,Active,,,http://www.redfin.com/CT/New-Canaan/39-Driftway-Ln-06840/home/107237971,Smart MLS,170285291,N,Y,41.1274264,-73.5066822
MLS Listing,,Condo/Co-op,198 Park St #11,New Canaan,CT,06840,360000,2,1.0,New Canaan,957,,1956,39,376,526,Active,,,http://www.redfin.com/CT/New-Canaan/198-Park-St-06840/unit-11/home/171231338,Smart MLS,170284360,N,Y,41.142802,-73.494135
MLS Listing,,Single Family Residential,108 East Ave,New Canaan,CT,06840,1198000,4,2.5,New Canaan,4549,21780,1860,39,263,,Active,,,http://www.redfin.com/CT/New-Canaan/108-East-Ave-06840/home/107234579,Smart MLS,170285261,N,Y,41.147737,-73.4875551
MLS Listing,,Single Family Residential,1403 Ponus Rdg,New Canaan,CT,06840,2750000,4,4.5,New Canaan,4613,223462,1825,40,596,,Active,,,http://www.redfin.com/CT/New-Canaan/1403-Ponus-Ridge-Rd-06840/home/107237442,Smart MLS,170285025,N,Y,41.1591648,-73.5338984
MLS Listing,,Single Family Residential,109 Rosebrook Rd,New Canaan,CT,06840,2450000,5,6.0,New Canaan,7657,178595,1927,42,320,,Active,,,http://www.redfin.com/CT/New-Canaan/109-Rosebrook-Rd-06840/home/107236592,Smart MLS,170284673,N,Y,41.1610463,-73.4875091
MLS Listing,,Condo/Co-op,123 Richmond Hill Rd #1,New Canaan,CT,06840,895000,3,3.5,New Canaan,1972,,1973,43,454,241,Active,,,http://www.redfin.com/CT/New-Canaan/123-Richmond-Hill-Rd-06840/unit-1/home/107240664,Smart MLS,170284463,N,Y,41.1421258,-73.4997689
MLS Listing,,Single Family Residential,168 E Cross Rd,New Canaan,CT,06840,1350000,4,2.5,New Canaan,4000,44431,2014,44,338,,Active,,,http://www.redfin.com/CT/New-Canaan/168-E-Cross-Rd-06840/home/107240624,Smart MLS,170275951,N,Y,41.1155363,-73.5105325
MLS Listing,,Single Family Residential,123 Colonial Rd,New Canaan,CT,06840,1595000,4,4.0,New Canaan,5209,115869,1956,45,306,,Active,,,http://www.redfin.com/CT/New-Canaan/123-Colonial-Rd-06840/home/107237464,Smart MLS,170284016,N,Y,41.1960093,-73.485714
MLS Listing,,Single Family Residential,224 Main St,New Canaan,CT,06840,2695000,5,5.0,New Canaan,5898,16117,1903,48,457,,Active,,,http://www.redfin.com/CT/New-Canaan/224-Main-St-06840/home/107241837,Smart MLS,170283169,N,Y,41.1444499,-73.4894036
MLS Listing,,Condo/Co-op,81 Locust Ave #315,New Canaan,CT,06840,359900,1,1.0,New Canaan,743,,1995,51,484,260,Active,,,http://www.redfin.com/CT/New-Canaan/81-Locust-Ave-06840/unit-315/home/107234138,Smart MLS,170282717,N,Y,41.1500539,-73.4907952
MLS Listing,,Single Family Residential,713 Silvermine Rd,New Canaan,CT,06840,1125000,4,2.5,New Canaan,3609,107157,1972,52,312,,Active,,,http://www.redfin.com/CT/New-Canaan/713-Silvermine-Rd-06840/home/107240228,Smart MLS,170281381,N,Y,41.1565789,-73.4607661
MLS Listing,,Condo/Co-op,181 Forest St,New Canaan,CT,06840,425000,3,1.5,New Canaan,980,,1966,52,434,450,Active,,,http://www.redfin.com/CT/New-Canaan/181-Forest-St-06840/home/171146875,Smart MLS,170282511,N,Y,41.1537607,-73.4932944
MLS Listing,,Single Family Residential,756 Ponus Rdg,New Canaan,CT,06840,2500000,5,4.5,Ponus Ridge,5283,87555,1764,52,473,,Active,,,http://www.redfin.com/CT/New-Canaan/756-Ponus-Ridge-Rd-06840/home/107233960,Smart MLS,170282348,N,Y,41.1382575,-73.5274855
MLS Listing,,Vacant Land,0 N Wilton Rd,New Canaan,CT,06840,1838000,,,New Canaan,,876862,,52,,,Active,,,http://www.redfin.com/CT/NEW-CANAAN/N-WILTON-RD-06840/home/107234353,Smart MLS,170281894,N,Y,41.204212,-73.479876
MLS Listing,,Single Family Residential,147 Richmond Hill Rd,New Canaan,CT,06840,1069000,3,3.0,New Canaan,2210,8276,1920,53,484,,Active,,,http://www.redfin.com/CT/New-Canaan/147-Richmond-Hill-Rd-06840/home/107241634,Smart MLS,170282093,N,Y,41.1417848,-73.501002
MLS Listing,,Single Family Residential,527 Cheese Spring Rd,New Canaan,CT,06840,999999,4,3.0,no,3412,87120,1951,53,293,,Active,,,http://www.redfin.com/CT/New-Canaan/527-Cheese-Spring-Rd-06840/home/107240554,Smart MLS,170269325,N,Y,41.1889646,-73.4742071
MLS Listing,,Single Family Residential,955 Silvermine Rd,New Canaan,CT,06840,895000,3,3.0,Silvermine,2696,57063,1982,54,332,,Active,,,http://www.redfin.com/CT/New-Canaan/955-Silvermine-Rd-06840/home/107240240,Smart MLS,170276270,N,Y,41.1529848,-73.452204
MLS Listing,,Single Family Residential,143 Park St,New Canaan,CT,06840,1795000,5,4.5,New Canaan,4137,5662,2017,56,434,573,Active,,,http://www.redfin.com/CT/New-Canaan/143-Park-St-06840/home/168216951,Smart MLS,170281551,N,Y,41.1444983,-73.4952759
MLS Listing,,Single Family Residential,1 Father Peters Ln,New Canaan,CT,06840,4395000,6,10.0,New Canaan,9612,189921,2007,56,457,,Active,,,http://www.redfin.com/CT/New-Canaan/1-Father-Peters-Ln-06840/home/107241850,Smart MLS,170279948,N,Y,41.184514,-73.5063438
MLS Listing,,Single Family Residential,399 Wahackme Rd,New Canaan,CT,06840,2380000,6,6.5,New Canaan,7456,87120,1999,57,319,,Active,,,http://www.redfin.com/CT/New-Canaan/399-Wahackme-Rd-06840/home/107233720,Smart MLS,170281100,N,Y,41.1479053,-73.5241604
MLS Listing,,Single Family Residential,969 Smith Ridge Rd,New Canaan,CT,06840,989900,3,3.5,Smith Ridge,2135,97574,1921,58,464,,Active,,,http://www.redfin.com/CT/New-Canaan/969-Smith-Ridge-Rd-06840/home/107237343,Smart MLS,170280611,N,Y,41.1864217,-73.5041375
MLS Listing,,Single Family Residential,1325 Smith Ridge Rd,New Canaan,CT,06840,2295000,6,6.5,New Canaan,8463,78843,2000,58,271,,Active,,,http://www.redfin.com/CT/New-Canaan/1325-Smith-Ridge-Rd-06840/home/107241388,Smart MLS,170271682,N,Y,41.1983421,-73.5074605
MLS Listing,,Single Family Residential,57 Rilling Rdg,New Canaan,CT,06840,2295000,6,7.0,New Canaan,8204,87120,1978,59,280,,Active,,,http://www.redfin.com/CT/New-Canaan/57-Rilling-Rdg-06840/home/107239439,Smart MLS,170280469,N,Y,41.1554561,-73.4566462
MLS Listing,,Condo/Co-op,51 Bank St,New Canaan,CT,06840,1095000,3,3.5,New Canaan,3360,,1977,63,326,891,Active,,,http://www.redfin.com/CT/New-Canaan/51-Bank-St-06840/home/107241288,Smart MLS,170276205,N,Y,41.138906,-73.492394
MLS Listing,,Single Family Residential,44 Summer St,New Canaan,CT,06840,649000,4,3.0,New Canaan,2622,10890,1965,63,248,,Active,,,http://www.redfin.com/CT/New-Canaan/44-Summer-St-06840/home/107237352,Smart MLS,170279236,N,Y,41.1505302,-73.4881447
MLS Listing,,Single Family Residential,30 Knapp Ln,New Canaan,CT,06840,669000,2,2.0,New Canaan,1300,9147,1935,64,515,,Active,,,http://www.redfin.com/CT/New-Canaan/30-Knapp-Ln-06840/home/107233824,Smart MLS,170278762,N,Y,41.1275365,-73.5027432
MLS Listing,,Single Family Residential,77 Amys Ln,New Canaan,CT,06840,2750000,5,6.0,New Canaan,8145,199069,1997,64,338,,Active,,,http://www.redfin.com/CT/New-Canaan/77-Amys-Ln-06840/home/107235195,Smart MLS,170278551,N,Y,41.1613623,-73.4925259
MLS Listing,,Single Family Residential,111 Parish Ln,New Canaan,CT,06840,3750000,6,7.0,New Canaan,7315,165963,2007,65,513,,Active,,,http://www.redfin.com/CT/New-Canaan/111-Parish-Ln-06840/home/107236161,Smart MLS,170278469,N,Y,41.1371494,-73.5086857
MLS Listing,,Single Family Residential,11 Surrey Rd,New Canaan,CT,06840,1298600,4,3.5,Talmadge Hill,3364,43995,1963,65,386,,Active,,,http://www.redfin.com/CT/New-Canaan/11-Surrey-Rd-06840/home/107241876,Smart MLS,170278156,N,Y,41.1263121,-73.4846899
MLS Listing,,Single Family Residential,9 Wahackme Ln,New Canaan,CT,06840,1995000,5,4.5,New Canaan,4003,87120,1968,66,498,,Active,,,http://www.redfin.com/CT/New-Canaan/9-Wahackme-Ln-06840/home/107235189,Smart MLS,170256135,N,Y,41.1519154,-73.5169408
MLS Listing,,Single Family Residential,73 Kimberly Pl,New Canaan,CT,06840,1475000,4,3.5,New Canaan,2636,10890,1940,67,560,,Active,,,http://www.redfin.com/CT/New-Canaan/73-Kimberly-Pl-06840/home/107239227,Smart MLS,170276290,N,Y,41.1476042,-73.5030078
MLS Listing,,Single Family Residential,434 Frogtown Rd,New Canaan,CT,06840,1799000,5,6.5,New Canaan,7776,98010,1988,67,231,,Active,,,http://www.redfin.com/CT/New-Canaan/434-Frogtown-Rd-06840/home/107239433,Smart MLS,170268813,N,Y,41.1336532,-73.5138729
MLS Listing,,Vacant Land,0 Smith Ridge Rd,New Canaan,CT,06840,1200000,,,Smith Ridge,,94525,,67,,,Active,,,http://www.redfin.com/CT/New-Canaan/Smith-Ridge-Rd-06840/home/107237408,Smart MLS,170276911,N,Y,41.15774,-73.494376
MLS Listing,,Single Family Residential,639 Smith Ridge Rd,New Canaan,CT,06840,3700000,6,4.5,Smith Ridge,4265,326264,1908,67,868,,Active,,,http://www.redfin.com/CT/New-Canaan/639-Smith-Ridge-Rd-06840/home/107239797,Smart MLS,170276636,N,Y,41.1765865,-73.4969442
MLS Listing,,Single Family Residential,55 Saint Johns Pl,New Canaan,CT,06840,3575000,6,5.5,New Canaan,6467,32234,1900,68,553,,Active,,,http://www.redfin.com/CT/New-Canaan/55-St-Johns-Pl-06840/home/107233741,Smart MLS,170276982,N,Y,41.1478589,-73.498138
MLS Listing,,Single Family Residential,310 South Ave,New Canaan,CT,06840,3995000,6,6.5,New Canaan,7500,17859,2016,69,533,,Active,,,http://www.redfin.com/CT/New-Canaan/310-South-Ave-06840/home/107240603,Smart MLS,170276387,N,Y,41.1366675,-73.4891307
MLS Listing,,Single Family Residential,929 New Norwalk Rd,New Canaan,CT,06840,1350000,5,5.5,New Canaan,8202,101494,1987,70,165,,Active,,,http://www.redfin.com/CT/New-Canaan/929-New-Norwalk-Rd-06840/home/107238986,Smart MLS,170271335,N,Y,41.1320522,-73.464932
MLS Listing,,Single Family Residential,57 SUMMERSWEET Ln,New Canaan,CT,06840,3599000,6,8.0,New Canaan,9482,223462,2003,70,380,,Active,,,http://www.redfin.com/CT/New-Canaan/57-Summersweet-Ln-06840/home/107235366,Smart MLS,170276130,N,Y,41.1835964,-73.5113493
MLS Listing,,Single Family Residential,585 Weed St,New Canaan,CT,06840,4750000,5,7.5,New Canaan,7691,87555,2014,72,618,,Active,,,http://www.redfin.com/CT/New-Canaan/585-Weed-St-06840/home/107234091,Smart MLS,170267862,N,Y,41.1397998,-73.5020529
MLS Listing,,Single Family Residential,17 Toquam Rd,New Canaan,CT,06840,1240000,4,5.0,New Canaan,4199,45738,1955,72,295,,Active,,,http://www.redfin.com/CT/New-Canaan/17-Toquam-Rd-06840/home/107241800,Smart MLS,170267455,N,Y,41.150861,-73.5218879
MLS Listing,,Single Family Residential,45 Heather Dr,New Canaan,CT,06840,2190000,7,7.5,no,8444,88862,2003,73,259,,Active,,,http://www.redfin.com/CT/New-Canaan/45-Heather-Dr-06840/home/107235468,Smart MLS,170275483,N,Y,41.1486311,-73.454989
MLS Listing,,Single Family Residential,78 Skyview Ln,New Canaan,CT,06840,2995000,6,7.5,New Canaan,6983,104108,2010,73,429,,Active,,,http://www.redfin.com/CT/New-Canaan/78-Skyview-Ln-06840/home/107237673,Smart MLS,170267737,N,Y,41.1237087,-73.5224631
MLS Listing,,Single Family Residential,232 Greenley Rd,New Canaan,CT,06840,1249000,3,3.5,New Canaan,2980,87555,1800,73,419,,Active,,,http://www.redfin.com/CT/New-Canaan/232-Greenley-Rd-06840/home/107235871,Smart MLS,170267878,N,Y,41.1551428,-73.5217268
MLS Listing,,Single Family Residential,140 Orchard Dr,New Canaan,CT,06840,2225000,5,6.5,New Canaan,5000,14810,2016,74,445,,Active,,,http://www.redfin.com/CT/New-Canaan/140-Orchard-Dr-06840/home/107235564,Smart MLS,170266415,N,Y,41.1337676,-73.494597
MLS Listing,,Condo/Co-op,123 Richmond Hill Rd #7,New Canaan,CT,06840,795000,2,2.5,New Canaan,1776,,1973,77,448,184,Active,,,http://www.redfin.com/CT/New-Canaan/123-Richmond-Hill-Rd-06840/unit-7/home/107237440,Smart MLS,170272281,N,Y,41.1421258,-73.4997689
MLS Listing,,Single Family Residential,90 Knollwood Ln,New Canaan,CT,06840,1499999,4,3.0,New Canaan,4660,179031,1981,77,322,,Active,,,http://www.redfin.com/CT/New-Canaan/90-Knollwood-Ln-06840/home/107236464,Smart MLS,170273340,N,Y,41.1868862,-73.4800987
MLS Listing,,Single Family Residential,176 Gerdes Rd,New Canaan,CT,06840,1795000,5,5.5,New Canaan,6127,54885,1993,77,293,,Active,,,http://www.redfin.com/CT/New-Canaan/176-Gerdes-Rd-06840/home/107239251,Smart MLS,170268776,N,Y,41.1238909,-73.4760943
MLS Listing,,Single Family Residential,15 Mill Rd,New Canaan,CT,06840,2250000,4,4.5,Silvermine,5184,43560,1900,77,434,,Active,,,http://www.redfin.com/CT/New-Canaan/15-Mill-Rd-06840/home/107234608,Smart MLS,170271605,N,Y,41.1574992,-73.4558406
MLS Listing,,Condo/Co-op,89 East Ave,New Canaan,CT,06840,589000,2,2.0,New Canaan,1423,,1910,78,414,370,Active,,,http://www.redfin.com/CT/New-Canaan/89-East-Ave-06840/home/170606852,Smart MLS,170274294,N,Y,41.1474487,-73.4883479
MLS Listing,,Condo/Co-op,87 East Ave,New Canaan,CT,06840,635000,3,2.0,New Canaan,1835,,1910,78,346,370,Active,,,http://www.redfin.com/CT/New-Canaan/87-East-Ave-06840/home/107240454,Smart MLS,170274293,N,Y,41.1473297,-73.4884296
MLS Listing,,Single Family Residential,8 Scofield Ln,New Canaan,CT,06840,2499000,5,4.5,New Canaan,6580,13939,2012,79,380,,Active,,,http://www.redfin.com/CT/New-Canaan/8-Scofield-Ln-06840/home/107238707,Smart MLS,170273865,N,Y,41.1459071,-73.5009688
MLS Listing,,Condo/Co-op,275 Park St Unit 1 / C,New Canaan,CT,06840,999000,3,2.5,New Canaan,1968,,1982,80,508,575,Active,,,http://www.redfin.com/CT/New-Canaan/275-Park-St-06840/unit-1-C/home/170677724,Smart MLS,170267674,N,Y,41.139907,-73.494584
MLS Listing,,Single Family Residential,154 Lambert Rd,New Canaan,CT,06840,1550000,4,4.5,New Canaan,5106,108464,1982,83,304,,Active,,,http://www.redfin.com/CT/New-Canaan/154-Lambert-Rd-06840/home/107239889,Smart MLS,170272132,N,Y,41.1648844,-73.5069311
MLS Listing,,Single Family Residential,102 VALLEY Rd,New Canaan,CT,06840,1879000,4,4.5,New Canaan,5232,124581,1937,84,359,,Active,,,http://www.redfin.com/CT/New-Canaan/102-Valley-Rd-06840/home/107237384,Smart MLS,170272379,N,Y,41.1625592,-73.4673486
MLS Listing,,Multi-Family (2-4 Unit),55 New Norwalk Rd,New Canaan,CT,06840,700000,5,2.0,New Canaan,1900,8276,1984,85,368,,Active,,,http://www.redfin.com/CT/New-Canaan/55-New-Norwalk-Rd-06840/home/107235568,Smart MLS,170272151,N,Y,41.153202,-73.492819
MLS Listing,,Single Family Residential,109 Sagamore Trl,New Canaan,CT,06840,1325000,5,4.5,Talmadge Hill,5697,97138,1984,86,233,,Active,,,http://www.redfin.com/CT/New-Canaan/109-Sagamore-Trl-06840/home/107239299,Smart MLS,170271837,N,Y,41.1219497,-73.5126839
MLS Listing,,Vacant Land,161L Spring Water Ln,New Canaan,CT,06840,599000,,,Talmadge Hill,,57499,,86,,,Active,,,http://www.redfin.com/CT/New-Canaan/161-Spring-Water-Ln-06840/home/107235376,Smart MLS,170270223,N,Y,41.123739,-73.504972
MLS Listing,,Single Family Residential,70 Hillcrest Rd,New Canaan,CT,06840,935000,5,3.0,New Canaan,2578,43995,1964,92,363,,Active,,,http://www.redfin.com/CT/New-Canaan/70-Hillcrest-Rd-06840/home/107236642,Smart MLS,170269372,N,Y,41.1229592,-73.5104289
MLS Listing,,Single Family Residential,62 Norholt Dr,New Canaan,CT,06840,2595000,6,7.0,New Canaan,6862,43560,2005,92,378,,Active,,,http://www.redfin.com/CT/New-Canaan/62-Norholt-Dr-06840/home/107238717,Smart MLS,170270121,N,Y,41.1668857,-73.4976016
MLS Listing,,Single Family Residential,131 Thurton Dr,New Canaan,CT,06840,1249000,4,3.0,Talmadge Hill,5336,99752,1970,92,234,,Active,,,http://www.redfin.com/CT/New-Canaan/131-Thurton-Dr-06840/home/107238262,Smart MLS,170269625,N,Y,41.1288051,-73.5145248
MLS Listing,,Single Family Residential,17 Oak Grove Pl,New Canaan,CT,06840,1249000,4,4.5,New Canaan,3808,11325,1913,92,328,,Active,,,http://www.redfin.com/CT/New-Canaan/17-Oak-Grove-Pl-06840/home/107237970,Smart MLS,170268809,N,Y,41.1353325,-73.4954139
MLS Listing,,Single Family Residential,115 Bayberry Rd,New Canaan,CT,06840,1775000,5,4.5,New Canaan,7415,65340,2005,92,239,,Active,,,http://www.redfin.com/CT/New-Canaan/115-Bayberry-Rd-06840/home/107241253,Smart MLS,170269940,N,Y,41.1529334,-73.5130521
MLS Listing,,Single Family Residential,388 Cedar Ln,New Canaan,CT,06840,1325000,4,2.5,New Canaan,4033,69696,1963,93,329,,Active,,,http://www.redfin.com/CT/New-Canaan/388-Cedar-Ln-06840/home/107236684,Smart MLS,170269857,N,Y,41.1462025,-73.4599375
MLS Listing,,Single Family Residential,54 Bridle Path Ln,New Canaan,CT,06840,3395000,6,8.0,New Canaan,6475,101059,2005,93,524,,Active,,,http://www.redfin.com/CT/New-Canaan/54-Bridle-Path-Ln-06840/home/107236439,Smart MLS,170266413,N,Y,41.145407,-73.5162735
MLS Listing,,Single Family Residential,130 Skyview Ln,New Canaan,CT,06840,1599000,4,3.5,New Canaan,4234,94960,1985,93,378,,Active,,,http://www.redfin.com/CT/New-Canaan/130-Skyview-Ln-06840/home/107238757,Smart MLS,170265576,N,Y,41.1222403,-73.5217843
MLS Listing,,Single Family Residential,131 River St,New Canaan,CT,06840,725000,3,3.0,New Canaan,2426,7405,2005,94,299,,Active,,,http://www.redfin.com/CT/New-Canaan/131-River-St-06840/home/107235476,Smart MLS,170252478,N,Y,41.1551502,-73.4924338
MLS Listing,,Single Family Residential,116 Southwood Dr,New Canaan,CT,06840,1175000,4,3.0,New Canaan,3048,24829,1925,95,385,,Active,,,http://www.redfin.com/CT/New-Canaan/116-Southwood-Dr-06840/home/107236284,Smart MLS,170268027,N,Y,41.1309618,-73.4939987
MLS Listing,,Single Family Residential,113 Little Brook Rd,New Canaan,CT,06840,1375000,4,2.5,New Canaan,3372,93218,1981,97,408,,Active,,,http://www.redfin.com/CT/New-Canaan/113-Little-Brook-Rd-06840/home/107236362,Smart MLS,170265888,N,Y,41.1487074,-73.4777513
MLS Listing,,Single Family Residential,113 Hemlock Hill Rd,New Canaan,CT,06840,2850000,5,4.5,New Canaan,6346,216928,1959,98,449,,Active,,,http://www.redfin.com/CT/New-Canaan/113-Hemlock-Hill-Rd-06840/home/107235420,Smart MLS,170267666,N,Y,41.164001,-73.5133742
MLS Listing,,Single Family Residential,65 Kimberly Pl,New Canaan,CT,06840,2195000,4,3.5,New Canaan,4005,10890,2016,98,548,,Active,,,http://www.redfin.com/CT/New-Canaan/65-Kimberly-Pl-06840/home/107239350,Smart MLS,170265026,N,Y,41.147378,-73.5028353
MLS Listing,,Single Family Residential,225 Carter St,New Canaan,CT,06840,795000,4,3.0,New Canaan,2674,52707,1754,99,297,,Active,,,http://www.redfin.com/CT/New-Canaan/225-Carter-St-06840/home/107238328,Smart MLS,170267432,N,Y,41.1505316,-73.4732404
MLS Listing,,Multi-Family (2-4 Unit),16 Raymond St,New Canaan,CT,06840,975000,4,2.0,New Canaan,1936,8712,1877,100,504,,Active,,,http://www.redfin.com/CT/New-Canaan/16-Raymond-St-06840/home/107240989,Smart MLS,170266496,N,Y,41.1470213,-73.4889359
MLS Listing,,Single Family Residential,115 Bald Hill Rd,New Canaan,CT,06840,850000,5,3.0,New Canaan,3333,110206,1936,101,255,,Active,,,http://www.redfin.com/CT/New-Canaan/115-Bald-Hill-Rd-06840/home/107235247,Smart MLS,170267443,N,Y,41.2076881,-73.485576
MLS Listing,,Single Family Residential,923 New Norwalk Rd,New Canaan,CT,06840,1099000,5,4.0,New Canaan,3680,72309,1956,102,299,,Active,,,http://www.redfin.com/CT/New-Canaan/923-New-Norwalk-Rd-06840/home/107241073,Smart MLS,170266137,N,Y,41.134072,-73.4636546
MLS Listing,,Single Family Residential,25 Conrad Rd,New Canaan,CT,06840,960000,4,3.5,New Canaan,2786,43995,1956,106,345,,Active,,,http://www.redfin.com/CT/New-Canaan/25-Conrad-Rd-06840/home/107241736,Smart MLS,170263953,N,Y,41.1229552,-73.4824921
MLS Listing,,Single Family Residential,27 Orchard Dr,New Canaan,CT,06840,795000,3,2.0,New Canaan,1382,10018,1954,107,575,,Active,,,http://www.redfin.com/CT/New-Canaan/27-Orchard-Dr-06840/home/107236216,Smart MLS,170265438,N,Y,41.1351301,-73.490224
MLS Listing,,Single Family Residential,388 Wahackme Rd,New Canaan,CT,06840,3525000,7,7.0,New Canaan,8813,87120,2003,107,400,,Active,,,http://www.redfin.com/CT/New-Canaan/388-Wahackme-Rd-06840/home/107237972,Smart MLS,170265336,N,Y,41.146434,-73.523683
MLS Listing,,Single Family Residential,83 Gerrish Ln,New Canaan,CT,06840,2950000,5,4.5,New Canaan,5050,121532,1929,108,584,,Active,,,http://www.redfin.com/CT/New-Canaan/83-Gerrish-Ln-06840/home/107235096,Smart MLS,170265419,N,Y,41.1519996,-73.5030999
MLS Listing,,Single Family Residential,51 Toquam Rd,New Canaan,CT,06840,2450000,4,4.5,New Canaan,3800,44431,2020,108,645,,Active,,,http://www.redfin.com/CT/New-Canaan/51-Toquam-Rd-06840/home/144535198,Smart MLS,170248033,N,Y,41.1505455,-73.523326
MLS Listing,,Single Family Residential,236 Sunset Hill Rd,New Canaan,CT,06840,1899000,4,4.5,New Canaan,4630,98010,1985,109,410,,Active,,,http://www.redfin.com/CT/New-Canaan/236-Sunset-Hill-Rd-06840/home/107240732,Smart MLS,170237081,N,Y,41.158372,-73.5102793
MLS Listing,,Single Family Residential,667 Carter St,New Canaan,CT,06840,1350000,4,2.5,Clapboard Hill,3264,87120,1978,110,414,,Active,,,http://www.redfin.com/CT/New-Canaan/667-Carter-St-06840/home/107235390,Smart MLS,170264993,N,Y,41.1391557,-73.4638042
MLS Listing,,Single Family Residential,19 Father Peters Ln,New Canaan,CT,06840,1769900,5,4.5,New Canaan,6160,192099,1992,114,287,,Active,,,http://www.redfin.com/CT/New-Canaan/19-Father-Peters-Ln-06840/home/107237948,Smart MLS,170263866,N,Y,41.1810004,-73.5061886
MLS Listing,,Condo/Co-op,48 Heritage Hill Rd #48,New Canaan,CT,06840,799000,3,2.5,New Canaan,2346,,1972,114,341,490,Active,,,http://www.redfin.com/CT/New-Canaan/48-Heritage-Hill-Rd-06840/unit-48/home/170303269,Smart MLS,170262570,N,Y,41.150251,-73.495023
MLS Listing,,Single Family Residential,50 E Maple St,New Canaan,CT,06840,1649000,4,3.5,New Canaan,4182,10890,2007,114,394,,Active,,,http://www.redfin.com/CT/New-Canaan/50-E-Maple-St-06840/home/107238929,Smart MLS,170263525,N,Y,41.1456211,-73.4893041
MLS Listing,,Single Family Residential,145 Lantern Ridge Rd,New Canaan,CT,06840,1899000,6,7.0,New Canaan,8734,89297,2006,115,217,,Active,,,http://www.redfin.com/CT/New-Canaan/145-Lantern-Ridge-Rd-06840/home/107241207,Smart MLS,170263548,N,Y,41.2074628,-73.4905468
MLS Listing,,Single Family Residential,34 Rocky Brook Rd,New Canaan,CT,06840,1799000,4,4.5,New Canaan,4692,424710,1956,116,383,,Active,,,http://www.redfin.com/CT/New-Canaan/34-Rocky-Brook-Rd-06840/home/107237398,Smart MLS,170263433,N,Y,41.1972525,-73.4783036
MLS Listing,,Single Family Residential,740 West Rd,New Canaan,CT,06840,3450000,5,5.5,New Canaan,8811,192970,1930,116,392,,Active,,,http://www.redfin.com/CT/New-Canaan/740-West-Rd-06840/home/107240313,Smart MLS,170255857,N,Y,41.1737102,-73.5281924
MLS Listing,,Condo/Co-op,3 Bank St #3,New Canaan,CT,06840,725000,3,2.0,New Canaan,1576,,1977,119,460,563,Active,,,http://www.redfin.com/CT/New-Canaan/3-Bank-St-06840/unit-3/home/170268853,Smart MLS,170261372,N,Y,41.139265,-73.491677
MLS Listing,,Single Family Residential,311 Mariomi Rd,New Canaan,CT,06840,1099000,4,3.5,New Canaan,2247,109771,1956,121,489,,Active,,,http://www.redfin.com/CT/New-Canaan/311-Mariomi-Rd-06840/home/107236628,Smart MLS,170261991,N,Y,41.1814403,-73.4753118
MLS Listing,,Single Family Residential,64 Cross Ridge Rd,New Canaan,CT,06840,1999000,6,5.0,New Canaan,6788,179902,1962,134,294,,Active,,,http://www.redfin.com/CT/New-Canaan/64-Cross-Ridge-Rd-06840/home/107235575,Smart MLS,170259472,N,Y,41.2012375,-73.500296
MLS Listing,,Single Family Residential,64 Wydendown Rd,New Canaan,CT,06840,3995000,8,8.0,New Canaan,11484,222155,2008,143,348,,Active,,,http://www.redfin.com/CT/New-Canaan/64-Wydendown-Rd-06840/home/107234966,Smart MLS,170258546,N,Y,41.182507,-73.5038593
MLS Listing,,Condo/Co-op,71 Bank St #71,New Canaan,CT,06840,850000,3,3.5,New Canaan,3320,,1977,156,256,742,Active,,,http://www.redfin.com/CT/New-Canaan/71-Bank-St-06840/unit-71/home/170010058,Smart MLS,170256128,N,Y,41.138638,-73.493284
MLS Listing,,Single Family Residential,755 Cheese Spring Rd,New Canaan,CT,06840,2195000,5,6.0,New Canaan,6726,91911,2003,168,326,,Active,,,http://www.redfin.com/CT/New-Canaan/755-Cheese-Spring-Rd-06840/home/107240411,Smart MLS,170254273,N,Y,41.1965697,-73.4752197
MLS Listing,,Single Family Residential,71 Welles Ln,New Canaan,CT,06840,3995000,6,8.0,New Canaan,9800,89297,2015,168,408,,Active,,,http://www.redfin.com/CT/New-Canaan/71-Welles-Ln-06840/home/169920979,Smart MLS,170253964,N,Y,41.1317383,-73.5137259
MLS Listing,,Single Family Residential,141 Park St,New Canaan,CT,06840,1695000,5,4.5,New Canaan,3563,5662,2017,169,476,473,Active,,,http://www.redfin.com/CT/New-Canaan/141-Park-St-06840/home/144529483,Smart MLS,170253916,N,Y,41.1445482,-73.495204
MLS Listing,,Single Family Residential,838 Valley Rd,New Canaan,CT,06840,735000,4,2.5,New Canaan,3200,87555,1987,178,230,,Active,,,http://www.redfin.com/CT/New-Canaan/838-Valley-Rd-06840/home/107235747,Smart MLS,170237204,N,Y,41.1804836,-73.4872789
MLS Listing,,Condo/Co-op,143 East Ave,New Canaan,CT,06840,959000,4,3.0,New Canaan,2721,,1979,179,352,583,Active,,,http://www.redfin.com/CT/New-Canaan/143-East-Ave-06840/home/107238065,Smart MLS,170251340,N,Y,41.1472547,-73.4854883
MLS Listing,,Single Family Residential,337 Spring Water Ln,New Canaan,CT,06840,799000,3,3.0,Talmadge Hill,2362,74487,1958,181,338,,Active,,,http://www.redfin.com/CT/New-Canaan/337-Spring-Water-Ln-06840/home/107234394,Smart MLS,170249017,N,Y,41.1271552,-73.5092784
MLS Listing,,Single Family Residential,494 Ponus Rdg,New Canaan,CT,06840,3450000,5,6.0,Ponus Ridge,10026,193842,1997,183,344,,Active,,,http://www.redfin.com/CT/New-Canaan/494-Ponus-Ridge-Rd-06840/home/107237816,Smart MLS,170246742,N,Y,41.129812,-73.5232224
MLS Listing,,Single Family Residential,333 Old Norwalk Rd,New Canaan,CT,06840,899000,5,3.5,New Canaan,3132,43560,1965,185,287,,Active,,,http://www.redfin.com/CT/New-Canaan/333-Old-Norwalk-Rd-06840/home/107235506,Smart MLS,170248547,N,Y,41.1338589,-73.4657836
MLS Listing,,Condo/Co-op,289 New Norwalk Rd #6,New Canaan,CT,06840,1030000,3,4.0,New Canaan,3983,,1978,193,259,383,Active,,,http://www.redfin.com/CT/New-Canaan/289-New-Norwalk-Rd-06840/unit-6/home/107235855,Smart MLS,170247408,N,Y,41.148804,-73.483125
MLS Listing,,Vacant Land,2 Orchard Ln,New Canaan,CT,06840,988000,,,New Canaan,,14810,,196,,,Active,,,http://www.redfin.com/CT/New-Canaan/2-Orchard-Ln-06840/home/169570052,Smart MLS,170247683,N,Y,41.1380581,-73.4853145
MLS Listing,,Single Family Residential,108 Indian Rock Rd,New Canaan,CT,06840,1395000,3,3.0,New Canaan,3000,103237,1966,201,465,,Active,,,http://www.redfin.com/CT/New-Canaan/108-Indian-Rock-Rd-06840/home/107235740,Smart MLS,170244530,N,Y,41.1692651,-73.5067472
MLS Listing,,Single Family Residential,1116 Weed St,New Canaan,CT,06840,1795000,5,5.0,New Canaan,6552,96267,1900,203,274,,Active,,,http://www.redfin.com/CT/New-Canaan/1116-Weed-St-06840/home/107240120,Smart MLS,170245573,N,Y,41.1566973,-73.5107971
MLS Listing,,Condo/Co-op,123 Richmond Hill Rd #16,New Canaan,CT,06840,625000,3,3.0,New Canaan,1869,,1973,206,334,646,Active,,,http://www.redfin.com/CT/New-Canaan/123-Richmond-Hill-Rd-06840/unit-16/home/107237613,Smart MLS,170225684,N,Y,41.1421258,-73.4997689
MLS Listing,,Single Family Residential,12 Rosebrook Rd,New Canaan,CT,06840,1999000,6,7.0,New Canaan,7901,87120,1996,206,253,,Active,,,http://www.redfin.com/CT/New-Canaan/12-Rosebrook-Rd-06840/home/107240379,Smart MLS,170244626,N,Y,41.1576275,-73.4870258
MLS Listing,,Single Family Residential,386 White Oak Shade Rd,New Canaan,CT,06840,1449000,5,5.5,New Canaan,4104,26136,2015,207,353,,Active,,,http://www.redfin.com/CT/New-Canaan/386-White-Oak-Shade-Rd-06840/home/107236294,Smart MLS,170243617,N,Y,41.1244916,-73.4731484
MLS Listing,,Condo/Co-op,30 Richmond Hill Rd #30,New Canaan,CT,06840,1625000,3,2.5,New Canaan,3117,,2001,207,521,1000,Active,,,http://www.redfin.com/CT/New-Canaan/30-Richmond-Hill-Rd-06840/unit-30/home/146893787,Smart MLS,170244191,N,Y,41.1433996,-73.4960107
MLS Listing,,Single Family Residential,9 Grace St,New Canaan,CT,06840,1075000,4,3.0,New Canaan,3792,10454,1972,212,283,,Active,,,http://www.redfin.com/CT/New-Canaan/9-Grace-St-06840/home/107241831,Smart MLS,170241830,N,Y,41.1323125,-73.4883375
MLS Listing,,Single Family Residential,149 Ramhorne Rd,New Canaan,CT,06840,1425000,4,4.0,New Canaan,4288,88862,1935,213,332,,Active,,,http://www.redfin.com/CT/New-Canaan/149-Ramhorne-Rd-06840/home/107235365,Smart MLS,170242875,N,Y,41.1675484,-73.5367974
MLS Listing,,Single Family Residential,114 Elm Pl,New Canaan,CT,06840,2195000,5,4.0,New Canaan,5200,23522,2018,218,422,,Active,,,http://www.redfin.com/CT/New-Canaan/114-Elm-Pl-06840/home/107237371,Smart MLS,170239832,N,Y,41.1376526,-73.4829984
MLS Listing,,Single Family Residential,635 Cheese Spring Rd,New Canaan,CT,06840,1999000,5,6.0,New Canaan,5442,87555,2001,218,367,,Active,,,http://www.redfin.com/CT/New-Canaan/635-Cheese-Spring-Rd-06840/home/107238777,Smart MLS,170239624,N,Y,41.1926223,-73.4748975
MLS Listing,,Single Family Residential,36 Apple Tree Ln,New Canaan,CT,06840,2888000,5,4.5,New Canaan,5038,128066,2020,219,573,,Active,,,http://www.redfin.com/CT/New-Canaan/36-Apple-Tree-Ln-06840/home/107233911,Smart MLS,170241068,N,Y,41.173242,-73.5212781
MLS Listing,,Vacant Land,123 Woodland Rd,New Canaan,CT,06840,992000,,,New Canaan,,39639,,224,,,Active,,,http://www.redfin.com/CT/New-Canaan/123-Woodland-Rd-06840/home/107235703,Smart MLS,170239547,N,Y,41.1379096,-73.4847475
MLS Listing,,Single Family Residential,85 W Hills Rd,New Canaan,CT,06840,5695000,6,7.0,New Canaan,10198,116740,2019,224,558,,Active,,,http://www.redfin.com/CT/New-Canaan/85-W-Hills-Rd-06840/home/107241744,Smart MLS,170239454,N,Y,41.1660365,-73.5246361
MLS Listing,,Single Family Residential,75 Parish Rd,New Canaan,CT,06840,3495000,5,6.0,Ponus Ridge,7152,58806,2016,225,489,,Active,,,http://www.redfin.com/CT/New-Canaan/75-Parish-Rd-06840/home/107235092,Smart MLS,170237696,N,Y,41.138473,-73.5107511
MLS Listing,,Condo/Co-op,5 Bank St #5,New Canaan,CT,06840,695000,3,2.0,New Canaan,1576,,1977,231,441,563,Active,,,http://www.redfin.com/CT/New-Canaan/5-Bank-St-06840/unit-5/home/169137527,Smart MLS,170237319,N,Y,41.139345,-73.491536
MLS Listing,,Single Family Residential,561 Smith Ridge Rd,New Canaan,CT,06840,9750000,5,6.5,New Canaan,12774,174240,1905,231,763,,Active,,,http://www.redfin.com/CT/New-Canaan/561-Smith-Ridge-Rd-06840/home/107237528,Smart MLS,170229283,N,Y,41.1741517,-73.4954715
MLS Listing,,Condo/Co-op,31 Lakeview Ave,New Canaan,CT,06840,1295000,4,3.5,New Canaan,4014,,1987,233,323,846,Active,,,http://www.redfin.com/CT/New-Canaan/31-Lakeview-Ave-06840/home/107238852,Smart MLS,170235969,N,Y,41.1442844,-73.4870525
MLS Listing,,Single Family Residential,15 Richmond Hill Rd,New Canaan,CT,06840,1999999,5,6.5,New Canaan,5642,9583,2013,238,354,,Active,,,http://www.redfin.com/CT/New-Canaan/15-Richmond-Hill-Rd-06840/home/107238632,Smart MLS,170234584,N,Y,41.1438432,-73.4957016
MLS Listing,,Single Family Residential,31 Pheasant Dr,New Canaan,CT,06840,899000,4,2.5,New Canaan,2675,126324,1958,238,336,,Active,,,http://www.redfin.com/CT/New-Canaan/31-Pheasant-Dr-06840/home/107235202,Smart MLS,170234627,N,Y,41.1778074,-73.4708929
MLS Listing,,Single Family Residential,33 Rippowam Rd,New Canaan,CT,06840,3185000,5,5.5,New Canaan,6301,107157,1981,239,505,,Active,,,http://www.redfin.com/CT/New-Canaan/33-Rippowam-Rd-06840/home/107239939,Smart MLS,170234261,N,Y,41.1642036,-73.5372116
MLS Listing,,Single Family Residential,40 Mortimer St,New Canaan,CT,06840,850000,3,2.0,New Canaan,2044,6098,1924,240,416,,Active,,,http://www.redfin.com/CT/New-Canaan/40-Mortimer-St-06840/home/107236167,Smart MLS,170234057,N,Y,41.1372535,-73.4915291
MLS Listing,,Single Family Residential,188 Brushy Ridge Rd,New Canaan,CT,06840,2995000,5,5.0,New Canaan,5944,48351,2020,240,504,,Active,,,http://www.redfin.com/CT/New-Canaan/188-Brushy-Ridge-Rd-06840/home/107240596,Smart MLS,170229647,N,Y,41.1581929,-73.4894422
MLS Listing,,Single Family Residential,26 Pequot Ln,New Canaan,CT,06840,6550000,6,7.0,New Canaan,12385,174240,2008,242,529,,Active,,,http://www.redfin.com/CT/New-Canaan/26-Pequot-Ln-06840/home/107237390,Smart MLS,170233069,N,Y,41.1808175,-73.5428944
MLS Listing,,Single Family Residential,145 Gower Rd,New Canaan,CT,06840,2995000,5,6.5,New Canaan,7165,15681,2018,245,418,,Active,,,http://www.redfin.com/CT/New-Canaan/145-Gower-Rd-06840/home/107237065,Smart MLS,170232874,N,Y,41.1323827,-73.494551
MLS Listing,,Single Family Residential,364 Laurel Rd,New Canaan,CT,06840,4750000,8,8.0,New Canaan,9244,280090,1942,245,514,,Active,,,http://www.redfin.com/CT/New-Canaan/364-Laurel-Rd-06840/home/107236539,Smart MLS,170230346,N,Y,41.1797915,-73.4906388
MLS Listing,,Single Family Residential,587 Brookside Rd,New Canaan,CT,06840,2195000,5,5.0,New Canaan,5046,57934,1890,246,435,,Active,,,http://www.redfin.com/CT/New-Canaan/587-Brookside-Rd-06840/home/107240434,Smart MLS,170232771,N,Y,41.1201699,-73.4731139
MLS Listing,,Single Family Residential,9 Rippowam Rd,New Canaan,CT,06840,2650000,6,6.5,New Canaan,8472,165092,1947,247,313,,Active,,,http://www.redfin.com/CT/New-Canaan/9-Rippowam-Rd-06840/home/107239018,Smart MLS,170232027,N,Y,41.1629021,-73.5387761
MLS Listing,,Single Family Residential,2 Wing Rd,New Canaan,CT,06840,12000000,9,10.0,New Canaan,14530,273556,2019,247,826,,Active,,,http://www.redfin.com/CT/New-Canaan/2-Wing-Rd-06840/home/107237795,Smart MLS,170226098,N,Y,41.135595,-73.523179
MLS Listing,,Single Family Residential,716 Silvermine Rd,New Canaan,CT,06840,2195000,6,6.5,New Canaan,6675,89733,1972,248,329,,Active,,,http://www.redfin.com/CT/New-Canaan/716-Silvermine-Rd-06840/home/107234559,Smart MLS,170229202,N,Y,41.1591711,-73.459857
MLS Listing,,Single Family Residential,61 Sturbridge Hill Rd,New Canaan,CT,06840,3975000,5,6.0,New Canaan,9424,105850,2018,254,422,,Active,,,http://www.redfin.com/CT/New-Canaan/61-Sturbridge-Hill-Rd-06840/home/107238817,Smart MLS,170228848,N,Y,41.1564157,-73.4828143
MLS Listing,,Single Family Residential,82 Woodway Ridge Ln,New Canaan,CT,06840,1400000,4,4.0,New Canaan,4550,58806,1955,256,308,38,Active,,,http://www.redfin.com/CT/New-Canaan/82-Woodway-Ridge-Ln-06840/home/107236990,Smart MLS,170229405,N,Y,41.1169538,-73.512822
MLS Listing,,Single Family Residential,358 Turtle Back Rd,New Canaan,CT,06840,1245000,4,4.0,New Canaan,4533,94960,1962,267,275,,Active,,,http://www.redfin.com/CT/New-Canaan/358-Turtle-Back-Rd-06840/home/107236657,Smart MLS,170225437,N,Y,41.1756344,-73.527226
MLS Listing,,Single Family Residential,116 Huckleberry Hill Rd,New Canaan,CT,06840,1750000,6,6.5,New Canaan,5901,130680,1951,268,297,,Active,,,http://www.redfin.com/CT/New-Canaan/116-Huckleberry-Hill-Rd-06840/home/107241608,Smart MLS,170226080,N,Y,41.1726777,-73.4711231
MLS Listing,,Single Family Residential,992 Oenoke Rdg,New Canaan,CT,06840,2385000,4,4.5,New Canaan,4777,250034,1966,276,499,,Active,,,http://www.redfin.com/CT/New-Canaan/992-Oenoke-Rdg-06840/home/107236875,Smart MLS,170218646,N,Y,41.1766372,-73.5199815
MLS Listing,,Single Family Residential,69 Windrow Ln,New Canaan,CT,06840,3495000,6,6.0,New Canaan,7400,72745,2020,281,472,,Active,,,http://www.redfin.com/CT/New-Canaan/69-Windrow-Ln-06840/home/107238605,Smart MLS,170221306,N,Y,41.1535222,-73.5121538
MLS Listing,,Single Family Residential,115 Seminary St,New Canaan,CT,06840,2340000,5,5.5,New Canaan,4000,26136,2020,284,585,,Active,,,http://www.redfin.com/CT/New-Canaan/115-Seminary-St-06840/home/107238242,Smart MLS,170220286,N,Y,41.1464876,-73.5007487
MLS Listing,,Single Family Residential,126 Richmond Hill Rd,New Canaan,CT,06840,1525000,5,4.5,New Canaan,3005,15681,2017,288,507,,Active,,,http://www.redfin.com/CT/New-Canaan/126-Richmond-Hill-Rd-06840/home/107236475,Smart MLS,170219832,N,Y,41.1417766,-73.4998422
MLS Listing,,Single Family Residential,1335 Smith Ridge Rd,New Canaan,CT,06840,1275000,4,3.5,New Canaan,3321,93654,1957,295,384,,Active,,,http://www.redfin.com/CT/New-Canaan/1335-Smith-Ridge-Rd-06840/home/107236662,Smart MLS,170217860,N,Y,41.1992114,-73.5067029
MLS Listing,,Single Family Residential,963 Oenoke Rdg,New Canaan,CT,06840,2995000,5,5.0,New Canaan,5052,123710,2019,295,593,,Active,,,http://www.redfin.com/CT/New-Canaan/963-Oenoke-Rdg-06840/home/107239971,Smart MLS,170217793,N,Y,41.1771311,-73.5157571
MLS Listing,,Single Family Residential,53 Brooks Rd,New Canaan,CT,06840,1395000,4,3.5,New Canaan,3334,15681,1983,295,418,,Active,,,http://www.redfin.com/CT/New-Canaan/53-Brooks-Rd-06840/home/107239547,Smart MLS,170211752,N,Y,41.1364491,-73.4917434
MLS Listing,,Single Family Residential,108 Tobys Ln,New Canaan,CT,06840,1195000,4,3.0,New Canaan,3933,94089,1955,301,304,,Active,,,http://www.redfin.com/CT/New-Canaan/108-Tobys-Ln-06840/home/107239300,Smart MLS,170200800,N,Y,41.1669424,-73.538408
MLS Listing,,Single Family Residential,296 Main St,New Canaan,CT,06840,799000,5,4.0,New Canaan,2319,21344,1954,305,345,,Active,,,http://www.redfin.com/CT/New-Canaan/296-Main-St-06840/home/107236944,Smart MLS,170213971,N,Y,41.1430656,-73.4864965
MLS Listing,,Single Family Residential,125 West Rd,New Canaan,CT,06840,2750000,6,6.5,New Canaan,6246,94089,1903,307,440,,Active,,,http://www.redfin.com/CT/New-Canaan/125-West-Rd-06840/home/107235135,Smart MLS,170212281,N,Y,41.1598623,-73.5110552
MLS Listing,,Single Family Residential,1507 Oenoke Rdg,New Canaan,CT,06840,1295000,4,3.5,New Canaan,4639,162043,1964,322,279,,Active,,,http://www.redfin.com/CT/New-Canaan/1507-Oenoke-Rdg-06840/home/107233789,Smart MLS,170209050,N,Y,41.1862661,-73.5279278
MLS Listing,,Condo/Co-op,289 New Norwalk Rd #1,New Canaan,CT,06840,829000,3,2.5,New Canaan,2919,,1972,324,284,336,Active,,,http://www.redfin.com/CT/New-Canaan/289-New-Norwalk-Rd-06840/unit-1/home/107238236,Smart MLS,170206940,N,Y,41.148804,-73.483125
MLS Listing,,Condo/Co-op,191 Main St #5,New Canaan,CT,06840,1200000,0,1.5,New Canaan,2821,,1832,324,425,718,Active,,,http://www.redfin.com/CT/New-Canaan/191-Main-St-06840/unit-5/home/167111787,Smart MLS,170207403,N,Y,41.144512,-73.491129
MLS Listing,,Single Family Residential,747 Valley Rd,New Canaan,CT,06840,1350000,4,5.5,New Canaan,4600,111513,1900,333,293,,Active,,,http://www.redfin.com/CT/New-Canaan/747-Valley-Rd-06840/home/107239201,Smart MLS,170204999,N,Y,41.1788976,-73.4838384
MLS Listing,,Single Family Residential,278 South Ave,New Canaan,CT,06840,2125000,5,5.5,New Canaan,6347,14810,2005,339,335,,Active,,,http://www.redfin.com/CT/New-Canaan/278-South-Ave-06840/home/107240327,Smart MLS,170202764,N,Y,41.1377256,-73.4894882
MLS Listing,,Single Family Residential,62 Salem Rd,New Canaan,CT,06840,1195000,5,4.0,New Canaan,3413,101494,1967,340,350,,Active,,,http://www.redfin.com/CT/New-Canaan/62-Salem-Rd-06840/home/107239222,Smart MLS,170202141,N,Y,41.1607697,-73.4720897
MLS Listing,,Single Family Residential,79 Lukes Wood Rd,New Canaan,CT,06840,2249000,5,6.0,New Canaan,8866,176418,1996,344,254,,Active,,,http://www.redfin.com/CT/New-Canaan/79-Lukes-Wood-Rd-06840/home/107237893,Smart MLS,170186308,N,Y,41.1896955,-73.5205994
MLS Listing,,Single Family Residential,20 Father Peters Ln,New Canaan,CT,06840,3395000,5,5.0,New Canaan,5400,213008,2019,351,629,,Active,,,http://www.redfin.com/CT/New-Canaan/20-Father-Peters-Ln-06840/home/107236554,Smart MLS,170198700,N,Y,41.1812227,-73.5079437
MLS Listing,,Condo/Co-op,85 Bank St #85,New Canaan,CT,06840,899000,2,2.5,New Canaan,3159,,1977,352,285,643,Active,,,http://www.redfin.com/CT/New-Canaan/85-Bank-St-06840/unit-85/home/166805079,Smart MLS,170197588,N,Y,41.13807,-73.49378
MLS Listing,,Single Family Residential,8 Brinckerhoff Ave,New Canaan,CT,06840,1995000,4,4.5,New Canaan,3000,8712,2019,352,665,,Active,,,http://www.redfin.com/CT/New-Canaan/8-Brinckerhoff-Ave-06840/home/171553689,Smart MLS,170196856,N,Y,41.1383336,-73.4921975
MLS Listing,,Single Family Residential,46 Bank St,New Canaan,CT,06840,2050000,4,4.5,New Canaan,3200,8712,2019,352,641,,Active,,,http://www.redfin.com/CT/New-Canaan/46-Bank-St-06840/home/107240233,Smart MLS,170196547,N,Y,41.1385017,-73.4923796
MLS Listing,,Single Family Residential,73 Lake Wind Rd,New Canaan,CT,06840,2900000,6,8.5,New Canaan,10461,119354,2010,354,277,,Active,,,http://www.redfin.com/CT/New-Canaan/73-Lake-Wind-Rd-06840/home/107235644,Smart MLS,170196605,N,Y,41.1683155,-73.5378558
MLS Listing,,Single Family Residential,42 River Wind Rd,New Canaan,CT,06840,3199000,5,7.5,New Canaan,10394,181645,2013,361,308,,Active,,,http://www.redfin.com/CT/New-Canaan/42-River-Wind-Rd-06840/home/107241340,Smart MLS,170191902,N,Y,41.1701483,-73.5353479
MLS Listing,,Single Family Residential,727 Oenoke Rdg,New Canaan,CT,06840,4485000,6,8.5,New Canaan,13695,233917,1996,364,327,,Active,,,http://www.redfin.com/CT/New-Canaan/727-Oenoke-Rdg-06840/home/107238889,Smart MLS,170183590,N,Y,41.170553,-73.5100232
MLS Listing,,Single Family Residential,128 Jonathan Rd,New Canaan,CT,06840,1150000,4,3.0,New Canaan,3563,91040,1962,365,323,,Active,,,http://www.redfin.com/CT/New-Canaan/128-Jonathan-Rd-06840/home/107234946,Smart MLS,170193311,N,Y,41.1899283,-73.5313215
MLS Listing,,Single Family Residential,955 Ponus Rdg,New Canaan,CT,06840,3995000,5,4.5,New Canaan,6600,100623,2019,365,605,,Active,,,http://www.redfin.com/CT/New-Canaan/955-Ponus-Ridge-Rd-06840/home/107233935,Smart MLS,170193261,N,Y,41.1452563,-73.5265276
MLS Listing,,Single Family Residential,46 White Oak Shade Rd,New Canaan,CT,06840,899000,4,2.5,New Canaan,3522,79279,1978,366,255,,Active,,,http://www.redfin.com/CT/New-Canaan/46-White-Oak-Shade-Rd-06840/home/107240079,Smart MLS,170192405,N,Y,41.1355757,-73.4779814
MLS Listing,,Condo/Co-op,312 Elm St #16,New Canaan,CT,06840,1150000,3,3.5,New Canaan,3330,,1973,373,345,564,Active,,,http://www.redfin.com/CT/New-Canaan/312-Elm-St-06840/unit-16/home/107234399,Smart MLS,170189465,N,Y,41.1452047,-73.5013
MLS Listing,,Single Family Residential,82 Brookwood Ln,New Canaan,CT,06840,13900000,6,8.5,New Canaan,8525,1384772,1938,381,1630,,Active,,,http://www.redfin.com/CT/New-Canaan/82-Brookwood-Ln-06840/home/107236712,Smart MLS,170185775,N,Y,41.1645309,-73.4984319
MLS Listing,,Condo/Co-op,92 Hoyt St,New Canaan,CT,06840,1235000,4,5.0,New Canaan,3293,,2014,388,375,320,Active,,,http://www.redfin.com/CT/New-Canaan/92-Hoyt-St-06840/home/109729333,Smart MLS,170184255,N,Y,41.147268,-73.4881421
MLS Listing,,Single Family Residential,668 Carter St,New Canaan,CT,06840,2925000,6,5.0,New Canaan,6000,108464,2019,388,488,,Active,,,http://www.redfin.com/CT/New-Canaan/668-Carter-St-06840/home/107239855,Smart MLS,170183347,N,Y,41.1397612,-73.4619288
MLS Listing,,Single Family Residential,792 Smith Ridge Rd,New Canaan,CT,06840,740000,2,3.0,New Canaan,2262,262231,1946,396,327,,Active,,,http://www.redfin.com/CT/New-Canaan/792-Smith-Ridge-Rd-06840/home/107233973,Smart MLS,170168843,N,Y,41.181487,-73.50126
MLS Listing,,Single Family Residential,960 Silvermine Rd,New Canaan,CT,06840,1545000,5,6.0,New Canaan,5153,94089,1850,396,300,,Active,,,http://www.redfin.com/CT/New-Canaan/960-Silvermine-Rd-06840/home/107240152,Smart MLS,170168709,N,Y,41.1535922,-73.4506905
MLS Listing,,Vacant Land,71 Proprietors Xing,New Canaan,CT,06840,1449000,,,New Canaan,,176853,,399,,,Active,,,http://www.redfin.com/CT/New-Canaan/71-Proprietors-Xing-06840/home/144512049,Smart MLS,170180159,N,Y,41.1804583,-73.5419192
MLS Listing,,Single Family Residential,150 Old Studio Rd,New Canaan,CT,06840,1499000,6,4.5,New Canaan,5143,57934,1995,402,291,,Active,,,http://www.redfin.com/CT/New-Canaan/150-Old-Studio-Rd-06840/home/107240021,Smart MLS,170179197,N,Y,41.1349261,-73.498028
MLS Listing,,Single Family Residential,921 N Wilton Rd,New Canaan,CT,06840,995000,3,2.0,New Canaan,1125,260488,1943,411,884,,Active,,,http://www.redfin.com/CT/New-Canaan/921-N-Wilton-Rd-06840/home/107235542,Smart MLS,170172358,N,Y,41.2046586,-73.4816752
MLS Listing,,Single Family Residential,2141 Ponus Rdg,New Canaan,CT,06840,1349000,5,3.5,New Canaan,4615,174675,1966,428,292,,Active,,,http://www.redfin.com/CT/New-Canaan/2141-Ponus-Ridge-Rd-06840/home/107233869,Smart MLS,170169182,N,Y,41.1784589,-73.5499114
MLS Listing,,Single Family Residential,1293 Ponus Rdg,New Canaan,CT,06840,2200000,5,5.5,New Canaan,5998,252648,1800,429,367,,Active,,,http://www.redfin.com/CT/New-Canaan/1293-Ponus-Ridge-Rd-06840/home/160606668,Smart MLS,170161929,N,Y,41.156507,-73.5303519
MLS Listing,,Vacant Land,1303 Ponus Rdg,New Canaan,CT,06840,700000,,,New Canaan,,74052,,429,,,Active,,,http://www.redfin.com/CT/New-Canaan/1303-Ponus-Ridge-Rd-06840/home/109729314,Smart MLS,170162512,N,Y,41.1562848,-73.5307947
MLS Listing,,Single Family Residential,431 Greenley Rd,New Canaan,CT,06840,1775000,5,5.5,New Canaan,5998,178595,1800,429,296,,Active,,,http://www.redfin.com/CT/New-Canaan/431-Greenley-Rd-06840/home/107235060,Smart MLS,170156060,N,Y,41.155499,-73.5310573
MLS Listing,,Single Family Residential,95 Indian Waters Dr,New Canaan,CT,06840,2295000,4,5.0,New Canaan,8564,112820,2000,452,268,,Active,,,http://www.redfin.com/CT/New-Canaan/95-Indian-Waters-Dr-06840/home/107233976,Smart MLS,170150519,N,Y,41.1319612,-73.5070693
MLS Listing,,Condo/Co-op,42 Heritage Hill Rd #42,New Canaan,CT,06840,699000,2,2.5,New Canaan,1687,,1972,456,414,425,Active,,,http://www.redfin.com/CT/New-Canaan/42-Heritage-Hill-Rd-06840/unit-42/home/160410569,Smart MLS,170162318,N,Y,41.150061,-73.4952859
MLS Listing,,Single Family Residential,94 Indian Rock Rd,New Canaan,CT,06840,1700000,2,2.0,New Canaan,2115,147232,1952,525,804,,Active,,,http://www.redfin.com/CT/New-Canaan/94-Indian-Rock-Rd-06840/home/107234269,Smart MLS,170144976,N,Y,41.1690626,-73.5053665
MLS Listing,,Single Family Residential,40 River Wind Rd,New Canaan,CT,06840,2350000,5,4.5,New Canaan,6441,127630,1960,576,365,,Active,,,http://www.redfin.com/CT/New-Canaan/40-River-Wind-Rd-06840/home/107234490,Smart MLS,170130606,N,Y,41.1700486,-73.5376717
MLS Listing,,Single Family Residential,70 Valley Rd,New Canaan,CT,06840,1750000,5,4.5,New Canaan,5044,89733,1995,583,347,,Active,,,http://www.redfin.com/CT/New-Canaan/70-Valley-Rd-06840/home/107236410,Smart MLS,170129202,N,Y,41.1613864,-73.4666581
MLS Listing,,Single Family Residential,106 Bennington Pl,New Canaan,CT,06840,3749000,6,6.0,New Canaan,9984,89297,1999,611,376,,Active,,,http://www.redfin.com/CT/New-Canaan/106-Bennington-Pl-06840/home/107237674,Smart MLS,170119741,N,Y,41.1376714,-73.5226472
MLS Listing,,Single Family Residential,523 Oenoke Rdg,New Canaan,CT,06840,7700000,3,3.5,New Canaan,11000,95832,2018,611,700,,Active,,,http://www.redfin.com/CT/New-Canaan/523-Oenoke-Rdg-06840/home/107240122,Smart MLS,170122132,N,Y,41.1630514,-73.5087261
MLS Listing,,Single Family Residential,772 North Wilton Rd,New Canaan,CT,06840,2695000,5,7.0,New Canaan,7033,130680,2018,614,383,,Active,,,http://www.redfin.com/CT/New-Canaan/772-N-Wilton-Rd-06840/home/107239395,Smart MLS,170121273,N,Y,41.203886,-73.487754
MLS Listing,,Single Family Residential,467 N Wilton Rd,New Canaan,CT,06840,1495000,5,6.0,New Canaan,6820,216928,1989,618,219,,Active,,,http://www.redfin.com/CT/New-Canaan/467-N-Wilton-Rd-06840/home/107241292,GMLS,103051,N,Y,41.1951142,-73.4945023
MLS Listing,,Single Family Residential,680 Carter St,New Canaan,CT,06840,3475000,6,7.5,New Canaan,12000,105415,2016,679,290,,Active,,,http://www.redfin.com/CT/New-Canaan/680-Carter-St-06840/home/107239859,Smart MLS,170100634,N,Y,41.139368,-73.461367
MLS Listing,,Single Family Residential,528 Main St,New Canaan,CT,06840,1299000,6,3.5,New Canaan,3119,78408,1845,689,416,,Active,,,http://www.redfin.com/CT/New-Canaan/528-Main-St-06840/home/107239015,Smart MLS,170095293,N,Y,41.1369361,-73.4802713
MLS Listing,,Single Family Residential,18 Main St,New Canaan,CT,06840,1895000,6,4.0,New Canaan,5274,35719,1860,732,359,,Active,,,http://www.redfin.com/CT/New-Canaan/18-Main-St-06840/home/107241386,Smart MLS,170077350,N,Y,41.1492687,-73.4951838
MLS Listing,,Single Family Residential,8 Ferris Hill Rd,New Canaan,CT,06840,850000,3,3.0,New Canaan,1902,93218,1735,813,447,,Active,,,http://www.redfin.com/CT/New-Canaan/8-Ferris-Hill-Rd-06840/home/107233814,Smart MLS,170052634,N,Y,41.1682621,-73.4859097
MLS Listing,,Vacant Land,244 West Rd,New Canaan,CT,06840,2295000,,,New Canaan,,111949,,870,,,Active,,,http://www.redfin.com/CT/New-Canaan/244-West-Rd-06840/home/144538710,Smart MLS,99194784,N,Y,41.1593021,-73.5166212
MLS Listing,,Vacant Land,136 Carter St,New Canaan,CT,06840,2000000,,,New Canaan,,87120,,870,,,Active,,,http://www.redfin.com/CT/New-Canaan/136-Carter-St-06840/home/107240375,Smart MLS,99191732,N,Y,41.153944,-73.472633
MLS Listing,,Vacant Land,469 N Wilton Rd,New Canaan,CT,06840,1699000,,,New Canaan,,242193,,870,,,Active,,,http://www.redfin.com/CT/New-Canaan/469-N-Wilton-Rd-06840/home/107237754,Smart MLS,99191421,N,Y,41.196024,-73.49505
MLS Listing,,Vacant Land,30 Huckleberry Hill Rd,New Canaan,CT,06840,1645000,,,New Canaan,,87120,,870,,,Active,,,http://www.redfin.com/CT/New-Canaan/30-Huckleberry-Hill-Rd-06840/home/107241572,Smart MLS,99191962,N,Y,41.170463,-73.472861
MLS Listing,,Vacant Land,470 Frogtown Lot 1 Rd,New Canaan,CT,06840,1575000,,,New Canaan,,91911,,870,,,Active,,,http://www.redfin.com/CT/New-Canaan/470-Frogtown-Rd-06840/home/107234481,Smart MLS,170006077,N,Y,41.133368,-73.5150309
MLS Listing,,Vacant Land,230 West Rd,New Canaan,CT,06840,2195000,,,New Canaan,,101930,,870,,,Active,,,http://www.redfin.com/CT/New-Canaan/230-West-Rd-06840/home/144530003,Smart MLS,99194770,N,Y,41.1594634,-73.5159443
MLS Listing,,Single Family Residential,1385 Smith Ridge Rd,New Canaan,CT,06840,3495000,6,9.5,New Canaan,11185,174240,2008,870,312,,Active,,,http://www.redfin.com/CT/New-Canaan/1385-Smith-Ridge-Rd-06840/home/107238784,Smart MLS,170036336,N,Y,41.2008726,-73.5078977
MLS Listing,,Vacant Land,531 N Wilton Rd,New Canaan,CT,06840,1850000,,,New Canaan,,121096,,870,,,Active,,,http://www.redfin.com/CT/New-Canaan/531-N-Wilton-Rd-06840/home/107236173,Smart MLS,99191429,N,Y,41.196018,-73.492938
MLS Listing,,Vacant Land,533 N Wilton Rd,New Canaan,CT,06840,1750000,,,New Canaan,,206910,,870,,,Active,,,http://www.redfin.com/CT/New-Canaan/533-N-Wilton-Rd-06840/home/107238324,Smart MLS,99191418,N,Y,41.196915,-73.494016
MLS Listing,,Vacant Land,140 Carter St,New Canaan,CT,06840,2100000,,,New Canaan,,93218,,871,,,Active,,,http://www.redfin.com/CT/New-Canaan/140-Carter-St-06840/home/107241825,Smart MLS,99191729,N,Y,41.153371,-73.4725629
MLS Listing,,Vacant Land,158 Carter St,New Canaan,CT,06840,1995000,,,New Canaan,,100623,,871,,,Active,,,http://www.redfin.com/CT/New-Canaan/158-Carter-St-06840/home/107241753,Smart MLS,99191716,N,Y,41.153619,-73.470829
MLS Listing,,Vacant Land,152 Carter St,New Canaan,CT,06840,1895000,,,New Canaan,,92782,,871,,,Active,,,http://www.redfin.com/CT/New-Canaan/152-Carter-St-06840/home/107237890,Smart MLS,99191705,N,Y,41.154017,-73.471234
MLS Listing,,Single Family Residential,130 Richmond Hill Rd,New Canaan,CT,06840,1495000,5,4.5,New Canaan,3005,15681,2017,871,498,,Active,,,http://www.redfin.com/CT/New-Canaan/130-Richmond-Hill-Rd-06840/home/145553865,Smart MLS,99190962,N,Y,41.1416881,-73.4999818
MLS Listing,,Single Family Residential,218 Sleepy Hollow Rd,New Canaan,CT,06840,6800000,4,5.0,New Canaan,5616,275734,1952,872,1211,,Active,,,http://www.redfin.com/CT/New-Canaan/218-Sleepy-Hollow-Rd-06840/home/107239866,Smart MLS,99109872,N,Y,41.1787909,-73.494589
MLS Listing,,Vacant Land,"469,531,3 N Wilton Rd",New Canaan,CT,06840,5299000,,,New Canaan,,570200,,872,,,Active,,,http://www.redfin.com/CT/New-Canaan/3-N-Wilton-Rd-06840/home/146436557,Smart MLS,99191436,N,Y,41.1826591,-73.4992786
For-Sale-by-Owner Listing,,Single Family Residential,87 Jelliff Mill Rd,New Canaan,CT,06840,965000,3,2.5,New Canaan,1997,42688,1938,182,483,,Active,,,http://www.redfin.com/CT/New-Canaan/87-Jelliff-Mill-Rd-06840/home/107241487,Fizber.com,5038385,N,Y,41.1190952,-73.5028813
