SALE TYPE,SOLD DATE,PROPERTY TYPE,ADDRESS,CITY,STATE OR PROVINCE,ZIP OR POSTAL CODE,PRICE,BEDS,BATHS,LOCATION,SQUARE FEET,LOT SIZE,YEAR BUILT,DAYS ON MARKET,$/SQUARE FEET,HOA/MONTH,STATUS,NEXT OPEN HOUSE START TIME,NEXT OPEN HOUSE END TIME,URL (SEE http://www.redfin.com/buy-a-home/comparative-market-analysis FOR INFO ON PRICING),SOURCE,MLS#,FAVORITE,INTERESTED,LATITUDE,LONGITUDE
MLS Listing,,Single Family Residential,490 Vauxhall St,New London,CT,06320,165000,2,1.0,New London,896,15681,1925,1,184,,Active,,,http://www.redfin.com/CT/New-London/490-Vauxhall-St-06320/home/53742264,Smart MLS,170292586,N,Y,41.3682134,-72.1212724
MLS Listing,,Single Family Residential,263 Willetts Ave,New London,CT,06320,199900,3,1.5,New London,1283,6534,1847,1,156,,Active,,,http://www.redfin.com/CT/New-London/263-Willetts-Ave-06320/home/53739188,Smart MLS,170293173,N,Y,41.3418252,-72.1109974
MLS Listing,,Single Family Residential,69 Maple Ave,New London,CT,06320,54900,1,1.0,Fort Trumbull,1172,2613,1890,3,47,,Active,,,http://www.redfin.com/CT/New-London/69-Maple-Ave-06320/home/53739331,Smart MLS,170292793,N,Y,41.3414917,-72.102099
MLS Listing,,Single Family Residential,3 Cutler St #3,New London,CT,06320,115000,3,2.0,New London,1542,,1989,11,75,,Active,,,http://www.redfin.com/CT/New-London/3-Cutler-St-06320/unit-3/home/171434284,Smart MLS,170290539,N,Y,41.3486891,-72.110231
MLS Listing,,Condo/Co-op,184 Pequot Ave #104,New London,CT,06320,165900,2,2.0,Green's Harbor Beach,776,,1962,15,214,496,Active,,,http://www.redfin.com/CT/New-London/184-Pequot-Ave-06320/unit-104/home/53736270,Smart MLS,170290021,N,Y,41.3362792,-72.0994838
MLS Listing,,Single Family Residential,39 Glenwood Ave,New London,CT,06320,499000,5,4.0,Glenwood Park,3200,14810,1929,16,156,,Active,,,http://www.redfin.com/CT/New-London/39-Glenwood-Ave-06320/home/53737018,Smart MLS,170289683,N,Y,41.3223155,-72.0903999
MLS Listing,,Multi-Family (2-4 Unit),189 Lincoln Ave,New London,CT,06320,80900,0,,New London,2184,6098,1918,21,37,,Active,,,http://www.redfin.com/CT/New-London/189-Lincoln-Ave-06320/home/53740543,Smart MLS,170288684,N,Y,41.3550743,-72.1140985
MLS Listing,,Single Family Residential,30 Admiral Dr,New London,CT,06320,339900,3,3.5,New London,3551,10454,1959,24,96,8,Active,,,http://www.redfin.com/CT/New-London/30-Admiral-Dr-06320/home/53736917,Smart MLS,170288032,N,Y,41.3188524,-72.0904693
MLS Listing,,Multi-Family (2-4 Unit),237-239 Broad St,New London,CT,06320,200000,6,2.0,New London,3264,5662,1905,25,61,,Active,,,http://www.redfin.com/CT/New-London/237-Broad-St-06320/home/53741460,Smart MLS,170267182,N,Y,41.3604261,-72.1079426
MLS Listing,,Single Family Residential,42 Briggs St,New London,CT,06320,149900,4,2.5,New London,1850,4791,1922,28,81,,Active,,,http://www.redfin.com/CT/New-London/42-Briggs-St-06320/home/53741942,Smart MLS,170287550,N,Y,41.3646217,-72.1102105
MLS Listing,,Condo/Co-op,48 Blinman St #3,New London,CT,06320,125000,2,1.0,Fort Trumbull,908,,1870,29,138,105,Active,,,http://www.redfin.com/CT/New-London/48-Blinman-St-06320/unit-3/home/109553705,Smart MLS,170287364,N,Y,41.3509915,-72.0995796
MLS Listing,,Single Family Residential,92 School St,New London,CT,06320,249900,4,2.5,New London,2033,8712,1925,30,123,,Active,,,http://www.redfin.com/CT/New-London/92-School-St-06320/home/53738376,Smart MLS,170287208,N,Y,41.3340889,-72.1032214
MLS Listing,,Single Family Residential,70 Park St,New London,CT,06320,175000,4,2.5,Ocean Beach,1872,3920,1923,32,93,,Active,,,http://www.redfin.com/CT/New-London/70-Park-St-06320/home/53736045,Smart MLS,170284271,N,Y,41.3121306,-72.0984076
MLS Listing,,Condo/Co-op,461 Bank St #801,New London,CT,06320,340000,3,2.0,New London,1640,,2010,35,207,234,Active,,,http://www.redfin.com/CT/New-London/461-Bank-St-06320/unit-801/home/53735938,Smart MLS,170285459,N,Y,41.3505574,-72.1006481
MLS Listing,,Single Family Residential,60 Raymond St,New London,CT,06320,148000,4,1.5,New London,1694,5227,1920,43,87,,Active,,,http://www.redfin.com/CT/New-London/60-Raymond-St-06320/home/53741836,Smart MLS,170284572,N,Y,41.3645193,-72.1131265
MLS Listing,,Multi-Family (2-4 Unit),65 Denison Ave,New London,CT,06320,175000,4,2.0,New London,2016,4791,1890,50,87,,Active,,,http://www.redfin.com/CT/New-London/65-Denison-Ave-06320/home/53739417,Smart MLS,170282649,N,Y,41.3439613,-72.1044249
MLS Listing,,Single Family Residential,4 Bishop Ct,New London,CT,06320,65000,2,2.0,New London,1152,2613,1865,58,56,,Active,,,http://www.redfin.com/CT/New-London/4-Bishop-Ct-06320/home/53740095,Smart MLS,170280663,N,Y,41.3534099,-72.1048877
MLS Listing,,Condo/Co-op,400 Bank St #103,New London,CT,06320,219900,2,2.0,New London,1198,,2005,59,184,364,Active,,,http://www.redfin.com/CT/New-London/400-Bank-St-06320/unit-103/home/53736322,Smart MLS,170279971,N,Y,41.3503146,-72.0980287
MLS Listing,,Condo/Co-op,281 Gardner Ave Unit A4,New London,CT,06320,78000,2,1.0,New London,900,,1967,60,87,334,Active,,,http://www.redfin.com/CT/New-London/281-Gardner-Ave-06320/unit-A4/home/53737825,Smart MLS,170279562,N,Y,41.3236405,-72.1036776
MLS Listing,,Single Family Residential,11 Mott Ave,New London,CT,06320,619000,6,3.5,Ocean Beach,2088,3484,1909,66,296,25,Active,,,http://www.redfin.com/CT/New-London/11-Mott-Ave-06320/home/53736491,Smart MLS,170277999,N,Y,41.3108604,-72.0949824
MLS Listing,,Multi-Family (2-4 Unit),276 Montauk Ave,New London,CT,06320,299000,3,3.5,New London,7900,13503,1965,71,38,,Active,,,http://www.redfin.com/CT/New-London/276-Montauk-Ave-06320/home/52240802,Smart MLS,170276222,N,Y,41.3398152,-72.1047257
MLS Listing,,Single Family Residential,327 Montauk Ave,New London,CT,06320,229000,3,2.0,New London,1892,8712,1925,72,121,,Active,,,http://www.redfin.com/CT/New-London/327-Montauk-Ave-06320/home/53738883,Smart MLS,170275050,N,Y,41.3380093,-72.1044712
MLS Listing,,Single Family Residential,52 Berkeley Ave,New London,CT,06320,174900,3,1.5,New London,2116,13068,1929,76,83,,Active,,,http://www.redfin.com/CT/New-London/52-Berkeley-Ave-06320/home/53741190,Smart MLS,170271221,N,Y,41.3637008,-72.1069474
MLS Listing,,Single Family Residential,7 Pleasant St,New London,CT,06320,142900,3,1.0,New London,1232,5227,1925,78,116,,Active,,,http://www.redfin.com/CT/New-London/7-Pleasant-St-06320/home/53741002,Smart MLS,170274285,N,Y,41.356006,-72.108977
MLS Listing,,Single Family Residential,22 Admiral Dr,New London,CT,06320,349900,4,2.5,New London,2951,12601,1960,87,119,,Active,,,http://www.redfin.com/CT/New-London/22-Admiral-Dr-06320/home/53736921,Smart MLS,170269859,N,Y,41.3194909,-72.0903073
MLS Listing,,Single Family Residential,894 Ocean Ave,New London,CT,06320,398000,4,4.0,New London,3197,18295,1930,95,124,,Active,,,http://www.redfin.com/CT/New-London/894-Ocean-Ave-06320/home/53737212,Smart MLS,170263281,N,Y,41.3197617,-72.0988705
MLS Listing,,Single Family Residential,321 Crystal Ave,New London,CT,06320,207900,5,2.5,New London,2508,15245,1891,99,83,,Active,,,http://www.redfin.com/CT/New-London/321-Crystal-Ave-06320/home/53741764,Smart MLS,170267692,N,Y,41.3696393,-72.1017403
MLS Listing,,Single Family Residential,549 Ocean Ave,New London,CT,06320,249000,4,2.5,New London,2350,8276,1915,107,106,,Active,,,http://www.redfin.com/CT/New-London/549-Ocean-Ave-06320/home/53738003,Smart MLS,170265711,N,Y,41.3306231,-72.1041009
MLS Listing,,Vacant Land,17 Chester St,New London,CT,06320,99000,,,New London,,20037,,112,,,Active,,,http://www.redfin.com/CT/New-London/17-Chester-St-06320/home/53741305,Smart MLS,170264702,N,Y,41.3600231,-72.1243563
MLS Listing,,Single Family Residential,9 Wausau Pl,New London,CT,06320,118900,2,1.5,New London,774,5227,1870,116,154,,Active,,,http://www.redfin.com/CT/New-London/9-Wausau-Pl-06320/home/53739581,Smart MLS,170263345,N,Y,41.3516701,-72.10137
MLS Listing,,Single Family Residential,12 Jay St,New London,CT,06320,375000,6,2.5,Town Hill,2832,8276,1871,116,132,,Active,,,http://www.redfin.com/CT/New-London/12-Jay-St-06320/home/53740343,Smart MLS,170262894,N,Y,41.3539938,-72.1000624
MLS Listing,,Multi-Family (5+ Unit),254 Ocean Ave,New London,CT,06320,383000,8,5.0,New London,4728,16117,1880,117,81,,Active,,,http://www.redfin.com/CT/New-London/254-Ocean-Ave-06320/home/53738672,Smart MLS,170261843,N,Y,41.3400307,-72.10785
MLS Listing,,Single Family Residential,58 Berkeley Ave,New London,CT,06320,159900,2,1.5,New London,1482,6969,1935,118,108,,Active,,,http://www.redfin.com/CT/New-London/58-Berkeley-Ave-06320/home/53741996,Smart MLS,170262830,N,Y,41.3638984,-72.106878
MLS Listing,,Multi-Family (5+ Unit),2 Union St,New London,CT,06320,895000,18,12.0,New London,8436,5662,1895,121,106,,Active,,,http://www.redfin.com/CT/New-London/2-Union-St-06320/home/53740061,Smart MLS,170262001,N,Y,41.3545631,-72.0943911
MLS Listing,,Single Family Residential,6 Elrin Pl,New London,CT,06320,229900,4,2.5,New London,2428,6969,1965,126,95,,Active,,,http://www.redfin.com/CT/New-London/6-Elrin-Pl-06320/home/53736547,Smart MLS,170259628,N,Y,41.3127531,-72.0985002
MLS Listing,,Single Family Residential,17 Eldane St,New London,CT,06320,250000,2,1.5,Ocean Beach,2293,17859,1958,137,109,,Active,,,http://www.redfin.com/CT/New-London/17-Eldane-St-06320/home/53736775,Smart MLS,170259232,N,Y,41.3152749,-72.1003748
MLS Listing,,Single Family Residential,745 Montauk Ave,New London,CT,06320,344900,5,3.0,New London,2875,16988,1883,149,120,,Active,,,http://www.redfin.com/CT/New-London/745-Montauk-Ave-06320/home/53737807,Smart MLS,170257221,N,Y,41.3254575,-72.0948435
MLS Listing,,Multi-Family (2-4 Unit),3 Prospect St,New London,CT,06320,219900,5,2.0,New London,2312,3920,1849,154,95,,Active,,,http://www.redfin.com/CT/New-London/3-Prospect-St-06320/home/53740736,Smart MLS,170256584,N,Y,41.357563,-72.1004905
MLS Listing,,Single Family Residential,500 Pequot Ave,New London,CT,06320,1400000,5,4.0,New London,3117,10018,1999,194,449,,Active,,,http://www.redfin.com/CT/New-London/500-Pequot-Ave-06320/home/53737217,Smart MLS,170243976,N,Y,41.3269598,-72.0911868
MLS Listing,,Single Family Residential,94 Neptune Ave,New London,CT,06320,295900,4,2.0,Ocean Beach,2028,2613,1930,199,146,,Active,,,http://www.redfin.com/CT/New-London/94-Neptune-Ave-06320/home/53736092,Smart MLS,170246580,N,Y,41.310618,-72.0986854
MLS Listing,,Multi-Family (2-4 Unit),325 Broad St,New London,CT,06320,129900,2,2.0,New London,776,14374,1920,208,167,,Active,,,http://www.redfin.com/CT/New-London/325-Broad-St-06320/home/104934587,Smart MLS,170242291,N,Y,41.3620148,-72.1112288
MLS Listing,,Single Family Residential,26 Quinnepeag Ave,New London,CT,06320,339000,3,2.0,New London,2308,10018,1975,218,147,,Active,,,http://www.redfin.com/CT/New-London/26-Quinnepeag-Ave-06320/home/53736961,Smart MLS,170241534,N,Y,41.3216478,-72.090261
MLS Listing,,Multi-Family (2-4 Unit),17 Belden St,New London,CT,06320,200000,4,2.0,New London,2790,3484,2004,220,72,,Active,,,http://www.redfin.com/CT/New-London/17-Belden-St-06320/home/53739993,Smart MLS,170236412,N,Y,41.3515124,-72.1048877
MLS Listing,,Vacant Land,0 Willetts Ave,New London,CT,06320,100000,,,Fort Trumbull,,13068,,236,,,Active,,,http://www.redfin.com/CT/NEW-LONDON/WILLETTS-AVE-06320/home/53739291,Smart MLS,170235691,N,Y,41.341745,-72.101534
MLS Listing,,Single Family Residential,9 Wightman St,New London,CT,06320,100000,3,1.0,Fort Trumbull,1008,16552,1890,236,99,,Active,,,http://www.redfin.com/CT/New-London/9-Wightman-St-06320/home/53739285,Smart MLS,170235687,N,Y,41.3416325,-72.1011951
MLS Listing,,Condo/Co-op,453 Bayonet St #2,New London,CT,06320,135000,2,1.5,New London,1387,,1990,236,97,225,Active,,,http://www.redfin.com/CT/New-London/453-Bayonet-St-06320/unit-2/home/53742218,Smart MLS,170235644,N,Y,41.3719821,-72.1156947
MLS Listing,,Vacant Land,5 & 7 Hislop St,New London,CT,06320,74900,,,New London,,12632,,247,,,Active,,,http://www.redfin.com/CT/New-London/7-Hislop-St-06320/home/144834852,Smart MLS,170231953,N,Y,41.3634916,-72.1082261
MLS Listing,,Single Family Residential,110 Blydenburg Ave,New London,CT,06320,229900,3,1.5,New London,1994,3484,1905,256,115,,Active,,,http://www.redfin.com/CT/New-London/110-Blydenburg-Ave-06320/home/53739367,Smart MLS,170229170,N,Y,41.3427108,-72.1058597
MLS Listing,,Vacant Land,0-4 Pequot Ave,New London,CT,06320,155000,,,New London,,4791,,269,,,Active,,,http://www.redfin.com/CT/New-London/4-Pequot-Ave-06320/home/144534617,Smart MLS,170225785,N,Y,41.3417661,-72.0986853
MLS Listing,,Vacant Land,a5 Pequot Ave,New London,CT,06320,155000,,,New London,,4791,,269,,,Active,,,http://www.redfin.com/CT/New-London/a5-Pequot-Ave-06320/home/168657393,Smart MLS,170225767,N,Y,41.341622,-72.098987
MLS Listing,,Vacant Land,0-6 Pequot Ave,New London,CT,06320,185000,,,osprey estates,,8712,,273,,,Active,,,http://www.redfin.com/CT/New-London/6-Pequot-Ave-06320/home/144519029,Smart MLS,170224525,N,Y,41.3417588,-72.0986904
MLS Listing,,Vacant Land,30 Grove St,New London,CT,06320,47900,,,New London,,4791,,280,,,Active,,,http://www.redfin.com/CT/New-London/30-Grove-St-06320/home/53741690,Smart MLS,170222355,N,Y,41.3673118,-72.1011458
MLS Listing,,Multi-Family (2-4 Unit),169 Crystal Ave,New London,CT,06320,195000,6,2.0,New London,1954,7405,1910,295,100,,Active,,,http://www.redfin.com/CT/New-London/169-Crystal-Ave-06320/home/53741747,Smart MLS,170216973,N,Y,41.3652866,-72.0979563
MLS Listing,,Multi-Family (2-4 Unit),55 Connecticut Ave,New London,CT,06320,199900,6,3.0,New London,3270,4356,1910,380,61,,Active,,,http://www.redfin.com/CT/New-London/55-Connecticut-Ave-06320/home/53740254,Smart MLS,170187316,N,Y,41.3529957,-72.1069431
MLS Listing,,Vacant Land,00 Shaw St,New London,CT,06320,25000,,,New London,,6098,,383,,,Active,,,http://www.redfin.com/CT/New-London/15-Shaw-St-06320/home/170360917,Smart MLS,170186035,N,Y,41.348864,-72.1047026
MLS Listing,,Vacant Land,73 Park St,New London,CT,06320,80000,,,New London,,6098,,387,,,Active,,,http://www.redfin.com/CT/Hartford/73-Park-St-06106/home/53736004,Smart MLS,170184027,N,Y,41.310983,-72.097786
MLS Listing,,Single Family Residential,539 Alewife Pkwy,New London,CT,06320,449000,3,2.5,New London,2316,44431,1955,389,194,,Active,,,http://www.redfin.com/CT/New-London/539-Alewife-Pkwy-06320/home/53736661,Smart MLS,170183685,N,Y,41.3168019,-72.1022031
MLS Listing,,Single Family Residential,110 Squire St,New London,CT,06320,160000,3,1.0,New London,1262,9147,1938,394,127,,Active,,,http://www.redfin.com/CT/New-London/110-Squire-St-06320/home/53739173,Smart MLS,170182655,N,Y,41.3442202,-72.1100717
MLS Listing,,Vacant Land,96 Rosemary St,New London,CT,06320,25900,,,New London,,7405,,470,,,Active,,,http://www.redfin.com/CT/New-London/96-Rosemary-St-06320/home/53741616,Smart MLS,170158418,N,Y,41.3671985,-72.0979545
MLS Listing,,Single Family Residential,836 Pequot Ave,New London,CT,06320,1950000,3,5.5,New London,8679,25264,1987,655,225,,Active,,,http://www.redfin.com/CT/New-London/836-Pequot-Ave-06320/home/53736445,Smart MLS,170107822,N,Y,41.3161035,-72.0903768
MLS Listing,,Condo/Co-op,400 Bank St #301,New London,CT,06320,229900,2,2.0,New London,1154,,2005,871,199,308,Active,,,http://www.redfin.com/CT/New-London/400-Bank-St-06320/unit-301/home/53736205,Smart MLS,E249553,N,Y,41.3503146,-72.0980287
For-Sale-by-Owner Listing,,Single Family Residential,196 Chester St,New London,CT,06320,129900,2,2.0,New London,875,875,1950,136,148,,Active,,,http://www.redfin.com/CT/New-London/196-Chester-St-06320/home/53740553,Fizber.com,5042148,N,Y,41.3576077,-72.1277983
