SALE TYPE,SOLD DATE,PROPERTY TYPE,ADDRESS,CITY,STATE OR PROVINCE,ZIP OR POSTAL CODE,PRICE,BEDS,BATHS,LOCATION,SQUARE FEET,LOT SIZE,YEAR BUILT,DAYS ON MARKET,$/SQUARE FEET,HOA/MONTH,STATUS,NEXT OPEN HOUSE START TIME,NEXT OPEN HOUSE END TIME,URL (SEE http://www.redfin.com/buy-a-home/comparative-market-analysis FOR INFO ON PRICING),SOURCE,MLS#,FAVORITE,INTERESTED,LATITUDE,LONGITUDE
MLS Listing,,Single Family Residential,101 Elizabeth Rd,New Hartford,CT,06057,389900,3,2.5,New Hartford,3011,118483,1993,2,129,,Active,,,http://www.redfin.com/CT/New-Hartford/101-Elizabeth-Dr-06057/home/107320799,Smart MLS,170290472,N,Y,41.8189437,-72.9953496
MLS Listing,,Single Family Residential,8 Garrett Ridge Ct,New Hartford,CT,06057,499900,3,2.0,Nepaug,1850,90169,2020,10,270,,Active,,,http://www.redfin.com/CT/New-Hartford/8-Garrett-Ridge-Ct-06057/home/144527884,Smart MLS,170290738,N,Y,41.8171795,-72.9794846
MLS Listing,,Single Family Residential,37/50 Dilliston/Aquatic Rd,New Hartford,CT,06057,279900,3,2.5,West Hill,1224,3484,2004,11,229,,Active,,,http://www.redfin.com/CT/New-Hartford/50-Dilliston-Rd-06057/home/171427669,Smart MLS,170290559,N,Y,41.8879626,-73.0344491
MLS Listing,,Single Family Residential,37 Dilliston Rd,New Hartford,CT,06057,234900,3,2.5,West Hill,1224,3484,2004,11,192,,Active,,,http://www.redfin.com/CT/New-Hartford/37-Dilliston-Rd-06057/home/107321506,Smart MLS,170290533,N,Y,41.8878691,-73.034852
MLS Listing,,Vacant Land,22 Parsonage Dr,New Hartford,CT,06057,64500,,,Bakersville,,176853,,14,,,Active,,,http://www.redfin.com/CT/New-Hartford/22-Parsonage-Dr-06057/home/107322230,Smart MLS,170289606,N,Y,41.8287484,-73.0301059
MLS Listing,,Single Family Residential,21 Lakeshore Dr,New Hartford,CT,06057,265000,3,2.0,West Hill,1344,52272,1985,20,197,,Active,,,http://www.redfin.com/CT/New-Hartford/21-Lakeshore-Dr-06057/home/107319686,Smart MLS,170288940,N,Y,41.877403,-73.0185509
MLS Listing,,Single Family Residential,20 Hickory Knl,New Hartford,CT,06057,379900,3,2.5,New Hartford,3320,80586,1992,23,114,,Active,,,http://www.redfin.com/CT/New-Hartford/Unknown-06057/home/107321063,Smart MLS,170288031,N,Y,41.832112,-73.049146
MLS Listing,,Single Family Residential,23 Mary Dr,New Hartford,CT,06057,359900,3,2.5,New Hartford,2528,48351,1993,28,142,,Active,,,http://www.redfin.com/CT/New-Hartford/23-Mary-Dr-06057/home/107321414,Smart MLS,170260743,N,Y,41.8824088,-73.0122588
MLS Listing,,Vacant Land,436 Town Hill Rd,New Hartford,CT,06057,244500,,,New Hartford,,1125590,,36,,,Active,,,http://www.redfin.com/CT/New-Hartford/436-Town-Hill-Rd-06057/home/148563809,Smart MLS,170285998,N,Y,41.8622674,-72.999247
MLS Listing,,Single Family Residential,74 Rickie Dr,New Hartford,CT,06057,105000,2,1.0,New Hartford,624,12632,1960,40,168,17,Active,,,http://www.redfin.com/CT/New-Hartford/74-Rickie-Dr-06057/home/107321022,Smart MLS,170285043,N,Y,41.8848546,-73.0331715
MLS Listing,,Single Family Residential,175 Hayward Rd,New Hartford,CT,06057,549900,4,3.5,New Hartford,1864,1810353,2006,52,295,,Active,,,http://www.redfin.com/CT/New-Hartford/175-Hayward-Rd-06057/home/107320903,Smart MLS,170281312,N,Y,41.8006092,-73.0199095
MLS Listing,,Vacant Land,26 Stedman Rd,New Hartford,CT,06057,140000,,,Bakersville,,223898,,70,,,Active,,,http://www.redfin.com/CT/New-Hartford/26-Stedman-Rd-06057/home/107319939,Smart MLS,170276485,N,Y,41.831084,-72.9915267
MLS Listing,,Single Family Residential,183 South Rd,New Hartford,CT,06057,469900,4,3.0,New Hartford,3370,143748,1987,73,139,,Active,,,http://www.redfin.com/CT/New-Hartford/183-S-Rd-06057/home/107321715,Smart MLS,170253731,N,Y,41.8183385,-73.0076424
MLS Listing,,Condo/Co-op,220 Main St Unit 4I,New Hartford,CT,06057,123500,2,1.5,New Hartford,1136,,1973,75,109,448,Active,,,http://www.redfin.com/CT/New-Hartford/220-Main-St-06057/unit-4I/home/107320966,Smart MLS,170274632,N,Y,41.8655587,-72.9581091
MLS Listing,,Vacant Land,"906 Torringford East Street, Whitbeck Rd",New Hartford,CT,06057,74900,,,Bakersville,,156816,,78,,,Active,,,http://www.redfin.com/CT/New-Hartford/906-Torringford-East-Street-Lot-3-06057/home/170603870,Smart MLS,170273417,N,Y,41.815654,-73.070724
MLS Listing,,Single Family Residential,39 Aquatic Ln,New Hartford,CT,06057,885000,3,2.0,West Hill,1440,62726,1987,83,615,,Active,,,http://www.redfin.com/CT/New-Hartford/39-Aquatic-Ln-06057/home/107321629,Smart MLS,170270071,N,Y,41.8637039,-73.0186849
MLS Listing,,Single Family Residential,31 Flanders Xing,New Hartford,CT,06057,489600,4,2.5,Flanders Crossing,2989,106722,2020,93,164,,Active,,,http://www.redfin.com/CT/New-Hartford/31-Flanders-Xing-06057/home/107319793,Smart MLS,170264849,N,Y,41.8083443,-73.0618911
MLS Listing,,Vacant Land,1030 Litchfield Tpke,New Hartford,CT,06057,97000,,,Bakersville,,824590,,113,,,Active,,,http://www.redfin.com/CT/New-Hartford/1030B-Litchfield-Tpke-06057/unit-A/home/107320441,Smart MLS,170264258,N,Y,41.8342534,-73.0265635
MLS Listing,,Single Family Residential,176 Bruning Rd,New Hartford,CT,06057,399900,4,2.5,New Hartford,2092,131986,2019,126,191,,Active,,,http://www.redfin.com/CT/New-Hartford/176-Bruning-Rd-06057/home/107322178,Smart MLS,170260629,N,Y,41.8547513,-73.0167577
MLS Listing,,Single Family Residential,46 Pond Rd,New Hartford,CT,06057,114900,3,,New Hartford,1200,18730,1987,149,96,,Active,,,http://www.redfin.com/CT/New-Hartford/46-Pond-Rd-06057/home/107319676,Smart MLS,170257507,N,Y,41.883374,-73.0328027
MLS Listing,,Condo/Co-op,220 Main St Unit 2K,New Hartford,CT,06057,105000,2,1.5,Pine Meadow,1136,,1973,171,92,448,Active,,,http://www.redfin.com/CT/New-Hartford/220-Main-St-06057/unit-2K/home/107320556,Smart MLS,170253541,N,Y,41.8655587,-72.9581091
MLS Listing,,Vacant Land,46 Behrens Rd,New Hartford,CT,06057,49900,,,New Hartford,,87120,,175,,,Active,,,http://www.redfin.com/CT/New-Hartford/46-Behrens-Rd-06057/home/107319742,Smart MLS,170251932,N,Y,41.8383971,-73.0489974
MLS Listing,,Vacant Land,135 Southeast Rd,New Hartford,CT,06057,499900,,,New Hartford,,3367188,,181,,,Active,,,http://www.redfin.com/CT/New-Hartford/135-S-East-Rd-06057/home/109754956,Smart MLS,170251373,N,Y,41.8207473,-72.9786399
MLS Listing,,Single Family Residential,27 Helen Hwy,New Hartford,CT,06057,150000,4,2.0,West Hill,1591,12196,1971,182,94,17,Active,,,http://www.redfin.com/CT/New-Hartford/27-Helen-Hwy-06057/home/107320607,Smart MLS,170251099,N,Y,41.8868578,-73.0321278
MLS Listing,,Single Family Residential,688 Town Hill Rd,New Hartford,CT,06057,250000,3,2.0,New Hartford,2736,100187,1979,183,91,,Active,,,http://www.redfin.com/CT/New-Hartford/688-Town-Hill-Rd-06057/home/107319944,Smart MLS,170250991,N,Y,41.8457616,-73.0049678
MLS Listing,,Vacant Land,264 Cedar Ln,New Hartford,CT,06057,47000,,,West Hill,,91476,,188,,,Active,,,http://www.redfin.com/CT/New-Hartford/264-Cedar-Ln-06057/home/107321277,Smart MLS,170249617,N,Y,41.8471744,-73.0398619
MLS Listing,,Single Family Residential,295 Stub Hollow Rd,New Hartford,CT,06057,799000,4,3.5,West Hill,2974,1986336,1922,196,269,,Active,,,http://www.redfin.com/CT/New-Hartford/295-Stub-Hollow-Rd-06057/home/107320182,Smart MLS,170244504,N,Y,41.8601099,-73.0128367
MLS Listing,,Vacant Land,20 Fairview Ave,New Hartford,CT,06057,79000,,,New Hartford Center,,378971,,207,,,Active,,,http://www.redfin.com/CT/New-Hartford/20-Fairview-Ave-06057/home/109754834,Smart MLS,170244451,N,Y,41.8749867,-72.9776256
MLS Listing,,Single Family Residential,9 Harmony Hill Rd,New Hartford,CT,06057,219900,3,1.0,Bakersville,1229,87120,1947,212,179,,Active,,,http://www.redfin.com/CT/New-Hartford/9-Harmony-Hill-Rd-06057/home/107321750,Smart MLS,170242423,N,Y,41.8002209,-73.0437312
MLS Listing,,Vacant Land,1526 Litchfield Tpke,New Hartford,CT,06057,99000,,,New Hartford,,178595,,217,,,Active,,,http://www.redfin.com/CT/New-Hartford/1526-Litchfield-Tpke-06057/home/107319492,Smart MLS,170242021,N,Y,41.8222534,-73.0633357
MLS Listing,,Vacant Land,0 Turnbull Rd,New Hartford,CT,06057,65000,,,New Hartford,,101494,,224,,,Active,,,http://www.redfin.com/CT/NEW-HARTFORD/TURNBULL-RD-06057/home/107321607,Smart MLS,170239627,N,Y,41.876045,-73.016963
MLS Listing,,Single Family Residential,144 Lakeshore Dr,New Hartford,CT,06057,295000,4,2.0,West Hill,1914,43560,1969,230,154,,Active,,,http://www.redfin.com/CT/New-Hartford/144-Lakeshore-Dr-06057/home/107321479,Smart MLS,170237740,N,Y,41.8849967,-73.0157124
MLS Listing,,Single Family Residential,36 Carlson Dr,New Hartford,CT,06057,160000,3,1.5,New Hartford,1056,34848,1972,242,152,,Active,,,http://www.redfin.com/CT/New-Hartford/36-Carlson-Dr-06057/home/107320665,Smart MLS,170233853,N,Y,41.8743267,-73.0305888
MLS Listing,,Single Family Residential,20 Barberry Dr,New Hartford,CT,06057,519900,4,3.5,New Hartford,3921,268329,2004,244,133,,Active,,,http://www.redfin.com/CT/New-Hartford/20-Barberry-Dr-06057/home/107321411,Smart MLS,170224450,N,Y,41.8087564,-73.0689239
MLS Listing,,Vacant Land,86 Hidden Hill Rd,New Hartford,CT,06057,109000,,,New Hartford,,174240,,250,,,Active,,,http://www.redfin.com/CT/New-Hartford/86-Hidden-Hill-Rd-06057/home/107319707,Smart MLS,170229981,N,Y,41.8177449,-73.017809
MLS Listing,,Single Family Residential,6 Davis Rd,New Hartford,CT,06057,120000,3,1.0,New Hartford,600,3049,1949,271,200,,Active,,,http://www.redfin.com/CT/New-Hartford/6-Davis-Rd-06057/home/107319798,Smart MLS,170224681,N,Y,41.8871354,-73.0328711
MLS Listing,,Vacant Land,0 Cotton Hill Rd,New Hartford,CT,06057,64900,,,New Hartford,,299692,,326,,,Active,,,http://www.redfin.com/CT/NEW-HARTFORD/COTTON-HILL-RD-06057/home/107319762,Smart MLS,170207523,N,Y,41.827015,-73.036722
MLS Listing,,Vacant Land,0 Litchfield Tpke,New Hartford,CT,06057,234900,,,New Hartford,,2888028,,326,,,Active,,,http://www.redfin.com/CT/NEW-HARTFORD/LITCHFIELD-TPKE-06057/home/107321008,Smart MLS,170207518,N,Y,41.830193,-73.013206
MLS Listing,,Single Family Residential,13 Meadow St,New Hartford,CT,06057,59000,2,1.0,New Hartford,648,34848,1870,352,91,,Active,,,http://www.redfin.com/CT/New-Hartford/13-Meadow-St-06057/home/107321369,Smart MLS,170198078,N,Y,41.8816397,-72.9678621
MLS Listing,,Vacant Land,18 Pine Hill Rd,New Hartford,CT,06057,470000,,,West Wind,,1118620,,369,,,Active,,,http://www.redfin.com/CT/New-Hartford/18-Pine-Hill-Rd-06057/home/107320355,Smart MLS,170191635,N,Y,41.8333686,-72.9746079
MLS Listing,,Vacant Land,35 Hemlock Dr,New Hartford,CT,06057,125000,,,Homestead Acres,,206038,,376,,,Active,,,http://www.redfin.com/CT/New-Hartford/35-Hemlock-Dr-06057/home/143126310,Smart MLS,170186872,N,Y,41.8310701,-73.0582207
MLS Listing,,Vacant Land,560 Main St,New Hartford,CT,06057,89900,,,New Hartford,,27007,,403,,,Active,,,http://www.redfin.com/CT/NEW-HARTFORD/560-MAIN-ST-06057/home/107319888,Smart MLS,170176277,N,Y,41.880913,-72.980447
MLS Listing,,Single Family Residential,390 Bruning Rd,New Hartford,CT,06057,499900,4,2.5,Poley Farms,2500,420354,2019,426,200,,Active,,,http://www.redfin.com/CT/New-Hartford/390-Bruning-Rd-06057/home/107321351,Smart MLS,170171090,N,Y,41.867476,-73.0209502
MLS Listing,,Vacant Land,302 Gillette Rd,New Hartford,CT,06057,96500,,,New Hartford,,87120,,489,,,Active,,,http://www.redfin.com/CT/New-Hartford/302-Gillette-Rd-06057/home/107320417,Smart MLS,170152007,N,Y,41.8340706,-73.0601828
MLS Listing,,Vacant Land,86 Winchester Rd,New Hartford,CT,06057,44900,,,New Hartford,,91476,,575,,,Active,,,http://www.redfin.com/CT/New-Hartford/86-Winchester-Rd-06057/home/107321417,Smart MLS,170132974,N,Y,41.840566,-73.0326934
MLS Listing,,Vacant Land,609 W Hill Rd,New Hartford,CT,06057,155000,,,New Hartford,,1018432,,647,,,Active,,,http://www.redfin.com/CT/New-Hartford/609-W-Hill-Rd-06057/home/107321792,Smart MLS,170109755,N,Y,41.8254799,-73.0132045
MLS Listing,,Vacant Land,63 Woodchuck Ln,Harwinton,CT,06791,174900,,,Harwinton,,175982,,723,,,Active,,,http://www.redfin.com/CT/Harwinton/63-Woodchuck-Ln-06791/home/107251470,Smart MLS,170084798,N,Y,41.7982324,-73.0321473
MLS Listing,,Vacant Land,649 West Hill Rd,New Hartford,CT,06057,59900,,,New Hartford,,39204,,823,,,Active,,,http://www.redfin.com/CT/New-Hartford/649-W-Hill-Rd-06057/home/107320346,Smart MLS,170049754,N,Y,41.8719802,-73.0407353
MLS Listing,,Vacant Land,00 Southeast Rd,New Hartford,CT,06057,1350000,,,New Hartford,,4486680,,870,,,Active,,,http://www.redfin.com/CT/New-Hartford/South-East-Rd-06057/home/170047479,Smart MLS,L10041978,N,Y,41.827544,-72.976705
MLS Listing,,Vacant Land,30 Garret Ridge Ct,New Hartford,CT,06057,79900,,,Garrett Ridge,,97138,,870,,,Active,,,http://www.redfin.com/CT/New-Hartford/30-Garrett-Ridge-Ct-06057/home/107322116,Smart MLS,G10099429,N,Y,41.8165869,-72.9779987
MLS Listing,,Vacant Land,8 Garret Ridge Ct,New Hartford,CT,06057,79900,,,Garrett Ridge,,90169,,870,,,Active,,,http://www.redfin.com/CT/New-Hartford/8-Garret-Ridge-Ct-06057/home/107321521,Smart MLS,G10099427,N,Y,41.8165395,-72.979112
MLS Listing,,Vacant Land,243 Cedar Ln,New Hartford,CT,06057,79000,,,New Hartford,89298,89297,,871,1,,Active,,,http://www.redfin.com/CT/New-Hartford/243-Cedar-Ln-06057/home/107319457,Smart MLS,G10028719,N,Y,41.8455276,-73.0399513
