SALE TYPE,SOLD DATE,PROPERTY TYPE,ADDRESS,CITY,STATE OR PROVINCE,ZIP OR POSTAL CODE,PRICE,BEDS,BATHS,LOCATION,SQUARE FEET,LOT SIZE,YEAR BUILT,DAYS ON MARKET,$/SQUARE FEET,HOA/MONTH,STATUS,NEXT OPEN HOUSE START TIME,NEXT OPEN HOUSE END TIME,URL (SEE http://www.redfin.com/buy-a-home/comparative-market-analysis FOR INFO ON PRICING),SOURCE,MLS#,FAVORITE,INTERESTED,LATITUDE,LONGITUDE
MLS Listing,,Single Family Residential,348 Skiff St,North Haven,CT,06473,369000,5,3.0,North Haven,3322,20037,1920,1,111,,Active,,,http://www.redfin.com/CT/North-Haven/348-Skiff-St-06473/home/53988795,Smart MLS,170293105,N,Y,41.3707721,-72.9041137
MLS Listing,,Single Family Residential,5 Marion Ct,North Haven,CT,06473,349900,3,2.5,North Haven,3456,20037,1964,1,101,,Active,,,http://www.redfin.com/CT/North-Haven/5-Marion-Ct-06473/home/53989741,Smart MLS,170293356,N,Y,41.3896295,-72.8899191
MLS Listing,,Single Family Residential,52 Patten Rd,North Haven,CT,06473,359000,4,4.0,Clintonville,2458,46609,1860,1,146,,Active,,,http://www.redfin.com/CT/North-Haven/52-Patten-Rd-06473/home/53991142,Smart MLS,170292640,N,Y,41.3814034,-72.8277534
MLS Listing,,Single Family Residential,81 Warner Rd,East Haven,CT,06512,710000,4,4.5,East Haven,4090,71438,2016,2,174,,Active,,,http://www.redfin.com/CT/East-Haven/81-Warner-RD-06512/home/171553302,Smart MLS,170279674,N,Y,41.355876,-72.822414
MLS Listing,,Multi-Family (2-4 Unit),2964 State St,Hamden,CT,06517,269900,4,2.0,Ridge Hill,2652,30927,1865,3,102,,Active,,,http://www.redfin.com/CT/Hamden/2964-State-St-06517/home/54221305,Smart MLS,170292769,N,Y,41.3612065,-72.8886775
MLS Listing,,Single Family Residential,1199 Hartford Tpke,North Haven,CT,06473,379900,5,3.0,Augerville,2700,19602,1954,7,141,,Active,,,http://www.redfin.com/CT/North-Haven/1199-Hartford-Tpke-06473/home/53989367,Smart MLS,170291792,N,Y,41.3775745,-72.8847548
MLS Listing,,Vacant Land,43 Wayland St,North Haven,CT,06473,100000,,,Augerville,,7405,,8,,,Active,,,http://www.redfin.com/CT/North-Haven/43-Wayland-St-06473/home/53993756,Smart MLS,170291530,N,Y,41.373272,-72.9038681
MLS Listing,,Single Family Residential,99 Bleeker Cir,North Haven,CT,06473,459000,3,2.5,The Ridge at Pierpont Hil,2271,,2020,10,202,279,Active,,,http://www.redfin.com/CT/North-Haven/Bleeker-Cir-06473/home/143053281,Smart MLS,170280118,N,Y,41.362639,-72.829604
MLS Listing,,Single Family Residential,23 Bleeker Cir,North Haven,CT,06473,449900,4,2.5,The Ridge at Pierpont Hil,2272,,2020,10,198,279,Active,,,http://www.redfin.com/CT/North-Haven/Bleeker-Cir-06473/home/143053283,Smart MLS,170280133,N,Y,41.362583,-72.829567
MLS Listing,,Single Family Residential,103 Bleeker Cir,North Haven,CT,06473,429900,3,2.0,The Ridge at Pierpont Hil,1908,,2020,10,225,279,Active,,,http://www.redfin.com/CT/North-Haven/103-Bleeker-Cir-06473/home/171442274,Smart MLS,170280125,N,Y,41.362737,-72.829583
MLS Listing,,Single Family Residential,95 Bleeker Cir,North Haven,CT,06473,439900,3,2.5,The Ridge at Pierpont Hil,2063,,2020,10,213,279,Active,,,http://www.redfin.com/CT/North-Haven/95-Bleeker-Cir-06473/home/171442102,Smart MLS,170280134,N,Y,41.362647,-72.829571
MLS Listing,,Single Family Residential,16 Bleeker Cir,North Haven,CT,06473,459900,4,2.5,North Haven,2272,,2020,10,202,279,Active,,,http://www.redfin.com/CT/North-Haven/Bleeker-Cir-06473/home/143053258,Smart MLS,170290891,N,Y,41.36235,-72.82961
MLS Listing,,Single Family Residential,416 Pool Rd,North Haven,CT,06473,249900,3,1.5,North Haven,1376,20037,1957,21,182,,Active,,,http://www.redfin.com/CT/North-Haven/416-Pool-Rd-06473/home/53989001,Smart MLS,170288699,N,Y,41.4014339,-72.8428474
MLS Listing,,Single Family Residential,480 Pool Rd,North Haven,CT,06473,264900,3,1.0,North Haven,973,28749,1959,24,272,,Active,,,http://www.redfin.com/CT/North-Haven/480-Pool-Rd-06473/home/53988396,Smart MLS,170288220,N,Y,41.4031621,-72.8416588
MLS Listing,,Vacant Land,15-B Cottontail Ln,North Haven,CT,03473,299900,,,North Haven,,130680,,25,,,Active,,,http://www.redfin.com/CT/North-Haven/15-Cottontail-Ln-06473/home/53987582,Smart MLS,170287476,N,Y,41.3864173,-72.8425789
MLS Listing,,Single Family Residential,14 Mountain Brook Rd,North Haven,CT,06473,425000,4,2.5,North Haven,2562,47044,1979,28,166,,Active,,,http://www.redfin.com/CT/North-Haven/14-Mountain-Brook-Rd-06473/home/53994992,Smart MLS,170286589,N,Y,41.4191521,-72.8761708
MLS Listing,,Condo/Co-op,39 Fieldstone Ct #39,North Haven,CT,06473,319000,3,2.5,Clintonville,2764,,2004,28,115,270,Active,,,http://www.redfin.com/CT/North-Haven/39-Fieldstone-Ct-06473/unit-39/home/171303863,Smart MLS,170287253,N,Y,41.3937116,-72.8331435
MLS Listing,,Single Family Residential,25 Vineyard Rd,North Haven,CT,06473,229000,2,1.5,North Haven,1122,9147,1941,32,204,,Active,,,http://www.redfin.com/CT/North-Haven/25-Vineyard-Rd-06473/home/53995380,Smart MLS,170286609,N,Y,41.363805,-72.889935
MLS Listing,,Single Family Residential,88 Blue Hills Rd,North Haven,CT,06473,749000,4,4.5,Blue Hills,3496,41382,1986,32,214,,Active,,,http://www.redfin.com/CT/North-Haven/88-Blue-Hills-Rd-06473/home/53990664,Smart MLS,170286727,N,Y,41.4167235,-72.871348
MLS Listing,,Single Family Residential,140 Bayard Ave,North Haven,CT,06473,375000,3,3.5,Augerville,2182,7840,1946,34,172,,Active,,,http://www.redfin.com/CT/North-Haven/140-Bayard-Ave-06473/home/53988068,Smart MLS,170285756,N,Y,41.3754233,-72.9028636
MLS Listing,,Single Family Residential,100 Warner Rd,North Haven,CT,06473,310700,3,2.0,North Haven,1968,40510,1850,35,158,,Active,,,http://www.redfin.com/CT/North-Haven/100-Warner-Rd-06473/home/53995893,Smart MLS,170286342,N,Y,41.3663012,-72.822768
MLS Listing,,Single Family Residential,6 Horseshoe Hill Rd,North Haven,CT,06473,304100,3,1.5,North Haven,1332,41382,1969,38,228,,Active,,,http://www.redfin.com/CT/North-Haven/6-Horseshoe-Hill-Rd-06473/home/53993559,Smart MLS,170285553,N,Y,41.3396498,-72.8452476
MLS Listing,,Single Family Residential,1865 Ridge Rd,North Haven,CT,06473,359000,4,3.0,North Haven,2270,20037,1973,40,158,,Active,,,http://www.redfin.com/CT/North-Haven/1865-Ridge-Rd-06473/home/53990765,Smart MLS,170284268,N,Y,41.389813,-72.8879391
MLS Listing,,Single Family Residential,71 Bradley St,North Haven,CT,06473,284995,4,2.0,North Haven,1056,20473,1958,40,270,,Active,,,http://www.redfin.com/CT/North-Haven/71-Bradley-St-06473/home/53994168,Smart MLS,170285099,N,Y,41.418271,-72.8336619
MLS Listing,,Single Family Residential,160 Elm St,North Haven,CT,06473,280000,4,3.5,North Haven,3408,20037,1955,42,82,,Active,,,http://www.redfin.com/CT/North-Haven/160-Elm-St-06473/home/53990589,Smart MLS,170282825,N,Y,41.3784761,-72.8647712
MLS Listing,,Single Family Residential,38 Rabbit Rock Rd,East Haven,CT,06513,299900,3,2.5,East Haven,1538,19166,1985,45,195,,Active,,,http://www.redfin.com/CT/East-Haven/38-Rabbit-Rock-Rd-06513/home/54303393,Smart MLS,170283986,N,Y,41.336521,-72.8515273
MLS Listing,,Single Family Residential,53 Manor Dr,North Haven,CT,06473,424000,3,2.5,North Haven,2337,18730,1989,46,181,,Active,,,http://www.redfin.com/CT/North-Haven/53-Manor-Dr-06473/home/53991251,Smart MLS,170283797,N,Y,41.3532269,-72.8574228
MLS Listing,,Single Family Residential,94 Village St,North Haven,CT,06473,249900,3,1.0,North Haven,1636,21780,1960,51,153,,Active,,,http://www.redfin.com/CT/North-Haven/94-Village-St-06473/home/53992797,Smart MLS,170282822,N,Y,41.3475454,-72.8565558
MLS Listing,,Condo/Co-op,5 Pond View Cir #5,North Haven,CT,06473,325000,2,2.5,North Haven,1480,,2007,56,220,438,Active,,,http://www.redfin.com/CT/North-Haven/5-Pond-View-Cir-06473/unit-5/home/171108834,Smart MLS,170279067,N,Y,41.3515789,-72.8522715
MLS Listing,,Single Family Residential,861 Middletown Ave,North Haven,CT,06473,217350,3,2.5,North Haven,1488,42253,1975,57,146,,Active,,,http://www.redfin.com/CT/North-Haven/861-Middletown-Ave-06473/home/53989830,Smart MLS,170280946,N,Y,41.3754591,-72.8194905
MLS Listing,,Single Family Residential,17 Mansfield Rd,North Haven,CT,06473,349000,4,2.5,North Haven,2778,77101,1966,59,126,,Active,,,http://www.redfin.com/CT/North-Haven/17-Mansfield-Rd-06473/home/53993039,Smart MLS,170280432,N,Y,41.396836,-72.8769092
MLS Listing,,Single Family Residential,29 Windsor Rd,North Haven,CT,06473,799500,3,3.5,North Haven,2528,32670,1956,60,316,,Active,,,http://www.redfin.com/CT/North-Haven/29-Windsor-Rd-06473/home/53995827,Smart MLS,170278583,N,Y,41.373837,-72.8929756
MLS Listing,,Single Family Residential,95 Knollwood Rd,North Haven,CT,06473,329900,4,1.5,MillBrook,2276,9583,1939,69,145,,Active,,,http://www.redfin.com/CT/North-Haven/95-Knollwood-Rd-06473/home/53995760,Smart MLS,170272698,N,Y,41.3773424,-72.8994299
MLS Listing,,Single Family Residential,2 Balletto Dr,North Haven,CT,06473,349900,3,2.0,North Haven,2684,39204,1960,72,130,,Active,,,http://www.redfin.com/CT/North-Haven/2-Balletto-Dr-06473/home/53989627,Smart MLS,170275453,N,Y,41.3686008,-72.8442321
MLS Listing,,Single Family Residential,1559 Hartford Tpke,North Haven,CT,06473,265000,3,1.0,North Haven,1426,20037,1957,75,186,,Active,,,http://www.redfin.com/CT/North-Haven/1559-Hartford-Tpke-06473/home/53991117,Smart MLS,170274823,N,Y,41.396655,-72.8742325
MLS Listing,,Single Family Residential,1932 Hartford Tpke,North Haven,CT,06473,469900,4,4.5,North Haven,4645,117612,1999,86,101,,Active,,,http://www.redfin.com/CT/North-Haven/1932-Hartford-Tpke-06473/home/53993357,Smart MLS,170271426,N,Y,41.4189114,-72.8624174
MLS Listing,,Single Family Residential,42 Marlen Dr,North Haven,CT,06473,279000,3,1.5,North Haven,1233,56628,1954,92,226,,Active,,,http://www.redfin.com/CT/North-Haven/42-Marlen-Dr-06473/home/53995713,Smart MLS,170268869,N,Y,41.3869292,-72.8830011
MLS Listing,,Vacant Land,37B Upper State St,North Haven,CT,06473,79900,,,North Haven,,101930,,92,,,Active,,,http://www.redfin.com/CT/North-Haven/37B-Upper-State-St-06473/home/145795546,Smart MLS,170270004,N,Y,41.3988738,-72.8712034
MLS Listing,,Single Family Residential,1168 Hartford Tpke,North Haven,CT,06473,499900,4,2.5,Windsor Estates,2200,32234,2020,92,227,,Active,,,http://www.redfin.com/CT/North-Haven/1168-Hartford-Tpke-06473/home/146236474,Smart MLS,170269995,N,Y,41.3750487,-72.8869481
MLS Listing,,Vacant Land,37A Upper State St,North Haven,CT,06473,69900,,,North Haven,,73616,,92,,,Active,,,http://www.redfin.com/CT/North-Haven/37A-Upper-State-St-06473/home/145795544,Smart MLS,170269972,N,Y,41.3988738,-72.8712034
MLS Listing,,Single Family Residential,1164 Hartford Tpke,North Haven,CT,06473,469900,4,2.5,Windsor Estates,2000,32234,2020,93,235,,Active,,,http://www.redfin.com/CT/North-Haven/1164-Hartford-Tpke-06473/home/53992301,Smart MLS,170269730,N,Y,41.3751361,-72.88697
MLS Listing,,Condo/Co-op,2950 State St #24,Hamden,CT,06517,169900,1,2.0,Hamden,1161,,2006,93,146,287,Active,,,http://www.redfin.com/CT/Hamden/2950-State-St-06517/unit-24/home/54212680,Smart MLS,170267913,N,Y,41.3609214,-72.8883405
MLS Listing,,Single Family Residential,4 Windsor Rd E,North Haven,CT,06473,539900,4,2.5,Windsor Estates,2430,25613,2020,94,222,,Active,,,http://www.redfin.com/CT/North-Haven/4-Windsor-Rd-06473/home/53989760,Smart MLS,170269512,N,Y,41.374507,-72.893876
MLS Listing,,Single Family Residential,32 Sackett Point Rd,North Haven,CT,06473,289000,3,2.0,North Haven,2176,18730,1975,95,133,,Active,,,http://www.redfin.com/CT/North-Haven/32-Sackett-Point-Rd-06473/home/109647262,Smart MLS,170269119,N,Y,41.3707403,-72.855725
MLS Listing,,Single Family Residential,61 Highland Park Rd,North Haven,CT,06473,544900,5,5.5,North Haven,4500,51400,1969,95,121,,Active,,,http://www.redfin.com/CT/North-Haven/61-Highland-Park-Rd-06473/home/53993604,Smart MLS,170267199,N,Y,41.4118828,-72.8731248
MLS Listing,,Single Family Residential,167 Kings Hwy,North Haven,CT,06473,298900,6,3.0,Augerville,3024,67518,1956,97,99,,Active,,,http://www.redfin.com/CT/North-Haven/167-Kings-Hwy-06473/home/53995225,Smart MLS,170268474,N,Y,41.4123039,-72.8696634
MLS Listing,,Multi-Family (2-4 Unit),98 Broadway,North Haven,CT,06473,275000,0,,North Haven,1508,41817,1918,98,182,,Active,,,http://www.redfin.com/CT/North-Haven/98-Broadway-06473/home/170474820,Smart MLS,170268202,N,Y,41.3899024,-72.8703557
MLS Listing,,Single Family Residential,5 Hunting Ln,North Haven,CT,06473,672000,4,2.5,North Haven,3399,40075,2006,100,198,,Active,,,http://www.redfin.com/CT/North-Haven/5-Hunting-Ln-06473/home/53987956,Smart MLS,170266931,N,Y,41.3646414,-72.844405
MLS Listing,,Vacant Land,32 State St,North Haven,CT,06473,150000,,,Montowese,,25264,,108,,,Active,,,http://www.redfin.com/CT/North-Haven/32-State-St-06473/home/53995323,Smart MLS,170265523,N,Y,41.390374,-72.8724442
MLS Listing,,Single Family Residential,20 State St,North Haven,CT,06473,269900,3,2.0,North Haven,1653,22651,1790,121,163,,Active,,,http://www.redfin.com/CT/North-Haven/20-State-St-06473/home/53989186,Smart MLS,170261875,N,Y,41.3918958,-72.8722018
MLS Listing,,Vacant Land,80 Half Mile Rd,East Haven,CT,06473,119000,,,East Haven,,167270,,141,,,Active,,,http://www.redfin.com/CT/North-Haven/80-Half-Mile-Rd-06473/home/53990087,Smart MLS,170258844,N,Y,41.359601,-72.8212447
MLS Listing,,Multi-Family (2-4 Unit),2 Maple Ave,North Haven,CT,06473,550000,6,2.0,North Haven,4124,30056,1850,155,133,,Active,,,http://www.redfin.com/CT/North-Haven/2-Maple-Ave-06473/home/53992838,Smart MLS,170256398,N,Y,41.385812,-72.8612635
MLS Listing,,Single Family Residential,33 Justine Dr,North Haven,CT,06473,579000,4,3.0,Montowese,3797,40510,1990,164,152,,Active,,,http://www.redfin.com/CT/North-Haven/33-Justine-Dr-06473/home/53994849,Smart MLS,170255042,N,Y,41.3502543,-72.833985
MLS Listing,,Single Family Residential,1197 Thompson St,East Haven,CT,06512,285000,3,1.0,East Haven,1053,144183,1922,223,271,,Active,,,http://www.redfin.com/CT/EAST-HAVEN/1197-THOMPSON-ST-06512/home/54306760,Smart MLS,170239763,N,Y,41.350582,-72.827261
MLS Listing,,Single Family Residential,47 Beechwood Dr,North Haven,CT,06473,259900,3,1.5,North Haven,1228,20473,1959,232,212,,Active,,,http://www.redfin.com/CT/North-Haven/47-Beechwood-Dr-06473/home/53987846,Smart MLS,170236510,N,Y,41.3842182,-72.8876622
MLS Listing,,Single Family Residential,14 Chapman Ct,North Haven,CT,06473,289900,3,1.5,North Haven,1898,20037,1962,267,153,,Active,,,http://www.redfin.com/CT/North-Haven/14-Chapman-Ct-06473/home/53995280,Smart MLS,170226164,N,Y,41.4076589,-72.8619097
MLS Listing,,Single Family Residential,1 Old Orchard Rd,North Haven,CT,06473,698888,5,3.5,North Haven,3979,28314,1938,281,176,10,Active,,,http://www.redfin.com/CT/North-Haven/1-Old-Orchard-Rd-06473/home/53995467,Smart MLS,170220856,N,Y,41.3651211,-72.8933846
MLS Listing,,Single Family Residential,5000 Ridge Rd,North Haven,CT,06473,1299000,8,5.0,North Haven,5392,392040,1920,301,241,,Active,,,http://www.redfin.com/CT/North-Haven/5000-Ridge-Rd-06473/home/53994037,Smart MLS,170215153,N,Y,41.4203326,-72.8816331
MLS Listing,,Condo/Co-op,145 Mulholland Way,North Haven,CT,06473,369900,3,2.5,North Haven,2002,,2019,330,185,279,Active,,,http://www.redfin.com/CT/North-Haven/145-Mulholland-Way-06473/home/143053362,Smart MLS,170206046,N,Y,41.3626365,-72.8282736
MLS Listing,,Condo/Co-op,129 Daniel Dr,North Haven,CT,06473,369900,3,2.5,North Haven,2002,,2019,792,185,279,Active,,,http://www.redfin.com/CT/North-Haven/129-Daniel-Dr-06473/home/143053240,Smart MLS,170056344,N,Y,41.363064,-72.8289439
MLS Listing,,Single Family Residential,3030 Ridge Rd,North Haven,CT,06473,975000,5,5.0,North Haven,5903,169448,1938,872,165,,Active,,,http://www.redfin.com/CT/North-Haven/3030-Ridge-Rd-06473/home/53995842,Smart MLS,N10190316,N,Y,41.4148198,-72.8819712
