SALE TYPE,SOLD DATE,PROPERTY TYPE,ADDRESS,CITY,STATE OR PROVINCE,ZIP OR POSTAL CODE,PRICE,BEDS,BATHS,LOCATION,SQUARE FEET,LOT SIZE,YEAR BUILT,DAYS ON MARKET,$/SQUARE FEET,HOA/MONTH,STATUS,NEXT OPEN HOUSE START TIME,NEXT OPEN HOUSE END TIME,URL (SEE http://www.redfin.com/buy-a-home/comparative-market-analysis FOR INFO ON PRICING),SOURCE,MLS#,FAVORITE,INTERESTED,LATITUDE,LONGITUDE
MLS Listing,,Single Family Residential,7 Mountain View Ln,North Canaan,CT,06018,399000,3,2.0,Canaan Village,2735,177289,1995,4,146,,Active,,,http://www.redfin.com/CT/Canaan/7-Mountain-View-Ln-06018/home/107273543,Smart MLS,170292416,N,Y,42.037446,-73.2779501
MLS Listing,,Single Family Residential,59 Foote Ave,North Canaan,CT,06018,184000,3,2.0,North Canaan,1432,21780,1910,6,128,,Active,,,http://www.redfin.com/CT/Canaan/59-Foote-Ave-06018/home/107273496,Smart MLS,170292060,N,Y,42.0295885,-73.3314894
MLS Listing,,Single Family Residential,57 Reed St,North Canaan,CT,06018,99900,4,2.0,North Canaan,2068,51400,1900,29,48,,Active,,,http://www.redfin.com/CT/Canaan/57-Reed-St-06018/home/107273296,Smart MLS,170287143,N,Y,42.0281899,-73.3353381
MLS Listing,,Single Family Residential,57 Allyndale Rd,North Canaan,CT,06018,225000,2,1.0,Canaan Valley,1020,33541,1940,37,221,,Active,,,http://www.redfin.com/CT/Canaan/57-Allyndale-Rd-06018/home/107274189,Smart MLS,170285657,N,Y,42.0244471,-73.2912768
MLS Listing,,Multi-Family (2-4 Unit),31-33 High St,North Canaan,CT,06018,269000,9,4.5,North Canaan,4616,47480,1880,48,58,,Active,,,http://www.redfin.com/CT/Canaan/31-High-St-06018/home/107273602,Smart MLS,170283409,N,Y,42.0218149,-73.3279225
MLS Listing,,Single Family Residential,271 E Canaan Rd,North Canaan,CT,06024,69000,3,1.5,North Canaan,2640,21344,1777,50,26,,Active,,,http://www.redfin.com/CT/East-Canaan/271-E-Canaan-Rd-06024/home/107273295,Smart MLS,170283150,N,Y,42.0134804,-73.2821697
MLS Listing,,Single Family Residential,368 Norfolk Rd,North Canaan,CT,06024,850000,3,1.0,East Canaan,1814,4334220,1820,53,469,,Active,,,http://www.redfin.com/CT/East-Canaan/368-Norfolk-Rd-06024/home/171132415,Smart MLS,170281988,N,Y,42.0011634,-73.2614666
MLS Listing,,Vacant Land,00 W Main St,North Canaan,CT,06018,125000,,,North Canaan,,511830,,53,,,Active,,,http://www.redfin.com/CT/Canaan/81-W-Main-St-06018/home/107076870,Smart MLS,170281950,N,Y,42.026751,-73.329475
MLS Listing,,Vacant Land,00 Trescott Hill Rd,North Canaan,CT,06018,59500,,,Canaan Valley,,72309,,69,,,Active,,,http://www.redfin.com/CT/North-Canaan/Trescott-Hill-Rd-06018/home/148720158,Smart MLS,170276072,N,Y,42.01676,-73.300962
MLS Listing,,Single Family Residential,9 Lower Rd,North Canaan,CT,06024,89900,5,1.0,Canaan Village,1620,27007,1900,71,55,,Active,,,http://www.redfin.com/CT/EAST-CANAAN/9-LOWER-RD-06024/home/107273728,Smart MLS,170276267,N,Y,42.018992,-73.319608
MLS Listing,,Vacant Land,124 Canaan Valley Rd,Canaan,CT,06018,109900,,,East Canaan,,257004,,88,,,Active,,,http://www.redfin.com/CT/Canaan/124-Canaan-Valley-Rd-06018/home/144973919,Smart MLS,170271017,N,Y,42.0376823,-73.2585657
MLS Listing,,Single Family Residential,11 College Hill Rd,North Canaan,CT,06024,393000,4,3.5,North Canaan,3308,235224,1973,88,119,,Active,,,http://www.redfin.com/CT/East-Canaan/11-College-Hill-Rd-06024/home/107273478,Smart MLS,170268623,N,Y,42.018111,-73.259297
MLS Listing,,Single Family Residential,170 Lower Rd,North Canaan,CT,06024,875000,3,3.0,Canaan Valley,3324,523765,1752,122,263,,Active,,,http://www.redfin.com/CT/East-Canaan/170-Lower-Rd-06024/home/107273877,Smart MLS,170261732,N,Y,42.0125999,-73.2857416
MLS Listing,,Single Family Residential,186 Ashley Falls Rd,North Canaan,CT,06018,195000,4,2.0,North Canaan,1855,43124,1930,123,105,,Active,,,http://www.redfin.com/CT/Canaan/186-Ashley-Falls-Rd-06018/home/107273646,Smart MLS,170261199,N,Y,42.0333822,-73.326725
MLS Listing,,Single Family Residential,8 Browns Ln,North Canaan,CT,06024,94061,3,2.0,East Canaan,3064,43560,1953,155,31,,Active,,,http://www.redfin.com/CT/East-Canaan/8-Browns-Ln-06024/home/107273788,Smart MLS,170255656,N,Y,42.0124491,-73.2638997
MLS Listing,,Multi-Family (2-4 Unit),27 Grove St,North Canaan,CT,06018,249900,5,3.0,Canaan Village,2911,17859,1895,189,86,,Active,,,http://www.redfin.com/CT/Canaan/27-Grove-St-06018/home/107273209,Smart MLS,170249004,N,Y,42.0259486,-73.3372265
MLS Listing,,Single Family Residential,63 Allyndale Rd,North Canaan,CT,06018,559900,4,3.5,Canaan Valley,4145,87120,1990,203,135,,Active,,,http://www.redfin.com/CT/Canaan/63-Allyndale-Rd-06018/home/107273499,Smart MLS,170241976,N,Y,42.030574,-73.2962767
MLS Listing,,Single Family Residential,275 E Canaan Rd,North Canaan,CT,06024,190000,4,1.5,North Canaan,1752,31363,1910,261,108,,Active,,,http://www.redfin.com/CT/East-Canaan/275-E-Canaan-Rd-06024/home/107273653,Smart MLS,170227893,N,Y,42.0131472,-73.281673
MLS Listing,,Single Family Residential,22 Prospect St,North Canaan,CT,06018,192900,3,2.5,North Canaan,1930,7840,1877,371,100,,Active,,,http://www.redfin.com/CT/Canaan/22-Prospect-St-06018/home/107273578,Smart MLS,170191312,N,Y,42.0288685,-73.3326897
MLS Listing,,Single Family Residential,53 New St,North Canaan,CT,06018,429900,3,2.5,North Canaan,2604,277477,2004,410,165,,Active,,,http://www.redfin.com/CT/Canaan/53-New-St-06018/home/107273822,Smart MLS,170176257,N,Y,42.0403896,-73.277182
MLS Listing,,Condo/Co-op,76 N Elm St Unit 1D,North Canaan,CT,06018,125000,2,2.5,North Canaan,1100,,2008,413,114,186,Active,,,http://www.redfin.com/CT/Canaan/76-N-Elm-St-06018/unit-1D/home/107273583,Smart MLS,170175517,N,Y,42.0270392,-73.3230495
MLS Listing,,Condo/Co-op,76 N Elm St Unit 1C,North Canaan,CT,06018,125000,2,2.5,North Canaan,1100,,2008,413,114,186,Active,,,http://www.redfin.com/CT/Canaan/76-N-Elm-St-06018/unit-1C/home/107273839,Smart MLS,170174785,N,Y,42.0270392,-73.3230495
MLS Listing,,Condo/Co-op,76 N Elm St Unit 1B,North Canaan,CT,06018,125000,2,2.5,North Canaan,1100,,2008,413,114,186,Active,,,http://www.redfin.com/CT/Canaan/76-N-Elm-St-06018/unit-1B/home/107274043,Smart MLS,170174800,N,Y,42.0270392,-73.3230495
MLS Listing,,Single Family Residential,41 Prospect St,Canaan,CT,06031,395000,4,3.0,Falls Village,3537,79714,1950,546,112,,Active,,,http://www.redfin.com/CT/Canaan/41-Prospect-St-06018/home/107077256,Smart MLS,170141135,N,Y,42.03009,-73.332416
MLS Listing,,Vacant Land,61 Canaan Valley Rd,North Canaan,CT,06024,59900,,,Canaan Valley,,113256,,574,,,Active,,,http://www.redfin.com/CT/North-Canaan/61-Canaan-Valley-Rd-06024/home/147583743,Smart MLS,170133532,N,Y,42.026601,-73.266263
MLS Listing,,Single Family Residential,174 E Canaan Rd,North Canaan,CT,06024,90000,4,2.0,North Canaan,1984,63597,1910,615,45,,Active,,,http://www.redfin.com/CT/EAST-CANAAN/174-E-CANAAN-RD-06024/home/107273520,Smart MLS,170120253,N,Y,42.014632,-73.297651
MLS Listing,,Vacant Land,52 Canaan Valley Rd,North Canaan,CT,06024,395000,,,North Canaan,,2385345,,615,,,Active,,,http://www.redfin.com/CT/East-Canaan/52-Canaan-Valley-Rd-06024/home/146101467,Smart MLS,170121042,N,Y,42.020491,-73.263138
MLS Listing,,Single Family Residential,24 Emmons Ln,North Canaan,CT,06018,1998000,7,7.0,North Canaan,5999,1104246,1939,870,333,,Active,,,http://www.redfin.com/CT/Canaan/24-Emmons-Ln-06018/home/107273457,Smart MLS,L10014491,N,Y,42.0358696,-73.2517417
MLS Listing,,Vacant Land,0 Salisbury Rd,North Canaan,CT,06018,54900,,,North Canaan,82764,82764,,870,1,,Active,,,http://www.redfin.com/CT/Canaan/Salisbury-Rd-06018/home/144526815,Smart MLS,L147958,N,Y,42.023058,-73.344128
MLS Listing,,Vacant Land,0 Greene Ave,North Canaan,CT,06018,12500,,,North Canaan,,46173,,871,,,Active,,,http://www.redfin.com/CT/North-Canaan/Greene-Ave-06018/home/144524174,Smart MLS,L10019281,N,Y,42.017567,-73.349176
