SALE TYPE,SOLD DATE,PROPERTY TYPE,ADDRESS,CITY,STATE OR PROVINCE,ZIP OR POSTAL CODE,PRICE,BEDS,BATHS,LOCATION,SQUARE FEET,LOT SIZE,YEAR BUILT,DAYS ON MARKET,$/SQUARE FEET,HOA/MONTH,STATUS,NEXT OPEN HOUSE START TIME,NEXT OPEN HOUSE END TIME,URL (SEE http://www.redfin.com/buy-a-home/comparative-market-analysis FOR INFO ON PRICING),SOURCE,MLS#,FAVORITE,INTERESTED,LATITUDE,LONGITUDE
MLS Listing,,Single Family Residential,43 Idylwood Dr,North Branford,CT,06472,225000,3,1.0,Northford,1157,24393,1960,1,194,,Active,,,http://www.redfin.com/CT/Northford/43-Idylwood-Dr-06472/home/54139754,Smart MLS,170292616,N,Y,41.3744497,-72.8025024
MLS Listing,,Condo/Co-op,223 Twin Lakes Rd Unit D,North Branford,CT,06471,259000,2,2.5,North Branford,2300,,1984,3,113,352,Active,,,http://www.redfin.com/CT/North-Branford/223-Twin-Lakes-Rd-06471/unit-D/home/54137786,Smart MLS,170292791,N,Y,41.314834,-72.783176
MLS Listing,,Single Family Residential,19 Miller Rd,North Branford,CT,06472,239000,3,1.0,Northford,1474,20037,1959,11,162,,Active,,,http://www.redfin.com/CT/Northford/19-Miller-Rd-06472/home/54140046,Smart MLS,170290501,N,Y,41.3679159,-72.7943772
MLS Listing,,Condo/Co-op,235 Twin Lakes Rd Unit E,North Branford,CT,06471,214900,2,2.5,North Branford,1600,,1985,18,134,352,Active,,,http://www.redfin.com/CT/North-Branford/235-Twin-Lakes-Rd-06471/unit-E/home/54137757,Smart MLS,170289329,N,Y,41.31443,-72.781694
MLS Listing,,Vacant Land,121 W Pond Rd,North Branford,CT,06471,299999,,,North Branford,,768833,,28,,,Active,,,http://www.redfin.com/CT/North-Branford/121-W-Pond-Rd-06471/home/144520088,Smart MLS,170286910,N,Y,41.336554,-72.7508375
MLS Listing,,Single Family Residential,464 Totoket Rd,North Branford,CT,06472,430000,4,2.5,Northford,2528,127630,1991,38,170,,Active,,,http://www.redfin.com/CT/Northford/464-Totoket-Rd-06472/home/54139623,Smart MLS,170285477,N,Y,41.3476655,-72.8163515
MLS Listing,,Single Family Residential,500 Totoket Rd,North Branford,CT,06472,449900,3,2.5,Totoket,3150,174675,1998,38,143,,Active,,,http://www.redfin.com/CT/Northford/500-Totoket-Rd-06472/home/54139591,Smart MLS,170285230,N,Y,41.3484344,-72.8156591
MLS Listing,,Single Family Residential,29 Lanes Pond Rd,North Branford,CT,06472,469900,4,3.0,Northford,3307,81457,1991,45,142,,Active,,,http://www.redfin.com/CT/Northford/29-Lanes-Pond-Rd-06472/home/54141219,Smart MLS,170283463,N,Y,41.4087854,-72.7412798
MLS Listing,,Single Family Residential,51 Lanes Pond Rd,North Branford,CT,06472,499900,3,2.0,Northford,2253,169884,1780,45,222,,Active,,,http://www.redfin.com/CT/Northford/51-Lanes-Pond-Rd-06472/home/54141212,Smart MLS,170282975,N,Y,41.4112386,-72.7414183
MLS Listing,,Single Family Residential,12 Berncliff Dr,North Branford,CT,06472,350000,4,2.0,Northford,2084,40075,1963,46,168,,Active,,,http://www.redfin.com/CT/Northford/12-Berncliff-Dr-06472/home/54140871,Smart MLS,170278134,N,Y,41.41836,-72.7528698
MLS Listing,,Single Family Residential,7 Notch Hill Rd,North Branford,CT,06471,293000,3,2.0,North Branford,1802,27007,1983,48,163,,Active,,,http://www.redfin.com/CT/North-Branford/7-Notch-Hill-Rd-06471/home/54141688,Smart MLS,170283387,N,Y,41.3119516,-72.7456665
MLS Listing,,Condo/Co-op,229 Branford Rd #471,North Branford,CT,06471,149999,2,1.0,North Branford,875,,1987,53,171,265,Active,,,http://www.redfin.com/CT/North-Branford/229-Branford-Rd-06471/unit-471/home/54138967,Smart MLS,170281964,N,Y,41.320696,-72.7709086
MLS Listing,,Single Family Residential,819 Totoket Rd,North Branford,CT,06472,285000,4,2.5,Northford,2688,40075,1960,56,106,,Active,,,http://www.redfin.com/CT/Northford/819-Totoket-Rd-06472/home/54140133,Smart MLS,170280887,N,Y,41.3724226,-72.8021792
MLS Listing,,Condo/Co-op,229 Branford Rd #327,North Branford,CT,06471,170000,2,1.5,North Branford,1000,,1987,56,170,225,Active,,,http://www.redfin.com/CT/North-Branford/229-Branford-Rd-06471/unit-327/home/54138827,Smart MLS,170281422,N,Y,41.320696,-72.7709086
MLS Listing,,Condo/Co-op,14 Whiting Ct #14,North Branford,CT,06472,399900,2,2.5,Northford,2402,,2005,69,166,375,Active,,,http://www.redfin.com/CT/Northford/14-Whiting-Ct-06472/unit-14/home/170855652,Smart MLS,170272689,N,Y,41.3911343,-72.801755
MLS Listing,,Single Family Residential,409 Sea Hill Rd,North Branford,CT,06471,649900,4,4.5,Northford,4833,136778,1999,81,134,,Active,,,http://www.redfin.com/CT/North-Branford/409-Sea-Hill-Rd-06471/home/54142746,Smart MLS,170269606,N,Y,41.3547454,-72.7486552
MLS Listing,,Single Family Residential,62 Mountain View Ter,North Branford,CT,06472,294995,3,3.0,Northford,2240,13068,1972,81,132,,Active,,,http://www.redfin.com/CT/Northford/62-Mountain-View-Ter-06472/home/54140943,Smart MLS,170269967,N,Y,41.4240084,-72.7409566
MLS Listing,,Multi-Family (2-4 Unit),2081 Middletown Ave,North Branford,CT,06472,389900,3,2.0,Northford,2706,59677,1951,85,144,,Active,,,http://www.redfin.com/CT/Northford/2081-Middletown-Ave-06472/home/168910097,Smart MLS,170271572,N,Y,41.4232536,-72.7390171
MLS Listing,,Single Family Residential,24 Jerz Ln,North Branford,CT,06472,210000,4,2.0,Northford,1482,24829,1962,88,142,,Active,,,http://www.redfin.com/CT/Northford/24-Jerz-Ln-06472/home/54142122,Smart MLS,170270872,N,Y,41.3460849,-72.8028255
MLS Listing,,Single Family Residential,130 W Pond Rd,North Branford,CT,06471,325000,3,2.5,North Branford,3246,79279,1971,114,100,,Active,,,http://www.redfin.com/CT/North-Branford/130-W-Pond-Rd-06471/home/54139276,Smart MLS,170264037,N,Y,41.3344616,-72.7530796
MLS Listing,,Condo/Co-op,5 Whiting Ct #5,North Branford,CT,06472,383900,2,2.5,Northford,2432,,2004,130,158,375,Active,,,http://www.redfin.com/CT/Northford/5-Whiting-Ct-06472/unit-5/home/168852900,Smart MLS,170259609,N,Y,41.391234,-72.8017697
MLS Listing,,Single Family Residential,57 Chidsey Dr,North Branford,CT,06471,325000,6,3.0,North Branford,3662,16117,1964,141,89,,Active,,,http://www.redfin.com/CT/North-Branford/57-Chidsey-Dr-06471/home/54138174,Smart MLS,170258881,N,Y,41.3164708,-72.7715698
MLS Listing,,Single Family Residential,19 Old Post Rd,North Branford,CT,06472,224500,3,2.0,Northford,1600,25700,1920,156,140,,Active,,,http://www.redfin.com/CT/Northford/19-Old-Post-Rd-06472/unit-R/home/54140623,Smart MLS,170255933,N,Y,41.3952418,-72.7909765
MLS Listing,,Single Family Residential,484 Village St,North Branford,CT,06472,289900,2,1.5,Northford,1385,44866,1972,168,209,,Active,,,http://www.redfin.com/CT/Northford/484-Village-St-06472/home/54140367,Smart MLS,170250405,N,Y,41.3930844,-72.8062417
MLS Listing,,Single Family Residential,886 Totoket Rd,North Branford,CT,06472,350000,5,2.5,North Branford,2871,60983,1987,170,122,,Active,,,http://www.redfin.com/CT/Northford/886-Totoket-Rd-06472/home/54142324,Smart MLS,170250707,N,Y,41.3771414,-72.8012097
MLS Listing,,Single Family Residential,212 Parsonage Hill Rd,North Branford,CT,06472,622000,3,2.5,Northford,3884,100187,1995,180,160,,Active,,,http://www.redfin.com/CT/Northford/212-Parsonage-Hill-Rd-06472/home/54142338,Smart MLS,170251488,N,Y,41.3751388,-72.80885
MLS Listing,,Vacant Land,0 Glenwood Rd,North Branford,CT,06471,449900,,,North Branford,,1313769,,210,,,Active,,,http://www.redfin.com/CT/NORTH-BRANFORD/GLENWOOD-RD-06471/home/54138478,Smart MLS,170243762,N,Y,41.324726,-72.744128
MLS Listing,,Single Family Residential,2052 Middletown Ave,North Branford,CT,06472,234000,3,1.0,North Branford,960,20037,1955,228,244,,Active,,,http://www.redfin.com/CT/Northford/2052-Middletown-Ave-06472/home/54140951,Smart MLS,170238015,N,Y,41.4218621,-72.741326
MLS Listing,,Vacant Land,41 Old Post Rd,North Branford,CT,06472,129900,,,Northford,,61419,,242,,,Active,,,http://www.redfin.com/CT/Northford/41-Old-Post-Rd-06472/home/106640920,Smart MLS,170233279,N,Y,41.396103,-72.7905394
MLS Listing,,Vacant Land,45 Old Post Rd,North Branford,CT,06472,139900,,,Northford,,79714,,242,,,Active,,,http://www.redfin.com/CT/Northford/45-Old-Post-Rd-06472/home/106640941,Smart MLS,170233287,N,Y,41.3963512,-72.7904941
MLS Listing,,Vacant Land,1446 Middletown Ave,North Branford,CT,06472,129900,,,Northford,,40510,,242,,,Active,,,http://www.redfin.com/CT/Northford/1446-Middletown-Ave-06472/home/54140620,Smart MLS,170233290,N,Y,41.3963453,-72.7892841
MLS Listing,,Vacant Land,102 Twin Lakes Rd,North Branford,CT,06471,204000,,,North Branford,,109771,,312,,,Active,,,http://www.redfin.com/CT/North-Branford/102-Twin-Lakes-Rd-06471/home/54138230,Smart MLS,170193161,N,Y,41.3247482,-72.7857021
MLS Listing,,Single Family Residential,64 Blue Trail Ct,North Branford,CT,06472,109000,3,1.0,North Branford,640,49658,1958,325,170,,Active,,,http://www.redfin.com/CT/Northford/64-Blue-Trail-Ct-06472/home/54141571,Smart MLS,170207940,N,Y,41.4248635,-72.7328775
MLS Listing,,Single Family Residential,10 Ric Ct,North Branford,CT,06471,310000,3,2.0,North Branford,2568,43995,1962,333,121,,Active,,,http://www.redfin.com/CT/North-Branford/10-Ric-Ct-06471/home/54138375,Smart MLS,170204606,N,Y,41.3235789,-72.7918389
MLS Listing,,Single Family Residential,224 Foxon Rd Unit 9C,North Branford,CT,06471,63000,2,1.0,North Branford,825,,2019,351,76,,Active,,,http://www.redfin.com/CT/North-Branford/224-Foxon-Rd-06471/unit-9C/home/147428056,Smart MLS,170198390,N,Y,41.329928,-72.8150915
MLS Listing,,Single Family Residential,224 Foxon Rd Unit 9B,North Branford,CT,06471,63000,2,1.0,North Branford,800,,2019,351,79,,Active,,,http://www.redfin.com/CT/North-Branford/224-Foxon-Rd-06471/unit-9B/home/54139175,Smart MLS,170198382,N,Y,41.329928,-72.8150915
MLS Listing,,Single Family Residential,224 Foxon Rd Unit 8B,North Branford,CT,06471,63000,2,1.0,North Branford,825,,2019,351,76,,Active,,,http://www.redfin.com/CT/North-Branford/224-Foxon-Rd-06471/unit-8B/home/54139176,Smart MLS,170198392,N,Y,41.329928,-72.8150915
MLS Listing,,Vacant Land,72 Notch Hill Rd,North Branford,CT,06471,59900,,,North Branford,,79714,,751,,,Active,,,http://www.redfin.com/CT/North-Branford/72-Notch-Hill-Rd-06471/home/54137860,Smart MLS,170073734,N,Y,41.3154548,-72.7504536
MLS Listing,,Vacant Land,66 Notch Hill Rd,North Branford,CT,06471,49900,,,North Branford,,72745,,751,,,Active,,,http://www.redfin.com/CT/North-Branford/66-Notch-Hill-Rd-06471/home/54137861,Smart MLS,170073722,N,Y,41.315038,-72.7498959
MLS Listing,,Vacant Land,50 Clintonville Rd,North Branford,CT,06472,1100000,,,Northford,,261360,,870,,,Active,,,http://www.redfin.com/CT/Northford/50-Clintonville-Rd-06472/home/109606240,Smart MLS,170030662,N,Y,41.395082,-72.8140717
MLS Listing,,Vacant Land,1452 Middletown Ave,North Branford,CT,06472,139900,,,Northford,,84070,,872,,,Active,,,http://www.redfin.com/CT/Northford/1452-Middletown-Ave-06472/home/106640917,Smart MLS,N10138441,N,Y,41.3963111,-72.7878199
