SALE TYPE,SOLD DATE,PROPERTY TYPE,ADDRESS,CITY,STATE OR PROVINCE,ZIP OR POSTAL CODE,PRICE,BEDS,BATHS,LOCATION,SQUARE FEET,LOT SIZE,YEAR BUILT,DAYS ON MARKET,$/SQUARE FEET,HOA/MONTH,STATUS,NEXT OPEN HOUSE START TIME,NEXT OPEN HOUSE END TIME,URL (SEE http://www.redfin.com/buy-a-home/comparative-market-analysis FOR INFO ON PRICING),SOURCE,MLS#,FAVORITE,INTERESTED,LATITUDE,LONGITUDE
MLS Listing,,Single Family Residential,10 East Ave,Norwich,CT,06360,179000,3,1.5,Norwich,1658,12196,1993,1,108,,Active,,,http://www.redfin.com/CT/Norwich/10-East-Ave-06360/home/53936133,Smart MLS,170293485,N,Y,41.525146,-72.0971579
MLS Listing,,Multi-Family (2-4 Unit),30 N 3rd Ave,Norwich,CT,06380,224900,8,3.5,Taftville,4336,12632,1875,1,52,,Active,,,http://www.redfin.com/CT/Taftville/30-N-3rd-Ave-06380/home/53933901,Smart MLS,170293234,N,Y,41.5726656,-72.0512241
MLS Listing,,Single Family Residential,62 S 5th Ave,Norwich,CT,06380,179900,4,1.0,Taftville,1404,19602,1950,2,128,,Active,,,http://www.redfin.com/CT/Taftville/62-S-5th-Ave-06380/home/53930511,Smart MLS,170293082,N,Y,41.5648824,-72.0518857
MLS Listing,,Single Family Residential,104 Norwich Ave Unit H2,Norwich,CT,06360,49000,2,1.0,Greenville,980,,1991,2,50,450,Active,,,http://www.redfin.com/CT/Norwich/104-Norwich-Ave-06360/unit-H2/home/53934023,Smart MLS,170293089,N,Y,41.5545674,-72.0517989
MLS Listing,,Single Family Residential,16 Huntington Ln,Norwich,CT,06360,550000,6,4.0,Norwichtown,4954,200375,1705,2,111,,Active,,,http://www.redfin.com/CT/Norwich/16-Huntington-Ln-06360/home/53930009,Smart MLS,170290009,N,Y,41.5517549,-72.0909091
MLS Listing,,Single Family Residential,81 Sherwood Ln,Norwich,CT,06360,287900,5,2.5,Cherry Hill,2340,27442,1969,2,123,,Active,,,http://www.redfin.com/CT/Norwich/81-Sherwood-Ln-06360/home/53939133,Smart MLS,170292848,N,Y,41.5177408,-72.1125711
MLS Listing,,Single Family Residential,165 Rockwell St,Norwich,CT,06360,469500,2,3.0,Norwich,2074,59241,1853,2,226,,Active,,,http://www.redfin.com/CT/Norwich/165-Rockwell-St-06360/home/53938686,Smart MLS,170292875,N,Y,41.5356139,-72.0739891
MLS Listing,,Multi-Family (2-4 Unit),191 W Thames St,Norwich,CT,06360,129900,0,,Thamesville,2008,4791,1900,3,65,,Active,,,http://www.redfin.com/CT/Norwich/191-W-Thames-St-06360/home/53938205,Smart MLS,170292865,N,Y,41.5125819,-72.0832252
MLS Listing,,Single Family Residential,30 Maennerchor Ave,Norwich,CT,06380,159000,3,1.5,Taftville,1530,11761,1927,3,104,,Active,,,http://www.redfin.com/CT/Taftville/30-Maennerchor-Ave-06380/home/53937596,Smart MLS,170291280,N,Y,41.5609929,-72.0502654
MLS Listing,,Single Family Residential,93 Canterbury Tpke,Norwich,CT,06360,125000,3,1.0,Norwich,1324,21344,1956,3,94,,Active,,,http://www.redfin.com/CT/Norwich/93-Canterbury-Tpke-06360/home/53936373,Smart MLS,170292624,N,Y,41.5577741,-72.0805867
MLS Listing,,Single Family Residential,423 Harland Rd,Norwich,CT,06360,99500,2,1.0,Norwichtown,820,22651,1925,4,121,,Active,,,http://www.redfin.com/CT/Norwich/423-Harland-Rd-06360/home/53930712,Smart MLS,170292405,N,Y,41.5629106,-72.0659588
MLS Listing,,Single Family Residential,85 Roosevelt Ave,Norwich,CT,06360,225000,3,2.5,n/a,1937,27442,2011,4,116,,Active,,,http://www.redfin.com/CT/Norwich/85-Roosevelt-Ave-06360/home/53932762,Smart MLS,170292490,N,Y,41.536691,-72.0483977
MLS Listing,,Single Family Residential,12 Highland St,Norwich,CT,06380,167000,3,1.5,Taftville,1429,6969,1910,4,117,,Active,,,http://www.redfin.com/CT/Taftville/12-Highland-St-06380/home/53937600,Smart MLS,170292383,N,Y,41.5607025,-72.0515153
MLS Listing,,Single Family Residential,80 Salem Tpke,Norwich,CT,06360,163610,3,1.0,Norwich,1082,13939,1930,4,151,,Active,,,http://www.redfin.com/CT/Norwich/80-Salem-Tpke-06360/home/53936255,Smart MLS,170290558,N,Y,41.511759,-72.1111362
MLS Listing,,Multi-Family (2-4 Unit),632 E Main St,Norwich,CT,06360,189900,7,3.0,Norwich,2181,16988,1850,4,87,,Active,,,http://www.redfin.com/CT/Norwich/632-E-Main-St-06360/home/53937177,Smart MLS,170292381,N,Y,41.5208319,-72.0589686
MLS Listing,,Single Family Residential,263 Washington St,Norwich,CT,06360,179900,3,1.5,Norwich,1882,10018,1930,4,96,,Active,,,http://www.redfin.com/CT/Norwich/263-Washington-St-06360/home/53928523,Smart MLS,170292298,N,Y,41.5393636,-72.0846581
MLS Listing,,Vacant Land,22 Aspen Ct,Norwich,CT,06360,38500,,,Norwich,,78408,,4,,,Active,,,http://www.redfin.com/CT/Norwich/22-Aspen-Ct-06360/home/53939431,Smart MLS,170292260,N,Y,41.5452772,-72.1319677
MLS Listing,,Single Family Residential,75 Asylum St,Norwich,CT,06360,200000,3,1.5,Norwich,2341,4356,1933,7,85,,Active,,,http://www.redfin.com/CT/Norwich/75-Asylum-St-06360/home/53939043,Smart MLS,170291593,N,Y,41.5253082,-72.0904721
MLS Listing,,Multi-Family (2-4 Unit),101 Cliff St,Norwich,CT,06360,144900,6,2.5,Norwich,3543,4356,1880,7,41,,Active,,,http://www.redfin.com/CT/Norwich/101-Cliff-St-06360/home/53937546,Smart MLS,170285949,N,Y,41.5262348,-72.0695232
MLS Listing,,Single Family Residential,393 Wawecus Hill Rd,Norwich,CT,06360,379900,4,3.5,Norwich,2243,59241,1992,8,169,,Active,,,http://www.redfin.com/CT/NORWICH/393-WAWECUS-HILL-RD-06360/home/53937052,Smart MLS,170291204,N,Y,41.534613,-72.139055
MLS Listing,,Single Family Residential,22 Fountain St,Norwich,CT,06360,99900,2,1.0,Norwich,1008,9147,1900,9,99,,Active,,,http://www.redfin.com/CT/Norwich/22-Fountain-St-06360/home/53938633,Smart MLS,170291234,N,Y,41.526385,-72.0803552
MLS Listing,,Condo/Co-op,41 Palmer St #6,Norwich,CT,06360,135000,3,2.5,Norwich,1230,,2007,11,110,110,Active,,,http://www.redfin.com/CT/Norwich/41-Palmer-St-06360/unit-6/home/53934732,Smart MLS,170290578,N,Y,41.5235271,-72.0597832
MLS Listing,,Single Family Residential,257 Broadway,Norwich,CT,06360,189900,4,4.0,Norwich,4542,28749,1850,14,42,,Active,,,http://www.redfin.com/CT/Norwich/257-Broadway-06360/home/53935142,Smart MLS,170289909,N,Y,41.5340571,-72.0800775
MLS Listing,,Single Family Residential,37 Beckwith St,Norwich,CT,06360,185000,2,1.0,Norwich,1076,8712,1926,15,172,,Active,,,http://www.redfin.com/CT/Norwich/37-Beckwith-St-06360/home/53939033,Smart MLS,170289064,N,Y,41.5194609,-72.0918464
MLS Listing,,Single Family Residential,86 Smith Ave,Norwich,CT,06360,165000,3,2.0,Greenville,1853,16552,1880,15,89,,Active,,,http://www.redfin.com/CT/Norwich/86-Smith-Ave-06360/home/53928391,Smart MLS,170289816,N,Y,41.5325621,-72.0488766
MLS Listing,,Single Family Residential,16 Watrous Ave,Norwich,CT,06360,129900,3,1.0,Laurel Hill,1325,10454,1890,16,98,,Active,,,http://www.redfin.com/CT/Norwich/16-Watrous-Ave-06360/home/53930507,Smart MLS,170289078,N,Y,41.5085289,-72.0744764
MLS Listing,,Multi-Family (2-4 Unit),17 Grove St,Norwich,CT,06360,130000,0,,Norwich,3046,6534,1880,17,43,,Active,,,http://www.redfin.com/CT/Norwich/17-Grove-St-06360/home/53929043,Smart MLS,170289395,N,Y,41.5310373,-72.0724108
MLS Listing,,Single Family Residential,11 Green Briar Rd,Norwich,CT,06360,225000,3,1.5,Cherry Hill,1648,18730,1964,18,137,,Active,,,http://www.redfin.com/CT/Norwich/11-Green-Briar-Rd-06360/home/53933243,Smart MLS,170289370,N,Y,41.526727,-72.1075767
MLS Listing,,Single Family Residential,72 Division St,Norwich,CT,06360,49900,3,1.0,Norwich,1103,2178,1890,21,45,,Active,,,http://www.redfin.com/CT/Norwich/72-Division-St-06360/home/53937741,Smart MLS,170288820,N,Y,41.5297577,-72.0704375
MLS Listing,,Single Family Residential,35 Adams Dr,Norwich,CT,06360,269900,4,1.5,Norwichtown,1985,25264,1972,21,136,,Active,,,http://www.redfin.com/CT/Norwich/35-Adams-Dr-06360/home/53936790,Smart MLS,170287858,N,Y,41.5757331,-72.0822531
MLS Listing,,Condo/Co-op,57 Forestview Dr #57,Norwich,CT,06360,164900,2,2.5,Norwich,1456,,2007,22,113,225,Active,,,http://www.redfin.com/CT/Norwich/57-Forestview-Dr-06360/unit-57/home/171436489,Smart MLS,170288526,N,Y,41.5728454,-72.1122299
MLS Listing,,Vacant Land,45 Blueberry Hill Rd,Norwich,CT,06360,70000,,,Norwich,,326264,,22,,,Active,,,http://www.redfin.com/CT/Norwich/45-Blueberry-Hill-Rd-06360/home/53932574,Smart MLS,170288515,N,Y,41.5418139,-72.1274563
MLS Listing,,Condo/Co-op,190 S Thames St #19,Norwich,CT,06360,159900,2,2.5,Norwich,1266,,2010,23,126,110,Active,,,http://www.redfin.com/CT/Norwich/190-S-Thames-St-06360/unit-19/home/53934674,Smart MLS,170288191,N,Y,41.517585,-72.079495
MLS Listing,,Single Family Residential,20 Watrous Ave,Norwich,CT,06360,174900,3,1.0,Laurel Hill,1053,5227,1895,23,166,,Active,,,http://www.redfin.com/CT/Norwich/20-Watrous-Ave-06360/home/53937837,Smart MLS,170288261,N,Y,41.5084228,-72.0745227
MLS Listing,,Condo/Co-op,586 W Thames St #609,Norwich,CT,06360,225000,1,1.5,Norwich,1490,,2003,24,151,370,Active,,,http://www.redfin.com/CT/Norwich/586-W-Thames-St-06360/unit-609/home/53935355,Smart MLS,170288113,N,Y,41.5023045,-72.0935887
MLS Listing,,Condo/Co-op,586 W Thames St #608,Norwich,CT,06360,229000,2,2.5,Norwich,1740,,2003,24,132,447,Active,,,http://www.redfin.com/CT/Norwich/586-W-Thames-St-06360/unit-608/home/53934949,Smart MLS,170287913,N,Y,41.5023045,-72.0935887
MLS Listing,,Vacant Land,42 Prospect St,Norwich,CT,06360,27000,,,Norwich,,4356,,25,,,Active,,,http://www.redfin.com/CT/Norwich/42-Prospect-St-06360/home/53937383,Smart MLS,170288024,N,Y,41.5306347,-72.0597093
MLS Listing,,Vacant Land,8 Hinckley Hill Rd,Preston,CT,06365,99000,,,Preston,,94089,,25,,,Active,,,http://www.redfin.com/CT/Preston/8-Hinckley-Hill-Rd-06365/home/54046503,Smart MLS,170288020,N,Y,41.5164723,-72.0668566
MLS Listing,,Vacant Land,6 Hinckley Hill Rd,Preston,CT,06365,99000,,,Preston,,146797,,25,,,Active,,,http://www.redfin.com/CT/Preston/6-Hinckley-Hill-Rd-06365/home/54046501,Smart MLS,170288012,N,Y,41.5161003,-72.0677571
MLS Listing,,Vacant Land,152 Hinckley St,Norwich,CT,06360,99000,,,Laurel Hill,,469141,,25,,,Active,,,http://www.redfin.com/CT/Norwich/152-Hinckley-St-06360/home/53933628,Smart MLS,170288002,N,Y,41.5175995,-72.0676528
MLS Listing,,Vacant Land,173 Hinckley St,Norwich,CT,06360,99000,,,Laurel Hill,,36590,,25,,,Active,,,http://www.redfin.com/CT/Norwich/173-Hinckley-St-06360/home/53936848,Smart MLS,170288007,N,Y,41.5163537,-72.068277
MLS Listing,,Single Family Residential,107 5th St,Norwich,CT,06360,129900,3,1.0,Norwich,1549,8712,1870,27,84,,Active,,,http://www.redfin.com/CT/Norwich/107-5th-St-06360/home/53928519,MLS PIN,72643065,N,Y,41.5350996,-72.0590149
MLS Listing,,Single Family Residential,183 Case St,Norwich,CT,06360,239900,3,2.5,Norwichtown,1972,60983,1988,28,122,,Active,,,http://www.redfin.com/CT/Norwich/183-Case-St-06360/home/53936549,Smart MLS,170287557,N,Y,41.5674879,-72.0918811
MLS Listing,,Single Family Residential,116 Sachem St,Norwich,CT,06360,279900,3,2.0,Norwichtown,2080,7840,1870,32,135,,Active,,,http://www.redfin.com/CT/Norwich/116-Sachem-St-06360/home/171277556,Smart MLS,170286647,N,Y,41.5355062,-72.0886633
MLS Listing,,Condo/Co-op,68 Thermos Ave #410,Norwich,CT,06360,140000,2,2.0,Norwichtown,1184,,1989,33,118,377,Active,,,http://www.redfin.com/CT/Norwich/68-Thermos-Ave-06360/unit-410/home/53928317,Smart MLS,170286479,N,Y,41.5099763,-72.0778608
MLS Listing,,Vacant Land,26 Gulliver Cir,Norwich,CT,06360,29999,,,Norwichtown,,45738,,34,,,Active,,,http://www.redfin.com/CT/Norwich/26-Gulliver-Cir-06360/home/53930912,Smart MLS,170286419,N,Y,41.5558777,-72.0886169
MLS Listing,,Condo/Co-op,7 Forestview Dr #7,Norwich,CT,06360,179900,2,2.5,Norwich,1456,,2003,35,124,225,Active,,,http://www.redfin.com/CT/Norwich/7-Forestview-Dr-06360/unit-7/home/168844505,Smart MLS,170260897,N,Y,41.5728454,-72.1122299
MLS Listing,,Single Family Residential,253 Washington St,Norwich,CT,06360,150000,5,2.5,Norwich,2995,7840,1880,36,50,,Active,,,http://www.redfin.com/CT/Norwich/253-Washington-St-06360/home/53935905,Smart MLS,170286004,N,Y,41.5386972,-72.0842435
MLS Listing,,Multi-Family (2-4 Unit),119 Williams St,Norwich,CT,06360,180000,8,4.0,Norwich,2964,10018,1870,38,61,,Active,,,http://www.redfin.com/CT/Norwich/119-Williams-St-06360/home/53930231,Smart MLS,170284102,N,Y,41.5382363,-72.0891501
MLS Listing,,Single Family Residential,13 Baltic St,Norwich,CT,06360,17500,2,1.0,Norwich,1296,4791,1885,38,14,,Active,,,http://www.redfin.com/CT/Norwich/13-Baltic-St-06360/home/53937475,Smart MLS,170285505,N,Y,41.5317283,-72.0691066
MLS Listing,,Single Family Residential,59 Flyers Dr,Norwich,CT,06360,198000,4,2.0,Norwichtown,2489,8712,1947,41,80,,Active,,,http://www.redfin.com/CT/Norwich/59-Flyers-Dr-06360/home/53935467,Smart MLS,170284977,N,Y,41.562528,-72.0732265
MLS Listing,,Vacant Land,185 Palmer Street Ext,Norwich,CT,06360,50000,,,Norwich,,95396,,41,,,Active,,,http://www.redfin.com/CT/Norwich/185-Palmer-Street-Ext-06360/home/171220276,Smart MLS,170284904,N,Y,41.5187142,-72.0579502
MLS Listing,,Single Family Residential,613 Laurel Hill Rd,Norwich,CT,06360,244900,3,2.5,Laurel Hill,2912,46173,1998,43,84,,Active,,,http://www.redfin.com/CT/Norwich/613-Laurel-Hill-Rd-06360/home/53937892,Smart MLS,170282712,N,Y,41.4976132,-72.077439
MLS Listing,,Single Family Residential,4 Banas Ct,Norwich,CT,06360,169000,3,1.0,East Great Plains,1266,9583,1951,46,133,,Active,,,http://www.redfin.com/CT/Norwich/4-Banas-Ct-06360/home/53931400,Smart MLS,170283547,N,Y,41.5151851,-72.1002823
MLS Listing,,Multi-Family (2-4 Unit),7 Town St,Norwich,CT,06360,150000,0,,Norwich,1484,9147,1928,49,101,,Active,,,http://www.redfin.com/CT/Norwich/7-Town-St-06360/home/171163699,Smart MLS,170283268,N,Y,41.5457328,-72.088965
MLS Listing,,Single Family Residential,40 Penobscot St,Norwich,CT,06360,92900,4,3.0,Norwich,1188,4356,1923,49,78,,Active,,,http://www.redfin.com/CT/Norwich/40-Penobscot-St-06360/home/53937119,Smart MLS,170283027,N,Y,41.5246868,-72.0657736
MLS Listing,,Single Family Residential,51 Sturtevant St,Norwich,CT,06360,125000,2,1.0,Norwichtown,1168,30927,1882,51,107,,Active,,,http://www.redfin.com/CT/Norwich/51-Sturtevant-St-06360/home/53931194,Smart MLS,170282099,N,Y,41.5483409,-72.1018676
MLS Listing,,Vacant Land,229 N Wawecus Hill Rd,Norwich,CT,06360,24900,,,Norwichtown,,133729,,52,,,Active,,,http://www.redfin.com/CT/Norwich/229-N-Wawecus-Hill-Rd-06360/home/53933050,Smart MLS,170282409,N,Y,41.5287495,-72.1264593
MLS Listing,,Vacant Land,217 N Wawecus Hill Rd,Norwich,CT,06360,24900,,,Norwichtown,,85813,,52,,,Active,,,http://www.redfin.com/CT/Norwich/217-N-Wawecus-Hill-Rd-06360/home/53933051,Smart MLS,170282403,N,Y,41.5292154,-72.1260769
MLS Listing,,Condo/Co-op,150 Yantic St #236,Norwich,CT,06360,71500,2,1.0,Yantic,1018,,1988,53,70,350,Active,,,http://www.redfin.com/CT/Norwich/150-Yantic-St-06360/unit-236/home/53933322,Smart MLS,170281927,N,Y,41.5339753,-72.0855744
MLS Listing,,Vacant Land,178 Harland Rd,Norwich,CT,06360,89000,,,Norwichtown,,75794,,53,,,Active,,,http://www.redfin.com/CT/Norwich/178-Harland-Rd-06360/home/168268121,Smart MLS,170281863,N,Y,41.5526638,-72.0815
MLS Listing,,Condo/Co-op,1413 Old Pond Ln #1413,Norwich,CT,00000,72500,1,1.0,Norwich,576,,1988,54,126,437,Active,,,http://www.redfin.com/CT/Norwich/1413-Pond-St-06360/unit-1413/home/171125460,Smart MLS,170281832,N,Y,41.503225,-72.099514
MLS Listing,,Single Family Residential,6 Watercress Ave,Norwich,CT,06360,89900,3,1.0,Norwich,1231,3920,1921,59,73,,Active,,,http://www.redfin.com/CT/Norwich/6-Watercress-Ave-06360/home/53935135,Smart MLS,170279672,N,Y,41.529982,-72.0840358
MLS Listing,,Single Family Residential,37 Page St,Norwich,CT,06360,138000,3,1.0,Greenville,1796,14810,1914,60,77,,Active,,,http://www.redfin.com/CT/Norwich/37-Page-St-06360/home/53937342,Smart MLS,170278266,N,Y,41.5336308,-72.0595241
MLS Listing,,Single Family Residential,35 W Town St,Norwich,CT,06360,145000,3,2.0,Norwich,1890,20473,1860,60,77,,Active,,,http://www.redfin.com/CT/Norwich/35-W-Town-St-06360/home/53939948,Smart MLS,170279058,N,Y,41.549181,-72.098683
MLS Listing,,Single Family Residential,138 Mediterranean Ln,Norwich,CT,06360,629500,4,6.0,Norwichtown,6255,344124,1982,61,101,,Active,,,http://www.redfin.com/CT/Norwich/138-Mediterranean-Ln-06360/home/53936519,Smart MLS,170279603,N,Y,41.5587568,-72.0942115
MLS Listing,,Single Family Residential,104 Sherwood Ln,Norwich,CT,06360,319500,5,3.5,East Great Plains,3376,26136,1970,61,95,,Active,,,http://www.redfin.com/CT/Norwich/104-Sherwood-Ln-06360/home/53939123,Smart MLS,170279514,N,Y,41.5191957,-72.1097246
MLS Listing,,Single Family Residential,10 Clairmont Ave,Norwich,CT,06360,120000,3,1.5,Norwich,1349,8276,1896,61,89,,Active,,,http://www.redfin.com/CT/Norwich/10-Clairmont-Ave-06360/home/53937701,Smart MLS,170279510,N,Y,41.5282615,-72.0711319
MLS Listing,,Single Family Residential,62 Alice St,Norwich,CT,06360,269900,3,3.5,Norwich,2102,11761,2006,61,128,,Active,,,http://www.redfin.com/CT/Norwich/62-Alice-St-Ext-06360/home/53934162,Smart MLS,170279503,N,Y,41.5237757,-72.0945697
MLS Listing,,Condo/Co-op,17 Abel Xing #17,Norwich,CT,06360,190000,3,2.5,Norwich,1834,,1989,64,104,350,Active,,,http://www.redfin.com/CT/Norwich/17-Abel-Xing-06360/unit-17/home/144519296,Smart MLS,170277172,N,Y,41.5060034,-72.1291324
MLS Listing,,Single Family Residential,277 Salem Tpke,Norwich,CT,06360,258800,3,2.5,Norwich,1426,26136,1987,64,181,,Active,,,http://www.redfin.com/CT/Norwich/277-Salem-Tpke-06360/home/53936810,Smart MLS,170278481,N,Y,41.5070385,-72.1279834
MLS Listing,,Single Family Residential,29 Briar Hill Rd,Norwich,CT,06360,215000,3,2.0,East Great Plains,1560,37897,1959,64,138,,Active,,,http://www.redfin.com/CT/Norwich/29-Briar-Hill-Rd-06360/home/53930943,Smart MLS,170278651,N,Y,41.5109455,-72.1276826
MLS Listing,,Vacant Land,48 Jennings St,Norwich,CT,06360,29900,,,Greenville,,27007,,64,,,Active,,,http://www.redfin.com/CT/Norwich/48-Jennings-St-06360/home/53928066,Smart MLS,170278525,N,Y,41.5409169,-72.0631538
MLS Listing,,Condo/Co-op,224 Old Pond Ln #224,Norwich,CT,06360,74900,1,1.0,Norwich,576,,1986,66,130,437,Active,,,http://www.redfin.com/CT/Norwich/224-Old-Pond-Ln-06360/unit-224/home/145552476,Smart MLS,170278084,N,Y,41.5009922,-72.1025561
MLS Listing,,Multi-Family (2-4 Unit),7-9 Sylvester St,Norwich,CT,06360,349900,0,,Norwich,4050,29620,2009,66,86,,Active,,,http://www.redfin.com/CT/Norwich/7-Sylvester-St-06360/home/53931206,Smart MLS,170277299,N,Y,41.543595,-72.052353
MLS Listing,,Single Family Residential,20 Dellwood Rd,Norwich,CT,06360,239900,3,2.5,Cherry Hill,2198,37897,1964,66,109,,Active,,,http://www.redfin.com/CT/Norwich/20-Dellwood-Rd-06360/home/53936708,Smart MLS,170277310,N,Y,41.5213267,-72.1174772
MLS Listing,,Single Family Residential,26 Royal Oaks Dr,Norwich,CT,06360,269900,3,2.5,Norwichtown,2072,31363,1984,69,130,,Active,,,http://www.redfin.com/CT/Norwich/26-Royal-Oaks-Dr-06360/home/53936639,Smart MLS,170274194,N,Y,41.5642006,-72.0989631
MLS Listing,,Single Family Residential,75 Plain Hill Road Rd,Norwich,CT,06360,349900,4,3.0,Norwichtown,1863,43560,2020,71,188,,Active,,,http://www.redfin.com/CT/Norwich/75-Plain-Hill-Rd-06360/home/170681864,Smart MLS,170276458,N,Y,41.5621973,-72.1028344
MLS Listing,,Multi-Family (2-4 Unit),197 Central Ave,Norwich,CT,06360,199900,3,2.0,Greenville,1640,1742,1830,71,122,,Active,,,http://www.redfin.com/CT/Norwich/197-Central-Ave-06360/home/170680700,Smart MLS,170274320,N,Y,41.5329603,-72.0568279
MLS Listing,,Single Family Residential,138 Newton St,Norwich,CT,06360,80000,3,1.0,Norwich,1592,10018,1964,71,50,,Active,,,http://www.redfin.com/CT/Norwich/138-Newton-St-06360/home/53931425,Smart MLS,170276343,N,Y,41.5255475,-72.1017866
MLS Listing,,Single Family Residential,37 E Town St,Norwich,CT,06360,155000,3,2.0,Norwichtown,1973,12196,1850,71,79,,Active,,,http://www.redfin.com/CT/Norwich/37-E-Town-St-06360/home/53932037,Smart MLS,170276133,N,Y,41.5507534,-72.0919737
MLS Listing,,Condo/Co-op,47 Forestview Dr #47,Norwich,CT,06360,169900,2,2.5,Norwich,1456,,2008,76,117,225,Active,,,http://www.redfin.com/CT/Norwich/47-Forestview-Dr-06360/unit-47/home/144528730,Smart MLS,170273978,N,Y,41.5728454,-72.1122299
MLS Listing,,Single Family Residential,217 Laurel Hill Ave,Norwich,CT,06360,44900,3,1.0,Laurel Hill,1056,11325,1850,76,43,,Active,,,http://www.redfin.com/CT/Norwich/217-Laurel-Hill-Ave-06360/home/53937841,Smart MLS,170274639,N,Y,41.5160574,-72.0749393
MLS Listing,,Single Family Residential,15 Lucas Park Rd,Norwich,CT,06360,159000,2,1.0,Norwich,1422,13939,1938,77,112,,Active,,,http://www.redfin.com/CT/Norwich/15-Lucas-Park-Rd-06360/home/53933044,Smart MLS,170273771,N,Y,41.5018591,-72.092344
MLS Listing,,Single Family Residential,73 Russell Rd,Norwich,CT,06360,170000,3,1.5,Norwich,1446,26136,1910,77,118,,Active,,,http://www.redfin.com/CT/Norwich/73-Russell-Rd-06360/home/53930842,Smart MLS,170274214,N,Y,41.5486655,-72.0571285
MLS Listing,,Single Family Residential,202 Boswell Ave,Norwich,CT,06360,109900,4,1.5,Greenville,1451,8712,1896,77,76,,Active,,,http://www.redfin.com/CT/Norwich/202-Boswell-Ave-06360/home/53932946,Smart MLS,170274440,N,Y,41.5326319,-72.066549
MLS Listing,,Vacant Land,100 Briar Hill Rd,Norwich,CT,06360,163000,,,East Great Plains,,2079990,,78,,,Active,,,http://www.redfin.com/CT/Norwich/100-Briar-Hill-Rd-06360/home/144534643,Smart MLS,170274039,N,Y,41.5153779,-72.1338633
MLS Listing,,Single Family Residential,199 Wightman Ave,Norwich,CT,06360,269500,3,2.5,Norwichtown,2606,76665,1988,79,103,,Active,,,http://www.redfin.com/CT/Norwich/199-Wightman-Ave-06360/home/53936493,Smart MLS,170272751,N,Y,41.562213,-72.0935243
MLS Listing,,Multi-Family (2-4 Unit),51 Division St,Norwich,CT,06360,130000,6,2.0,Norwich,2224,3920,1880,79,58,,Active,,,http://www.redfin.com/CT/Norwich/51-Division-St-06360/home/53937747,Smart MLS,170273710,N,Y,41.5291361,-72.0708657
MLS Listing,,Condo/Co-op,1023 Old Pond Ln #1023,Norwich,CT,06360,139000,1,2.0,Norwich,864,,1986,80,161,480,Active,,,http://www.redfin.com/CT/Norwich/1023-Old-Pond-Ln-06360/unit-1023/home/144529166,Smart MLS,170273144,N,Y,41.5382809,-72.092057
MLS Listing,,Single Family Residential,5 W Pearl St,Norwich,CT,06360,84900,3,1.5,Norwich,1978,13503,1840,85,43,,Active,,,http://www.redfin.com/CT/Norwich/5-Pearl-St-06360/home/53935228,Smart MLS,170272191,N,Y,41.5243999,-72.0913257
MLS Listing,,Multi-Family (2-4 Unit),386 Central Ave,Norwich,CT,06360,145000,6,3.0,Norwich,3300,6098,1880,85,44,,Active,,,http://www.redfin.com/CT/Norwich/386-Central-Ave-06360/home/53937236,Smart MLS,170272063,N,Y,41.5389335,-72.0536912
MLS Listing,,Condo/Co-op,586 W Thames St #404,Norwich,CT,06360,220000,3,2.0,Norwich,1600,,2003,91,138,439,Active,,,http://www.redfin.com/CT/Norwich/586-W-Thames-St-06360/unit-404/home/53934775,Smart MLS,170269599,N,Y,41.5023045,-72.0935887
MLS Listing,,Condo/Co-op,41 Palmer St #28,Norwich,CT,06360,134900,2,3.5,Norwich,1500,,2009,92,90,110,Active,,,http://www.redfin.com/CT/Norwich/41-Palmer-St-06360/unit-28/home/53934540,Smart MLS,170269997,N,Y,41.5235271,-72.0597832
MLS Listing,,Single Family Residential,380 Washington St,Norwich,CT,06360,473000,5,3.5,Norwichtown,5482,73180,1765,93,86,,Active,,,http://www.redfin.com/CT/Norwich/380-Washington-St-06360/home/138373021,Smart MLS,170269764,N,Y,41.5469521,-72.0884327
MLS Listing,,Single Family Residential,60 Laurel Hill Ave,Norwich,CT,06360,180000,6,3.5,Laurel Hill,4266,10454,1870,94,42,,Active,,,http://www.redfin.com/CT/Norwich/60-Laurel-Hill-Ave-06360/home/53939892,Smart MLS,170269211,N,Y,41.5213144,-72.0756336
MLS Listing,,Multi-Family (2-4 Unit),98 S Second Ave,Norwich,CT,06380,197500,6,4.0,Taftville,2652,17859,1870,94,74,,Active,,,http://www.redfin.com/CT/Taftville/98-S-2nd-Ave-06380/home/53933442,Smart MLS,170263860,N,Y,41.5664951,-72.0485181
MLS Listing,,Condo/Co-op,136 Sheraton Ln #136,Norwich,CT,06360,110000,2,2.5,East Great Plains,1280,,1970,95,86,260,Active,,,http://www.redfin.com/CT/Norwich/136-Sheraton-Ln-06360/unit-136/home/170490377,Smart MLS,170266525,N,Y,41.5093978,-72.1208013
MLS Listing,,Multi-Family (2-4 Unit),10-12 S B St,Norwich,CT,06380,239900,6,2.0,Taftville,1739,6969,1885,95,138,,Active,,,http://www.redfin.com/CT/Taftville/10-S-B-St-06380/home/170487243,Smart MLS,170267234,N,Y,41.5683655,-72.0485678
MLS Listing,,Vacant Land,TBD CASE St,Norwich,CT,06360,79900,,,Norwichtown,,497455,,96,,,Active,,,http://www.redfin.com/CT/Norwich/TBD-Case-St-06360/home/148032885,Smart MLS,170268652,N,Y,41.555096,-72.100154
MLS Listing,,Vacant Land,59 Brownwood Lane Ln,Norwich,CT,06360,59900,,,Norwichtown,,52272,,101,,,Active,,,http://www.redfin.com/CT/Norwich/59-Brownwood-Ln-06360/home/145602140,Smart MLS,170266870,N,Y,41.5629058,-72.0887795
MLS Listing,,Vacant Land,65 Scotland Road Rd,Norwich,CT,06360,49900,,,Norwichtown,,45738,,101,,,Active,,,http://www.redfin.com/CT/Norwich/65-Scotland-Rd-06360/home/53931084,Smart MLS,170266871,N,Y,41.554612,-72.0871644
MLS Listing,,Vacant Land,Lot 5 Plain Hill Road Rd,Norwich,CT,06360,49900,,,Norwichtown,,90387,,101,,,Active,,,http://www.redfin.com/CT/Norwich/5-Plain-Hill-Rd-06360/home/170452462,Smart MLS,170266869,N,Y,41.5621393,-72.1028523
MLS Listing,,Vacant Land,Lot 4 Plain Hill Road Rd,Norwich,CT,06360,49900,,,Norwichtown,,47654,,101,,,Active,,,http://www.redfin.com/CT/Norwich/4-Plain-Hill-Rd-06360/home/170452409,Smart MLS,170266867,N,Y,41.5623248,-72.103893
MLS Listing,,Vacant Land,Lot 3 Plain Hill Road Rd,Norwich,CT,06360,49900,,,Norwichtown,,48133,,101,,,Active,,,http://www.redfin.com/CT/Norwich/3-Plain-Hill-Rd-06360/home/170446641,Smart MLS,170266866,N,Y,41.5621376,-72.1028528
MLS Listing,,Vacant Land,Lot 2 Huntington Avenue Ave,Norwich,CT,06360,49900,,,Norwichtown,,43864,,101,,,Active,,,http://www.redfin.com/CT/Norwich/2-Huntington-Ave-06360/home/170446533,Smart MLS,170266865,N,Y,41.5568215,-72.1075881
MLS Listing,,Vacant Land,Lot 1 Huntington Avenue Ave,Norwich,CT,06360,49900,,,Norwichtown,,103629,,101,,,Active,,,http://www.redfin.com/CT/Norwich/1-Huntington-Ave-06360/home/53930400,Smart MLS,170266864,N,Y,41.5565576,-72.1076625
MLS Listing,,Single Family Residential,14 Starr St,Norwich,CT,06360,70000,2,1.0,Norwichtown,1109,16988,1949,102,63,,Active,,,http://www.redfin.com/CT/Norwich/14-Starr-St-06360/home/53939301,Smart MLS,170267152,N,Y,41.5335873,-72.09548
MLS Listing,,Single Family Residential,508 E Main St,Norwich,CT,06360,49000,2,1.0,Norwich,890,1306,1915,105,55,,Active,,,http://www.redfin.com/CT/Norwich/508-E-Main-St-06360/home/106553506,Smart MLS,170266377,N,Y,41.52308,-72.0640724
MLS Listing,,Single Family Residential,73 SPRUCE St,Norwich,CT,06365,123000,3,2.5,Laurel Hill,896,4356,2009,106,137,,Active,,,http://www.redfin.com/CT/Norwich/73-Spruce-St-06360/home/53933692,Smart MLS,170266217,N,Y,41.5195553,-72.0742796
MLS Listing,,Condo/Co-op,121 Sheraton Ln #121,Norwich,CT,06360,107900,3,1.5,Norwich,1280,,1973,108,84,475,Active,,,http://www.redfin.com/CT/Norwich/121-Sheraton-Ln-06360/unit-121/home/170380839,Smart MLS,170264941,N,Y,41.5093415,-72.1211928
MLS Listing,,Single Family Residential,12 Elm Ave,Norwich,CT,06360,295000,4,1.5,Norwichtown,2463,50529,1904,108,120,,Active,,,http://www.redfin.com/CT/Norwich/12-Elm-Ave-06360/home/53939221,Smart MLS,170265029,N,Y,41.5493561,-72.0938715
MLS Listing,,Single Family Residential,13 Fontaine Ct,Norwich,CT,06380,114900,4,1.5,Taftville,1626,16988,1949,110,71,,Active,,,http://www.redfin.com/CT/Taftville/13-Fontaine-Ct-06380/home/53938082,Smart MLS,170264979,N,Y,41.5662428,-72.0579965
MLS Listing,,Single Family Residential,136 Hunters Rd #102,Norwich,CT,06360,92000,2,2.0,Taftville,924,,2018,115,100,,Active,,,http://www.redfin.com/CT/Norwich/136-Hunters-Rd-06360/unit-102/home/53931300,Smart MLS,170263533,N,Y,41.5599912,-72.0576724
MLS Listing,,Multi-Family (2-4 Unit),36 Reynolds St,Norwich,CT,06360,139900,4,2.0,Norwich,1516,5662,1890,117,92,,Active,,,http://www.redfin.com/CT/Norwich/36-Reynolds-St-06360/home/53933005,Smart MLS,170262359,N,Y,41.5289024,-72.0705879
MLS Listing,,Multi-Family (2-4 Unit),230 Franklin St,Norwich,CT,06360,149900,7,2.0,Franklin Square,2692,6098,1880,120,56,,Active,,,http://www.redfin.com/CT/Norwich/230-Franklin-St-06360/home/53938617,Smart MLS,170262139,N,Y,41.5284176,-72.073458
MLS Listing,,Multi-Family (2-4 Unit),58 Division St,Norwich,CT,06360,40000,5,2.0,Greenville,2492,3049,1850,120,16,,Active,,,http://www.redfin.com/CT/Norwich/58-Division-St-06360/home/53930057,Smart MLS,170261855,N,Y,41.529484,-72.070912
MLS Listing,,Vacant Land,24 Butternut Dr,Norwich,CT,06360,28000,,,Norwich,,41817,,126,,,Active,,,http://www.redfin.com/CT/Norwich/24-Butternut-Dr-06360/home/53928518,Smart MLS,170260536,N,Y,41.537685,-72.0775062
MLS Listing,,Vacant Land,235 Mckinley Avenue Ext,Norwich,CT,06360,28000,,,Norwich,,8712,,126,,,Active,,,http://www.redfin.com/CT/Norwich/235-McKinley-Ave-Ext-06360/home/53934277,Smart MLS,170260557,N,Y,41.5373422,-72.0781998
MLS Listing,,Condo/Co-op,527 W Thames St #49,Norwich,CT,06360,140000,2,2.5,Thamesville,1176,,2004,128,119,160,Active,,,http://www.redfin.com/CT/Norwich/527-W-Thames-St-06360/unit-49/home/53934743,Smart MLS,170260267,N,Y,41.5047424,-72.09071
MLS Listing,,Single Family Residential,30 County Fair Rd,Norwich,CT,06360,143000,4,2.0,East Great Plains,1391,9583,1959,128,103,,Active,,,http://www.redfin.com/CT/Norwich/30-County-Fair-Rd-06360/home/53931624,Smart MLS,170260250,N,Y,41.5082717,-72.1082666
MLS Listing,,Condo/Co-op,1211 Old Pond Ln #1211,Norwich,CT,06360,72900,1,1.0,Norwich,576,,1986,130,127,437,Active,,,http://www.redfin.com/CT/Norwich/1211-Old-Pond-Ln-06360/unit-1211/home/144525259,Smart MLS,170259898,N,Y,41.5359334,-72.0838945
MLS Listing,,Multi-Family (2-4 Unit),77 Taftville Occum Rd,Norwich,CT,06360,79000,0,,Occum,1518,5227,1911,137,52,,Active,,,http://www.redfin.com/CT/Norwich/77-Taftville-Occum-Rd-06360/home/53930862,Smart MLS,170259280,N,Y,41.5913027,-72.0483326
MLS Listing,,Multi-Family (2-4 Unit),31 Spring Garden Ave,Norwich,CT,06360,125000,5,2.0,Thamesville,2528,5227,1910,141,49,,Active,,,http://www.redfin.com/CT/Norwich/31-Spring-Garden-Ave-06360/home/53938134,Smart MLS,170258890,N,Y,41.5146139,-72.0832136
MLS Listing,,Condo/Co-op,46 Forestview Dr #46,Norwich,CT,06360,167900,2,2.5,Yantic,1456,,2008,143,115,225,Active,,,http://www.redfin.com/CT/Norwich/46-Forestview-Dr-06360/unit-46/home/144526492,Smart MLS,170258558,N,Y,41.5728454,-72.1122299
MLS Listing,,Multi-Family (2-4 Unit),526 Canterbury Tpke,Norwich,CT,06360,165000,8,3.5,Occum,3967,103237,1850,143,42,,Active,,,http://www.redfin.com/CT/Norwich/526-Canterbury-Tpke-06360/home/53929022,Smart MLS,170258500,N,Y,41.593518,-72.0525338
MLS Listing,,Vacant Land,514 Canterbury Tpke,Norwich,CT,06360,165000,,,Occum,,215186,,143,,,Active,,,http://www.redfin.com/CT/Norwich/514-Canterbury-Tpke-06360/home/53929020,Smart MLS,170258486,N,Y,41.5927896,-72.0542295
MLS Listing,,Single Family Residential,64 Peck St,Norwich,CT,06360,120000,4,3.0,Norwich,1408,6098,1890,144,85,,Active,,,http://www.redfin.com/CT/Norwich/64-Peck-St-06360/home/53934984,Smart MLS,170258420,N,Y,41.5201802,-72.0904925
MLS Listing,,Condo/Co-op,1913 Old Pond Ln #1913,Norwich,CT,06360,89900,0,1.0,Norwich,576,,1986,145,156,437,Active,,,http://www.redfin.com/CT/Norwich/1913-Old-Pond-Ln-06360/unit-1913/home/148656433,Smart MLS,170258213,N,Y,41.5246009,-72.069752
MLS Listing,,Condo/Co-op,121 Old Pond Ln #121,Norwich,CT,06360,89900,0,1.0,Norwich,576,,1986,145,156,437,Active,,,http://www.redfin.com/CT/Norwich/121-Old-Pond-Ln-06360/unit-121/home/144527602,Smart MLS,170258154,N,Y,41.5013839,-72.1012603
MLS Listing,,Multi-Family (2-4 Unit),594 E Main St,Norwich,CT,06360,189900,6,2.0,Norwich,2172,11761,1850,156,87,,Active,,,http://www.redfin.com/CT/Norwich/594-E-Main-St-06360/home/53928382,Smart MLS,170256139,N,Y,41.5216943,-72.0603921
MLS Listing,,Multi-Family (2-4 Unit),239 Salem Tpke,Norwich,CT,06360,249000,0,,Norwich,1716,9147,1908,157,145,,Active,,,http://www.redfin.com/CT/Norwich/239-Salem-Tpke-06360/home/53933363,Smart MLS,170256015,N,Y,41.5076267,-72.1243271
MLS Listing,,Single Family Residential,19 N Cliff St,Norwich,CT,06360,145900,2,1.5,Norwich,1218,3920,1880,159,120,,Active,,,http://www.redfin.com/CT/Norwich/19-N-Cliff-St-06360/home/53937801,Smart MLS,170252591,N,Y,41.5279798,-72.067634
MLS Listing,,Vacant Land,00 Vergason Ave,Norwich,CT,06360,55000,,,Norwich,,300564,,164,,,Active,,,http://www.redfin.com/CT/NORWICH/VERGASON-AVE-06360/home/53934422,Smart MLS,170254983,N,Y,41.567162,-72.107486
MLS Listing,,Multi-Family (5+ Unit),33 S 2nd Ave,Norwich,CT,06380,325000,18,9.0,Taftville,6840,13068,1870,172,48,,Active,,,http://www.redfin.com/CT/Taftville/33-S-2nd-Ave-06380/home/53937517,Smart MLS,170253322,N,Y,41.5688587,-72.0485228
MLS Listing,,Single Family Residential,36 Hedge Ave,Norwich,CT,06360,109000,4,1.5,Norwich,1784,23086,1850,175,61,,Active,,,http://www.redfin.com/CT/Norwich/36-Hedge-Ave-06360/home/53930461,Smart MLS,170252861,N,Y,41.5243285,-72.0640145
MLS Listing,,Single Family Residential,142 Asylum St,Norwich,CT,06360,119900,3,1.0,Norwich,1248,11325,1929,176,96,,Active,,,http://www.redfin.com/CT/Norwich/142-Asylum-St-06360/home/53928502,Smart MLS,170252704,N,Y,41.5267716,-72.092668
MLS Listing,,Vacant Land,Lot 1 Palmer St (rear),Norwich,CT,06360,35000,,,Norwich,,8276,,179,,,Active,,,http://www.redfin.com/CT/Norwich/1-Palmer-St-06360/home/169774559,Smart MLS,170251741,N,Y,41.5249031,-72.0612379
MLS Listing,,Vacant Land,68 Lucas Park Rd,Norwich,CT,06360,76900,,,Norwich,,137649,,181,,,Active,,,http://www.redfin.com/CT/Norwich/68-Lucas-Park-Rd-06360/home/148096584,Smart MLS,170251370,N,Y,41.5011427,-72.0877219
MLS Listing,,Vacant Land,2 Hinckley Hill Rd,Norwich,CT,06365,10000,,,Norwich,,113256,,182,,,Active,,,http://www.redfin.com/CT/Preston/2-Hinckley-Hill-Rd-06365/home/54046497,Smart MLS,170250775,N,Y,41.513604,-72.062247
MLS Listing,,Vacant Land,72 Lucas Park Rd,Norwich,CT,06360,49000,,,Norwich,,29185,,191,,,Active,,,http://www.redfin.com/CT/Norwich/72-Lucas-Park-Rd-06360/home/147977190,Smart MLS,170248996,N,Y,41.5007889,-72.0877796
MLS Listing,,Single Family Residential,156 Wightman Ave,Norwich,CT,06360,349900,3,2.5,Norwichtown,2885,138956,2005,196,121,,Active,,,http://www.redfin.com/CT/Norwich/156-Wightman-Ave-06360/home/53930557,Smart MLS,170247533,N,Y,41.559727,-72.0954684
MLS Listing,,Condo/Co-op,2123 Old Pond Ln #2123,Norwich,CT,06360,134900,1,2.0,Norwich,864,,1986,198,156,481,Active,,,http://www.redfin.com/CT/Norwich/2123-Old-Pond-Ln-06360/unit-2123/home/146958875,Smart MLS,170246793,N,Y,41.5211499,-72.0990434
MLS Listing,,Condo/Co-op,122 Old Pond Ln #122,Norwich,CT,06360,109900,1,2.0,Norwich,864,,1986,198,127,481,Active,,,http://www.redfin.com/CT/Norwich/122-Old-Pond-Ln-06360/unit-122/home/144519009,Smart MLS,170246792,N,Y,41.5013207,-72.1017176
MLS Listing,,Vacant Land,19-43 Forestview Dr,Norwich,CT,06360,288000,,,Norwich,,78408,,203,,,Active,,,http://www.redfin.com/CT/Norwich/19-Forestview-Dr-06360/home/169466645,Smart MLS,170245755,N,Y,41.5728454,-72.1122299
MLS Listing,,Single Family Residential,185 Washington St,Norwich,CT,06360,299900,4,1.5,Norwich,3336,26571,1870,204,90,,Active,,,http://www.redfin.com/CT/Norwich/185-Washington-St-06360/home/53928965,Smart MLS,170244755,N,Y,41.534178,-72.082716
MLS Listing,,Single Family Residential,12 Lauren Ln,Norwich,CT,06360,209900,3,1.0,Norwich,1512,20908,1977,218,139,,Active,,,http://www.redfin.com/CT/Norwich/12-Lauren-Ln-06360/home/53936578,Smart MLS,170241137,N,Y,41.5118732,-72.1307604
MLS Listing,,Vacant Land,25 Clay Ave,Norwich,CT,06360,24500,,,Norwich,,94960,,221,,,Active,,,http://www.redfin.com/CT/Norwich/25-Clay-Ave-06360/home/53934351,Smart MLS,170240337,N,Y,41.5121422,-72.0727745
MLS Listing,,Condo/Co-op,1724 Old Pond Ln #1724,Norwich,CT,06360,149000,1,2.0,Norwich,864,,1986,224,172,481,Active,,,http://www.redfin.com/CT/Norwich/1724-Old-Pond-Ln-06360/unit-1724/home/169222866,Smart MLS,170239552,N,Y,41.5242609,-72.0849915
MLS Listing,,Condo/Co-op,821 Old Pond Ln #821,Norwich,CT,06360,139900,1,2.0,Norwich,864,,1986,232,162,481,Active,,,http://www.redfin.com/CT/Norwich/311-Old-Pond-Ln-06360/unit-821/home/169134372,Smart MLS,170237262,N,Y,41.5267674,-72.094458
MLS Listing,,Single Family Residential,172 Washington St,Norwich,CT,06360,209900,8,3.5,Norwich,5847,57063,1880,251,36,,Active,,,http://www.redfin.com/CT/Norwich/172-Washington-St-06360/home/53939020,Smart MLS,170230982,N,Y,41.5331098,-72.0832483
MLS Listing,,Vacant Land,000 Ox Hill Rd,Norwich,CT,06360,425000,,,Norwichtown,,1314640,,253,,,Active,,,http://www.redfin.com/CT/NORWICH/OX-HILL-RD-06360/home/53932167,Smart MLS,170229469,N,Y,41.549276,-72.074278
MLS Listing,,Condo/Co-op,1823 Old Pond Ln #1823,Norwich,CT,06360,199900,1,2.0,Norwich,864,,1986,262,231,481,Active,,,http://www.redfin.com/CT/Norwich/1823-Old-Pond-Ln-06360/unit-1823/home/168689796,Smart MLS,170227735,N,Y,41.5446009,-72.0819825
MLS Listing,,Multi-Family (2-4 Unit),156 Broadway,Norwich,CT,06360,135000,6,3.0,Norwich,2923,5662,1871,270,46,,Active,,,http://www.redfin.com/CT/Norwich/156-Broadway-06360/home/53931509,Smart MLS,170225552,N,Y,41.5284636,-72.0758651
MLS Listing,,Vacant Land,114 Vergason Ave,Norwich,CT,06360,24900,,,Norwichtown,,43995,,302,,,Active,,,http://www.redfin.com/CT/Norwich/114-Vergason-Ave-06360/home/53932131,Smart MLS,170215293,N,Y,41.5646586,-72.1094681
MLS Listing,,Single Family Residential,352 N Main St,Norwich,CT,06360,106000,2,1.0,Norwich,864,10890,1940,330,123,,Active,,,http://www.redfin.com/CT/Norwich/352-N-Main-St-06360/home/53928380,Smart MLS,170205101,N,Y,41.5308908,-72.0573021
MLS Listing,,Condo/Co-op,211 Old Pond Ln #211,Norwich,CT,06360,74900,1,1.0,Norwich,576,,1986,338,130,437,Active,,,http://www.redfin.com/CT/Norwich/211-Old-Pond-Ln-06360/unit-211/home/167044567,Smart MLS,170203374,N,Y,41.5011293,-72.0973096
MLS Listing,,Single Family Residential,16 Dillon Ln,Norwich,CT,06360,39900,2,1.0,Norwichtown,966,2613,1860,345,41,,Active,,,http://www.redfin.com/CT/Norwich/16-Dillon-Ln-06360/home/53929234,Smart MLS,170200289,N,Y,41.5284807,-72.0636874
MLS Listing,,Multi-Family (5+ Unit),,Norwich,CT,06360,425000,9,6.0,,5940,74052,1880,568,72,,Active,,,http://www.redfin.com/CT/Norwich/Undisclosed-address-06360/home/53935163,Smart MLS,170136167,N,Y,41.5299104,-72.0829937
MLS Listing,,Vacant Land,"15,30 Edwards Ave",Norwich,CT,06360,1950000,,,Norwich,,1596038,,631,,,Active,,,http://www.redfin.com/CT/Norwich/30-Edward-Ave-06360/home/53928306,Smart MLS,170115232,N,Y,41.5085018,-72.0884558
MLS Listing,,Vacant Land,89 Canterbury Tpke,Norwich,CT,06360,245000,,,Norwichtown,,1100761,,638,,,Active,,,http://www.redfin.com/CT/Norwich/89-Canterbury-Tpke-06360/home/53929330,Smart MLS,170114132,N,Y,41.5585657,-72.0788883
MLS Listing,,Multi-Family (2-4 Unit),287 Central Ave,Norwich,CT,06360,169900,4,3.5,Norwich,3362,3484,1860,697,51,,Active,,,http://www.redfin.com/CT/Norwich/287-Central-Ave-06360/home/146032579,Smart MLS,170094010,N,Y,41.5356923,-72.0551726
MLS Listing,,Condo/Co-op,722 Old Pond Ln #722,Norwich,CT,06360,124900,1,2.0,Norwich,864,,1986,700,145,481,Active,,,http://www.redfin.com/CT/Norwich/722-Old-Pond-Ln-06360/unit-722/home/146015099,Smart MLS,170093618,N,Y,41.5654299,-72.074662
MLS Listing,,Vacant Land,Lot 62 Brownwood Ln,Norwich,CT,06360,79000,,,Norwichtown,,214315,,729,,,Active,,,http://www.redfin.com/CT/Norwich/62-Brownwood-Ln-06360/home/145601247,Smart MLS,170082464,N,Y,41.5621564,-72.0891082
MLS Listing,,Vacant Land,0 Route 32,Franklin,CT,06254,133650,,,Franklin,383328,383328,,870,0,,Active,,,http://www.redfin.com/CT/Unknown/Unknown-06254/home/144537570,Smart MLS,E253334,N,Y,41.565347,-72.128358
MLS Listing,,Vacant Land,16 Cedar St,Norwich,CT,06360,75000,,,Norwich,81893,81892,,870,1,,Active,,,http://www.redfin.com/CT/Norwich/16-Cedar-St-06360/home/53929286,Smart MLS,E269674,N,Y,41.5261045,-72.079402
MLS Listing,,Vacant Land,5 Avery Street Ext,Norwich,CT,06360,400000,,,East Great Plains,,399009,,872,,,Active,,,http://www.redfin.com/CT/Norwich/5-Avery-St-06360/home/53929116,Smart MLS,170031447,N,Y,41.517164,-72.086778
For-Sale-by-Owner Listing,,Multi-Family (2-4 Unit),21 Lincoln Ave,Norwich,CT,06360,185000,6,3.0,Norwich,3896,,1895,112,47,,Active,,,http://www.redfin.com/CT/Norwich/21-Lincoln-Ave-06360/home/53938970,Fizber.com,5044269,N,Y,41.5363557,-72.0854493
