SALE TYPE,SOLD DATE,PROPERTY TYPE,ADDRESS,CITY,STATE OR PROVINCE,ZIP OR POSTAL CODE,PRICE,BEDS,BATHS,LOCATION,SQUARE FEET,LOT SIZE,YEAR BUILT,DAYS ON MARKET,$/SQUARE FEET,HOA/MONTH,STATUS,NEXT OPEN HOUSE START TIME,NEXT OPEN HOUSE END TIME,URL (SEE http://www.redfin.com/buy-a-home/comparative-market-analysis FOR INFO ON PRICING),SOURCE,MLS#,FAVORITE,INTERESTED,LATITUDE,LONGITUDE
MLS Listing,,Single Family Residential,5 Rock Ridge Dr,Old Saybrook,CT,06475,359000,3,2.5,Old Saybrook,1836,58370,1972,2,196,,Active,,,http://www.redfin.com/CT/Old-Saybrook/5-Rock-Ridge-Dr-06475/home/54421744,Smart MLS,170280009,N,Y,41.2991635,-72.419365
MLS Listing,,Condo/Co-op,175 Ferry Rd #17,Old Saybrook,CT,06475,494900,2,3.0,Saybrook Ferry,2987,,2006,5,166,540,Active,,,http://www.redfin.com/CT/Old-Saybrook/175-Ferry-Rd-06475/unit-17/home/54417545,Smart MLS,170280022,N,Y,41.3169052,-72.3522624
MLS Listing,,Single Family Residential,146 Maple Ave,Old Saybrook,CT,06475,515000,4,2.5,Old Saybrook,2235,26571,1969,12,230,,Active,,,http://www.redfin.com/CT/Old-Saybrook/146-Maple-Ave-06475/home/54422712,Smart MLS,170278942,N,Y,41.2739025,-72.3770113
MLS Listing,,Single Family Residential,488 Main St,Old Saybrook,CT,06475,799000,4,1.5,Saybrook Point,2712,33541,1870,12,295,,Active,,,http://www.redfin.com/CT/Old-Saybrook/488-Main-St-06475/home/54420146,Smart MLS,170278528,N,Y,41.2837417,-72.3689652
MLS Listing,,Single Family Residential,200 Cromwell Ct N,Old Saybrook,CT,06475,795000,5,3.5,Saybrook Point,2742,23086,1966,14,290,,Active,,,http://www.redfin.com/CT/Old-Saybrook/200-Cromwell-Ct-N-06475/home/54420498,Smart MLS,170278025,N,Y,41.2872181,-72.3555545
MLS Listing,,Condo/Co-op,6 Blue Heron Way #6,Old Saybrook,CT,06475,429900,2,2.5,Old Saybrook,2004,,2004,15,215,370,Active,,,http://www.redfin.com/CT/Old-Saybrook/6-Blue-Heron-Way-06475/unit-6/home/170950288,Smart MLS,170277319,N,Y,41.2852064,-72.419039
MLS Listing,,Single Family Residential,164 & 172 Ferry Rd,Old Saybrook,CT,06475,574900,2,1.0,Old Saybrook,790,40946,1975,16,728,,Active,,,http://www.redfin.com/CT/Old-Saybrook/172-Ferry-Rd-06475/home/54421346,Smart MLS,170275828,N,Y,41.3165989,-72.351257
MLS Listing,,Single Family Residential,12 Brenda Rd,Old Saybrook,CT,06475,580000,6,4.5,Old Saybrook,3477,72309,1998,19,167,,Active,,,http://www.redfin.com/CT/Old-Saybrook/12-Brenda-Ln-06475/home/54423442,Smart MLS,170276658,N,Y,41.3207364,-72.3832076
MLS Listing,,Single Family Residential,10 Lynde St,Old Saybrook,CT,06475,840000,3,2.5,Old Saybrook,4486,21780,1978,21,187,,Active,,,http://www.redfin.com/CT/Old-Saybrook/10-Lynde-St-06475/home/54420625,Smart MLS,170270471,N,Y,41.2891377,-72.379439
MLS Listing,,Single Family Residential,4 Briarwood Dr,Old Saybrook,CT,06475,389000,3,1.5,Forest Glen,2243,20908,1958,21,173,,Active,,,http://www.redfin.com/CT/Old-Saybrook/4-Briarwood-Dr-06475/home/54418360,Smart MLS,170275738,N,Y,41.2697462,-72.3858895
MLS Listing,,Single Family Residential,37 Chalker Beach Rd,Old Saybrook,CT,06475,529000,2,2.5,Chalker Beach,1720,27878,2000,23,308,,Active,,,http://www.redfin.com/CT/Old-Saybrook/37-Chalker-Beach-Rd-06475/home/54419392,Smart MLS,170271872,N,Y,41.2846258,-72.4113201
MLS Listing,,Vacant Land,4 Bethel Hts,Old Saybrook,CT,06475,150000,,,Bethel Heights,,43560,,24,,,Active,,,http://www.redfin.com/CT/Old-Saybrook/4-Bethel-Hts-06475/home/54417422,Smart MLS,170271301,N,Y,41.293777,-72.398339
MLS Listing,,Vacant Land,6 Wisteria Ln,Old Saybrook,CT,06475,105000,,,Bethel Heights,,67953,,24,,,Active,,,http://www.redfin.com/CT/Old-Saybrook/6-Wisteria-Ln-06475/home/54417427,Smart MLS,170271289,N,Y,41.2952919,-72.3996452
MLS Listing,,Single Family Residential,310 Watrous Point Rd,Old Saybrook,CT,06475,2690000,5,5.5,Old Saybrook,6287,125017,1988,26,428,,Active,,,http://www.redfin.com/CT/Old-Saybrook/310-Watrous-Point-Rd-06475/home/54422444,Smart MLS,170274513,N,Y,41.33777,-72.366256
MLS Listing,,Single Family Residential,18 Connally Dr,Old Saybrook,CT,06475,344000,3,2.5,Old Saybrook,1614,43560,1973,26,213,,Active,,,http://www.redfin.com/CT/Old-Saybrook/18-Connally-Dr-06475/home/54421852,Smart MLS,170271867,N,Y,41.3070318,-72.3856967
MLS Listing,,Vacant Land,76 Atlantic Dr,Old Saybrook,CT,06475,269000,,,Knollwood,,7405,,27,,25,Active,,,http://www.redfin.com/CT/Old-Saybrook/76-Atlantic-Dr-06475/home/54418460,Smart MLS,170273994,N,Y,41.269417,-72.371726
MLS Listing,,Single Family Residential,6 Connally Dr,Old Saybrook,CT,06475,339000,5,2.5,Old Saybrook,1566,52272,1966,28,216,,Active,,,http://www.redfin.com/CT/Old-Saybrook/Unknown-06475/home/54421855,Smart MLS,170272663,N,Y,41.304523,-72.385359
MLS Listing,,Condo/Co-op,240 Hidden Cove Rd #240,Old Saybrook,CT,06475,289000,2,1.5,Old Saybrook,1288,,1978,29,224,518,Active,,,http://www.redfin.com/CT/Old-Saybrook/240-Hidden-Cove-Rd-06475/unit-240/home/170585880,Smart MLS,170271923,N,Y,41.2830631,-72.4167837
MLS Listing,,Condo/Co-op,100 Sheffield St Unit B3,Old Saybrook,CT,06475,339900,2,2.5,Old Saybrook,2180,,1976,29,156,395,Active,March-22-2020 12:00 PM,March-22-2020 02:00 PM,http://www.redfin.com/CT/Old-Saybrook/100-Sheffield-St-06475/unit-B3/home/54420543,Smart MLS,170272877,N,Y,41.2898896,-72.369551
MLS Listing,,Single Family Residential,446 Maple Ave,Old Saybrook,CT,06475,1150000,3,4.0,Knollwood Beach,2624,10454,1964,31,438,81,Active,,,http://www.redfin.com/CT/Old-Saybrook/446-Maple-Ave-06475/home/54417883,Smart MLS,170272594,N,Y,41.264349,-72.3711849
MLS Listing,,Single Family Residential,45 Otter Cove Dr,Old Saybrook,CT,06475,2650000,3,5.0,Otter Cove,5008,108900,1985,35,529,100,Active,,,http://www.redfin.com/CT/Old-Saybrook/45-Otter-Cove-Dr-06475/home/54423491,Smart MLS,170267930,N,Y,41.3329453,-72.3616819
MLS Listing,,Single Family Residential,9 Cedar Ln,Old Saybrook,CT,06475,2480000,5,5.0,Old Saybrook,6408,87120,2013,36,387,,Active,,,http://www.redfin.com/CT/Old-Saybrook/9-Cedar-Ln-06475/home/54419086,Smart MLS,170270443,N,Y,41.2782033,-72.3712311
MLS Listing,,Single Family Residential,1 Blueberry Ln,Old Saybrook,CT,06475,449000,6,2.5,Great Hammock,2008,22215,1966,37,224,17,Active,,,http://www.redfin.com/CT/Old-Saybrook/1-Blueberry-Ln-06475/home/54420216,Smart MLS,170270103,N,Y,41.2835676,-72.3915307
MLS Listing,,Single Family Residential,104 Knollwood Dr,Old Saybrook,CT,06475,799000,3,2.0,Knollwood Beach,1809,16117,1929,40,442,75,Active,,,http://www.redfin.com/CT/Old-Saybrook/104-Knollwood-Dr-06475/home/54418451,Smart MLS,170266128,N,Y,41.271526,-72.371777
MLS Listing,,Single Family Residential,23 Pettipaug Ave,Old Saybrook,CT,06475,4300000,7,4.5,Old Saybrook,4022,21780,2016,43,1069,,Active,,,http://www.redfin.com/CT/Old-Saybrook/23-Pettipaug-Ave-06475/home/54422745,Smart MLS,170265408,N,Y,41.2693851,-72.3570344
MLS Listing,,Single Family Residential,17 Cricket Ct,Old Saybrook,CT,06475,489000,3,2.5,Plum Bank,1761,21780,1976,43,278,,Active,,,http://www.redfin.com/CT/Old-Saybrook/17-Cricket-Ct-06475/home/54422805,Smart MLS,170268018,N,Y,41.277516,-72.378651
MLS Listing,,Single Family Residential,12 Seabreeze Rd,Old Saybrook,CT,06475,400000,3,2.0,Cornfield Point,1358,3920,1945,46,295,34,Active,,,http://www.redfin.com/CT/Old-Saybrook/12-Seabreeze-Rd-06475/home/54418213,Smart MLS,170258591,N,Y,41.2662796,-72.3854386
MLS Listing,,Single Family Residential,7 Watrous Point Rd,Old Saybrook,CT,06475,650000,4,3.5,Otter Cove,4335,123710,1991,46,150,,Active,April-5-2020 01:00 PM,April-5-2020 03:00 PM,http://www.redfin.com/CT/Old-Saybrook/7-Watrous-Point-Rd-06475/home/54421941,Smart MLS,170268505,N,Y,41.3341833,-72.3797858
MLS Listing,,Vacant Land,0 Middlesex Tpke,Old Saybrook,CT,06475,475000,,,Old Saybrook,,73616,,46,,,Active,,,http://www.redfin.com/CT/Old-Saybrook/225-Middlesex-Tpke-06475/home/169165292,Smart MLS,170268472,N,Y,41.3062763,-72.3820284
MLS Listing,,Condo/Co-op,25 Sunset Rd #3,Old Saybrook,CT,06475,338900,2,2.5,Plum Bank,1565,,1984,48,217,425,Active,,,http://www.redfin.com/CT/Old-Saybrook/25-Sunset-Rd-06475/unit-3/home/54420759,Smart MLS,170267485,N,Y,41.2846903,-72.3918731
MLS Listing,,Condo/Co-op,25 Sheffield St #4,Old Saybrook,CT,06475,589900,2,2.5,Old Saybrook,2151,,2019,51,274,350,Active,,,http://www.redfin.com/CT/Old-Saybrook/25-Sheffield-St-06475/unit-4/home/143258090,Smart MLS,170267042,N,Y,41.2908011,-72.3740345
MLS Listing,,Condo/Co-op,25 Sheffield St #5,Old Saybrook,CT,06475,579900,2,2.5,Old Saybrook,2038,,2016,51,285,350,Active,,,http://www.redfin.com/CT/Old-Saybrook/25-Sheffield-St-06475/unit-5/home/143258091,Smart MLS,170266734,N,Y,41.2908011,-72.3740345
MLS Listing,,Single Family Residential,4 Edwards Rd,Old Saybrook,CT,06475,389900,3,2.0,Cornfield Point,1680,8712,1957,53,232,,Active,,,http://www.redfin.com/CT/Old-Saybrook/4-Edwards-Rd-06475/home/54418084,Smart MLS,170266468,N,Y,41.2687209,-72.383485
MLS Listing,,Condo/Co-op,25 Sheffield St #3,Old Saybrook,CT,06475,589900,2,2.5,Old Saybrook,2166,,2019,56,272,350,Active,,,http://www.redfin.com/CT/Old-Saybrook/25-Sheffield-St-06475/unit-3/home/143258089,Smart MLS,170265918,N,Y,41.2908011,-72.3740345
MLS Listing,,Single Family Residential,68 Sea Ln,Old Saybrook,CT,06475,399000,3,1.0,Saybrook Manor,1153,3920,1932,61,346,21,Active,,,http://www.redfin.com/CT/Old-Saybrook/68-Sea-Ln-06475/home/54419669,Smart MLS,170264071,N,Y,41.2817668,-72.3996686
MLS Listing,,Single Family Residential,25 Otter Cove Dr,Old Saybrook,CT,06475,549000,4,3.0,Otter Cove,2486,87120,1961,61,221,,Active,,,http://www.redfin.com/CT/Old-Saybrook/25-Otter-Cove-Dr-06475/home/54422448,Smart MLS,170261933,N,Y,41.3352379,-72.369772
MLS Listing,,Single Family Residential,55 N Cove Rd,Old Saybrook,CT,06475,1799999,3,3.5,Old Saybrook,2606,39639,1700,61,691,,Active,,,http://www.redfin.com/CT/Old-Saybrook/55-N-Cove-Rd-06475/home/54422905,Smart MLS,170264183,N,Y,41.2869136,-72.3623062
MLS Listing,,Single Family Residential,30 Riverside Ave,Old Saybrook,CT,06475,845000,3,3.5,Ferry Point,2266,10890,1982,63,373,,Active,,,http://www.redfin.com/CT/Old-Saybrook/30-Riverside-Ave-06475/home/54423495,Smart MLS,170263450,N,Y,41.3219331,-72.3512537
MLS Listing,,Condo/Co-op,11 Coulter St #26,Old Saybrook,CT,06475,355000,2,2.5,Old Saybrook,1890,,1986,64,188,475,Active,,,http://www.redfin.com/CT/Old-Saybrook/11-Coulter-St-06475/unit-26/home/54420913,Smart MLS,170249719,N,Y,41.2951916,-72.3761629
MLS Listing,,Single Family Residential,29 Red Bird Trl,Old Saybrook,CT,06475,1100000,3,2.0,Indian Town,2457,5227,2013,74,448,150,Active,,,http://www.redfin.com/CT/Old-Saybrook/29-Red-Bird-Trl-06475/home/54418607,Smart MLS,170260914,N,Y,41.2789151,-72.4056624
MLS Listing,,Single Family Residential,18 Sea Ln,Old Saybrook,CT,06475,1695000,3,2.5,Cornfield Point,3200,7840,1986,75,530,34,Active,,,http://www.redfin.com/CT/Old-Saybrook/18-Sea-Ln-06475/home/54417620,Smart MLS,170260338,N,Y,41.2641815,-72.3819591
MLS Listing,,Single Family Residential,475 Main St,Old Saybrook,CT,06475,386000,3,1.5,Saybrook Point,1215,13939,1957,89,318,,Active,,,http://www.redfin.com/CT/Old-Saybrook/475-Main-St-06475/home/54419876,Smart MLS,170257109,N,Y,41.2829929,-72.3661444
MLS Listing,,Single Family Residential,846 Middlesex Tpke,Old Saybrook,CT,06475,379900,3,2.0,Old Saybrook,1716,47916,1940,107,221,,Active,,,http://www.redfin.com/CT/Old-Saybrook/846-Middlesex-Tpke-06475/home/54421931,Smart MLS,170254866,N,Y,41.3287065,-72.3783229
MLS Listing,,Single Family Residential,4 East Ln,Old Saybrook,CT,06475,689000,2,2.5,Cornfield Point,1634,9147,1920,121,422,34,Active,,,http://www.redfin.com/CT/Old-Saybrook/4-East-Ln-06475/home/54417606,Smart MLS,170252995,N,Y,41.2650847,-72.3801441
MLS Listing,,Single Family Residential,116 Old Boston Post Rd,Old Saybrook,CT,06475,348000,3,2.5,Old Saybrook,1596,16552,1900,129,218,,Active,,,http://www.redfin.com/CT/Old-Saybrook/116-Old-Boston-Post-Rd-06475/home/54420649,Smart MLS,170251117,N,Y,41.2869996,-72.3838549
MLS Listing,,Single Family Residential,117 Chalker Beach Rd,Old Saybrook,CT,06475,359900,3,1.0,Chalker Beach,960,8712,1951,144,375,54,Active,,,http://www.redfin.com/CT/Old-Saybrook/117-Chalker-Beach-Rd-06475/home/54419494,Smart MLS,170247615,N,Y,41.28053,-72.412998
MLS Listing,,Single Family Residential,15 Beach Rd W,Old Saybrook,CT,06475,549000,3,2.0,Chalker Beach,1129,3049,1935,145,486,86,Active,,,http://www.redfin.com/CT/Old-Saybrook/15-Beach-Rd-W-06475/home/54422732,Smart MLS,170247509,N,Y,41.2788374,-72.4134227
MLS Listing,,Vacant Land,40 Bokum Rd,Old Saybrook,CT,06475,135000,,,Old Saybrook,,41817,,163,,,Active,,,http://www.redfin.com/CT/Old-Saybrook/40-Bokum-Rd-06475/home/54423957,Smart MLS,170242487,N,Y,41.317285,-72.388433
MLS Listing,,Single Family Residential,81 Obed Hts,Old Saybrook,CT,06475,249000,3,1.0,Old Saybrook,1348,43995,1880,168,185,,Active,,,http://www.redfin.com/CT/Old-Saybrook/81-Obed-Hts-06475/home/54422307,Smart MLS,170232042,N,Y,41.3141577,-72.3797511
MLS Listing,,Single Family Residential,30 Attawanhood Trl,Old Saybrook,CT,06475,400000,3,1.0,Indian Town,1188,6098,1958,176,337,,Active,,,http://www.redfin.com/CT/Old-Saybrook/30-Attawanhood-Trl-06475/home/54419786,Smart MLS,170238202,N,Y,41.2808131,-72.4011019
MLS Listing,,Single Family Residential,476 Main St,Old Saybrook,CT,06475,499900,3,2.5,Old Saybrook,1939,19602,1840,179,258,,Active,,,http://www.redfin.com/CT/Old-Saybrook/476-Main-St-06475/home/54420324,Smart MLS,170234278,N,Y,41.284398,-72.3697513
MLS Listing,,Single Family Residential,4 Leada Woods Rd,Old Saybrook,CT,06475,539000,5,4.5,Old Saybrook,3686,60112,1985,182,146,,Active,,,http://www.redfin.com/CT/Old-Saybrook/4-Leada-Woods-Rd-06475/home/54422158,Smart MLS,170232516,N,Y,41.3142619,-72.405899
MLS Listing,,Single Family Residential,36 Atlantic Dr,Old Saybrook,CT,06475,995000,5,3.0,Old Saybrook,2556,23958,1995,188,389,44,Active,,,http://www.redfin.com/CT/Old-Saybrook/36-Atlantic-Dr-06475/home/54422614,Smart MLS,170230433,N,Y,41.2667733,-72.3726877
MLS Listing,,Condo/Co-op,11 Coulter St #14,Old Saybrook,CT,06475,325000,2,2.0,Old Saybrook,1310,,1986,189,248,475,Active,,,http://www.redfin.com/CT/Old-Saybrook/11-Coulter-St-06475/unit-14/home/54420932,Smart MLS,170224423,N,Y,41.2951916,-72.3761629
MLS Listing,,Single Family Residential,3 Old Fenwick Rd,Old Saybrook,CT,06475,1699000,3,2.5,Fenwick,2311,11325,2017,195,735,,Active,,,http://www.redfin.com/CT/Old-Saybrook/3-Old-Fenwick-Rd-06475/home/54418514,Smart MLS,170229863,N,Y,41.26712,-72.3639
MLS Listing,,Single Family Residential,153 Ayers Point Rd,Old Saybrook,CT,06475,399900,6,4.0,Ayer's Point,3151,48787,1985,199,127,,Active,,,http://www.redfin.com/CT/Old-Saybrook/153-Ayers-Point-Rd-06475/home/54422362,Smart MLS,170230085,N,Y,41.3300533,-72.364549
MLS Listing,,Single Family Residential,3 Barret Ln,Old Saybrook,CT,06475,459900,4,2.5,Old Saybrook,2303,65340,2019,201,200,,Active,,,http://www.redfin.com/CT/Old-Saybrook/3-Barret-Ln-06475/home/54421369,Smart MLS,170230080,N,Y,41.303947,-72.388022
MLS Listing,,Single Family Residential,1 River Edge Rd,Old Saybrook,CT,06475,659000,4,2.5,Old Saybrook,3305,152460,2015,205,199,,Active,,,http://www.redfin.com/CT/Old-Saybrook/1-River-Edge-Rd-06475/home/54423479,Smart MLS,170229428,N,Y,41.3356063,-72.3683178
MLS Listing,,Single Family Residential,50 Cypress Rd,Old Saybrook,CT,06475,349000,3,2.0,Knollwood Beach,1432,4356,1950,218,244,21,Active,,,http://www.redfin.com/CT/Old-Saybrook/50-Cypress-Rd-06475/home/54418157,Smart MLS,170225250,N,Y,41.2679201,-72.3778552
MLS Listing,,Single Family Residential,1 Anchorage Ln,Old Saybrook,CT,06475,375000,5,3.0,Old Saybrook,2100,13068,1955,222,179,,Active,,,http://www.redfin.com/CT/Old-Saybrook/1-Anchorage-Ln-06475/home/54422116,Smart MLS,170224250,N,Y,41.3189876,-72.3564332
MLS Listing,,Single Family Residential,8 Wildwood Rd,Old Saybrook,CT,06475,496000,4,2.0,Old Saybrook,1576,3920,1945,268,315,34,Active,,,http://www.redfin.com/CT/Old-Saybrook/8-Wildwood-Rd-06475/home/54418250,Smart MLS,170208531,N,Y,41.2666708,-72.387138
MLS Listing,,Single Family Residential,51 Atlantic Dr,Old Saybrook,CT,06475,489000,4,2.0,Knollwood,1313,10890,1982,275,372,,Active,,,http://www.redfin.com/CT/Old-Saybrook/51-Atlantic-Dr-06475/home/54418060,Smart MLS,170206837,N,Y,41.2681348,-72.3727571
MLS Listing,,Condo/Co-op,509 Main St #2,Old Saybrook,CT,06475,209000,2,1.0,Old Saybrook,1021,,1868,350,205,147,Active,,,http://www.redfin.com/CT/Old-Saybrook/509-Main-St-06475/unit-2/home/54417499,Smart MLS,170179254,N,Y,41.2831335,-72.3643193
MLS Listing,,Vacant Land,220 Middlesex Tpke,Old Saybrook,CT,06475,5795000,,,Old Saybrook,,5401440,,355,,,Active,,,http://www.redfin.com/CT/Old-Saybrook/220-Middlesex-Tpke-06475/home/54421898,Smart MLS,170177963,N,Y,41.3116875,-72.3737862
MLS Listing,,Condo/Co-op,252 Hidden Cove Rd #252,Old Saybrook,CT,06475,299900,2,2.0,Old Saybrook,1380,,1978,372,217,600,Active,,,http://www.redfin.com/CT/Old-Saybrook/252-Hidden-Cove-Rd-06475/unit-252/home/160671798,Smart MLS,170171998,N,Y,41.2831448,-72.4163431
MLS Listing,,Single Family Residential,549 Maple Ave,Old Saybrook,CT,06475,3575000,4,5.5,Old Saybrook,3838,11761,2003,397,931,535,Active,,,http://www.redfin.com/CT/Old-Saybrook/549-Maple-Ave-06475/home/54423407,Smart MLS,170161319,N,Y,41.2696487,-72.3618438
MLS Listing,,Condo/Co-op,25 Sheffield St #8,Old Saybrook,CT,06475,579000,2,2.5,Old Saybrook,2039,,2016,490,284,350,Active,,,http://www.redfin.com/CT/Old-Saybrook/25-Sheffield-St-06475/unit-8/home/143258097,Smart MLS,170143755,N,Y,41.2908011,-72.3740345
MLS Listing,,Single Family Residential,20 Saltus Dr,Old Saybrook,CT,06475,7999000,5,7.5,Old Saybrook,9483,69696,2003,533,844,,Active,,,http://www.redfin.com/CT/Old-Saybrook/20-Saltus-Dr-06475/home/54420554,Smart MLS,170127368,N,Y,41.2905514,-72.3675317
MLS Listing,,Vacant Land,11 Channelside Dr,Old Saybrook,CT,06475,279000,,,Old Saybrook,,20037,,541,,,Active,,,http://www.redfin.com/CT/Old-Saybrook/11-Channelside-Dr-06475/home/54422110,Smart MLS,170127159,N,Y,41.319814,-72.359189
MLS Listing,,Single Family Residential,8 Dana Dr,Old Saybrook,CT,06475,639000,3,1.5,Old Saybrook,1544,50965,1975,626,414,,Active,,,http://www.redfin.com/CT/Old-Saybrook/8-Dana-Dr-06475/home/54420130,Smart MLS,170101374,N,Y,41.2820729,-72.3605489
MLS Listing,,Vacant Land,101A Sequassen Ave,Old Saybrook,CT,06475,1280000,,,Old Saybrook,,20037,,642,,,Active,,,http://www.redfin.com/CT/Old-Saybrook/101-Sequassen-Ave-06475/home/146050640,Smart MLS,170095720,N,Y,41.2734235,-72.3549334
MLS Listing,,Single Family Residential,6 Mohegan Ave,Old Saybrook,CT,06475,4980000,3,3.5,Old Saybrook,3800,56628,2015,730,1311,,Active,,,http://www.redfin.com/CT/Old-Saybrook/6-Mohegan-Ave-06475/home/54417612,Smart MLS,170061373,N,Y,41.2736092,-72.3502507
MLS Listing,,Single Family Residential,102b Sequassen Ave,Old Saybrook,CT,06475,3480000,4,3.0,Old Saybrook,2643,24829,2005,819,1317,,Active,,,http://www.redfin.com/CT/Old-Saybrook/102B-Sequassen-Ave-06475/home/144513574,Smart MLS,170034296,N,Y,41.27146,-72.344215
MLS Listing,,Condo/Co-op,226 Main St #14,Old Saybrook,CT,06475,299500,1,1.5,Old Saybrook,992,,2016,819,302,175,Active,,,http://www.redfin.com/CT/Old-Saybrook/226-Main-St-06475/unit-14/home/143258104,Smart MLS,170024764,N,Y,41.2918772,-72.376051
For-Sale-by-Owner Listing,,Single Family Residential,54 Cromwell Pl,Old Saybrook,CT,06475,979000,3,4.5,Old Saybrook,2998,24829,1986,45,327,,Active,,,http://www.redfin.com/CT/Old-Saybrook/54-Cromwell-Pl-06475/home/54420522,Fizber.com,5046113,N,Y,41.2871603,-72.3539822
