SALE TYPE,SOLD DATE,PROPERTY TYPE,ADDRESS,CITY,STATE OR PROVINCE,ZIP OR POSTAL CODE,PRICE,BEDS,BATHS,LOCATION,SQUARE FEET,LOT SIZE,YEAR BUILT,DAYS ON MARKET,$/SQUARE FEET,HOA/MONTH,STATUS,NEXT OPEN HOUSE START TIME,NEXT OPEN HOUSE END TIME,URL (SEE http://www.redfin.com/buy-a-home/comparative-market-analysis FOR INFO ON PRICING),SOURCE,MLS#,FAVORITE,INTERESTED,LATITUDE,LONGITUDE
MLS Listing,,Single Family Residential,271 Peck Ln,Orange,CT,06477,450000,3,1.0,Orange,1396,174240,1955,4,322,,Active,,,http://www.redfin.com/CT/Orange/271-Peck-Ln-06477/home/53947822,Smart MLS,170292374,N,Y,41.2516312,-73.0156086
MLS Listing,,Single Family Residential,555 Treat Ln,Orange,CT,06477,400000,4,2.5,Orange,1974,40075,1965,5,203,,Active,,,http://www.redfin.com/CT/Orange/555-Treat-Ln-06477/home/53947906,Smart MLS,170291478,N,Y,41.2591971,-73.0482065
MLS Listing,,Single Family Residential,630 Lakeview Rd,Orange,CT,06477,349900,3,1.5,Orange,1469,30056,1957,7,238,,Active,,,http://www.redfin.com/CT/Orange/630-Lakeview-Rd-06477/home/53950231,Smart MLS,170289024,N,Y,41.2979873,-72.9874155
MLS Listing,,Single Family Residential,913 Green Cir,Orange,CT,06477,692500,4,3.5,Orange,4369,47044,1999,7,159,,Active,,,http://www.redfin.com/CT/Orange/913-Green-Cir-06477/home/53950760,Smart MLS,170291418,N,Y,41.3043589,-73.0323645
MLS Listing,,Condo/Co-op,132 Sunrise Hill Cir,Orange,CT,06477,699999,3,3.0,Orange,3032,,2014,8,231,395,Active,,,http://www.redfin.com/CT/Orange/132-Sunrise-Hill-Cir-06477/unit-132/home/109592530,Smart MLS,170291547,N,Y,41.3103134,-73.0410201
MLS Listing,,Single Family Residential,293 Arnold Ln,Orange,CT,06477,349900,3,2.0,Orange,1564,38768,1957,11,224,,Active,,,http://www.redfin.com/CT/Orange/293-Arnold-Ln-06477/home/53947866,Smart MLS,170287894,N,Y,41.2599626,-73.0237628
MLS Listing,,Single Family Residential,980 Derby Milford Rd,Orange,CT,06477,299900,3,1.0,Orange,1408,148104,1926,15,213,,Active,,,http://www.redfin.com/CT/Orange/980-Derby-Milford-Rd-06477/home/53950198,Smart MLS,170290023,N,Y,41.30397,-73.0649513
MLS Listing,,Single Family Residential,355 Miles Rd,Orange,CT,06477,479900,4,3.5,Orange,3228,30927,1960,18,149,,Active,,,http://www.redfin.com/CT/Orange/355-Miles-Rd-06477/home/53951233,Smart MLS,170288111,N,Y,41.2545672,-73.0283058
MLS Listing,,Single Family Residential,120 Coram Ln,Orange,CT,06477,819000,4,4.5,Turkey Hill,5621,40510,2002,22,146,,Active,,,http://www.redfin.com/CT/Orange/120-Coram-Ln-06477/home/53948095,Smart MLS,170284395,N,Y,41.2744333,-73.0789222
MLS Listing,,Single Family Residential,795 Donna Dr,Orange,CT,06477,350000,4,2.5,Turkey Hill,2085,40510,1963,23,168,,Active,,,http://www.redfin.com/CT/Orange/795-Donna-Dr-06477/home/53951830,Smart MLS,170288251,N,Y,41.2925004,-73.04959
MLS Listing,,Single Family Residential,9 Racebrook Ter,Orange,CT,06477,424900,3,2.0,Orange,2520,31363,1955,25,169,,Active,,,http://www.redfin.com/CT/Orange/9-Racebrook-Ter-06477/home/53951141,Smart MLS,170286915,N,Y,41.3079671,-73.0205803
MLS Listing,,Single Family Residential,70 Russell Ave,Orange,CT,06477,319900,3,1.5,Tyler City,1520,69696,1949,25,210,,Active,,,http://www.redfin.com/CT/Orange/70-Russell-Ave-06477/home/53951736,Smart MLS,170272478,N,Y,41.2860981,-73.005267
MLS Listing,,Single Family Residential,129 Cherry Hill Rd,Orange,CT,06477,464900,4,3.0,Orange,2828,42688,1960,27,164,,Active,,,http://www.redfin.com/CT/Orange/129-Cherry-Hill-Rd-06477/home/53950366,Smart MLS,170286954,N,Y,41.2952042,-73.0284063
MLS Listing,,Single Family Residential,111 Cherry Hill Rd,Orange,CT,06477,550000,4,2.5,Orange,2352,42688,1965,47,234,,Active,,,http://www.redfin.com/CT/Orange/111-Cherry-Hill-Rd-06477/home/53952529,Smart MLS,170283390,N,Y,41.2950211,-73.0264379
MLS Listing,,Single Family Residential,21 Crofut Rd,Orange,CT,06477,409900,4,3.0,Orange,1656,32234,1956,52,248,,Active,,,http://www.redfin.com/CT/Orange/21-Crofut-Rd-06477/home/53949317,Smart MLS,170282378,N,Y,41.2823975,-73.007483
MLS Listing,,Single Family Residential,315 Racebrook Rd,Orange,CT,06477,549900,4,4.0,Orange,3049,18730,1948,54,180,,Active,,,http://www.redfin.com/CT/Orange/315-Racebrook-Rd-06477/home/53948949,Smart MLS,170281777,N,Y,41.2693596,-73.0005664
MLS Listing,,Single Family Residential,682 Lambert Rd,Orange,CT,06477,465500,3,3.5,Indian Hill,4174,87991,1956,55,112,,Active,,,http://www.redfin.com/CT/Orange/682-Lambert-Rd-06477/home/53949934,Smart MLS,170281662,N,Y,41.2879415,-73.0224714
MLS Listing,,Single Family Residential,19 Hampton CL,Orange,CT,06477,599000,4,3.5,Orange,3696,40075,1986,58,162,,Active,,,http://www.redfin.com/CT/Orange/19-Hampton-Cl-06477/home/53951686,Smart MLS,170280657,N,Y,41.288819,-73.0112424
MLS Listing,,Single Family Residential,571 Summit Dr,Orange,CT,06477,339900,3,2.0,Orange,1562,35283,1955,59,218,,Active,,,http://www.redfin.com/CT/Orange/571-Summit-Dr-06477/home/53952413,Smart MLS,170279086,N,Y,41.2911474,-72.9910597
MLS Listing,,Single Family Residential,650 Saint Johns Dr,Orange,CT,06477,1199000,5,4.5,Orange,4651,72309,2016,67,258,,Active,,,http://www.redfin.com/CT/Orange/650-St-Johns-Dr-06477/home/53952627,Smart MLS,170277222,N,Y,41.2893557,-73.0183434
MLS Listing,,Single Family Residential,139 Wildrose Rd,Orange,CT,06477,674500,4,4.5,Orange,4399,84506,1995,76,153,,Active,,,http://www.redfin.com/CT/Orange/139-Wildrose-Rd-06477/home/53949921,Smart MLS,170274100,N,Y,41.2859643,-73.0237628
MLS Listing,,Condo/Co-op,69 Beecher Walk #3,Orange,CT,06477,109813,2,2.5,Orange,1150,,2020,78,95,315,Active,,,http://www.redfin.com/CT/Orange/100-S-Orange-Center-Rd-06477/unit-3/home/170602124,Smart MLS,170274020,N,Y,41.2544453,-73.0105946
MLS Listing,,Single Family Residential,20 Shepherd Ln,Orange,CT,06477,537500,4,2.5,Orange,3588,65340,1963,80,150,,Active,,,http://www.redfin.com/CT/Orange/20-Shepherd-Ln-06477/home/170589269,Smart MLS,170273299,N,Y,41.2928443,-73.0170386
MLS Listing,,Single Family Residential,886 Orange Center Rd,Orange,CT,06477,299000,4,1.5,Orange,2072,43560,1823,85,144,,Active,,,http://www.redfin.com/CT/Orange/886-Orange-Center-Rd-06477/home/53950371,Smart MLS,170271921,N,Y,41.2973426,-73.0266685
MLS Listing,,Single Family Residential,44 Andrew Ln,Orange,CT,06477,524900,4,3.5,Orange,3648,43560,1959,90,144,,Active,,,http://www.redfin.com/CT/Orange/44-Andrew-Ln-06477/home/53951695,Smart MLS,170270647,N,Y,41.2887427,-73.0086341
MLS Listing,,Single Family Residential,615 Saint Johns Dr,Orange,CT,06477,999900,4,3.0,Tyler City,3800,176418,2020,90,263,,Active,,,http://www.redfin.com/CT/Orange/615-St-Johns-Dr-06477/home/53952598,Smart MLS,170270139,N,Y,41.2867958,-73.016592
MLS Listing,,Single Family Residential,103 Tyler City Rd,Orange,CT,06477,669000,4,3.0,Tyler City,3512,60548,1915,92,190,,Active,,,http://www.redfin.com/CT/Orange/103-Tyler-City-Rd-06477/home/53952066,Smart MLS,170264807,N,Y,41.2829974,-73.0200269
MLS Listing,,Single Family Residential,465 Orange Center Rd,Orange,CT,06477,525000,3,3.0,Orange,2600,40946,2020,98,202,,Active,,,http://www.redfin.com/CT/Orange/465-Orange-Center-Rd-06477/home/53952654,Smart MLS,170267890,N,Y,41.2692926,-73.0188754
MLS Listing,,Single Family Residential,133 Coram Ln,Orange,CT,06477,749900,4,3.5,Orange,3712,40510,2002,122,202,,Active,,,http://www.redfin.com/CT/Orange/133-Coram-Ln-06477/home/53951044,Smart MLS,170261834,N,Y,41.2761864,-73.0801638
MLS Listing,,Single Family Residential,521 Wagon Trl,Orange,CT,06477,499900,4,2.5,Orange,3016,103672,2003,168,166,,Active,,,http://www.redfin.com/CT/Orange/521-Wagon-Trl-06477/home/53948034,Smart MLS,170254009,N,Y,41.2782301,-73.0738695
MLS Listing,,Single Family Residential,10 Laviola Ln,Orange,CT,06477,699900,4,3.5,The Meadows,3000,65340,2020,189,233,,Active,,,http://www.redfin.com/CT/Orange/10-Laviola-LN-06477/home/160490841,Smart MLS,170249390,N,Y,41.252848,-73.028883
MLS Listing,,Condo/Co-op,71 Beecher Walk #2,Orange,CT,06477,264900,2,2.5,Orange,1414,,2018,195,187,315,Active,,,http://www.redfin.com/CT/Orange/100-S-Orange-Center-Rd-06477/unit-2/home/169583781,Smart MLS,170247292,N,Y,41.2544453,-73.0105946
MLS Listing,,Condo/Co-op,73 Beecher Walk #1,Orange,CT,06477,269900,2,2.5,Orange,1330,,2019,195,203,315,Active,,,http://www.redfin.com/CT/Orange/100-S-Orange-Center-Rd-06477/unit-1/home/169583777,Smart MLS,170247291,N,Y,41.2544453,-73.0105946
MLS Listing,,Condo/Co-op,25 Beecher Walk #25,Orange,CT,06477,269900,2,2.5,Orange,1414,,2019,195,191,315,Active,,,http://www.redfin.com/CT/Orange/100-S-Orange-Center-Rd-06477/unit-25/home/169583767,Smart MLS,170247268,N,Y,41.2544453,-73.0105946
MLS Listing,,Condo/Co-op,21 Beecher Walk #27,Orange,CT,06477,269900,2,2.5,Orange,1414,,2019,195,191,315,Active,,,http://www.redfin.com/CT/Orange/100-S-Orange-Center-Rd-06477/unit-27/home/169583753,Smart MLS,170247266,N,Y,41.2544453,-73.0105946
MLS Listing,,Vacant Land,54 Skyview Rd,Orange,CT,06477,349900,,,Orange,,124146,,214,,8,Active,,,http://www.redfin.com/CT/Orange/54-Skyview-Rd-06477/home/53952616,Smart MLS,170242339,N,Y,41.3092825,-73.0397603
MLS Listing,,Single Family Residential,25 Hampton CL,Orange,CT,06477,739000,4,2.5,Orange,3615,40075,1991,219,204,,Active,,,http://www.redfin.com/CT/Orange/25-Hampton-Cl-06477/home/53951685,Smart MLS,170238750,N,Y,41.2888666,-73.0107098
MLS Listing,,Single Family Residential,50 Skyview Rd,Orange,CT,06477,799900,4,2.5,Indian Hill,3465,60112,2020,226,231,8,Active,,,http://www.redfin.com/CT/Orange/50-Skyview-Rd-06477/home/53952615,Smart MLS,170238509,N,Y,41.3084417,-73.0396063
MLS Listing,,Single Family Residential,756 Derby Milford Rd,Orange,CT,06477,449900,2,1.0,Orange,1013,385506,1926,308,444,,Active,,,http://www.redfin.com/CT/Orange/756-Derby-Milford-Rd-06477/home/53949968,Smart MLS,170212625,N,Y,41.2904303,-73.0563573
MLS Listing,,Single Family Residential,597 Stone Hill Rd,Orange,CT,06477,575000,3,2.5,Orange,2400,178160,2019,415,240,,Active,,,http://www.redfin.com/CT/Orange/597-Stone-Hill-Dr-06477/home/144530449,Smart MLS,170174321,N,Y,41.2728365,-73.0701881
MLS Listing,,Vacant Land,43 Skyview Rd,Orange,CT,06477,299900,,,Orange,,61855,,436,,,Active,,,http://www.redfin.com/CT/Orange/43-Skyview-Rd-06477/home/53952597,Smart MLS,170167807,N,Y,41.3081899,-73.0413814
MLS Listing,,Vacant Land,329 Smith Farm Rd,Orange,CT,06477,960000,,,Orange,,192099,,447,,,Active,,,http://www.redfin.com/CT/Orange/329-Smith-Farm-Rd-06477/home/53948945,Smart MLS,99194698,N,Y,41.2714397,-72.9995104
MLS Listing,,Vacant Land,825 Dogburn Rd,Orange,CT,06477,85000,,,Orange,,37897,,648,,,Active,,,http://www.redfin.com/CT/Orange/825-Dogburn-Rd-06477/home/146436427,Smart MLS,170110758,N,Y,41.3011348,-72.9958093
MLS Listing,,Vacant Land,415 Northwood Dr,Orange,CT,06477,285000,,,Orange,,87120,,869,,,Active,,,http://www.redfin.com/CT/Orange/415-Northwood-Dr-06477/home/53952870,Smart MLS,170039548,N,Y,41.3039956,-73.0563481
