SALE TYPE,SOLD DATE,PROPERTY TYPE,ADDRESS,CITY,STATE OR PROVINCE,ZIP OR POSTAL CODE,PRICE,BEDS,BATHS,LOCATION,SQUARE FEET,LOT SIZE,YEAR BUILT,DAYS ON MARKET,$/SQUARE FEET,HOA/MONTH,STATUS,NEXT OPEN HOUSE START TIME,NEXT OPEN HOUSE END TIME,URL (SEE http://www.redfin.com/buy-a-home/comparative-market-analysis FOR INFO ON PRICING),SOURCE,MLS#,FAVORITE,INTERESTED,LATITUDE,LONGITUDE
MLS Listing,,Single Family Residential,589 Pomfret St,Pomfret,CT,06259,369900,2,2.5,Pomfret,3587,165528,1780,1,103,,Active,,,http://www.redfin.com/CT/Pomfret-Center/589-Pomfret-St-06259/home/54262733,Smart MLS,170292912,N,Y,41.897805,-71.9618764
MLS Listing,,Single Family Residential,324 Pomfret St,Pomfret,CT,06259,425000,5,3.0,Pomfret Center,2676,41817,1950,4,159,,Active,,,http://www.redfin.com/CT/Pomfret-Center/324-Pomfret-St-06259/home/54263567,Smart MLS,170289687,N,Y,41.8793074,-71.9622469
MLS Listing,,Single Family Residential,200 Orchard Hill Rd,Pomfret,CT,06259,265000,3,2.0,Pomfret,1200,90169,2020,9,221,,Active,,,http://www.redfin.com/CT/Pomfret-Center/200-Orchard-Hill-Rd-06259/home/54262758,Smart MLS,170291180,N,Y,41.8437888,-71.9597127
MLS Listing,,Single Family Residential,418 Killingly Rd,Pomfret,CT,06259,170000,4,1.0,Pomfret Center,1773,282704,1920,10,96,,Active,,,http://www.redfin.com/CT/Pomfret-Center/418-Killingly-Rd-06259/home/54263151,Smart MLS,170290809,N,Y,41.847658,-71.926087
MLS Listing,,Single Family Residential,77 Deerfield Rd,Pomfret,CT,06259,1700000,15,8.5,Pomfret,20000,479595,1911,29,85,,Active,,,http://www.redfin.com/CT/Pomfret-Center/77-Deerfield-Rd-06259/home/54263576,MLS PIN,72642626,N,Y,41.8820348,-71.9737059
MLS Listing,,Single Family Residential,4 Dolores Cir,Pomfret,CT,06259,388000,3,2.5,Pomfret Center,2278,32670,1997,42,170,,Active,,,http://www.redfin.com/CT/Pomfret-Center/4-Dolores-Cir-06259/home/54263742,Smart MLS,170282376,N,Y,41.9036386,-71.9371469
MLS Listing,,Single Family Residential,221 Quasset Rd,Pomfret,CT,06259,335000,3,3.5,Pomfret Center,2376,65340,1995,45,141,,Active,,,http://www.redfin.com/CT/Pomfret-Center/221-Quasset-Rd-06259/home/54262874,Smart MLS,170283807,N,Y,41.909252,-71.9808879
MLS Listing,,Single Family Residential,657 Pomfret St,Pomfret,CT,06259,485000,6,3.5,Pomfret Center,3456,111513,2001,46,140,,Active,,,http://www.redfin.com/CT/Pomfret-Center/657-Pomfret-St-06259/home/54262709,Smart MLS,170280789,N,Y,41.9027935,-71.9590516
MLS Listing,,Single Family Residential,434 Deerfield Rd,Pomfret,CT,06259,425000,5,2.0,Pomfret Center,2741,265716,1927,48,155,,Active,,,http://www.redfin.com/CT/Pomfret-Center/434-Deerfield-Rd-06259/home/54262717,Smart MLS,170281904,N,Y,41.897376,-71.9639834
MLS Listing,,Vacant Land,147 Cherry Hill Rd,Pomfret,CT,06259,60000,,,Pomfret Center,,274428,,57,,,Active,,,http://www.redfin.com/CT/Pomfret-Center/147-Cherry-Hill-Rd-06259/home/54263640,Smart MLS,170280928,N,Y,41.810052,-72.005745
MLS Listing,,Single Family Residential,264 Kearney Rd,Pomfret,CT,06259,399900,3,2.5,Pomfret,3128,130680,1994,59,128,,Active,,,http://www.redfin.com/CT/Pomfret-Center/264-Kearney-Rd-06259/home/54263125,Smart MLS,170274355,N,Y,41.8411759,-71.957014
MLS Listing,,Single Family Residential,118 Brayman Hollow Rd,Pomfret,CT,06259,324900,3,3.0,Pomfret Center,2608,87120,1946,85,125,,Active,,,http://www.redfin.com/CT/Pomfret-Center/118-Brayman-Hollow-Rd-06259/home/54263047,Smart MLS,170271843,N,Y,41.8943072,-71.9866965
MLS Listing,,Single Family Residential,96 Orchard Hill Rd,Pomfret,CT,06259,349000,4,2.5,Pomfret Center,2158,108900,1964,108,162,,Active,,,http://www.redfin.com/CT/Pomfret-Center/96-Orchard-Hill-Rd-06259/home/54263138,Smart MLS,170264283,N,Y,41.8510169,-71.9595147
MLS Listing,,Single Family Residential,84 Bosworth Rd,Pomfret,CT,06259,599000,4,2.0,Pomfret,3389,224769,1998,216,177,,Active,,,http://www.redfin.com/CT/Pomfret-Center/84-Bosworth-Rd-06259/home/54262923,Smart MLS,170242121,N,Y,41.857446,-71.949008
MLS Listing,,Single Family Residential,499 Taft Pond Rd,Pomfret,CT,06259,338000,3,2.5,Pomfret Center,2384,200375,1990,226,142,,Active,,,http://www.redfin.com/CT/Pomfret-Center/499-Taft-Pond-Rd-06259/home/54263016,Smart MLS,170238539,N,Y,41.8897902,-72.0313304
MLS Listing,,Single Family Residential,87 Ragged Hill Rd,Pomfret,CT,06259,729900,5,3.5,Pomfret Center,4132,240451,2003,253,177,,Active,,,http://www.redfin.com/CT/Pomfret-Center/87-Ragged-Hill-Rd-06259/home/54263931,Smart MLS,170229159,N,Y,41.902128,-72.037289
MLS Listing,,Single Family Residential,330 Pomfret St,Pomfret,CT,06259,439900,9,6.5,Pomfret Center,6501,82764,1885,260,68,,Active,,,http://www.redfin.com/CT/Pomfret-Center/330-Pomfret-St-06259/home/77515447,Smart MLS,170228423,N,Y,41.8797344,-71.9626073
