SALE TYPE,SOLD DATE,PROPERTY TYPE,ADDRESS,CITY,STATE OR PROVINCE,ZIP OR POSTAL CODE,PRICE,BEDS,BATHS,LOCATION,SQUARE FEET,LOT SIZE,YEAR BUILT,DAYS ON MARKET,$/SQUARE FEET,HOA/MONTH,STATUS,NEXT OPEN HOUSE START TIME,NEXT OPEN HOUSE END TIME,URL (SEE http://www.redfin.com/buy-a-home/comparative-market-analysis FOR INFO ON PRICING),SOURCE,MLS#,FAVORITE,INTERESTED,LATITUDE,LONGITUDE
MLS Listing,,Single Family Residential,56 Fairway Dr,Portland,CT,06480,418200,4,5.5,Portland,3254,62726,1984,8,129,,Active,,,http://www.redfin.com/CT/Portland/56-Fairway-Dr-06480/home/54052320,Smart MLS,170291304,N,Y,41.5864771,-72.6067777
MLS Listing,,Single Family Residential,267 Paley Farms Rd,Portland,CT,06480,419900,4,4.0,Paley Farms,3952,26136,1992,10,106,,Active,,,http://www.redfin.com/CT/Portland/267-Paley-Farms-Rd-06480/home/54053208,Smart MLS,170290427,N,Y,41.6299941,-72.6062695
MLS Listing,,Vacant Land,9 Culver Ln,Portland,CT,06480,69000,,,,,46609,,18,,,Active,,,http://www.redfin.com/CT/Portland/9-Culver-Ln-06480/home/106981166,Smart MLS,170289300,N,Y,41.5857145,-72.5789721
MLS Listing,,Single Family Residential,179 Ames Hollow Rd,Portland,CT,06480,399900,3,2.5,Portland,2163,138259,2020,21,185,,Active,,,http://www.redfin.com/CT/Portland/179-Ames-Hollow-Rd-06480/home/146176937,Smart MLS,170288668,N,Y,41.58091,-72.593721
MLS Listing,,Single Family Residential,2079 Portland Cobalt Rd,Portland,CT,06480,280000,3,3.0,Portland,2269,508780,1900,23,123,,Active,,,http://www.redfin.com/CT/Portland/2079-Portland-Cobalt-Rd-06480/home/54050891,Smart MLS,170287873,N,Y,41.561172,-72.561138
MLS Listing,,Single Family Residential,15 Wellwyn Dr,Portland,CT,06480,324900,3,2.5,Portland,1881,34848,1960,24,173,,Active,,,http://www.redfin.com/CT/Portland/15-Wellwyn-Dr-06480/home/54050898,Smart MLS,170288085,N,Y,41.5603128,-72.5938873
MLS Listing,,Single Family Residential,27 Meshomasic Trl,Portland,CT,06480,389900,3,2.0,Meshomasic,2437,44431,2007,31,160,8,Active,,,http://www.redfin.com/CT/Portland/27-Meshomasic-Trl-06480/home/54051172,Smart MLS,170285635,N,Y,41.5874432,-72.565332
MLS Listing,,Single Family Residential,80 E Main St,Portland,CT,06480,219000,3,1.0,Portland,1099,9583,1936,36,199,,Active,,,http://www.redfin.com/CT/Portland/80-E-Main-St-06480/home/54051703,Smart MLS,170285759,N,Y,41.5787311,-72.6326134
MLS Listing,,Single Family Residential,27 Grove St,Portland,CT,06480,299900,3,2.0,Portland,1316,17424,2019,37,228,,Active,,,http://www.redfin.com/CT/Portland/27-Grove-St-06480/home/54050825,Smart MLS,170285255,N,Y,41.5658259,-72.6258777
MLS Listing,,Single Family Residential,6 Depot Hill Rd,East Hampton,CT,06414,400000,3,2.5,Cobalt,2366,22215,1845,44,169,,Active,,,http://www.redfin.com/CT/Cobalt/6-Depot-Hill-Rd-06414/home/54356997,Smart MLS,170284375,N,Y,41.5657655,-72.5575931
MLS Listing,,Single Family Residential,14 Burr St,Portland,CT,06480,434500,4,3.5,Portland,4147,17424,2002,56,105,,Active,,,http://www.redfin.com/CT/Portland/14-Burr-St-06480/home/54051814,Smart MLS,170280296,N,Y,41.5776376,-72.6222546
MLS Listing,,Single Family Residential,37 Spring St,Portland,CT,06480,195000,3,1.0,Portland,2018,14810,1950,57,97,,Active,,,http://www.redfin.com/CT/Portland/37-Spring-St-06480/home/54051317,Smart MLS,170278007,N,Y,41.5777398,-72.6297386
MLS Listing,,Single Family Residential,5 Riverview STEXT,Portland,CT,06480,397500,2,1.5,Portland,1440,138956,1900,60,276,,Active,,,http://www.redfin.com/CT/Portland/5-Riverview-St-06480/home/54050699,Smart MLS,170279648,N,Y,41.563151,-72.622711
MLS Listing,,Single Family Residential,lot 12 Meshomasic Trl,Portland,CT,06480,489900,4,2.5,Meshomasic,2600,43560,2020,66,188,,Active,,,http://www.redfin.com/CT/Portland/12-Meshomasic-Trl-06480/home/148352903,Smart MLS,170277796,N,Y,41.5881882,-72.5663719
MLS Listing,,Single Family Residential,92 Bartlett St,Portland,CT,06480,339500,3,3.5,Portland,2388,16117,2001,72,142,,Active,,,http://www.redfin.com/CT/Portland/92-Bartlett-St-06480/home/54054100,Smart MLS,170274919,N,Y,41.5906003,-72.6152786
MLS Listing,,Condo/Co-op,2 Cinnamon Ln #2,Portland,CT,06480,212900,2,2.5,Portland,1362,,2001,74,156,300,Active,,,http://www.redfin.com/CT/Portland/2-Cinnamon-Ln-06480/unit-2/home/170650687,Smart MLS,170274879,N,Y,41.5727366,-72.6236752
MLS Listing,,Single Family Residential,4 Jobs Gate 1,Portland,CT,06480,169500,2,2.0,Job's Pond,953,,1924,82,178,,Active,,,http://www.redfin.com/CT/Portland/4-Jobs-Gate-1-06480/home/54051079,Smart MLS,170272258,N,Y,41.566841,-72.5931314
MLS Listing,,Single Family Residential,78 Ames Hollow Rd,Portland,CT,06480,399900,3,2.0,Portland,2016,179902,1855,86,198,,Active,,,http://www.redfin.com/CT/Portland/78-Ames-Hollow-Rd-06480/home/54052098,Smart MLS,170270208,N,Y,41.5819941,-72.6022961
MLS Listing,,Vacant Land,101 Jobs Pond Rd,Portland,CT,06480,49900,,,Portland,,77972,,89,,,Active,,,http://www.redfin.com/CT/Portland/101-Jobs-Pond-Rd-06480/home/145234376,Smart MLS,170270693,N,Y,41.573767,-72.5804255
MLS Listing,,Vacant Land,0 Cox  (Kelsey Lane) Rd,Portland,CT,06480,124900,,,Portland,,249163,,94,,,Active,,,http://www.redfin.com/CT/PORTLAND/COX-RD-06480/home/106982016,Smart MLS,170269223,N,Y,41.601529,-72.588078
MLS Listing,,Vacant Land,00A THOMPSON HILL Rd,Portland,CT,06480,117000,,,Meshomasic,,72309,,105,,,Active,,,http://www.redfin.com/CT/Portland/00A-Thompson-Hill-Rd-06480/home/170430695,Smart MLS,170266405,N,Y,41.61485,-72.585293
MLS Listing,,Vacant Land,00B THOMPSON HILL Rd,Portland,CT,06480,125000,,,Portland,,73180,,105,,,Active,,,http://www.redfin.com/CT/Portland/00B-Thompson-Hill-Rd-06480/home/170429814,Smart MLS,170266385,N,Y,41.61485,-72.585293
MLS Listing,,Single Family Residential,378 Cox Rd,Portland,CT,06480,649000,3,1.5,Portland,1817,1075932,1941,123,357,,Active,,,http://www.redfin.com/CT/Portland/378-Cox-Rd-06480/home/54052895,Smart MLS,170260444,N,Y,41.6043189,-72.570772
MLS Listing,,Single Family Residential,25 Meshomasic Trl,Portland,CT,06480,409900,4,2.5,Portland,2500,43560,2020,125,164,,Active,,,http://www.redfin.com/CT/Portland/25-Meshomasic-Trl-06480/home/145751290,Smart MLS,170260961,N,Y,41.5876681,-72.5654617
MLS Listing,,Single Family Residential,33 Old Carriage Rd,Portland,CT,06480,274900,3,2.5,Portland,1926,30056,1982,140,143,,Active,,,http://www.redfin.com/CT/Portland/33-Old-Carriage-Rd-06480/home/54053608,Smart MLS,170258940,N,Y,41.5771659,-72.5751742
MLS Listing,,Condo/Co-op,3 Cattle Xing #3,Portland,CT,06480,231900,2,1.5,Portland,1473,,2001,148,157,300,Active,,,http://www.redfin.com/CT/Portland/3-Cattle-Xing-06480/unit-3/home/168776724,Smart MLS,170257618,N,Y,41.5707231,-72.6265729
MLS Listing,,Vacant Land,29 Camp Ingersoll Rd,Portland,CT,06480,110000,,,Job's Pond,,54885,,183,,,Active,,,http://www.redfin.com/CT/Portland/94-Camp-Ingersol-Rd-06480/home/54051623,Smart MLS,170251011,N,Y,41.5752378,-72.5966366
MLS Listing,,Single Family Residential,Lot 17 Meshomasic Trl,Portland,CT,06480,436600,4,2.5,Portland,2360,54450,2020,189,185,13,Active,,,http://www.redfin.com/CT/Portland/17-Meshomasic-Trl-06480/home/146256243,Smart MLS,170249413,N,Y,41.5876319,-72.5658029
MLS Listing,,Single Family Residential,23 Michele Dr,Portland,CT,06480,379000,4,2.5,Portland,2869,43995,1974,192,132,,Active,,,http://www.redfin.com/CT/Portland/23-Michele-Dr-06480/home/54053133,Smart MLS,170247954,N,Y,41.6356276,-72.5983414
MLS Listing,,Multi-Family (2-4 Unit),216 Main St,Portland,CT,06480,249900,2,2.0,Portland,3882,8712,1900,200,64,,Active,,,http://www.redfin.com/CT/Portland/216-Main-St-06480/home/54051483,Smart MLS,170246338,N,Y,41.5737472,-72.6404994
MLS Listing,,Vacant Land,815 Glastonbury Tpke,Portland,CT,06480,349900,,,Portland,,537966,,204,,,Active,,,http://www.redfin.com/CT/Portland/815-Glastonbury-Tpke-06480/home/169450679,Smart MLS,170245110,N,Y,41.6259879,-72.6017196
MLS Listing,,Vacant Land,184 Cox Rd,Portland,CT,06480,215000,,,Portland,,534481,,211,,,Active,,,http://www.redfin.com/CT/Portland/184-Cox-Rd-06480/home/106981699,Smart MLS,170239734,N,Y,41.601393,-72.592016
MLS Listing,,Vacant Land,182 Cox Rd,Portland,CT,06480,110000,,,Portland,,122839,,211,,,Active,,,http://www.redfin.com/CT/Portland/182-Cox-Rd-06480/home/106981687,Smart MLS,170239732,N,Y,41.600533,-72.589488
MLS Listing,,Vacant Land,228 Isinglass Hill Rd,Portland,CT,06480,131500,,,Portland,,336718,,213,,42,Active,,,http://www.redfin.com/CT/Portland/228-Isinglass-Hill-Rd-06480/home/110021546,Smart MLS,170241764,N,Y,41.6353287,-72.5848934
MLS Listing,,Vacant Land,lot 13 Meshomasic Trl,Portland,CT,06480,79900,,,Chatham,,120225,,232,,,Active,,,http://www.redfin.com/CT/Portland/13-Meshomasic-Trl-06480/home/146256245,Smart MLS,170237128,N,Y,41.5876137,-72.5659735
MLS Listing,,Vacant Land,Lot 20 Meshomasic,Portland,CT,06480,79900,,,Portland,,57063,,232,,13,Active,,,http://www.redfin.com/CT/Portland/20-Meshomasic-Rd-06480/home/144511532,Smart MLS,170237126,N,Y,41.5882364,-72.5659184
MLS Listing,,Vacant Land,Lot 24 Meshomasic,Portland,CT,06480,79900,,,Portland,,45302,,232,,,Active,,,http://www.redfin.com/CT/Portland/24-Meshomasic-Rd-06480/home/144511533,Smart MLS,170237121,N,Y,41.5882668,-72.5656319
MLS Listing,,Vacant Land,Lot 2 Great Hill Pond Rd,Portland,CT,06480,75000,,,Portland,,182952,,232,,,Active,,,http://www.redfin.com/CT/Portland/2-Great-Hill-Pond-Rd-06480/home/145199420,Smart MLS,170237108,N,Y,41.5712648,-72.568316
MLS Listing,,Vacant Land,0 Great Hill Pond Rd,Portland,CT,06480,499900,,,Portland,,6403320,,232,,,Active,,,http://www.redfin.com/CT/PORTLAND/GREAT-HILL-POND-RD-06480/home/106981973,Smart MLS,170237098,N,Y,41.576429,-72.559414
MLS Listing,,Single Family Residential,105 High St,Portland,CT,06480,399999,5,3.5,Portland,3916,50093,1912,253,102,,Active,,,http://www.redfin.com/CT/Portland/105-High-St-06480/home/54053744,Smart MLS,170229814,N,Y,41.5817256,-72.6241949
MLS Listing,,Single Family Residential,1 Randall Pl,Portland,CT,06480,144900,4,1.0,Portland,1427,8276,1947,267,102,,Active,,,http://www.redfin.com/CT/Portland/1-Randall-Pl-06480/home/54052518,Smart MLS,170226503,N,Y,41.5954047,-72.6201295
MLS Listing,,Condo/Co-op,5 White Birch Bnd #5,Portland,CT,06480,424500,2,2.5,Portland,2285,,2004,275,186,235,Active,,,http://www.redfin.com/CT/Portland/5-White-Birch-Bnd-06480/unit-5/home/168598424,Smart MLS,170217949,N,Y,41.5870337,-72.6188821
MLS Listing,,Vacant Land,0 Middle Haddam Rd,Portland,CT,06480,79000,,,Portland,,66646,,311,,,Active,,,http://www.redfin.com/CT/PORTLAND/MIDDLE-HADDAM-RD-06480/home/106981171,Smart MLS,170212435,N,Y,41.567984,-72.58758
MLS Listing,,Vacant Land,0 Breezy Corners Rd,Portland,CT,06480,74900,,,Portland,,53143,,325,,,Active,,,http://www.redfin.com/CT/PORTLAND/BREEZY-CORNERS-RD-06480/home/106981978,Smart MLS,170207632,N,Y,41.567548,-72.578423
MLS Listing,,Single Family Residential,0 Summer St,Portland,CT,06480,299900,3,2.0,Portland,1860,13198,2019,350,161,,Active,,,http://www.redfin.com/CT/Portland/Summer-St-06480/home/106982093,Smart MLS,170198844,N,Y,41.596495,-72.620782
MLS Listing,,Vacant Land,15 Meshomasic Trl,Portland,CT,06480,84900,,,Portland,,70131,,373,,,Active,,,http://www.redfin.com/CT/Portland/15-Meshomasic-Trl-06480/home/160596878,Smart MLS,170190308,N,Y,41.5876228,-72.5658882
MLS Listing,,Vacant Land,22 Culver Ln,Portland,CT,06480,39900,,,Portland,,55321,,375,,,Active,,,http://www.redfin.com/CT/Portland/22-Culver-Ln-06480/home/106981686,Smart MLS,170188470,N,Y,41.5858744,-72.5832752
MLS Listing,,Vacant Land,0 Gospel Ln,Portland,CT,06480,89900,,,Portland,,152460,,451,,,Active,,,http://www.redfin.com/CT/PORTLAND/GOSPEL-LN-06480/home/106981981,Smart MLS,170163802,N,Y,41.582056,-72.60931
MLS Listing,,Vacant Land,0 Thompson Hill Rd,Portland,CT,06480,89900,,,Portland,,77101,,469,,,Active,,,http://www.redfin.com/CT/PORTLAND/THOMPSON-HILL-RD-06480/home/106981167,Smart MLS,170157802,N,Y,41.630787,-72.588009
MLS Listing,,Vacant Land,Lot 5 Summer St,Portland,CT,06480,75000,,,Portland,,97095,,548,,,Active,,,http://www.redfin.com/CT/Portland/5-Gloria-Hts-06480/home/54053787,Smart MLS,170142146,N,Y,41.5904055,-72.6019267
MLS Listing,,Vacant Land,Lot 4 Summer St,Portland,CT,06480,75000,,,Portland,,55843,,548,,,Active,,,http://www.redfin.com/CT/Portland/4-Summer-St-06480/home/148031462,Smart MLS,170142145,N,Y,41.5904776,-72.6027014
MLS Listing,,Vacant Land,Lot 3 Summer St,Portland,CT,06480,55000,,,Portland,,13198,,548,,,Active,,,http://www.redfin.com/CT/Portland/3-Summer-St-06480/home/148031454,Smart MLS,170142144,N,Y,41.5963446,-72.6208514
