SALE TYPE,SOLD DATE,PROPERTY TYPE,ADDRESS,CITY,STATE OR PROVINCE,ZIP OR POSTAL CODE,PRICE,BEDS,BATHS,LOCATION,SQUARE FEET,LOT SIZE,YEAR BUILT,DAYS ON MARKET,$/SQUARE FEET,HOA/MONTH,STATUS,NEXT OPEN HOUSE START TIME,NEXT OPEN HOUSE END TIME,URL (SEE http://www.redfin.com/buy-a-home/comparative-market-analysis FOR INFO ON PRICING),SOURCE,MLS#,FAVORITE,INTERESTED,LATITUDE,LONGITUDE
MLS Listing,,Condo/Co-op,59 Cherry Cir #59,Prospect,CT,06712,449900,2,2.5,Prospect,2067,,2018,1,218,365,Active,,,http://www.redfin.com/CT/Prospect/59-Cherry-Cir-06712/unit-59/home/171558852,Smart MLS,170289117,N,Y,41.5302494,-72.97461
MLS Listing,,Single Family Residential,176 Straitsville Rd,Prospect,CT,06712,425000,2,1.5,Prospect,1354,72309,1820,1,314,,Active,,,http://www.redfin.com/CT/Prospect/176-Straitsville-Rd-06712/home/53734462,Smart MLS,170293408,N,Y,41.4819588,-72.9945987
MLS Listing,,Single Family Residential,4 Forest Ridge Rd,Prospect,CT,06712,349900,5,3.5,Prospect,3797,43560,1996,3,92,,Active,,,http://www.redfin.com/CT/Prospect/4-Forest-Ridge-Rd-06712/home/53733810,Smart MLS,170292814,N,Y,41.5057977,-72.9367135
MLS Listing,,Single Family Residential,3 Rolling Ridge Ct,Prospect,CT,06712,294900,5,3.5,Prospect,2470,46173,1988,14,119,,Active,,,http://www.redfin.com/CT/Prospect/3-Rolling-Ridge-Ct-06712/home/53732684,Smart MLS,170289758,N,Y,41.5094506,-72.940752
MLS Listing,,Single Family Residential,39&39A Morris Rd,Prospect,CT,06712,219900,4,1.5,Prospect,1516,40075,1950,18,145,,Active,,,http://www.redfin.com/CT/Prospect/39-Morris-Rd-06712/home/53734270,Smart MLS,170287568,N,Y,41.5131387,-72.9950209
MLS Listing,,Single Family Residential,6 George St,Prospect,CT,06712,334900,3,2.5,Prospect,2028,20037,1984,28,165,,Active,,,http://www.redfin.com/CT/Prospect/6-George-St-06712/home/53735349,Smart MLS,170287385,N,Y,41.4728333,-72.9666101
MLS Listing,,Vacant Land,86 Scott Rd,Prospect,CT,06712,100000,,,Prospect,,4904420,,31,,,Active,,,http://www.redfin.com/CT/Prospect/86-Scott-Rd-06712/home/160693172,Smart MLS,170286538,N,Y,41.5208942,-72.977828
MLS Listing,,Condo/Co-op,6 Lilac Ln #6,Prospect,CT,06712,314900,2,2.0,Prospect,1552,,2015,31,203,363,Active,,,http://www.redfin.com/CT/Prospect/Lilac-Ln-06712/unit-6/home/53735791,Smart MLS,170285754,N,Y,41.527097,-72.976381
MLS Listing,,Single Family Residential,4 Damase St,Prospect,CT,06712,159900,5,2.5,Prospect,2088,16988,1965,32,77,,Active,,,http://www.redfin.com/CT/Prospect/4-Damase-St-06712/home/53733232,Smart MLS,170286773,N,Y,41.5106944,-72.9926281
MLS Listing,,Single Family Residential,26 Greenwood Dr,Prospect,CT,06712,119000,2,1.0,Prospect,904,21780,1951,35,132,,Active,,,http://www.redfin.com/CT/Prospect/26-Greenwood-Dr-06712/home/53732367,Smart MLS,170286364,N,Y,41.5264285,-72.994577
MLS Listing,,Single Family Residential,38 Williams Dr,Prospect,CT,06712,214900,3,1.0,Prospect,1430,20037,1959,35,150,,Active,,,http://www.redfin.com/CT/Prospect/38-Williams-Dr-06712/home/53735492,Smart MLS,170286266,N,Y,41.5301064,-72.9852474
MLS Listing,,Single Family Residential,124 Howard Ave,Prospect,CT,06712,30995,2,1.0,Prospect,840,,1973,39,37,,Active,,,http://www.redfin.com/CT/Prospect/124-Howard-Ave-06712/home/53733603,Smart MLS,170283802,N,Y,41.4796002,-72.9552842
MLS Listing,,Single Family Residential,5 Genest Ave,Prospect,CT,06712,269000,2,1.5,Prospect,2071,21780,2004,41,130,,Active,,,http://www.redfin.com/CT/Prospect/5-Genest-St-06712/home/53732545,Smart MLS,170271690,N,Y,41.5127855,-72.992201
MLS Listing,,Condo/Co-op,117 Sycamore Dr,Prospect,CT,06712,334900,2,2.5,Prospect,1850,,2009,46,181,363,Active,,,http://www.redfin.com/CT/Prospect/117-Sycamore-Dr-06712/home/53732147,Smart MLS,170283755,N,Y,41.5236039,-72.9739094
MLS Listing,,Single Family Residential,2 Scott Rd,Prospect,CT,06712,259000,3,1.5,Prospect,1514,22651,1956,52,171,,Active,,,http://www.redfin.com/CT/Prospect/2-Scott-Rd-06712/home/53734282,Smart MLS,170282389,N,Y,41.5116767,-72.9828486
MLS Listing,,Vacant Land,278 Cheshire Rd,Prospect,CT,06712,550000,,,Prospect,,822848,,70,,,Active,,,http://www.redfin.com/CT/Prospect/278-Cheshire-Rd-06712/home/166999931,Smart MLS,170276569,N,Y,41.5084401,-72.9388067
MLS Listing,,Single Family Residential,137 Howard Ave,Prospect,CT,06712,40000,2,1.0,Prospect,876,,1974,71,46,,Active,,,http://www.redfin.com/CT/Prospect/137-Howard-Ave-06712/home/53732538,Smart MLS,170276349,N,Y,41.4794623,-72.9559291
MLS Listing,,Vacant Land,92 Royal Crest Dr,Prospect,CT,06712,135000,,,Prospect,,113256,,71,,,Active,,,http://www.redfin.com/CT/Prospect/92-Royal-Crest-Dr-06712/home/144928668,Smart MLS,170276337,N,Y,41.5112888,-72.9740003
MLS Listing,,Condo/Co-op,165 Sycamore Dr #323,Prospect,CT,06712,189900,3,2.0,Prospect,1500,,2010,84,127,353,Active,,,http://www.redfin.com/CT/Prospect/165-Sycamore-Dr-06712/unit-323/home/170574680,Smart MLS,170269805,N,Y,41.5241094,-72.9730928
MLS Listing,,Vacant Land,21 Roy Mountain Rd,Prospect,CT,06712,125000,,,Halim Mtn Estates,,109335,,85,,,Active,,,http://www.redfin.com/CT/Prospect/21-Roy-Mountain-Rd-06712/home/53733286,Smart MLS,170269882,N,Y,41.4826794,-72.9597638
MLS Listing,,Vacant Land,22 Elaine Ct,Prospect,CT,06712,110000,,,Prospect,,43560,,94,,,Active,,,http://www.redfin.com/CT/Prospect/22-Elaine-Ct-06712/home/144928480,Smart MLS,170269471,N,Y,41.4835749,-72.9594187
MLS Listing,,Condo/Co-op,107 Cherry Cir #107,Prospect,CT,06712,459000,2,2.5,Prospect,2067,,2017,95,222,363,Active,,,http://www.redfin.com/CT/Prospect/107-Cherry-Cir-06712/unit-107/home/170490499,Smart MLS,170267903,N,Y,41.5302494,-72.97461
MLS Listing,,Single Family Residential,139 Boyd Dr,Prospect,CT,06712,58500,2,1.0,Prospect,868,,2012,95,67,424,Active,,,http://www.redfin.com/CT/Prospect/139-Boyd-Dr-06712/home/53735823,Smart MLS,170268683,N,Y,41.4791722,-72.9558314
MLS Listing,,Single Family Residential,33 Putting Green Ln,Prospect,CT,06712,273230,3,2.5,Prospect,2021,43124,1987,99,135,,Active,,,http://www.redfin.com/CT/Prospect/33-Putting-Green-Ln-06712/home/53734153,Smart MLS,170268048,N,Y,41.4895236,-72.9789736
MLS Listing,,Single Family Residential,120 Waterbury Rd,Prospect,CT,06712,265000,3,1.5,Prospect,2124,53578,1947,100,125,,Active,,,http://www.redfin.com/CT/Prospect/120-Waterbury-Rd-06712/home/53732686,Smart MLS,170267273,N,Y,41.5198037,-72.9908752
MLS Listing,,Condo/Co-op,12 Tamarack Ct #361,Prospect,CT,06712,191125,3,2.0,Prospect,1700,,2020,110,112,363,Active,,,http://www.redfin.com/CT/Prospect/12-Tamarack-Ct-06712/unit-361/home/170358751,Smart MLS,170264934,N,Y,41.499843,-72.975303
MLS Listing,,Condo/Co-op,10 Tamarack Ct #0360,Prospect,CT,06712,191125,3,2.0,Prospect,1700,,2020,110,112,363,Active,,,http://www.redfin.com/CT/Prospect/10-Tamarack-Ct-06712/unit-0360/home/170358729,Smart MLS,170264931,N,Y,41.499843,-72.975303
MLS Listing,,Condo/Co-op,29 Tamarack Ct #365,Prospect,CT,06712,191125,3,2.0,Prospect,1700,,2020,110,112,363,Active,,,http://www.redfin.com/CT/Prospect/29-Tamarack-Ct-06712/unit-365/home/170358724,Smart MLS,170264929,N,Y,41.499843,-72.975303
MLS Listing,,Condo/Co-op,8 Tamarack Ct #359,Prospect,CT,06712,191125,3,2.0,Prospect,1700,,2020,110,112,363,Active,,,http://www.redfin.com/CT/Prospect/8-Tamarack-Ct-06712/unit-359/home/170358706,Smart MLS,170264926,N,Y,41.499843,-72.975303
MLS Listing,,Condo/Co-op,14 Tamarack Ct #357,Prospect,CT,06712,191125,3,2.0,Prospect,1700,,2020,110,112,363,Active,,,http://www.redfin.com/CT/Prospect/14-Tamarack-Ct-06712/unit-357/home/170358638,Smart MLS,170264919,N,Y,41.499843,-72.975303
MLS Listing,,Condo/Co-op,106 Sycamore Dr #106,Prospect,CT,06712,190355,3,2.0,Prospect,1500,,2009,163,127,363,Active,,,http://www.redfin.com/CT/Prospect/106-Sycamore-Dr-06712/unit-106/home/144809158,Smart MLS,170254966,N,Y,41.5238397,-72.9733403
MLS Listing,,Condo/Co-op,131 Sycamore Dr #131,Prospect,CT,06712,314900,2,2.0,Prospect,1503,,2009,165,210,363,Active,,,http://www.redfin.com/CT/Prospect/131-Sycamore-Dr-06712/unit-131/home/169941495,Smart MLS,170254441,N,Y,41.5236982,-72.9736242
MLS Listing,,Single Family Residential,23 Spruce Dr,Prospect,CT,06712,199000,4,1.0,Prospect,1210,27878,1965,171,164,,Active,,,http://www.redfin.com/CT/Prospect/23-Spruce-Dr-06712/home/53734351,Smart MLS,170251616,N,Y,41.4915467,-72.960059
MLS Listing,,Vacant Land,32 Tress Rd,Prospect,CT,06712,99900,,,Prospect,,126759,,185,,,Active,,,http://www.redfin.com/CT/Prospect/32-Tress-Rd-06712/home/160942351,Smart MLS,170250281,N,Y,41.503083,-72.9424009
MLS Listing,,Condo/Co-op,5 White Oak Dr #2,Prospect,CT,06712,369995,2,2.0,Prospect,1219,,2017,195,304,352,Active,,,http://www.redfin.com/CT/Prospect/5-White-Oak-Dr-06712/unit-2/home/169583608,Smart MLS,170247830,N,Y,41.5254667,-72.9760509
MLS Listing,,Single Family Residential,24 Juggernaut Rd,Prospect,CT,06712,329900,3,2.5,Prospect,2440,40946,1985,233,135,,Active,,,http://www.redfin.com/CT/Prospect/24-Juggernaut-Rd-06712/home/53733291,Smart MLS,170236860,N,Y,41.5185492,-72.9583981
MLS Listing,,Vacant Land,76 Salem Rd,Prospect,CT,06712,45000,,,Prospect,,25264,,263,,,Active,,,http://www.redfin.com/CT/Prospect/76-Salem-Rd-06712/home/53734169,Smart MLS,170227541,N,Y,41.5007019,-72.996895
MLS Listing,,Condo/Co-op,3 Tamarack Ct #310,Prospect,CT,06712,335995,2,2.5,Prospect,1848,,2020,283,182,352,Active,,,http://www.redfin.com/CT/Waterbury/3-Tamarack-CT-06712/unit-310/home/168016031,Smart MLS,170221360,N,Y,41.499885,-72.975226
MLS Listing,,Condo/Co-op,11 Tamarack Ct #307,Prospect,CT,06712,335995,2,2.5,Prospect,1848,,2020,283,182,352,Active,,,http://www.redfin.com/CT/Waterbury/11-Tamarack-CT-06712/unit-307/home/168015422,Smart MLS,170221359,N,Y,41.499885,-72.975226
MLS Listing,,Vacant Land,29 Finno Ct,Prospect,CT,06712,189900,,,Country Hill's Estates,,49222,,291,,,Active,,,http://www.redfin.com/CT/Prospect/29-Finno-Ct-06712/home/53732250,Smart MLS,170214625,N,Y,41.4904119,-72.9556116
MLS Listing,,Vacant Land,27 Holley Ln,Prospect,CT,06712,150000,,,Prospect,,321472,,291,,,Active,,,http://www.redfin.com/CT/Prospect/27-Holley-Ln-06712/home/144511433,Smart MLS,170217948,N,Y,41.5090543,-72.9709984
MLS Listing,,Vacant Land,44 Sherwood Dr,Prospect,CT,06712,89900,,,Prospect,,41382,,305,,,Active,,,http://www.redfin.com/CT/Prospect/44-Sherwood-Dr-06712/home/148373813,Smart MLS,170210984,N,Y,41.5282317,-72.9919222
MLS Listing,,Vacant Land,Lot 3 Coachlight Cir,Prospect,CT,06712,179000,,,Prospect,,114562,,308,,,Active,,,http://www.redfin.com/CT/Prospect/3-Coachlight-Cir-06712/home/53735028,Smart MLS,170211983,N,Y,41.4794468,-72.9939313
MLS Listing,,Vacant Land,Lot 2 Coachlight Cir,Prospect,CT,06712,159000,,,Prospect,,41382,,308,,,Active,,,http://www.redfin.com/CT/Prospect/2-Coachlight-Cir-06712/home/144511572,Smart MLS,170211978,N,Y,41.478611,-72.993058
MLS Listing,,Vacant Land,Lot 1 Coachlight Cir,Prospect,CT,06712,159000,,,Prospect,,40510,,308,,,Active,,,http://www.redfin.com/CT/Prospect/1-Coachlight-Cir-06712/home/144530339,Smart MLS,170211968,N,Y,41.478611,-72.993058
MLS Listing,,Vacant Land,Lot 4 Coachlight Cir,Prospect,CT,06712,179000,,,Prospect,,239580,,308,,,Active,,,http://www.redfin.com/CT/Prospect/4-Coachlight-Cir-06712/home/53735013,Smart MLS,170211989,N,Y,41.4783854,-72.9935701
MLS Listing,,Condo/Co-op,4 Tamarack Ct #224,Prospect,CT,06712,332995,2,2.5,Prospect,1848,,2020,374,180,352,Active,,,http://www.redfin.com/CT/Prospect/4-Tamarack-Ct-06712/unit-224/home/164420963,Smart MLS,170189403,N,Y,41.499885,-72.975226
MLS Listing,,Vacant Land,23 Southridge Rd,Prospect,CT,06712,154900,,,Prospect,,40510,,391,,,Active,,,http://www.redfin.com/CT/Prospect/23-Southridge-Rd-06712/home/145545845,Smart MLS,170183682,N,Y,41.5020399,-73.0119623
MLS Listing,,Vacant Land,44 Cheshire Rd,Prospect,CT,06712,279900,,,Prospect,,196020,,407,,,Active,,,http://www.redfin.com/CT/Prospect/44-Cheshire-Rd-06712/home/146787294,Smart MLS,170171406,N,Y,41.4998719,-72.9713902
MLS Listing,,Vacant Land,178 New Haven Rd,Prospect,CT,06712,699000,,,Prospect,,2896740,,438,,,Active,,,http://www.redfin.com/CT/Prospect/178-New-Haven-Rd-06712/home/53734607,Smart MLS,170166196,N,Y,41.475555,-72.9724571
MLS Listing,,Vacant Land,32 Rek Ln,Prospect,CT,06712,69901,,,Prospect,,45302,,487,,,Active,,,http://www.redfin.com/CT/Prospect/32-Rek-Ln-06712/home/53732604,Smart MLS,170153588,N,Y,41.5016504,-73.0050265
MLS Listing,,Vacant Land,195 Summit Rd,Prospect,CT,06712,179000,,,Prospect,,503118,,550,,,Active,,,http://www.redfin.com/CT/Prospect/195-Summit-Rd-06712/home/53732739,Smart MLS,170141720,N,Y,41.5274714,-72.9647704
MLS Listing,,Vacant Land,Lot 12 Ridgewood Club Rd,Prospect,CT,06712,150000,,,Prospect,,50529,,578,,,Active,,,http://www.redfin.com/CT/Prospect/Lot-12-Ridgewood-Club-Rd-06712/home/171418245,Smart MLS,170132125,N,Y,41.499721,-72.981488
MLS Listing,,Vacant Land,Lot 11 Ridgewood Club Rd,Prospect,CT,06712,150000,,,Prospect,,47480,,578,,,Active,,,http://www.redfin.com/CT/Prospect/Lot-11-Ridgewood-Club-Rd-06712/home/171436139,Smart MLS,170132122,N,Y,41.499721,-72.981488
MLS Listing,,Vacant Land,Lot 10 Ridgewood Club Rd,Prospect,CT,06712,160000,,,Prospect,,49222,,578,,,Active,,,http://www.redfin.com/CT/Prospect/Lot-10-Ridgewood-Club-Rd-06712/home/171436163,Smart MLS,170132117,N,Y,41.499721,-72.981488
MLS Listing,,Vacant Land,Lot 9 Ridgewood Club Rd,Prospect,CT,06712,160000,,,Prospect,,44866,,578,,,Active,,,http://www.redfin.com/CT/Prospect/Lot-9-Ridgewood-Club-Rd-06712/home/171436162,Smart MLS,170132113,N,Y,41.499721,-72.981488
MLS Listing,,Vacant Land,Lot 8 Ridgewood Club Rd,Prospect,CT,06712,160000,,,Prospect,,40075,,578,,,Active,,,http://www.redfin.com/CT/Prospect/Lot-8-Ridgewood-Club-Rd-06712/home/171436099,Smart MLS,170132111,N,Y,41.499721,-72.981488
MLS Listing,,Vacant Land,Lot 7 Ridgewood Club Rd,Prospect,CT,06712,160000,,,Prospect,,50093,,578,,,Active,,,http://www.redfin.com/CT/Prospect/Lot-7-Ridgewood-Club-Rd-06712/home/171436121,Smart MLS,170132107,N,Y,41.499721,-72.981488
MLS Listing,,Vacant Land,Lot 5 Ridgewood Club Rd,Prospect,CT,06712,150000,,,Prospect,,41382,,578,,,Active,,,http://www.redfin.com/CT/Prospect/Lot-5-Ridgewood-Club-Rd-06712/home/171436049,Smart MLS,170132104,N,Y,41.499721,-72.981488
MLS Listing,,Vacant Land,Lot 4 Ridgewood Club Rd,Prospect,CT,06712,160000,,,Prospect,,40946,,578,,,Active,,,http://www.redfin.com/CT/Prospect/Lot-4-Ridgewood-Club-Rd-06712/home/171436521,Smart MLS,170132101,N,Y,41.485808,-72.955214
MLS Listing,,Vacant Land,Lot 3 Ridgewood Club Rd,Prospect,CT,06712,160000,,,Prospect,,40510,,578,,,Active,,,http://www.redfin.com/CT/Prospect/Lot-3-Ridgewood-Club-Rd-06712/home/171436500,Smart MLS,170132098,N,Y,41.486137,-72.95501
MLS Listing,,Vacant Land,Lot 2 Ridgewood Club Rd,Prospect,CT,06712,150000,,,Prospect,,41817,,578,,,Active,,,http://www.redfin.com/CT/Prospect/Lot-2-Ridgewood-Club-Rd-06712/home/171436235,Smart MLS,170132032,N,Y,41.485486,-72.95722
MLS Listing,,Vacant Land,53 Williams Dr,Prospect,CT,06712,49900,,,Prospect,,15245,,638,,,Active,,,http://www.redfin.com/CT/Prospect/53-Williams-Dr-06712/home/53733628,Smart MLS,170113259,N,Y,41.5292635,-72.9880222
MLS Listing,,Vacant Land,36 Platt Dr,Prospect,CT,06712,149900,,,Prospect,,65340,,870,,,Active,,,http://www.redfin.com/CT/Prospect/36-Platt-Dr-06712/home/144527199,Smart MLS,170019269,N,Y,41.4943124,-72.9905978
New Construction Home,,Townhouse,5 White Oak Dr,Prospect,CT,06712,369995,2,2.0,Regency at Prospect,1219,,2020,30,304,,Active,,,http://www.redfin.com/CT/Prospect/5-White-Oak-Dr-06712/home/146471139,NewHomeSource.com,1861993,N,Y,41.526347,-72.981488
New Construction Plan,,Townhouse,Tamarack,Prospect,CT,06712,319995,2,2.5,Regency at Prospect,1848,,,,173,,Active,,,http://www.redfin.com/CT/Prospect/Regency-at-Prospect/Tamarack/home/169873649,NewHomeSource.com,Plan-110853920,N,Y,41.526348,-72.980138
