SALE TYPE,SOLD DATE,PROPERTY TYPE,ADDRESS,CITY,STATE OR PROVINCE,ZIP OR POSTAL CODE,PRICE,BEDS,BATHS,LOCATION,SQUARE FEET,LOT SIZE,YEAR BUILT,DAYS ON MARKET,$/SQUARE FEET,HOA/MONTH,STATUS,NEXT OPEN HOUSE START TIME,NEXT OPEN HOUSE END TIME,URL (SEE http://www.redfin.com/buy-a-home/comparative-market-analysis FOR INFO ON PRICING),SOURCE,MLS#,FAVORITE,INTERESTED,LATITUDE,LONGITUDE
MLS Listing,,Single Family Residential,329 South St,Roxbury,CT,06783,949000,3,3.5,Roxbury Falls,2250,130680,2020,1,422,,Active,,,http://www.redfin.com/CT/Roxbury/329-South-St-06783/home/145013120,Smart MLS,170289657,N,Y,41.5127054,-73.3101852
MLS Listing,,Single Family Residential,158 E Flag Swamp Rd,Roxbury,CT,06783,295000,4,2.5,Roxbury,2016,206910,2000,3,146,,Active,,,http://www.redfin.com/CT/Roxbury/158-E-Flag-Swamp-Rd-06783/home/107686296,Smart MLS,170292861,N,Y,41.5167563,-73.2820876
MLS Listing,,Single Family Residential,9 Judds Bridge Rd,Roxbury,CT,06783,599900,3,2.5,Roxbury,3236,134600,2002,18,185,,Active,,,http://www.redfin.com/CT/Roxbury/9-Judds-Bridge-Rd-06783/home/107686290,Smart MLS,170288535,N,Y,41.5702761,-73.3176433
MLS Listing,,Single Family Residential,143 Tophet Rd,Roxbury,CT,06783,1575000,4,5.5,Roxbury,5527,174675,2005,18,285,,Active,,,http://www.redfin.com/CT/Roxbury/143-Tophet-Rd-06783/home/107685498,Smart MLS,170289134,N,Y,41.5695025,-73.275845
MLS Listing,,Single Family Residential,381 South St,Roxbury,CT,06783,1200000,3,3.5,Roxbury,4112,262666,2011,22,292,,Active,,,http://www.redfin.com/CT/Roxbury/381-South-St-06783/home/107685826,Smart MLS,170287889,N,Y,41.5065046,-73.3109716
MLS Listing,,Vacant Land,74 Chalybes Rd W,Roxbury,CT,06783,199900,,,Roxbury,,217800,,28,,,Active,,,http://www.redfin.com/CT/Roxbury/74-Chalybes-Rd-W-06783/home/160345372,Smart MLS,170287617,N,Y,41.5591653,-73.3221422
MLS Listing,,Single Family Residential,195 Painter Hill Rd,Roxbury,CT,06783,624000,2,2.0,Painter Hill,2322,212137,1980,29,269,,Active,,,http://www.redfin.com/CT/Roxbury/195-Painter-Hill-Rd-06783/home/107686438,Smart MLS,170287322,N,Y,41.5865572,-73.2966913
MLS Listing,,Single Family Residential,8 Southbury Rd,Roxbury,CT,06783,439900,6,3.0,Roxbury,2940,82328,1790,32,150,,Active,,,http://www.redfin.com/CT/Roxbury/8-Southbury-Rd-06783/home/107687696,Smart MLS,170286619,N,Y,41.5570701,-73.3053978
MLS Listing,,Single Family Residential,51 Mine Hill Rd,Roxbury,CT,06783,869000,4,3.5,Mine Hill,2745,118918,1890,34,317,,Active,,,http://www.redfin.com/CT/Roxbury/51-Mine-Hill-Rd-06783/home/107687870,Smart MLS,170286329,N,Y,41.560751,-73.340456
MLS Listing,,Single Family Residential,201 Painter Hill Rd,Roxbury,CT,06783,674000,3,2.0,Painter Hill,2740,136342,1966,43,246,,Active,,,http://www.redfin.com/CT/Roxbury/201-Painter-Hill-Rd-06783/home/107686410,Smart MLS,170284507,N,Y,41.5857094,-73.2955857
MLS Listing,,Single Family Residential,206 North St,Roxbury,CT,06783,1250000,3,3.5,Roxbury,3000,178160,2020,53,417,,Active,,,http://www.redfin.com/CT/Roxbury/206-North-St-06783/home/107686086,Smart MLS,170281260,N,Y,41.5842769,-73.3221008
MLS Listing,,Single Family Residential,142 Southbury Rd,Roxbury,CT,06783,549000,4,3.5,Roxbury,3036,182952,1965,60,181,,Active,,,http://www.redfin.com/CT/Roxbury/142-Southbury-Rd-06783/home/107686269,Smart MLS,170278562,N,Y,41.5435816,-73.2882609
MLS Listing,,Single Family Residential,112 Southbury Rd,Roxbury,CT,06783,499900,3,2.0,Roxbury,2249,192970,1983,83,222,,Active,,,http://www.redfin.com/CT/Roxbury/112-Southbury-Rd-06783/home/107685823,Smart MLS,170272584,N,Y,41.5478386,-73.2918542
MLS Listing,,Single Family Residential,350 Southbury Rd,Roxbury,CT,06783,449900,3,2.5,Roxbury,2014,137214,1996,95,223,,Active,,,http://www.redfin.com/CT/Roxbury/350-Southbury-Rd-06783/home/107686374,Smart MLS,170268752,N,Y,41.5224645,-73.2650871
MLS Listing,,Single Family Residential,10 Battle Swamp Rd,Roxbury,CT,06783,599000,4,2.5,Judd's Bridge,2016,355014,1985,172,297,,Active,,,http://www.redfin.com/CT/Roxbury/10-Battle-Swamp-Rd-06783/home/107687896,Smart MLS,170253210,N,Y,41.5932872,-73.3218873
MLS Listing,,Vacant Land,128 River Rd,Roxbury,CT,06783,495000,,,Roxbury,,352400,,175,,,Active,,,http://www.redfin.com/CT/Roxbury/128-River-Rd-06783/home/107685484,Smart MLS,170250898,N,Y,41.5354487,-73.31527
MLS Listing,,Single Family Residential,13 Evergreen Dr,Roxbury,CT,06783,649900,3,3.0,Mine Hill,2935,204732,1984,191,221,260,Active,,,http://www.redfin.com/CT/Roxbury/13-Evergreen-Dr-06783/home/107685532,Smart MLS,170248924,N,Y,41.5602099,-73.3261912
MLS Listing,,Single Family Residential,53 Tophet Rd,Roxbury,CT,06783,3250000,4,6.0,Roxbury,7451,416869,1988,206,436,,Active,,,http://www.redfin.com/CT/Roxbury/53-Tophet-Rd-06783/home/107686332,Smart MLS,170219302,N,Y,41.5637214,-73.264276
MLS Listing,,Vacant Land,Lot 14 Pickett Rd,Roxbury,CT,06783,99900,,,Roxbury,,363726,,224,,,Active,,,http://www.redfin.com/CT/Roxbury/Lot-14-Pickett-RD-06783/home/169222513,Smart MLS,170239493,N,Y,41.598368,-73.302284
MLS Listing,,Single Family Residential,131 North St,Roxbury,CT,06783,459000,3,2.0,Roxbury,1920,177724,1968,224,239,,Active,,,http://www.redfin.com/CT/Roxbury/131-North-St-06783/home/107685996,Smart MLS,170239468,N,Y,41.5724936,-73.3189866
MLS Listing,,Single Family Residential,37 South St,Roxbury,CT,06783,575000,2,2.5,Roxbury,1840,148975,1760,234,313,,Active,,,http://www.redfin.com/CT/Roxbury/37-South-St-06783/home/107686055,Smart MLS,170236098,N,Y,41.5509698,-73.3071924
MLS Listing,,Single Family Residential,25 Highmeadow Ln,Roxbury,CT,06783,985000,4,3.0,Roxbury,4310,1214017,1986,239,229,,Active,,,http://www.redfin.com/CT/Roxbury/25-Highmeadow-Ln-06783/home/107687797,Smart MLS,170234250,N,Y,41.520259,-73.2674985
MLS Listing,,Vacant Land,2 Old Tophet Rd,Roxbury,CT,06783,339900,,,Tophet,,1017561,,247,,,Active,,,http://www.redfin.com/CT/Roxbury/2-Old-Tophet-Rd-06783/home/144522791,Smart MLS,170232190,N,Y,41.5710294,-73.2778799
MLS Listing,,Vacant Land,999 South St,Roxbury,CT,06783,109900,,,Roxbury,,331556,,260,,,Active,,,http://www.redfin.com/CT/Roxbury/999-South-St-06783/home/144520222,Smart MLS,170228514,N,Y,41.506082,-73.307638
MLS Listing,,Single Family Residential,21 Forest Farm Dr,Roxbury,CT,06783,585000,4,2.5,Roxbury,3911,440391,2003,278,150,200,Active,,,http://www.redfin.com/CT/Roxbury/21-Forest-Farm-Dr-06783/home/107687777,Smart MLS,170222856,N,Y,41.5891842,-73.3197447
MLS Listing,,Single Family Residential,18 Falls Rd,Roxbury,CT,06783,4300000,6,6.5,Roxbury,6800,419918,1977,296,632,,Active,,,http://www.redfin.com/CT/Roxbury/18-Falls-Rd-06783/home/107685644,Smart MLS,170216895,N,Y,41.5187556,-73.3113002
MLS Listing,,Vacant Land,177 E Flag Swamp Rd,Roxbury,CT,06783,90000,,,Roxbury,,133729,,305,,,Active,,,http://www.redfin.com/CT/Roxbury/177-E-Flag-Swamp-Rd-06783/home/107686211,Smart MLS,170213823,N,Y,41.51535,-73.2815874
MLS Listing,,Vacant Land,377 Southbury Rd,Roxbury,CT,06783,495000,,,Roxbury,,4203104,,308,,,Active,,,http://www.redfin.com/CT/Roxbury/377-Southbury-Rd-06783/home/107685594,Smart MLS,170213236,N,Y,41.5151787,-73.2584123
MLS Listing,,Single Family Residential,72 Wellers Bridge Rd,Roxbury,CT,06783,795000,4,4.0,Roxbury,2496,186436,1790,324,319,,Active,,,http://www.redfin.com/CT/Roxbury/72-Wellers-Bridge-Rd-06783/home/107685923,Smart MLS,170208021,N,Y,41.5509833,-73.3186939
MLS Listing,,Vacant Land,1 Wakelee Rd,Roxbury,CT,06783,630000,,,Roxbury,,1097712,,336,,,Active,,,http://www.redfin.com/CT/Roxbury/1-Wakelee-Rd-06783/home/148130626,Smart MLS,170203451,N,Y,41.5862435,-73.3221182
MLS Listing,,Single Family Residential,33 Rocky Mountain Rd,Roxbury,CT,06783,495000,4,3.0,Roxbury,2584,198633,1966,354,192,,Active,,,http://www.redfin.com/CT/Roxbury/33-Rocky-Mountain-Rd-06783/home/107687632,Smart MLS,170196955,N,Y,41.5470858,-73.3166523
MLS Listing,,Single Family Residential,37 Holmes Rd,Roxbury,CT,06783,389000,3,2.5,Roxbury,2572,365032,1985,361,151,,Active,,,http://www.redfin.com/CT/Roxbury/37-Holmes-Rd-06783/home/107687585,Smart MLS,170194572,N,Y,41.591457,-73.268358
MLS Listing,,Vacant Land,221 North St,Roxbury,CT,06783,599000,,,Roxbury,,1163052,,539,,,Active,,,http://www.redfin.com/CT/Roxbury/221-North-St-06783/home/148130598,Smart MLS,170143639,N,Y,41.5885505,-73.3221765
MLS Listing,,Single Family Residential,220 Painter Hill Rd,Roxbury,CT,06783,685000,4,4.5,Roxbury,4850,203860,2007,577,141,,Active,,,http://www.redfin.com/CT/Roxbury/220-Painter-Hill-Rd-06783/home/107685917,Smart MLS,170097451,N,Y,41.586933,-73.2925913
MLS Listing,,Vacant Land,00 South St,Roxbury,CT,06783,160000,,,Roxbury,,141134,,632,,,Active,,,http://www.redfin.com/CT/Roxbury/16-South-St-06783/home/107687755,Smart MLS,170113501,N,Y,41.5544202,-73.3077471
MLS Listing,,Vacant Land,00 Phaeton Dr,Roxbury,CT,06783,139900,,,Roxbury,,185130,,695,,,Active,,,http://www.redfin.com/CT/Roxbury/Phaeton-Dr-06783/home/107685660,Smart MLS,170094831,N,Y,41.549561,-73.291381
MLS Listing,,Vacant Land,18 Brandy Wine Xing,Roxbury,CT,06783,229000,,,Roxbury,,322779,,871,,,Active,,,http://www.redfin.com/CT/Roxbury/18-Brandy-Wine-Xing-06783/home/107687600,Smart MLS,170005008,N,Y,41.5766474,-73.2900726
