SALE TYPE,SOLD DATE,PROPERTY TYPE,ADDRESS,CITY,STATE OR PROVINCE,ZIP OR POSTAL CODE,PRICE,BEDS,BATHS,LOCATION,SQUARE FEET,LOT SIZE,YEAR BUILT,DAYS ON MARKET,$/SQUARE FEET,HOA/MONTH,STATUS,NEXT OPEN HOUSE START TIME,NEXT OPEN HOUSE END TIME,URL (SEE http://www.redfin.com/buy-a-home/comparative-market-analysis FOR INFO ON PRICING),SOURCE,MLS#,FAVORITE,INTERESTED,LATITUDE,LONGITUDE
MLS Listing,,Condo/Co-op,113 Horse Pond Rd Unit F,Salem,CT,06420,48000,1,1.0,Horse Pond,714,,1989,7,67,235,Active,,,http://www.redfin.com/CT/Salem/113-Horse-Pond-Rd-06420/unit-F/home/54361616,Smart MLS,170291746,N,Y,41.4644413,-72.2451239
MLS Listing,,Single Family Residential,28 Diamond Hill Dr,Salem,CT,06420,482500,3,3.5,Salem,2916,86248,2016,10,165,,Active,,,http://www.redfin.com/CT/Salem/28-Diamond-Hill-Rd-06420/home/54361532,Smart MLS,170287882,N,Y,41.4607393,-72.234112
MLS Listing,,Single Family Residential,72 Witch Meadow Rd,Salem,CT,06420,446000,3,2.5,Salem,3005,94089,2002,12,148,,Active,,,http://www.redfin.com/CT/Salem/72-Witch-Meadow-Rd-06420/home/54360371,Smart MLS,170281002,N,Y,41.5007944,-72.2889539
MLS Listing,,Condo/Co-op,111 Horse Pond Rd Unit A,Salem,CT,06420,44900,2,1.0,Salem,840,,1989,13,53,283,Active,,,http://www.redfin.com/CT/Salem/111-Horse-Pond-Rd-06420/unit-A/home/54361605,Smart MLS,170290342,N,Y,41.4644473,-72.2452382
MLS Listing,,Single Family Residential,93 Stonewall Rd,Salem,CT,06420,565000,4,4.5,Salem,3642,80150,2003,58,155,,Active,,,http://www.redfin.com/CT/Salem/93-Stone-Wall-Rd-06420/home/54361496,Smart MLS,170280568,N,Y,41.4588148,-72.2553931
MLS Listing,,Vacant Land,600 Old Colchester Rd,Salem,CT,06420,159000,,,Gardner Lake,,1001880,,69,,,Active,,,http://www.redfin.com/CT/Salem/600-Old-Colchester-Rd-06420/home/54360671,Smart MLS,170276785,N,Y,41.520397,-72.254289
MLS Listing,,Vacant Land,639 West Rd,Salem,CT,06420,89900,,,Witch Meadow,,293158,,73,,,Active,,,http://www.redfin.com/CT/Salem/639-West-Rd-06420/home/54360207,Smart MLS,170275430,N,Y,41.5050311,-72.3164519
MLS Listing,,Single Family Residential,703 Hartford Rd,Salem,CT,06420,529900,3,3.5,Salem,2080,762300,2018,77,255,,Active,,,http://www.redfin.com/CT/Salem/703-Hartford-Rd-06420/home/109635987,Smart MLS,170274249,N,Y,41.517766,-72.298719
MLS Listing,,Single Family Residential,109 Music Vale Rd,Salem,CT,06420,249900,4,2.5,Salem,1651,235659,1989,94,151,,Active,,,http://www.redfin.com/CT/Salem/109-Music-Vale-Rd-06420/home/54359966,Smart MLS,170269259,N,Y,41.482273,-72.263749
MLS Listing,,Single Family Residential,LOT 22 Syleo Ln,Salem,CT,06420,474900,3,2.5,Salem,1800,394218,2020,175,264,,Active,,,http://www.redfin.com/CT/Salem/22-Syleo-Ln-06420/home/54360225,Smart MLS,170252697,N,Y,41.4776467,-72.2209493
MLS Listing,,Single Family Residential,LOT 17 Forsyth Rd,Salem,CT,06420,399900,3,2.5,Salem,1800,293594,2020,175,222,,Active,,,http://www.redfin.com/CT/Salem/17-Forsyth-Rd-06420/home/169830138,Smart MLS,170252197,N,Y,41.4711261,-72.2571656
MLS Listing,,Single Family Residential,LOT 13 Syleo Ln,Salem,CT,06420,424900,3,2.5,Salem,2400,81457,2020,175,177,,Active,,,http://www.redfin.com/CT/Salem/13-Syleo-Ln-06420/home/169830135,Smart MLS,170252196,N,Y,41.4780298,-72.2223796
MLS Listing,,Single Family Residential,LOT 15 Syleo Ln,Salem,CT,06420,424900,3,2.5,Salem,2400,80586,2020,175,177,,Active,,,http://www.redfin.com/CT/Salem/15-Syleo-Ln-06420/home/54360226,Smart MLS,170252051,N,Y,41.4777465,-72.2222911
MLS Listing,,Single Family Residential,LOT 14 Syleo Ln,Salem,CT,06420,424900,3,2.5,Salem,2400,81021,2020,175,177,,Active,,,http://www.redfin.com/CT/Salem/14-Syleo-Ln-06420/home/54360246,Smart MLS,170252018,N,Y,41.479033,-72.218304
MLS Listing,,Single Family Residential,LOT 12 Syleo Ln,Salem,CT,06420,424900,3,3.5,Salem,2400,81892,2020,175,177,,Active,,,http://www.redfin.com/CT/Salem/12-Syleo-Ln-06420/home/54360238,Smart MLS,170252012,N,Y,41.4793494,-72.2209054
MLS Listing,,Single Family Residential,LOT 11 Syleo Ln,Salem,CT,06420,424900,3,2.5,Salem,2400,80150,2020,175,177,,Active,,,http://www.redfin.com/CT/Salem/11-Syleo-Ln-06420/home/54360229,Smart MLS,170252008,N,Y,41.4783204,-72.2224112
MLS Listing,,Single Family Residential,LOT 20 Syleo Ln,Salem,CT,06420,399900,3,2.5,Salem,1800,250905,2020,175,222,,Active,,,http://www.redfin.com/CT/Salem/20-Syleo-Ln-06420/home/54360240,Smart MLS,170252006,N,Y,41.4781201,-72.2207113
MLS Listing,,Single Family Residential,LOT 1 Syleo Ln,Salem,CT,06420,449900,3,2.5,Salem,2400,80150,2020,175,187,,Active,,,http://www.redfin.com/CT/Salem/1-Syleo-Ln-06420/home/54360218,Smart MLS,170252001,N,Y,41.4810583,-72.2227953
MLS Listing,,Condo/Co-op,306 Old colchester rd #38,Salem,CT,06420,99000,1,1.0,South Salem,800,,2002,183,124,154,Active,,,http://www.redfin.com/CT/Salem/306-Old-Colchester-Rd-06420/home/144511240,Smart MLS,170251029,N,Y,41.5053316,-72.2398011
MLS Listing,,Single Family Residential,52 Shingle Mill Rd,Salem,CT,06420,399900,3,3.5,Salem,2936,155073,1975,220,136,,Active,,,http://www.redfin.com/CT/Salem/52-Shingle-Mill-Rd-06420/home/54361179,Smart MLS,170240326,N,Y,41.4711127,-72.26638
MLS Listing,,Condo/Co-op,306 Old Colchester Rd Rd #133,Salem,CT,06420,68000,1,1.0,Salem,800,,2002,261,85,150,Active,,,http://www.redfin.com/CT/Salem/306-Old-Colchester-Rd-06420/unit-133/home/164867023,Smart MLS,170228032,N,Y,41.5053316,-72.2398011
MLS Listing,,Vacant Land,270 Old Colchester Rd,Salem,CT,06420,59900,,,Gardner Lake,,43995,,264,,,Active,,,http://www.redfin.com/CT/Salem/270-Old-Colchester-Rd-06420/home/54361064,Smart MLS,170225164,N,Y,41.504407,-72.237115
MLS Listing,,Vacant Land,496 New London Rd,Salem,CT,06420,309900,,,South Salem,,2395800,,265,,,Active,,,http://www.redfin.com/CT/Salem/496-New-London-Rd-06420/home/144530610,Smart MLS,170226941,N,Y,41.45089,-72.229881
MLS Listing,,Condo/Co-op,306 old colchester road #37 #37,Salem,CT,06420,116950,3,1.0,Salem,804,,2012,300,145,,Active,,,http://www.redfin.com/CT/Salem/306-Old-Colchester-Rd-06420/unit-37/home/144524424,Smart MLS,170216113,N,Y,41.5053316,-72.2398011
MLS Listing,,Single Family Residential,608 West Rd,Salem,CT,06420,259900,3,2.0,Salem,1351,175982,2019,325,192,,Active,,,http://www.redfin.com/CT/Salem/608-West-Rd-06420/home/54360143,Smart MLS,170207696,N,Y,41.5014825,-72.3126172
MLS Listing,,Vacant Land,81A Skyline Dr,Salem,CT,06420,79900,,,Salem,,169448,,341,,,Active,,,http://www.redfin.com/CT/Salem/81A-Skyline-Dr-06420/home/54360034,Smart MLS,170201665,N,Y,41.4459178,-72.2376537
MLS Listing,,Vacant Land,81B Skyline Dr,Salem,CT,06420,79900,,,Salem,,194277,,341,,,Active,,,http://www.redfin.com/CT/Salem/81B-Skyline-Dr-06420/home/54360032,Smart MLS,170201739,N,Y,41.4459178,-72.2376537
MLS Listing,,Vacant Land,616 Cockle Hill Rd,Salem,CT,06420,220000,,,Salem,,3179880,,386,,,Active,,,http://www.redfin.com/CT/Salem/616-Cockle-Hill-Rd-06420/home/162630933,Smart MLS,170185556,N,Y,41.5029378,-72.2781264
MLS Listing,,Vacant Land,60 Cockle Hill Rd,Salem,CT,06420,49000,,,Salem,,242193,,675,,,Active,,,http://www.redfin.com/CT/Salem/60-Cockle-Hill-Rd-06420/home/54361515,Smart MLS,170102138,N,Y,41.5077422,-72.2747153
MLS Listing,,Vacant Land,272 New London Rd,Salem,CT,06420,24000,,,South Salem,,60983,,693,,,Active,,,http://www.redfin.com/CT/Salem/272-New-London-Rd-06420/home/54360921,Smart MLS,170095451,N,Y,41.46254,-72.24885
