SALE TYPE,SOLD DATE,PROPERTY TYPE,ADDRESS,CITY,STATE OR PROVINCE,ZIP OR POSTAL CODE,PRICE,BEDS,BATHS,LOCATION,SQUARE FEET,LOT SIZE,YEAR BUILT,DAYS ON MARKET,$/SQUARE FEET,HOA/MONTH,STATUS,NEXT OPEN HOUSE START TIME,NEXT OPEN HOUSE END TIME,URL (SEE http://www.redfin.com/buy-a-home/comparative-market-analysis FOR INFO ON PRICING),SOURCE,MLS#,FAVORITE,INTERESTED,LATITUDE,LONGITUDE
MLS Listing,,Single Family Residential,8 Jefferson Ln #8,Southbury,CT,06488,375000,4,2.5,Southbury,2153,,2005,64,174,220,Active,,,http://www.redfin.com/CT/Southbury/8-Jefferson-Ln-06488/unit-8/home/170958471,Smart MLS,170273585,N,Y,41.4816341,-73.2506312
MLS Listing,,Single Family Residential,428 Dublin Rd,Southbury,CT,06488,1295000,5,4.5,Southbury,7025,239580,2003,1,184,,Active,,,http://www.redfin.com/CT/Southbury/428-Dublin-Rd-06488/home/54256075,Smart MLS,170293342,N,Y,41.4930544,-73.2000147
MLS Listing,,Condo/Co-op,17 Independence Cir #17,Southbury,CT,06488,359900,3,2.5,Southbury,2000,,2002,4,180,220,Active,,,http://www.redfin.com/CT/Southbury/17-Independence-Cir-06488/unit-17/home/144535820,Smart MLS,170292526,N,Y,41.4852673,-73.253559
MLS Listing,,Condo/Co-op,1041 Heritage Vlg Unit C,Southbury,CT,06488,164500,2,2.0,Southbury,1071,,1974,4,154,600,Active,,,http://www.redfin.com/CT/Southbury/1041-Heritage-Vlg-06488/unit-C/home/54260593,Smart MLS,170292392,N,Y,41.491512,-73.228244
MLS Listing,,Single Family Residential,1424 Bucks Hill Rd,Southbury,CT,06488,388000,5,2.5,Southbury,2472,103237,1979,4,157,,Active,,,http://www.redfin.com/CT/Southbury/1424-Bucks-Hill-Rd-06488/home/54261827,Smart MLS,170292247,N,Y,41.4850703,-73.1738889
MLS Listing,,Condo/Co-op,57 Far View Cmns #57,Southbury,CT,06488,199900,2,1.5,Southbury,1298,,1986,6,154,337,Active,,,http://www.redfin.com/CT/Southbury/57-Far-View-Cmns-06488/unit-57/home/171518547,Smart MLS,170291989,N,Y,41.4728575,-73.1904651
MLS Listing,,Condo/Co-op,743 Heritage Vlg Unit B,Southbury,CT,06488,178500,2,1.5,Heritage Village,1365,,1970,7,131,572,Active,,,http://www.redfin.com/CT/Southbury/743-Heritage-Vlg-06488/unit-B/home/54259305,Smart MLS,170291938,N,Y,41.481622,-73.248218
MLS Listing,,Condo/Co-op,540 Heritage Vlg Unit A,Southbury,CT,06488,229900,3,2.0,Heritage Village,1716,,1971,7,134,692,Active,,,http://www.redfin.com/CT/Southbury/540-Heritage-Vlg-06488/unit-A/home/54257882,Smart MLS,170291875,N,Y,41.483095,-73.2268
MLS Listing,,Condo/Co-op,118 Heritage Vlg Unit B,Southbury,CT,06488,159900,2,2.0,Heritage Village,1432,,1968,7,112,623,Active,,,http://www.redfin.com/CT/Southbury/118-Heritage-Vlg-06488/unit-B/home/54260478,Smart MLS,170291760,N,Y,41.487315,-73.230974
MLS Listing,,Condo/Co-op,700 Heritage Vlg Unit A,Southbury,CT,06488,209000,3,2.0,Southbury,1716,,1974,7,122,705,Active,,,http://www.redfin.com/CT/Southbury/700-Heritage-Vlg-06488/unit-A/home/54257886,Smart MLS,170291512,N,Y,41.490777,-73.234823
MLS Listing,,Condo/Co-op,370 Heritage Vlg Unit B,Southbury,CT,06488,240000,2,2.0,Southbury,1432,,1970,7,168,623,Active,,,http://www.redfin.com/CT/Southbury/Heritage-Vlg-06488/unit-B/home/54260325,Smart MLS,170286646,N,Y,41.475401,-73.232277
MLS Listing,,Single Family Residential,25 Riverhill Rd,Southbury,CT,06488,319900,4,2.0,Southbury,2128,47916,1954,12,150,,Active,,,http://www.redfin.com/CT/Southbury/25-Riverhill-Rd-06488/home/54255562,Smart MLS,170290498,N,Y,41.4700753,-73.2302403
MLS Listing,,Condo/Co-op,225 Heritage Vlg Unit A,Southbury,CT,06488,359900,3,2.0,Heritage Village,1716,,1969,13,210,705,Active,,,http://www.redfin.com/CT/Southbury/Heritage-Vlg-06488/unit-A/home/54257793,Smart MLS,170290309,N,Y,41.483864,-73.233037
MLS Listing,,Condo/Co-op,101 Church Rd #7,Southbury,CT,06488,274900,2,2.5,Southbury,1819,,2005,13,151,452,Active,,,http://www.redfin.com/CT/Southbury/101-Church-Rd-06488/unit-7/home/54253574,Smart MLS,170290316,N,Y,41.4840383,-73.189151
MLS Listing,,Condo/Co-op,464 Heritage Vlg Unit D,Southbury,CT,06488,99500,2,2.0,Heritage Village,1044,,1970,16,95,529,Active,,,http://www.redfin.com/CT/Southbury/464-Heritage-Vlg-06488/unit-D/home/54258785,Smart MLS,170289405,N,Y,41.496943,-73.227604
MLS Listing,,Single Family Residential,1341 Old Waterbury Rd,Southbury,CT,06488,399900,4,2.5,Southbury,2412,120661,1968,17,166,,Active,,,http://www.redfin.com/CT/Southbury/1341-Old-Waterbury-Rd-06488/home/54257606,Smart MLS,170289504,N,Y,41.4942098,-73.170985
MLS Listing,,Single Family Residential,129 Oak Hill Dr,Southbury,CT,06488,350000,4,2.5,Southbury,1931,74052,1976,17,181,,Active,,,http://www.redfin.com/CT/Southbury/129-Oakhill-Dr-06488/home/54256251,Smart MLS,170289446,N,Y,41.4681404,-73.1990654
MLS Listing,,Single Family Residential,101 Settlers Hill Rd,Southbury,CT,06488,369000,4,2.5,Southbury,2128,71438,1974,18,173,,Active,,,http://www.redfin.com/CT/Southbury/101-Settlers-Hill-Rd-06488/home/54256688,Smart MLS,170287925,N,Y,41.4940309,-73.1967726
MLS Listing,,Condo/Co-op,551 Heritage Vlg Unit B,Southbury,CT,06488,125000,1,1.0,Heritage Village,928,,1971,22,135,490,Active,,,http://www.redfin.com/CT/Southbury/551-Heritage-Vlg-06488/unit-B/home/54258706,Smart MLS,170288587,N,Y,41.48313,-73.225772
MLS Listing,,Condo/Co-op,96 Heritage Vlg Unit A,Southbury,CT,06488,284900,2,2.0,Heritage Village,1398,,1968,24,204,619,Active,,,http://www.redfin.com/CT/Southbury/96-Heritage-Vlg-06488/unit-A/home/54258543,Smart MLS,170288166,N,Y,41.484687,-73.229033
MLS Listing,,Condo/Co-op,170 Heritage Vlg Unit A,Southbury,CT,06488,179900,2,2.0,Heritage Village,1398,,1969,28,129,619,Active,,,http://www.redfin.com/CT/Southbury/Heritage-Vlg-06488/unit-A/home/54259072,Smart MLS,170287536,N,Y,41.486808,-73.234135
MLS Listing,,Single Family Residential,420 Holly Hill Ln,Southbury,CT,06488,895000,4,3.5,Ledgebrook Estates,4250,62726,2020,28,211,,Active,,,http://www.redfin.com/CT/Southbury/420-Holly-Hill-Ln-06488/home/54262352,Smart MLS,170285412,N,Y,41.4413109,-73.2091562
MLS Listing,,Single Family Residential,290 Holly Hill Ln,Southbury,CT,06488,865000,4,3.5,Ledgebrook Estates,4200,64468,2020,28,206,,Active,,,http://www.redfin.com/CT/Southbury/290-Holly-Hill-Ln-06488/home/54262367,Smart MLS,170285403,N,Y,41.4440276,-73.2101455
MLS Listing,,Single Family Residential,170 Homestead Rd,Southbury,CT,06488,440000,4,2.5,Southbury,2501,66211,1997,29,176,,Active,,,http://www.redfin.com/CT/Southbury/170-Homestead-Rd-06488/home/54262120,Smart MLS,170287331,N,Y,41.4815551,-73.1654077
MLS Listing,,Condo/Co-op,70 Heritage Vlg Unit B,Southbury,CT,06488,144900,2,2.0,Heritage Village,1398,,1968,30,104,619,Active,,,http://www.redfin.com/CT/Southbury/70-Heritage-Vlg-06488/unit-B/home/54259255,Smart MLS,170286900,N,Y,41.489033,-73.231011
MLS Listing,,Single Family Residential,311 Burr Rd,Southbury,CT,06488,625000,3,2.5,Southford,2426,60112,2019,30,258,,Active,,,http://www.redfin.com/CT/Southbury/311-Burr-Rd-06488/home/146101961,Smart MLS,170284851,N,Y,41.4427298,-73.186336
MLS Listing,,Single Family Residential,17 Independence Cir,Southbury,CT,06488,359900,3,2.5,Traditions,1900,8712,2002,31,189,220,Active,,,http://www.redfin.com/CT/Southbury/17-Independence-Cir-06488/home/54253190,Smart MLS,170286777,N,Y,41.4852673,-73.253559
MLS Listing,,Single Family Residential,20 Gate Post Ln,Southbury,CT,06488,422000,4,2.5,Southbury,3256,75794,1975,33,130,,Active,,,http://www.redfin.com/CT/Southbury/20-Gate-Post-Ln-06488/home/54261712,Smart MLS,170286220,N,Y,41.477651,-73.1902395
MLS Listing,,Condo/Co-op,349 Heritage Vlg Unit A,Southbury,CT,06488,249900,2,2.0,Heritage Village,1398,,1970,34,179,619,Active,,,http://www.redfin.com/CT/Southbury/Heritage-Vlg-06488/unit-A/home/54259272,Smart MLS,170286412,N,Y,41.474032,-73.230917
MLS Listing,,Condo/Co-op,22 Heritage Crst Unit B,Southbury,CT,06488,252900,2,2.0,Heritage Crest,1420,,1983,37,178,242,Active,,,http://www.redfin.com/CT/Southbury/22-Heritage-Crest-Dr-06488/unit-B/home/167042005,Smart MLS,170285107,N,Y,41.482975,-73.2440613
MLS Listing,,Condo/Co-op,61 Far View Cmns #61,Southbury,CT,06488,207000,2,1.5,Southford,1298,,1985,37,159,338,Active,,,http://www.redfin.com/CT/Southbury/61-Far-View-Cmns-06488/unit-61/home/171240340,Smart MLS,170285716,N,Y,41.472685,-73.1903425
MLS Listing,,Condo/Co-op,911 Heritage Vlg Unit B,Southbury,CT,06488,125000,1,1.0,Heritage Village,928,,1972,39,135,490,Active,,,http://www.redfin.com/CT/Southbury/911-Heritage-Vlg-06488/unit-B/home/54258282,Smart MLS,170285332,N,Y,41.488209,-73.244724
MLS Listing,,Condo/Co-op,129 Heritage Vlg Unit F,Southbury,CT,06488,159900,2,1.5,Heritage Village,1308,,1969,39,122,580,Active,,,http://www.redfin.com/CT/Southbury/129-Heritage-Vlg-06488/unit-F/home/54260241,Smart MLS,170285398,N,Y,41.490153,-73.232517
MLS Listing,,Single Family Residential,321 Burr Rd,Southbury,CT,06488,580000,4,2.5,Southford,3000,91476,2020,39,193,,Active,,,http://www.redfin.com/CT/Southbury/321-Burr-Rd-06488/home/146101963,Smart MLS,170284847,N,Y,41.4430503,-73.1863055
MLS Listing,,Single Family Residential,319 Burr Rd,Southbury,CT,06488,495000,3,2.0,Southford,1800,69260,2020,39,275,,Active,,,http://www.redfin.com/CT/Southbury/319-Burr-Rd-06488/home/146101962,Smart MLS,170284853,N,Y,41.4429879,-73.1863136
MLS Listing,,Single Family Residential,1128 Southford Rd,Southbury,CT,06488,239900,3,3.0,Southford,2263,134600,1950,39,106,,Active,,,http://www.redfin.com/CT/Southbury/1128-Southford-Rd-06488/home/54257775,Smart MLS,170285059,N,Y,41.4667775,-73.1733703
MLS Listing,,Single Family Residential,895 Bucks Hill Rd,Southbury,CT,06488,334900,3,3.0,Southbury,1736,61855,1973,39,193,,Active,,,http://www.redfin.com/CT/Southbury/895-Bucks-Hill-Rd-06488/home/54256584,Smart MLS,170284715,N,Y,41.4952931,-73.183522
MLS Listing,,Condo/Co-op,564 Heritage Vlg Unit A,Southbury,CT,06488,119915,1,1.0,Heritage Village,928,,1971,44,129,490,Active,,,http://www.redfin.com/CT/Southbury/564-Heritage-Vlg-06488/unit-A/home/54258496,Smart MLS,170284370,N,Y,41.484413,-73.224308
MLS Listing,,Single Family Residential,3 Traditions Blvd #3,Southbury,CT,06488,410000,4,2.5,Traditions,3362,,2005,46,122,220,Active,,,http://www.redfin.com/CT/Southbury/3-Traditions-Blvd-06488/unit-3/home/171029707,Smart MLS,170281765,N,Y,41.4841874,-73.2532304
MLS Listing,,Vacant Land,138 A Beecher Dr,Southbury,CT,06488,89900,,,Chestnut tree,,104979,,49,,,Active,,,http://www.redfin.com/CT/Southbury/138-Beecher-Dr-06488/home/54256590,Smart MLS,170283187,N,Y,41.5003227,-73.190357
MLS Listing,,Condo/Co-op,1021 Heritage Vlg Unit B,Southbury,CT,06488,225000,2,2.0,Heritage Village,1398,,1974,50,161,619,Active,,,http://www.redfin.com/CT/Southbury/1021-Heritage-Vlg-06488/unit-B/home/54259178,Smart MLS,170282506,N,Y,41.491608,-73.237824
MLS Listing,,Condo/Co-op,33 Old Field Hill Rd #32,Southbury,CT,06488,366500,2,2.5,Southbury,2533,,2000,51,145,774,Active,,,http://www.redfin.com/CT/Southbury/33-Old-Field-Hill-Rd-06488/unit-32/home/54262090,Smart MLS,170282179,N,Y,41.4911759,-73.2143482
MLS Listing,,Condo/Co-op,33 Old Field Hill Rd #5,Southbury,CT,06488,299500,1,1.5,Southbury,1301,,1997,56,230,336,Active,,,http://www.redfin.com/CT/Southbury/33-Old-Field-Hill-Rd-06488/unit-5/home/54255682,Smart MLS,170281427,N,Y,41.4911759,-73.2143482
MLS Listing,,Single Family Residential,298 N Georges Hill Rd,Southbury,CT,06488,385500,3,2.0,Southbury,2456,64468,1976,56,157,,Active,,,http://www.redfin.com/CT/Southbury/298-N-Georges-Hill-Rd-06488/home/54256427,Smart MLS,170280458,N,Y,41.4493967,-73.2112907
MLS Listing,,Condo/Co-op,16 Heritage Cir Unit A,Southbury,CT,06488,249900,2,2.0,Heritage Circle,1398,,1976,59,179,400,Active,,,http://www.redfin.com/CT/Southbury/16-Heritage-Cir-06488/unit-A/home/54258585,Smart MLS,170280164,N,Y,41.492848,-73.233146
MLS Listing,,Single Family Residential,16 Coughlin Dr,Southbury,CT,06488,474500,4,2.5,Mountain Stream,3606,62290,1989,59,132,,Active,,,http://www.redfin.com/CT/Southbury/16-Coughlin-Dr-06488/home/54254073,Smart MLS,170279654,N,Y,41.4794877,-73.2567016
MLS Listing,,Condo/Co-op,340 Heritage Vlg Unit A,Southbury,CT,06488,139900,1,1.0,Heritage Village,928,,1970,60,151,490,Active,,,http://www.redfin.com/CT/Southbury/Heritage-Vlg-06488/unit-A/home/54258399,Smart MLS,170280087,N,Y,41.472325,-73.231969
MLS Listing,,Condo/Co-op,40 Heritage Vlg Unit F,Southbury,CT,06488,98900,2,1.5,Heritage Village,1308,,1967,60,76,580,Active,,,http://www.redfin.com/CT/Southbury/40-Heritage-Vlg-06488/unit-F/home/54259830,Smart MLS,170279698,N,Y,41.485184,-73.22689
MLS Listing,,Condo/Co-op,16 Heritage Vlg Unit A,Southbury,CT,06488,215000,2,2.0,Southbury,1432,,1967,60,150,623,Active,,,http://www.redfin.com/CT/Southbury/16-Heritage-Vlg-06488/unit-A/home/54259844,Smart MLS,170274405,N,Y,41.487812,-73.228735
MLS Listing,,Single Family Residential,3 Riverhill Rd,Southbury,CT,06488,389900,3,2.5,Southbury,2240,41382,2000,62,174,,Active,,,http://www.redfin.com/CT/Southbury/3-Riverhill-Rd-06488/home/54261246,Smart MLS,170279367,N,Y,41.4699369,-73.230944
MLS Listing,,Condo/Co-op,608 Heritage Vlg Unit B,Southbury,CT,06488,215000,2,2.0,Heritage Village,1398,,1974,62,154,619,Active,,,http://www.redfin.com/CT/Southbury/608-Heritage-Vlg-06488/unit-B/home/54258550,Smart MLS,170279132,N,Y,41.493095,-73.231899
MLS Listing,,Single Family Residential,15 Independence Cir,Southbury,CT,06488,449900,3,2.5,TRADITIONS,3239,8712,2002,63,139,220,Active,,,http://www.redfin.com/CT/Southbury/15-Independence-Cir-06488/home/54253241,Smart MLS,170279117,N,Y,41.4852847,-73.2535687
MLS Listing,,Vacant Land,336 Holly Hill Ln,Southbury,CT,06488,110000,,,Ledgebrook Estates,,98010,,64,,,Active,,,http://www.redfin.com/CT/Southbury/336-Holly-Hill-Ln-06488/home/54262376,Smart MLS,170278636,N,Y,41.4427194,-73.2127525
MLS Listing,,Vacant Land,432 Holly Hill Ln,Southbury,CT,06488,150000,,,Ledgebrook Estates,,66211,,64,,,Active,,,http://www.redfin.com/CT/Southbury/432-Holly-Hill-Ln-06488/home/54262353,Smart MLS,170278857,N,Y,41.4414521,-73.2081179
MLS Listing,,Vacant Land,354 Holly Hill Ln,Southbury,CT,06488,125000,,,Ledgebrook Estates,,87120,,64,,,Active,,,http://www.redfin.com/CT/Southbury/354-Holly-Hill-Ln-06488/home/54262354,Smart MLS,170278850,N,Y,41.441918,-73.2109241
MLS Listing,,Condo/Co-op,265 Heritage Vlg Unit B,Southbury,CT,06488,389900,3,2.0,Heritage Village,1716,,1969,64,227,705,Active,,,http://www.redfin.com/CT/Southbury/Heritage-Vlg-06488/unit-B/home/54257865,Smart MLS,170278788,N,Y,41.479096,-73.232375
MLS Listing,,Vacant Land,23 Boulder Way,Southbury,CT,06488,125000,,,Ledgebrook Estates,,94089,,64,,,Active,,,http://www.redfin.com/CT/Southbury/23-Boulder-Way-06488/home/54262362,Smart MLS,170278861,N,Y,41.4436915,-73.2060899
MLS Listing,,Single Family Residential,108 Forest Rd,Southbury,CT,06488,445000,4,2.5,Southford,3445,95832,1996,64,129,,Active,,,http://www.redfin.com/CT/Southbury/108-Forest-Rd-06488/home/54257588,Smart MLS,170278539,N,Y,41.4844254,-73.184029
MLS Listing,,Condo/Co-op,817 Heritage Vlg Unit A,Southbury,CT,06488,129900,2,2.0,Heritage Village,1071,,1972,64,121,593,Active,,,http://www.redfin.com/CT/Southbury/817-Heritage-Vlg-06488/unit-A/home/54260632,Smart MLS,170274988,N,Y,41.486176,-73.244375
MLS Listing,,Single Family Residential,303 Laurelwood Ln,Southbury,CT,06488,475000,4,2.5,Southbury,3605,106286,1997,64,132,,Active,,,http://www.redfin.com/CT/Southbury/303-Laurelwood-Ln-06488/home/54256057,Smart MLS,170278405,N,Y,41.4349029,-73.2202069
MLS Listing,,Single Family Residential,196 Brown Brook Rd,Southbury,CT,06488,410000,3,3.0,Southbury,2241,182516,1980,64,183,,Active,,,http://www.redfin.com/CT/Southbury/196-Brown-Brook-Rd-06488/home/54257311,Smart MLS,170278466,N,Y,41.5015352,-73.2993517
MLS Listing,,Single Family Residential,119 Stiles Rd,Southbury,CT,06488,354000,3,3.0,Southbury,1737,181209,1978,64,204,,Active,,,http://www.redfin.com/CT/Southbury/119-Stiles-Rd-06488/home/54260847,Smart MLS,170277362,N,Y,41.5077627,-73.2223015
MLS Listing,,Single Family Residential,79 Ridge Rd,Southbury,CT,06488,309900,3,2.5,Southbury,1196,23522,1978,65,259,,Active,,,http://www.redfin.com/CT/Southbury/79-Ridge-Rd-06488/home/54254310,Smart MLS,170278191,N,Y,41.4452642,-73.2470255
MLS Listing,,Single Family Residential,164 Lake Ridge Rd,Southbury,CT,06488,635000,4,3.0,Southbury,4301,131115,2000,66,148,,Active,,,http://www.redfin.com/CT/Southbury/164-Lake-Ridge-Rd-06488/home/54255297,Smart MLS,170277862,N,Y,41.4361975,-73.2362432
MLS Listing,,Condo/Co-op,109 Heritage Vlg Unit B,Southbury,CT,06488,179900,2,2.0,Southbury,1432,,1968,67,126,623,Active,,,http://www.redfin.com/CT/Southbury/109-Heritage-Vlg-06488/unit-B/home/54260358,Smart MLS,170274371,N,Y,41.486098,-73.23139
MLS Listing,,Condo/Co-op,1018 Heritage Vlg Unit B,Southbury,CT,06488,379900,3,2.0,Heritage Village,1716,,1974,68,221,710,Active,,,http://www.redfin.com/CT/Southbury/1018-Heritage-Vlg-06488/unit-B/home/54258439,Smart MLS,170277064,N,Y,41.492158,-73.238204
MLS Listing,,Condo/Co-op,264 Heritage Vlg Unit B,Southbury,CT,06488,174900,2,2.0,Southbury,1432,,1969,68,122,623,Active,,,http://www.redfin.com/CT/Southbury/Heritage-Vlg-06488/unit-B/home/54259915,Smart MLS,170277032,N,Y,41.478948,-73.232117
MLS Listing,,Condo/Co-op,1036A Heritage Village Condo Unit 1036A,Southbury,CT,06488,395000,3,2.0,Southbury,1716,,1974,69,230,705,Active,,,http://www.redfin.com/CT/Southbury/1036-Heritage-Vlg-06488/unit-1036A/home/170930673,Smart MLS,170276930,N,Y,41.4876732,-73.2475885
MLS Listing,,Condo/Co-op,606B Heritage Vlg Unit B,Southbury,CT,06488,210000,3,2.0,Heritage Village,1716,,1974,70,122,705,Active,,,http://www.redfin.com/CT/Southbury/606-Heritage-Vlg-06488/unit-B/home/54257794,Smart MLS,170276419,N,Y,41.493094,-73.232614
MLS Listing,,Condo/Co-op,26 Heritage Cir Unit B,Southbury,CT,06488,329000,3,2.0,Heritage Circle,1716,,1976,73,192,462,Active,,,http://www.redfin.com/CT/Southbury/26-Heritage-Cir-06488/unit-B/home/54257979,Smart MLS,170271164,N,Y,41.494541,-73.23536
MLS Listing,,Single Family Residential,171 Dublin Rd,Southbury,CT,06488,480000,4,3.0,Southbury,4078,193406,1994,74,118,,Active,,,http://www.redfin.com/CT/Southbury/171-Dublin-Rd-06488/home/54256218,Smart MLS,170274721,N,Y,41.4876001,-73.1998835
MLS Listing,,Single Family Residential,688 Main St N,Southbury,CT,06488,499900,11,5.0,Southbury,4179,322344,1909,75,120,,Active,,,http://www.redfin.com/CT/Southbury/688-Main-St-N-06488/home/54256070,Smart MLS,170274869,N,Y,41.4956305,-73.2130926
MLS Listing,,Condo/Co-op,835 Heritage Vlg Unit A,Southbury,CT,06488,139900,2,2.0,Heritage Village,1398,,1972,75,100,619,Active,,,http://www.redfin.com/CT/Southbury/835-Heritage-Vlg-06488/unit-A/home/54258993,Smart MLS,170272474,N,Y,41.485412,-73.243595
MLS Listing,,Condo/Co-op,77 Far View Cmns #77,Southbury,CT,06488,207000,2,1.5,Southbury,1298,,1985,75,159,338,Active,,,http://www.redfin.com/CT/Southbury/77-Far-View-Cmns-06488/unit-77/home/170640411,Smart MLS,170273438,N,Y,41.4725928,-73.1897103
MLS Listing,,Vacant Land,0 Chain Trl,Southbury,CT,06488,85000,,,Berkshire Estates,,20908,,77,,,Active,,,http://www.redfin.com/CT/SOUTHBURY/CHAIN-TRL-06488/home/54254236,Smart MLS,170274158,N,Y,41.440667,-73.260263
MLS Listing,,Single Family Residential,1373 Kettletown Rd,Southbury,CT,06488,539900,4,3.5,Southbury,2900,119354,2019,77,186,,Active,,,http://www.redfin.com/CT/Southbury/1373-Kettletown-Rd-06488/home/166279242,Smart MLS,170274586,N,Y,41.4446146,-73.1962469
MLS Listing,,Condo/Co-op,658 Heritage Vlg Unit B,Southbury,CT,06488,189900,2,2.0,Heritage Village,1398,,1974,77,136,619,Active,,,http://www.redfin.com/CT/Southbury/658-Heritage-Vlg-06488/unit-B/home/54259214,Smart MLS,170274306,N,Y,41.491413,-73.232014
MLS Listing,,Condo/Co-op,531 Heritage Vlg Unit C,Southbury,CT,06488,89900,2,2.0,Heritage Village,1044,,1971,77,86,529,Active,,,http://www.redfin.com/CT/Southbury/531-Heritage-Vlg-06488/unit-C/home/54258920,Smart MLS,170273447,N,Y,41.498657,-73.224159
MLS Listing,,Single Family Residential,163 Bagley Rd,Southbury,CT,06488,414900,4,3.5,Southbury,2933,173368,1985,79,141,,Active,,,http://www.redfin.com/CT/Southbury/163-Bagley-Rd-06488/home/54261946,Smart MLS,170273150,N,Y,41.4725255,-73.1789506
MLS Listing,,Condo/Co-op,625 Heritage Vlg Unit B,Southbury,CT,06488,265000,2,2.0,Heritage Village,1398,,1974,80,190,619,Active,,,http://www.redfin.com/CT/Southbury/625-Heritage-Vlg-06488/unit-B/home/54259248,Smart MLS,170272981,N,Y,41.494526,-73.230484
MLS Listing,,Condo/Co-op,293 Heritage Vlg Unit C,Southbury,CT,06488,115000,2,2.0,Heritage Village,1044,,1970,81,110,528,Active,,,http://www.redfin.com/CT/Southbury/Heritage-Vlg-06488/unit-C/home/54258842,Smart MLS,170266671,N,Y,41.477425,-73.228829
MLS Listing,,Condo/Co-op,154 Heritage Vlg Unit D,Southbury,CT,06488,115000,2,2.0,Southbury,1044,,1969,83,110,529,Active,,,http://www.redfin.com/CT/Southbury/154-Heritage-Rd-06488/unit-D/home/54258951,Smart MLS,170272651,N,Y,41.488027,-73.234998
MLS Listing,,Condo/Co-op,964 Heritage Vlg Unit B,Southbury,CT,06488,229900,2,2.0,Southbury,1432,,1973,83,161,623,Active,,,http://www.redfin.com/CT/Southbury/964-Heritage-Vlg-06488/unit-B/home/54260341,Smart MLS,170263640,N,Y,41.489517,-73.247446
MLS Listing,,Single Family Residential,17 Traditions Blvd #17,Southbury,CT,06488,389000,4,3.0,Traditions,3047,,2005,84,128,220,Active,,,http://www.redfin.com/CT/Southbury/17-Traditions-Blvd-06488/unit-17/home/167084725,Smart MLS,170272224,N,Y,41.484538,-73.2535773
MLS Listing,,Condo/Co-op,19 Far View Cmns #19,Southbury,CT,06488,230000,2,1.5,Southford,1429,,1985,87,161,368,Active,,,http://www.redfin.com/CT/Southbury/19-Far-View-Cmns-06488/unit-19/home/170557289,Smart MLS,170271319,N,Y,41.473844,-73.1901475
MLS Listing,,Single Family Residential,62 Hampton Ct,Southbury,CT,06488,599000,4,3.5,Southbury,4492,272685,1998,87,133,,Active,,,http://www.redfin.com/CT/Southbury/62-Hampton-Ct-06488/home/54256898,Smart MLS,170271114,N,Y,41.5068425,-73.1772309
MLS Listing,,Condo/Co-op,155 Heritage Vlg Unit B,Southbury,CT,06488,189900,2,2.0,Heritage Village,1432,,1969,87,133,623,Active,,,http://www.redfin.com/CT/Southbury/Heritage-Vlg-06488/unit-B/home/54260698,Smart MLS,170269383,N,Y,41.487729,-73.234806
MLS Listing,,Condo/Co-op,698 Heritage Vlg Unit A,Southbury,CT,06488,227000,2,2.0,Heritage Village,1432,,1974,88,159,623,Active,,,http://www.redfin.com/CT/Southbury/698-Heritage-Vlg-06488/unit-A/home/54259783,Smart MLS,170270349,N,Y,41.490015,-73.23476
MLS Listing,,Single Family Residential,44 Little Fox Ln,Southbury,CT,06488,618000,6,4.5,Little Fox Estates,5169,119790,1998,89,120,,Active,,,http://www.redfin.com/CT/Southbury/44-Little-Fox-Ln-06488/home/54255951,Smart MLS,170269020,N,Y,41.4526105,-73.2227645
MLS Listing,,Single Family Residential,216 Holly Hill Ln,Southbury,CT,06488,699000,3,3.5,yes,3500,92347,2020,91,200,,Active,,,http://www.redfin.com/CT/Southbury/216-Holly-Hill-Ln-06488/home/54253503,Smart MLS,170269738,N,Y,41.4442053,-73.2089709
MLS Listing,,Condo/Co-op,604 Heritage Vlg Unit A,Southbury,CT,06488,187000,2,2.0,Heritage Village,1432,,1974,92,131,623,Active,,,http://www.redfin.com/CT/Southbury/604-Heritage-Vlg-06488/unit-A/home/54260530,Smart MLS,170268725,N,Y,41.493582,-73.232692
MLS Listing,,Condo/Co-op,131 Heritage Vlg Unit C,Southbury,CT,06488,148000,2,2.0,Heritage Village,1032,,1969,92,143,537,Active,,,http://www.redfin.com/CT/Southbury/Heritage-Vlg-06488/unit-C/home/54259704,Smart MLS,170269350,N,Y,41.488356,-73.231825
MLS Listing,,Condo/Co-op,241 Heritage Vlg Unit D,Southbury,CT,06488,148000,2,2.0,Heritage Village,1044,,1969,92,142,529,Active,,,http://www.redfin.com/CT/Southbury/Heritage-Vlg-06488/unit-D/home/54259010,Smart MLS,170269342,N,Y,41.481653,-73.232925
MLS Listing,,Condo/Co-op,231 Heritage Vlg Unit A,Southbury,CT,06488,133900,2,2.0,Heritage Village,1032,,1969,94,130,537,Active,,,http://www.redfin.com/CT/Southbury/Heritage-Vlg-06488/unit-A/home/54260092,Smart MLS,170268622,N,Y,41.483587,-73.232164
MLS Listing,,Condo/Co-op,491 Heritage Vlg Unit B,Southbury,CT,06488,199900,3,2.0,Heritage Village,1716,,1970,94,116,705,Active,,,http://www.redfin.com/CT/Southbury/491-Heritage-Vlg-06488/unit-B/home/54258126,Smart MLS,170269275,N,Y,41.498522,-73.227905
MLS Listing,,Single Family Residential,175 Saddle Ridge Ln,Southbury,CT,06488,840000,4,5.0,Southbury,5041,65340,2005,96,167,,Active,,,http://www.redfin.com/CT/Southbury/175-Saddle-Ridge-Ln-06488/home/54253612,Smart MLS,170268193,N,Y,41.446165,-73.193207
MLS Listing,,Condo/Co-op,871 Heritage Vlg Unit B,Southbury,CT,06488,269000,2,2.0,Southbury,1432,,1973,96,188,623,Active,,,http://www.redfin.com/CT/Southbury/871-Heritage-Vlg-06488/unit-B/home/54260288,Smart MLS,170268635,N,Y,41.491132,-73.243731
MLS Listing,,Single Family Residential,22 Kettletown Woods Rd,Southbury,CT,06488,374900,3,2.5,Southbury,2628,40946,1976,98,143,,Active,,,http://www.redfin.com/CT/Southbury/22-Kettletown-Woods-Rd-06488/home/54257189,Smart MLS,170268037,N,Y,41.4622157,-73.1989156
MLS Listing,,Single Family Residential,7 Traditions Blvd,Southbury,CT,06488,349900,4,2.5,Traditions,2528,8712,2005,98,138,220,Active,,,http://www.redfin.com/CT/Southbury/7-Traditions-Blvd-06488/home/54262278,Smart MLS,170268338,N,Y,41.4846204,-73.2536486
MLS Listing,,Condo/Co-op,13 Heritage Crst Unit C,Southbury,CT,06488,259900,2,2.0,Heritage Crest,1420,,1983,99,183,243,Active,,,http://www.redfin.com/CT/Southbury/13-Heritage-Crest-Dr-06488/unit-C/home/170462463,Smart MLS,170267886,N,Y,41.4830971,-73.2430589
MLS Listing,,Condo/Co-op,485 Heritage Vlg Unit B,Southbury,CT,06488,159900,1,1.0,Heritage Village,928,,1970,100,172,490,Active,,,http://www.redfin.com/CT/Southbury/485-Heritage-Vlg-06488/unit-B/home/54258655,Smart MLS,170267551,N,Y,41.497729,-73.226927
MLS Listing,,Single Family Residential,lot44 Shane Dr,Southbury,CT,06488,549900,4,2.5,Southbury,2600,119572,2020,101,212,,Active,,,http://www.redfin.com/CT/Southbury/44-Shane-Dr-06488/home/144532943,Smart MLS,170267534,N,Y,41.4342644,-73.2028145
MLS Listing,,Condo/Co-op,1042 Heritage Vlg Unit B,Southbury,CT,06488,149900,2,2.0,Heritage Village,1000,,1974,102,150,593,Active,,,http://www.redfin.com/CT/Southbury/1042-Heritage-Vlg-06488/unit-B/home/54259335,Smart MLS,170266724,N,Y,41.491448,-73.227906
MLS Listing,,Vacant Land,100 Bucks Hill Rd,Southbury,CT,06488,140000,,,Southbury,,62726,,102,,,Active,,,http://www.redfin.com/CT/Southbury/100-Bucks-Hill-Rd-06488/home/54256159,Smart MLS,170266953,N,Y,41.4980515,-73.2096817
MLS Listing,,Condo/Co-op,495 Heritage Vlg Unit A,Southbury,CT,06488,219000,2,2.0,Heritage Village,1398,,1971,102,157,619,Active,,,http://www.redfin.com/CT/Southbury/495-Heritage-Vlg-06488/unit-A/home/54259165,Smart MLS,170265917,N,Y,41.500303,-73.227063
MLS Listing,,Single Family Residential,330 Lee Farm Dr,Southbury,CT,06488,269000,3,2.5,Southbury,1649,29620,1997,103,163,,Active,,,http://www.redfin.com/CT/Southbury/330-Lee-Farm-Dr-06488/home/54255868,Smart MLS,170266769,N,Y,41.4330221,-73.2256907
MLS Listing,,Condo/Co-op,442 Heritage Vlg Unit A,Southbury,CT,06488,214900,3,2.0,Heritage Village,1716,,1970,103,125,705,Active,,,http://www.redfin.com/CT/Southbury/442-Heritage-Vlg-06488/unit-A/home/54257845,Smart MLS,170266029,N,Y,41.494846,-73.228104
MLS Listing,,Single Family Residential,lot37 Britiani Rd,Southbury,CT,06488,799900,4,3.5,Southbury,3250,67518,2020,110,246,,Active,,,http://www.redfin.com/CT/Southbury/37-Britiani-Rd-06488/home/160584544,Smart MLS,170264375,N,Y,41.439625,-73.1986207
MLS Listing,,Single Family Residential,lot45 Shane Dr,Southbury,CT,06478,729900,4,2.5,Hidden Creek Estates,3200,163350,2020,112,228,,Active,,,http://www.redfin.com/CT/Southbury/lot45-Shane-Dr-06488/home/171436002,Smart MLS,170264381,N,Y,41.434727,-73.203408
MLS Listing,,Single Family Residential,189 White Birch Dr,Southbury,CT,06488,190000,3,1.0,Southbury,933,10018,1930,112,204,,Active,,,http://www.redfin.com/CT/Southbury/189-White-Birch-Dr-06488/home/54254876,Smart MLS,170249069,N,Y,41.430406,-73.2338931
MLS Listing,,Condo/Co-op,227 Heritage Vlg Unit A,Southbury,CT,06488,159900,1,1.0,Heritage Village,928,,1969,113,172,490,Active,,,http://www.redfin.com/CT/Southbury/Heritage-Vlg-06488/unit-A/home/54258284,Smart MLS,170264006,N,Y,41.483374,-73.232905
MLS Listing,,Condo/Co-op,752 Heritage Vlg Unit A,Southbury,CT,06488,319900,3,2.0,Southbury,1716,,1972,117,186,705,Active,,,http://www.redfin.com/CT/Southbury/752-Heritage-Vlg-06488/unit-A/home/54257808,Smart MLS,170263019,N,Y,41.483595,-73.248686
MLS Listing,,Condo/Co-op,868B Heritage Vlg Unit 868B,Southbury,CT,06488,225000,2,2.0,Heritage Village,1398,,1973,119,161,619,Active,,,http://www.redfin.com/CT/Southbury/868-Heritage-Vlg-06488/unit-868B/home/170268725,Smart MLS,170262165,N,Y,41.489436,-73.2470892
MLS Listing,,Condo/Co-op,113 Heritage Vlg Unit A,Southbury,CT,06488,214750,2,2.0,Southbury,1432,,1968,121,150,623,Active,,,http://www.redfin.com/CT/Southbury/113-Heritage-Vlg-06488/unit-A/home/54260375,Smart MLS,170261399,N,Y,41.486726,-73.231713
MLS Listing,,Vacant Land,460 Lee Farm Dr,Southbury,CT,06488,59900,,,Southbury,,10454,,123,,,Active,,,http://www.redfin.com/CT/Southbury/460-Lee-Farm-Dr-06488/home/168400451,Smart MLS,170261417,N,Y,41.4314543,-73.2261319
MLS Listing,,Condo/Co-op,39 Heritage Vlg Unit D,Southbury,CT,06488,109900,2,2.0,Heritage Village,1044,,1967,123,105,529,Active,,,http://www.redfin.com/CT/Southbury/39-Heritage-Vlg-06488/unit-D/home/54258809,Smart MLS,170261210,N,Y,41.48543,-73.226551
MLS Listing,,Single Family Residential,254 Royal Coach Ln,Southbury,CT,06488,679000,4,3.5,South Britain,5797,62290,2003,126,117,,Active,,,http://www.redfin.com/CT/Southbury/254-Royal-Coach-Ln-06488/home/54262304,Smart MLS,170258855,N,Y,41.4440714,-73.2349506
MLS Listing,,Condo/Co-op,501 Heritage Vlg Unit B,Southbury,CT,06488,174900,2,2.0,Heritage Village,1432,,1971,128,122,623,Active,,,http://www.redfin.com/CT/Southbury/501-Heritage-Vlg-06488/unit-B/home/54260307,Smart MLS,170260198,N,Y,41.499318,-73.228044
MLS Listing,,Vacant Land,1480 Bucks Hill Rd,Southbury,CT,06488,97500,,,Southbury,,135036,,132,,,Active,,,http://www.redfin.com/CT/Southbury/1480-Bucks-Hill-Rd-06488/home/160294574,Smart MLS,170259705,N,Y,41.4832956,-73.1720634
MLS Listing,,Condo/Co-op,312 Heritage Vlg Unit B,Southbury,CT,06488,268000,2,2.0,Heritage Village,1432,,1970,138,187,618,Active,,,http://www.redfin.com/CT/Southbury/Heritage-Vlg-06488/unit-B/home/54260012,Smart MLS,170259164,N,Y,41.476671,-73.229133
MLS Listing,,Single Family Residential,36 Murphy Ln,Southbury,CT,06488,675000,4,2.5,Southbury,3350,98445,2020,140,201,,Active,,,http://www.redfin.com/CT/Southbury/36-Murphy-Ln-06488/home/54253563,Smart MLS,170257564,N,Y,41.4566121,-73.1947516
MLS Listing,,Condo/Co-op,174 Heritage Vlg Unit A,Southbury,CT,06488,154900,1,1.0,Heritage Village,928,,1969,140,167,490,Active,,,http://www.redfin.com/CT/SOUTHBURY/174-HERITAGE-VLG-06488/unit-A/home/54258708,Smart MLS,170259031,N,Y,41.486927,-73.233911
MLS Listing,,Vacant Land,4 Murphy Ln,Southbury,CT,06488,135000,,,Southbury,,98445,,143,,,Active,,,http://www.redfin.com/CT/Southbury/4-Murphy-Ln-06488/home/144976801,Smart MLS,170257550,N,Y,41.4573853,-73.1931031
MLS Listing,,Condo/Co-op,138 Heritage Vlg Unit A,Southbury,CT,06488,129000,1,1.0,Heritage Village,928,,1969,148,139,481,Active,,,http://www.redfin.com/CT/Southbury/138-Heritage-Vlg-06488/unit-A/home/170069695,Smart MLS,170250835,N,Y,41.489797,-73.225332
MLS Listing,,Single Family Residential,22 Willow Creek Estates Dr,Southbury,CT,06488,775000,5,3.5,Heritage Village,5951,131551,2005,148,130,,Active,,,http://www.redfin.com/CT/Southbury/22-Willow-Creek-Estates-Dr-06488/home/54256394,Smart MLS,170257395,N,Y,41.4353314,-73.2061169
MLS Listing,,Single Family Residential,245 Charter Oak Rd,Southbury,CT,06488,469900,4,2.5,Southbury,3029,60983,1990,158,155,,Active,,,http://www.redfin.com/CT/Southbury/245-Charter-Oak-Rd-06488/home/54260976,Smart MLS,170255729,N,Y,41.4963496,-73.2483613
MLS Listing,,Vacant Land,487 Hulls Hill Rd,Southbury,CT,06488,149900,,,The Knoll,,101059,,159,,,Active,,,http://www.redfin.com/CT/Southbury/487-Hulls-Hill-Rd-06488/home/54253275,Smart MLS,170254868,N,Y,41.4540077,-73.1743969
MLS Listing,,Single Family Residential,747 S Britain Rd,Southbury,CT,06488,449900,4,2.5,The Purchase,3839,82764,1999,159,117,,Active,,,http://www.redfin.com/CT/Southbury/747-S-Britain-Rd-06488/home/54261275,Smart MLS,170255400,N,Y,41.472654,-73.2531998
MLS Listing,,Condo/Co-op,151 Heritage Vlg Unit A,Southbury,CT,06488,142900,2,2.0,Heritage Village,1032,,1969,162,138,537,Active,,,http://www.redfin.com/CT/Southbury/Heritage-Vlg-06488/unit-A/home/54259607,Smart MLS,170255193,N,Y,41.489016,-73.234332
MLS Listing,,Condo/Co-op,613 Heritage Vlg Unit A,Southbury,CT,06488,199500,3,2.0,Heritage Village,1716,,1974,169,116,705,Active,,,http://www.redfin.com/CT/Southbury/613-Heritage-Vlg-06488/unit-A/home/54258150,Smart MLS,170254064,N,Y,41.494169,-73.23291
MLS Listing,,Condo/Co-op,737A Heritage Vlg,Southbury,CT,06488,234500,3,2.0,Southbury,1716,,1972,175,137,705,Active,,,http://www.redfin.com/CT/Southbury/737-Heritage-Vlg-06488/unit-A/home/54258040,Smart MLS,170252430,N,Y,41.481742,-73.246711
MLS Listing,,Single Family Residential,24 Pine Rock Rd,Southbury,CT,06488,279900,2,1.0,Southbury,972,37461,1962,175,288,,Active,,,http://www.redfin.com/CT/Southbury/24-Pine-Rock-Rd-06488/home/54255894,Smart MLS,170252736,N,Y,41.4310052,-73.2235726
MLS Listing,,Condo/Co-op,659 Heritage Vlg Unit B,Southbury,CT,06488,179900,2,2.0,Heritage Village,1432,,1974,179,126,612,Active,,,http://www.redfin.com/CT/Southbury/659-Heritage-Vlg-06488/unit-B/home/54260303,Smart MLS,170251866,N,Y,41.491612,-73.232302
MLS Listing,,Condo/Co-op,360-A Heritage Vlg Unit 360-A,Southbury,CT,06488,219900,3,2.0,Heritage Village,1716,,1970,183,128,705,Active,,,http://www.redfin.com/CT/Southbury/360-A-Heritage-Vlg-06488/unit-360-A/home/169731554,Smart MLS,170250809,N,Y,41.475397,-73.231335
MLS Listing,,Vacant Land,1871 Purchase Brook Rd,Southbury,CT,06488,185000,,,Glenwood,,148975,,184,,,Active,,,http://www.redfin.com/CT/Southbury/1871-Purchase-Brook-Rd-06488/home/54258117,Smart MLS,170250743,N,Y,41.4976698,-73.2927602
MLS Listing,,Single Family Residential,133 Pond View Dr,Southbury,CT,06488,519000,4,2.5,South Britain,3792,141134,1995,194,137,,Active,,,http://www.redfin.com/CT/Southbury/133-Pond-View-Dr-06488/home/54253715,Smart MLS,170247810,N,Y,41.5069883,-73.2633284
MLS Listing,,Single Family Residential,259 Burr Rd,Southbury,CT,06488,660000,4,3.5,Southford,2700,90169,2020,197,244,,Active,,,http://www.redfin.com/CT/Southbury/259-Burr-Rd-06488/home/54253217,Smart MLS,170239659,N,Y,41.4411031,-73.1864502
MLS Listing,,Single Family Residential,255 Burr Rd,Southbury,CT,06488,520000,4,2.5,Southford,2500,60112,2020,197,208,,Active,,,http://www.redfin.com/CT/Southbury/255-Burr-Rd-06488/home/146101959,Smart MLS,170239658,N,Y,41.4409779,-73.1864602
MLS Listing,,Single Family Residential,283 Burr Rd,Southbury,CT,06488,580000,4,2.5,Southford,2800,63162,2020,197,207,,Active,,,http://www.redfin.com/CT/Southbury/283-Burr-Rd-06488/home/146101960,Smart MLS,170245249,N,Y,41.4418532,-73.1863986
MLS Listing,,Condo/Co-op,739 Heritage Vlg Unit D,Southbury,CT,06488,169900,2,2.0,Heritage Village,1071,,1972,199,159,593,Active,,,http://www.redfin.com/CT/Southbury/739-Heritage-Vlg-06488/unit-D/home/54260774,Smart MLS,170246609,N,Y,41.481575,-73.247495
MLS Listing,,Single Family Residential,1745 S Britain Rd,Southbury,CT,06488,369900,4,3.5,South Britain,3840,64033,1750,200,96,,Active,,,http://www.redfin.com/CT/Southbury/1745-S-Britain-Rd-06488/home/54253727,Smart MLS,170245295,N,Y,41.4987715,-73.2573005
MLS Listing,,Condo/Co-op,898 Heritage Vlg Unit A,Southbury,CT,06488,279900,2,2.0,Heritage Village,1432,,1973,206,195,612,Active,,,http://www.redfin.com/CT/Southbury/898-Heritage-Vlg-06488/unit-A/home/54260386,Smart MLS,170244174,N,Y,41.490982,-73.245475
MLS Listing,,Single Family Residential,32 E Flat Hill Rd,Southbury,CT,06488,184900,3,2.0,South Britain,2095,14810,1750,212,88,,Active,,,http://www.redfin.com/CT/Southbury/32-E-Flat-Hill-Rd-06488/home/54253972,Smart MLS,170243022,N,Y,41.4712096,-73.252693
MLS Listing,,Single Family Residential,145 Hulls Hill Rd,Southbury,CT,06488,125000,1,1.0,Southford,273,65775,1950,227,458,,Active,,,http://www.redfin.com/CT/Southbury/145-Hulls-Hill-Rd-06488/home/54257416,Smart MLS,170238583,N,Y,41.4605632,-73.1690243
MLS Listing,,Single Family Residential,192 Little Fox Ln,Southbury,CT,06488,799000,6,7.5,Southbury,6960,812393,2002,228,115,,Active,,,http://www.redfin.com/CT/Southbury/192-Little-Fox-Ln-06488/home/54255940,Smart MLS,170237227,N,Y,41.4574232,-73.2186926
MLS Listing,,Single Family Residential,22 Ash Ln,Southbury,CT,06488,325000,4,2.5,Southford,2009,31798,1969,246,162,,Active,,,http://www.redfin.com/CT/Southbury/22-Ash-Ln-06488/home/54257768,Smart MLS,170230613,N,Y,41.4631233,-73.1787861
MLS Listing,,Condo/Co-op,490 Heritage Vlg Unit B,Southbury,CT,06488,249000,2,2.0,Heritage Village,1398,,1970,250,178,657,Active,,,http://www.redfin.com/CT/Southbury/490-Heritage-Vlg-06488/unit-B/home/54259121,Smart MLS,170230568,N,Y,41.49863,-73.228322
MLS Listing,,Condo/Co-op,136 Heritage Vlg Unit B,Southbury,CT,06488,110000,2,2.0,Heritage Village,1032,,1969,252,107,537,Active,,,http://www.redfin.com/CT/Southbury/Heritage-Vlg-06488/unit-B/home/54260083,Smart MLS,170230491,N,Y,41.488172,-73.23289
MLS Listing,,Single Family Residential,278 Georges Hill Rd,Southbury,CT,06488,495000,3,2.0,Southbury,1600,60112,2019,256,309,,Active,,,http://www.redfin.com/CT/Southbury/278-Georges-Hill-Rd-06488/home/168758293,Smart MLS,170215821,N,Y,41.4505234,-73.2234194
MLS Listing,,Condo/Co-op,452 Heritage Rd #301,Southbury,CT,06488,339000,2,2.0,Southbury,1720,,2005,266,197,663,Active,,,http://www.redfin.com/CT/Southbury/452-Heritage-Rd-06488/unit-301/home/54253477,Smart MLS,170226531,N,Y,41.4890157,-73.2237911
MLS Listing,,Condo/Co-op,81 Heritage Vlg Unit C,Southbury,CT,06488,108000,2,1.5,Southbury,1032,,1968,268,105,528,Active,,,http://www.redfin.com/CT/Southbury/81-Heritage-Vlg-06488/unit-C/home/54260040,Smart MLS,170226118,N,Y,41.48762,-73.229912
MLS Listing,,Condo/Co-op,90 Heritage Vlg Unit A,Southbury,CT,06488,169900,2,2.0,Southbury,1432,,1968,272,119,612,Active,,,http://www.redfin.com/CT/Southbury/90-Heritage-Vlg-06488/unit-A/home/54259936,Smart MLS,170224855,N,Y,41.485775,-73.229636
MLS Listing,,Condo/Co-op,4 Heritage Crst Unit B,Southbury,CT,06488,199900,2,2.0,Southbury,1217,,1983,272,164,280,Active,,,http://www.redfin.com/CT/Southbury/4-Heritage-Crest-Dr-06488/unit-B/home/168635663,Smart MLS,170224780,N,Y,41.4839915,-73.2434643
MLS Listing,,Vacant Land,282 Georges Hill Rd,Southbury,CT,06488,100000,,,Southbury,,124581,,276,,,Active,,,http://www.redfin.com/CT/Southbury/282-Georges-Hill-Rd-06488/home/168401265,Smart MLS,170223224,N,Y,41.4505112,-73.2233852
MLS Listing,,Vacant Land,Lot #5 W Flat Hill Rd,Southbury,CT,06488,130000,,,The Purchase,,126324,,295,,,Active,,,http://www.redfin.com/CT/Southbury/Lot-5-W-Flat-Hill-Rd-06488/home/167623289,Smart MLS,170217482,N,Y,41.477649,-73.277194
MLS Listing,,Single Family Residential,127 Mansion House Rd,Southbury,CT,06488,515000,3,3.0,Southbury,2626,156816,1782,337,196,,Active,,,http://www.redfin.com/CT/Southbury/127-Mansion-House-Rd-06488/home/54256078,Smart MLS,170202736,N,Y,41.5051074,-73.2115371
MLS Listing,,Single Family Residential,193 Bates Rock Rd,Southbury,CT,06488,664900,4,4.5,Southbury,5276,115434,1999,343,126,,Active,,,http://www.redfin.com/CT/Southbury/193-Bates-Rock-Rd-06488/home/54255021,Smart MLS,170201312,N,Y,41.497838,-73.233248
MLS Listing,,Single Family Residential,453 Lakeside Rd,Southbury,CT,06488,219900,4,2.5,Southbury,1785,206474,1946,344,123,,Active,,,http://www.redfin.com/CT/Southbury/453-Lakeside-Rd-06488/home/54256002,Smart MLS,170182061,N,Y,41.448267,-73.2281179
MLS Listing,,Condo/Co-op,185B Heritage Vlg Unit 185B,Southbury,CT,06488,174500,2,2.0,Southbury,1398,,1969,353,125,612,Active,,,http://www.redfin.com/CT/Southbury/185B-Heritage-Vlg-06488/unit-185B/home/166763875,Smart MLS,170197349,N,Y,41.489814,-73.225339
MLS Listing,,Vacant Land,Lot 4 Georges Hill Rd,Southbury,CT,06488,100000,,,Southbury,,60112,,559,,,Active,,,http://www.redfin.com/CT/Southbury/4-Georges-Hill-Rd-06488/home/147880101,Smart MLS,170117682,N,Y,41.4562202,-73.232889
MLS Listing,,Vacant Land,786 Reservoir Rd,Southbury,CT,06488,650000,,,Southbury,,1362121,,634,,,Active,,,http://www.redfin.com/CT/Southbury/786-Reservoir-Rd-06488/home/54256943,Smart MLS,170114638,N,Y,41.509097,-73.1836682
MLS Listing,,Vacant Land,443 Old Woodbury Rd,Southbury,CT,06488,650000,,,Southbury,,1362121,,634,,,Active,,,http://www.redfin.com/CT/Southbury/443-Old-Woodbury-Rd-06488/home/54256908,Smart MLS,170114612,N,Y,41.5082104,-73.1759137
MLS Listing,,Single Family Residential,1030 Main St N,Southbury,CT,06488,859000,5,6.0,Southbury,8267,91040,1787,787,104,,Active,,,http://www.redfin.com/CT/Southbury/1030-Main-St-N-06488/home/54256017,Smart MLS,170060957,N,Y,41.5042789,-73.2075496
MLS Listing,,Vacant Land,19-29 Housatonic Trl,Southbury,CT,06488,66500,,,Southbury,,24393,,870,,,Active,,,http://www.redfin.com/CT/Southbury/19-Housatonic-Trl-06488/home/144532931,Smart MLS,170010086,N,Y,41.4384722,-73.2540694
