SALE TYPE,SOLD DATE,PROPERTY TYPE,ADDRESS,CITY,STATE OR PROVINCE,ZIP OR POSTAL CODE,PRICE,BEDS,BATHS,LOCATION,SQUARE FEET,LOT SIZE,YEAR BUILT,DAYS ON MARKET,$/SQUARE FEET,HOA/MONTH,STATUS,NEXT OPEN HOUSE START TIME,NEXT OPEN HOUSE END TIME,URL (SEE http://www.redfin.com/buy-a-home/comparative-market-analysis FOR INFO ON PRICING),SOURCE,MLS#,FAVORITE,INTERESTED,LATITUDE,LONGITUDE
MLS Listing,,Single Family Residential,350 Quarry Brook Dr,South Windsor,CT,06074,379000,4,3.0,South Windsor,2972,16552,1987,1,128,,Active,,,http://www.redfin.com/CT/South-Windsor/350-Quarry-Brook-Dr-06074/home/54131692,Smart MLS,170292984,N,Y,41.8115206,-72.5787688
MLS Listing,,Single Family Residential,35 Ahern Dr,South Windsor,CT,06074,284900,3,2.0,South Windsor,1750,23086,1963,1,163,,Active,,,http://www.redfin.com/CT/South-Windsor/35-Ahern-Dr-06074/home/54128806,Smart MLS,170292602,N,Y,41.8338694,-72.5028506
MLS Listing,,Single Family Residential,182 Pleasant Valley Rd,South Windsor,CT,06074,287400,3,2.5,South Windsor,1734,20037,1976,1,166,,Active,,,http://www.redfin.com/CT/South-Windsor/182-Pleasant-Valley-Rd-06074/home/54129156,Smart MLS,170292300,N,Y,41.8209576,-72.6130148
MLS Listing,,Single Family Residential,899 Ellington Rd,South Windsor,CT,06074,267900,3,1.5,South Windsor,2940,21344,1875,1,91,,Active,,,http://www.redfin.com/CT/South-Windsor/899-Ellington-Rd-06074/home/54134251,Smart MLS,170293403,N,Y,41.8190348,-72.5887299
MLS Listing,,Single Family Residential,84 Heritage Dr,South Windsor,CT,06074,339900,4,2.5,South Windsor,2080,23958,1998,1,163,,Active,,,http://www.redfin.com/CT/South-Windsor/84-Heritage-Dr-06074/home/54135526,Smart MLS,170292999,N,Y,41.83506,-72.559371
MLS Listing,,Single Family Residential,9 Main St #35,South Windsor,CT,06074,21900,2,1.0,South Windsor,576,,1991,2,38,,Active,,,http://www.redfin.com/CT/South-Windsor/9-Main-St-06074/unit-35/home/54127087,Smart MLS,170293145,N,Y,41.7991679,-72.6317354
MLS Listing,,Single Family Residential,137 Orchard Hill Dr,South Windsor,CT,06074,329900,3,2.5,South Windsor,1880,31798,1965,2,175,,Active,May-13-2020 01:00 PM,May-13-2020 02:00 PM,http://www.redfin.com/CT/South-Windsor/137-Orchard-Hill-Dr-06074/home/54129243,Smart MLS,170292926,N,Y,41.8223713,-72.525682
MLS Listing,,Single Family Residential,69 Benedict Dr,South Windsor,CT,06074,199900,3,1.0,South Windsor,1015,20908,1957,3,197,,Active,,,http://www.redfin.com/CT/South-Windsor/69-Benedict-Dr-06074/home/54135611,Smart MLS,170291105,N,Y,41.821461,-72.5185994
MLS Listing,,Single Family Residential,134 Oakland Rd,South Windsor,CT,06074,275000,3,3.0,Wapping,2800,43560,1987,4,98,,Active,,,http://www.redfin.com/CT/South-Windsor/134-Oakland-Rd-06074/home/109599548,Smart MLS,170292466,N,Y,41.8252132,-72.5472151
MLS Listing,,Single Family Residential,15 Good Hill Rd,South Windsor,CT,06074,234900,3,2.0,South Windsor,1360,27007,1957,4,173,,Active,,,http://www.redfin.com/CT/South-Windsor/15-Good-Hill-Rd-06074/home/54128324,Smart MLS,170291555,N,Y,41.8191582,-72.520321
MLS Listing,,Condo/Co-op,949 Pleasant Valley Rd Unit 10-2,South Windsor,CT,06074,83000,1,1.0,South Windsor,866,,1972,7,96,202,Active,,,http://www.redfin.com/CT/South-Windsor/949-Pleasant-Valley-Rd-06074/unit-10-2/home/54126784,Smart MLS,170290959,N,Y,41.8089397,-72.5814813
MLS Listing,,Condo/Co-op,2505 Mill Pond Dr #2505,South Windsor,CT,06074,199900,2,1.5,South Windsor,1800,,1986,7,111,331,Active,,,http://www.redfin.com/CT/South-Windsor/2505-Mill-Pond-Dr-06074/unit-2505/home/171499581,Smart MLS,170272685,N,Y,41.8221712,-72.5824538
MLS Listing,,Single Family Residential,61 Gorski Dr,South Windsor,CT,06074,409000,4,2.5,South Windsor,2448,20908,1988,7,167,,Active,,,http://www.redfin.com/CT/South-Windsor/61-Gorski-Dr-06074/home/54135624,Smart MLS,170291265,N,Y,41.8423077,-72.6087643
MLS Listing,,Condo/Co-op,104 Summer Hill Dr #104,South Windsor,CT,06074,129900,2,1.5,South Windsor,1158,,1981,7,112,241,Active,,,http://www.redfin.com/CT/South-Windsor/104-Summer-Hill-Dr-06074/unit-104/home/171497812,Smart MLS,170291505,N,Y,41.8333575,-72.5495896
MLS Listing,,Single Family Residential,79 Bancroft Ln,South Windsor,CT,06074,479000,5,2.5,South Windsor,3458,39204,2001,7,139,,Active,,,http://www.redfin.com/CT/South-Windsor/79-Bancroft-Ln-06074/home/54132099,Smart MLS,170278694,N,Y,41.8414067,-72.6083023
MLS Listing,,Multi-Family (2-4 Unit),370 Burnham St,South Windsor,CT,06074,189900,4,2.5,South Windsor,2113,43560,1928,9,90,,Active,,,http://www.redfin.com/CT/SOUTH-WINDSOR/370-BURNHAM-ST-06074/home/54128889,Smart MLS,170291174,N,Y,41.800034,-72.607821
MLS Listing,,Condo/Co-op,28 Cinnamon Spgs #28,South Windsor,CT,06074,135000,2,1.0,South Windsor,1130,,1973,10,119,232,Active,,,http://www.redfin.com/CT/South-Windsor/28-Cinnamon-Spg-06074/unit-28/home/147277678,Smart MLS,170274231,N,Y,41.8076868,-72.5732688
MLS Listing,,Condo/Co-op,5 Foncine Ln #2,South Windsor,CT,06074,179900,2,1.5,South Windsor,1310,,1986,11,137,308,Active,,,http://www.redfin.com/CT/South-Windsor/5-Foncine-Ln-06074/unit-2/home/54133634,Smart MLS,170290706,N,Y,41.8076469,-72.56825
MLS Listing,,Single Family Residential,70 Chapel Rd,South Windsor,CT,06074,209900,3,2.0,South Windsor,1458,21780,1961,12,144,,Active,,,http://www.redfin.com/CT/South-Windsor/70-Chapel-Rd-06074/home/54135653,Smart MLS,170283437,N,Y,41.8138184,-72.6187435
MLS Listing,,Single Family Residential,1451 Ellington Rd,South Windsor,CT,06074,459900,3,3.5,South Windsor,2942,26136,2001,14,156,,Active,,,http://www.redfin.com/CT/South-Windsor/1451-Ellington-Rd-06074/home/54128350,Smart MLS,170289934,N,Y,41.825717,-72.5685665
MLS Listing,,Condo/Co-op,1202 Summer Hill Dr #1202,South Windsor,CT,06074,158900,2,1.5,South Windsor,1270,,1983,14,125,385,Active,,,http://www.redfin.com/CT/South-Windsor/1202-Summer-Hill-Dr-06074/unit-1202/home/171413644,Smart MLS,170275543,N,Y,41.8345462,-72.5482411
MLS Listing,,Single Family Residential,495 Abbe Rd,South Windsor,CT,06074,419500,3,2.5,South Windsor,1870,20037,2012,15,224,,Active,,,http://www.redfin.com/CT/South-Windsor/495-Abbe-Rd-06074/home/54126706,Smart MLS,170288645,N,Y,41.8691723,-72.5417877
MLS Listing,,Single Family Residential,29 Brian Rd,South Windsor,CT,06074,169900,3,1.0,South Windsor,1056,19602,1956,17,161,,Active,,,http://www.redfin.com/CT/South-Windsor/29-Brian-Rd-06074/home/54132535,Smart MLS,170289543,N,Y,41.8268919,-72.5109851
MLS Listing,,Single Family Residential,65 OSPREY Cir #65,South Windsor,CT,06074,274900,3,2.0,Pleasant Valley,1568,,1991,18,175,100,Active,,,http://www.redfin.com/CT/South-Windsor/65-Osprey-Cir-06074/unit-65/home/171378440,Smart MLS,170289180,N,Y,41.8186545,-72.5821113
MLS Listing,,Vacant Land,42 Troy Rd,South Windsor,CT,06074,103700,,,South Windsor,,87120,,20,,,Active,,,http://www.redfin.com/CT/South-Windsor/42-Troy-Rd-06074/home/54129937,Smart MLS,170288950,N,Y,41.8503531,-72.5721497
MLS Listing,,Condo/Co-op,16 Saint Marc Cir Unit B,South Windsor,CT,06074,159900,2,1.5,South Windsor,1275,,1982,21,125,215,Active,,,http://www.redfin.com/CT/South-Windsor/16-Saint-Marc-Cir-06074/unit-B/home/171366114,Smart MLS,170288722,N,Y,41.8104537,-72.6034349
MLS Listing,,Single Family Residential,162 Beelzebub Rd,South Windsor,CT,06074,214900,2,1.5,South Windsor,1512,41382,1954,23,142,,Active,,,http://www.redfin.com/CT/South-Windsor/162-Beelzebub-Rd-06074/home/54134626,Smart MLS,170280376,N,Y,41.8368466,-72.5259593
MLS Listing,,Single Family Residential,12 Vintage Ln,South Windsor,CT,06074,639900,5,3.5,South Windsor,3304,40946,2003,28,194,,Active,,,http://www.redfin.com/CT/South-Windsor/12-Vintage-Ln-06074/home/54126622,Smart MLS,170285256,N,Y,41.8642964,-72.5318027
MLS Listing,,Condo/Co-op,5 Amato Dr Unit D,South Windsor,CT,06074,119900,1,1.0,South Windsor,1096,,1973,28,109,361,Active,,,http://www.redfin.com/CT/South-Windsor/5-Amato-Dr-06074/unit-D/home/54128847,Smart MLS,170287499,N,Y,41.806244,-72.572814
MLS Listing,,Condo/Co-op,1109 Mill Pond Dr #1109,South Windsor,CT,06074,205000,2,1.5,South Windsor,1300,,1986,29,158,319,Active,,,http://www.redfin.com/CT/South-Windsor/1109-Mill-Pond-Dr-06074/unit-1109/home/171299340,Smart MLS,170287123,N,Y,41.8242086,-72.581478
MLS Listing,,Vacant Land,968 Strong Rd,South Windsor,CT,06074,100000,,,South Windsor,,165092,,30,,,Active,,,http://www.redfin.com/CT/South-Windsor/968-Strong-Rd-06074/home/171294630,Smart MLS,170287182,N,Y,41.8396054,-72.5698447
MLS Listing,,Single Family Residential,89 Charing Rd,South Windsor,CT,06074,649900,4,3.0,South Windsor,4212,31363,1997,30,154,25,Active,,,http://www.redfin.com/CT/South-Windsor/89-Charing-Rd-06074/home/54127120,Smart MLS,170285311,N,Y,41.8363841,-72.5195122
MLS Listing,,Single Family Residential,215 Abbe Rd,South Windsor,CT,06074,299900,3,2.5,South Windsor,1390,27007,1985,30,216,,Active,,,http://www.redfin.com/CT/South-Windsor/215-Abbe-Rd-06074/home/54131257,Smart MLS,170286913,N,Y,41.8587965,-72.5413024
MLS Listing,,Single Family Residential,25 Amato Dr Unit F,South Windsor,CT,06074,109000,1,1.0,South Windsor,763,,1975,32,143,378,Active,,,http://www.redfin.com/CT/South-Windsor/25-Amato-Dr-06074/unit-F/home/54128942,Smart MLS,170286787,N,Y,41.80606,-72.574331
MLS Listing,,Condo/Co-op,9 Hunter Dr #9,South Windsor,CT,06074,225000,2,2.0,South Windsor,1236,,1998,35,182,200,Active,,,http://www.redfin.com/CT/South-Windsor/9-Hunter-Dr-06074/unit-9/home/171257453,Smart MLS,170286047,N,Y,41.8397501,-72.553367
MLS Listing,,Single Family Residential,282 Abbe Rd,South Windsor,CT,06074,239900,4,2.0,South Windsor,1306,19602,1957,35,184,,Active,,,http://www.redfin.com/CT/South-Windsor/282-Abbe-Rd-06074/home/54127046,Smart MLS,170286180,N,Y,41.8616547,-72.5407941
MLS Listing,,Condo/Co-op,1201 Mill Pond Dr #1201,South Windsor,CT,06074,209500,2,1.5,South Windsor,1616,,1986,38,130,319,Active,,,http://www.redfin.com/CT/South-Windsor/1201-Mill-Pond-Dr-06074/unit-1201/home/171236172,Smart MLS,170284040,N,Y,41.8240894,-72.5815928
MLS Listing,,Condo/Co-op,1110 Mill Pond Dr #1110,South Windsor,CT,06074,199900,2,1.5,South Windsor,1300,,1986,38,154,319,Active,,,http://www.redfin.com/CT/South-Windsor/1110-Mill-Pond-Dr-06074/unit-1110/home/170494227,Smart MLS,170285475,N,Y,41.8240158,-72.5812153
MLS Listing,,Single Family Residential,27 Vintage Ln,South Windsor,CT,06074,674900,5,4.5,South Windsor,3357,62726,2003,42,201,,Active,,,http://www.redfin.com/CT/South-Windsor/27-Vintage-Ln-06074/home/54126611,Smart MLS,170283823,N,Y,41.8650033,-72.5333075
MLS Listing,,Condo/Co-op,701 Mill Pond Dr #701,South Windsor,CT,06074,202000,2,1.5,South Windsor,1300,,1986,43,155,320,Active,,,http://www.redfin.com/CT/South-Windsor/701-Mill-Pond-Dr-06074/unit-701/home/171200775,Smart MLS,170284630,N,Y,41.8246454,-72.5808416
MLS Listing,,Single Family Residential,99 Ridgefield Dr,South Windsor,CT,06074,429900,4,2.5,South Windsor,3092,26571,1994,50,139,,Active,,,http://www.redfin.com/CT/South-Windsor/99-Ridgefield-Dr-06074/home/54129400,Smart MLS,170281642,N,Y,41.826763,-72.5361728
MLS Listing,,Condo/Co-op,503 Kebalo Ln #503,South Windsor,CT,06074,275000,2,2.0,South Windsor,1335,,2003,53,206,314,Active,,,http://www.redfin.com/CT/South-Windsor/501-Evergreen-Way-06074/unit-503/home/54126305,Smart MLS,170280528,N,Y,41.8094457,-72.557176
MLS Listing,,Condo/Co-op,9 Cinnamon Spgs #9,South Windsor,CT,06074,129000,2,1.0,Pleasant Valley,1040,,1973,53,124,231,Active,,,http://www.redfin.com/CT/South-Windsor/9-Cinnamon-Spg-06074/unit-9/home/168653424,Smart MLS,170282127,N,Y,41.807574,-72.5745405
MLS Listing,,Single Family Residential,4 Gilbert Ln,South Windsor,CT,06074,639900,5,3.0,South Windsor,3160,32234,2020,60,203,,Active,,,http://www.redfin.com/CT/South-Windsor/4-Gilbert-Ln-06074/home/168213045,Smart MLS,170278316,N,Y,41.8139657,-72.5471184
MLS Listing,,Single Family Residential,190 Smith St,South Windsor,CT,06074,510000,4,3.5,South Windsor,2470,100187,2020,60,206,,Active,,,http://www.redfin.com/CT/South-Windsor/190-Smith-St-06074/home/168213030,Smart MLS,170279834,N,Y,41.809404,-72.5653159
MLS Listing,,Single Family Residential,28 Shepard Way #18,South Windsor,CT,06074,438900,4,2.5,Pleasant Valley,2330,6534,2020,64,188,225,Active,,,http://www.redfin.com/CT/South-Windsor/28-Shepard-Way-06074/unit-18/home/170974880,Smart MLS,170278722,N,Y,41.8200013,-72.6001986
MLS Listing,,Single Family Residential,793 Main St,South Windsor,CT,06074,349900,7,3.0,South Windsor,5038,50529,1873,65,69,,Active,,,http://www.redfin.com/CT/South-Windsor/793-Main-St-06074/home/54127451,Smart MLS,170271002,N,Y,41.8240015,-72.621192
MLS Listing,,Single Family Residential,56 Bancroft Ln,South Windsor,CT,06074,414999,4,2.5,South Windsor,2683,20037,2001,67,155,,Active,,,http://www.redfin.com/CT/South-Windsor/56-Bancroft-Ln-06074/home/54132098,Smart MLS,170277435,N,Y,41.8423882,-72.6080713
MLS Listing,,Single Family Residential,75 Governors Hwy,South Windsor,CT,06074,209900,3,3.0,South Windsor,1964,40075,1983,67,107,,Active,,,http://www.redfin.com/CT/South-Windsor/75-Governors-Hwy-06074/home/54129703,Smart MLS,170276734,N,Y,41.8349078,-72.6125528
MLS Listing,,Single Family Residential,49 Steep Rd,South Windsor,CT,06074,254900,3,1.5,South Windsor,1653,24393,1965,68,154,,Active,,,http://www.redfin.com/CT/South-Windsor/49-Steep-Rd-06074/home/54134340,Smart MLS,170276240,N,Y,41.8496177,-72.5616353
MLS Listing,,Condo/Co-op,304 Summer Hill Dr #304,South Windsor,CT,06074,144900,2,1.5,Wapping,1158,,1981,69,125,241,Active,,,http://www.redfin.com/CT/South-Windsor/304-Summer-Hill-Dr-06074/unit-304/home/170931564,Smart MLS,170276977,N,Y,41.8341158,-72.5488233
MLS Listing,,Single Family Residential,34 Doria Ln,South Windsor,CT,06074,409900,3,3.5,South Windsor,3656,59241,1979,78,112,,Active,,,http://www.redfin.com/CT/South-Windsor/34-Doria-Ln-06074/home/54133051,Smart MLS,170274110,N,Y,41.8475376,-72.5430123
MLS Listing,,Condo/Co-op,949 Pleasant Valley Rd Unit 7-7,South Windsor,CT,06074,78000,1,1.0,Pleasant Valley,678,,1972,78,115,193,Active,,,http://www.redfin.com/CT/South-Windsor/949-Pleasant-Valley-Rd-06074/unit-7-7/home/54128191,Smart MLS,170273866,N,Y,41.8096745,-72.5813536
MLS Listing,,Single Family Residential,22 Case Hill Cir,South Windsor,CT,06074,349900,4,2.5,South Windsor,3112,20908,1983,81,112,,Active,,,http://www.redfin.com/CT/South-Windsor/22-Case-Hill-Cir-06074/home/54132449,Smart MLS,170272827,N,Y,41.8116997,-72.584554
MLS Listing,,Single Family Residential,241 Deming St,South Windsor,CT,06074,539000,5,3.0,South Windsor,3040,33105,2020,82,177,,Active,,,http://www.redfin.com/CT/South-Windsor/241-Deming-St-06074/home/170581276,Smart MLS,170264699,N,Y,41.8198499,-72.5501064
MLS Listing,,Single Family Residential,64 Shepard Way #23,South Windsor,CT,06074,385900,4,2.5,Wapping,2165,8712,2020,84,178,225,Active,,,http://www.redfin.com/CT/South-Windsor/64-Shepard-Way-06074/unit-23/home/170574737,Smart MLS,170272377,N,Y,41.8200013,-72.6001986
MLS Listing,,Condo/Co-op,41 Kennison Ct #75,South Windsor,CT,06074,286100,2,2.5,Wapping,1938,,2020,90,148,225,Active,,,http://www.redfin.com/CT/South-Windsor/41-Kennison-CT-06074/unit-75/home/170540177,Smart MLS,170270555,N,Y,41.821188,-72.602044
MLS Listing,,Condo/Co-op,304 Garden Cir #304,South Windsor,CT,06074,264900,2,2.0,South Windsor,1464,,2006,95,181,260,Active,,,http://www.redfin.com/CT/South-Windsor/304-Garden-Cir-06074/unit-304/home/145244526,Smart MLS,170269132,N,Y,41.8076545,-72.5722761
MLS Listing,,Single Family Residential,104 High Tower Rd,South Windsor,CT,06074,214900,3,1.0,South Windsor,984,20473,1958,113,218,,Active,,,http://www.redfin.com/CT/South-Windsor/104-High-Tower-Rd-06074/home/54133348,Smart MLS,170264139,N,Y,41.8664412,-72.5786859
MLS Listing,,Single Family Residential,9 Birch Hill Dr,South Windsor,CT,06074,369900,4,2.0,South Windsor,3043,36154,1965,119,122,,Active,,,http://www.redfin.com/CT/South-Windsor/9-Birch-Hill-Dr-06074/home/54131255,Smart MLS,170262589,N,Y,41.8299648,-72.529558
MLS Listing,,Single Family Residential,817 Ellington Rd,South Windsor,CT,06074,229900,4,2.0,South Windsor,1607,13068,1910,123,143,,Active,,,http://www.redfin.com/CT/South-Windsor/817-Ellington-Rd-06074/home/54129938,Smart MLS,170261263,N,Y,41.816255,-72.5895561
MLS Listing,,Single Family Residential,35 Main St Unit F10,South Windsor,CT,06074,38000,2,2.0,South Windsor,864,,2008,129,44,470,Active,,,http://www.redfin.com/CT/South-Windsor/35-Main-St-06074/unit-F10/home/54129126,Smart MLS,170259946,N,Y,41.7993819,-72.631011
MLS Listing,,Vacant Land,R023 Strong Rd,South Windsor,CT,06074,95000,,,South Windsor,,44431,,130,,,Active,,,http://www.redfin.com/CT/South-Windsor/R023-Strong-Rd-06074/home/168684389,Smart MLS,170259567,N,Y,41.845328,-72.610957
MLS Listing,,Vacant Land,65 Griffin Rd,South Windsor,CT,06074,119000,,,South Windsor,,40075,,213,,,Active,,,http://www.redfin.com/CT/South-Windsor/65-Griffin-Rd-06074/home/168213029,Smart MLS,170238580,N,Y,41.8647451,-72.5718482
MLS Listing,,Single Family Residential,8 Gray Rd,South Windsor,CT,06074,224000,3,1.5,South Windsor,1340,19602,1969,228,167,,Active,,,http://www.redfin.com/CT/South-Windsor/8-Gray-Rd-06074/home/54127885,Smart MLS,170237879,N,Y,41.827493,-72.518195
MLS Listing,,Single Family Residential,51 Paper CHSE,South Windsor,CT,06074,339500,3,2.5,South Windsor,2538,17859,1985,232,134,,Active,,,http://www.redfin.com/CT/South-Windsor/51-Paper-Chase-06074/home/54135368,Smart MLS,170237285,N,Y,41.8482765,-72.5178715
MLS Listing,,Single Family Residential,1116 Main St,South Windsor,CT,06074,779000,5,2.5,South Windsor,2776,295336,1986,288,281,,Active,,,http://www.redfin.com/CT/South-Windsor/1116-Main-St-06074/home/54129487,Smart MLS,170219080,N,Y,41.8341446,-72.6147935
MLS Listing,,Single Family Residential,68 Deming St,South Windsor,CT,06074,179900,3,1.0,South Windsor,1080,60112,1955,350,167,,Active,,,http://www.redfin.com/CT/South-Windsor/68-Deming-St-06074/home/54126916,Smart MLS,170198948,N,Y,41.8230238,-72.5571067
MLS Listing,,Vacant Land,27 Bancroft Ln,South Windsor,CT,06074,120000,,,South Windsor,,54885,,379,,,Active,,,http://www.redfin.com/CT/South-Windsor/27-Bancroft-Ln-06074/home/54126395,Smart MLS,170187809,N,Y,41.8428756,-72.6067736
MLS Listing,,Condo/Co-op,245 Pepin Pl #110,South Windsor,CT,06074,241100,2,2.5,Wapping,1225,,2019,405,197,225,Active,,,http://www.redfin.com/CT/South-Windsor/245-Pepin-Pl-06074/unit-110/home/160912309,Smart MLS,170178059,N,Y,41.8200254,-72.6010034
MLS Listing,,Condo/Co-op,77 Lexie Ln #113,South Windsor,CT,06074,241750,2,2.5,Wapping,1225,,2019,406,197,225,Active,,,http://www.redfin.com/CT/South-Windsor/77-Lexie-Ln-06074/unit-113/home/160877356,Smart MLS,170177721,N,Y,41.835315,-72.573143
MLS Listing,,Vacant Land,99 Dart Hill Rd,South Windsor,CT,06074,64900,,,South Windsor,,155509,,519,,,Active,,,http://www.redfin.com/CT/South-Windsor/99-Dart-Hill-Rd-06074/home/54133102,Smart MLS,170148467,N,Y,41.8477197,-72.5203081
MLS Listing,,Vacant Land,93 Dart Hill Rd,South Windsor,CT,06074,64900,,,South Windsor,,87991,,519,,,Active,,,http://www.redfin.com/CT/South-Windsor/93-Dart-Hill-Rd-06074/home/54136032,Smart MLS,170148331,N,Y,41.8469516,-72.5209694
MLS Listing,,Condo/Co-op,43 Shepard Way (#33) #33,South Windsor,CT,06074,425340,3,2.5,Wapping,2334,,2018,827,182,225,Active,,,http://www.redfin.com/CT/South-Windsor/43-Shepard-Way-06074/unit-33/home/144798236,Smart MLS,170048737,N,Y,41.8200013,-72.6001986
For-Sale-by-Owner Listing,,Single Family Residential,41 Hayes Rd,South Windsor,CT,06074,290000,4,2.0,South Windsor,2004,20037,1961,59,145,,Active,,,http://www.redfin.com/CT/South-Windsor/41-Hayes-Rd-06074/home/54131726,Fizber.com,5050395,N,Y,41.8499998,-72.5553969
New Construction Home,,Single Family Residential,52 Shepard Way,South Windsor,CT,06074,428150,3,2.5,South Windsor Woods,2331,,2019,467,184,,Active,,,http://www.redfin.com/CT/South-Windsor/52-Shepard-Way-06074/unit-52/home/138487596,NewHomeSource.com,1578428,N,Y,41.81782,-72.604198
New Construction Plan,,Single Family Residential,The Griswold,South Windsor,CT,06074,400900,3,2.5,South Windsor Woods,,,,,,,Active,,,http://www.redfin.com/CT/South-Windsor/South-Windsor-Woods/The-Griswold/home/144515182,NewHomeSource.com,Plan-121160394,N,Y,41.8183644,-72.6041203
