SALE TYPE,SOLD DATE,PROPERTY TYPE,ADDRESS,CITY,STATE OR PROVINCE,ZIP OR POSTAL CODE,PRICE,BEDS,BATHS,LOCATION,SQUARE FEET,LOT SIZE,YEAR BUILT,DAYS ON MARKET,$/SQUARE FEET,HOA/MONTH,STATUS,NEXT OPEN HOUSE START TIME,NEXT OPEN HOUSE END TIME,URL (SEE http://www.redfin.com/buy-a-home/comparative-market-analysis FOR INFO ON PRICING),SOURCE,MLS#,FAVORITE,INTERESTED,LATITUDE,LONGITUDE
MLS Listing,,Condo/Co-op,252 Agawam Dr Unit B,Stratford,CT,06614,330000,3,3.0,Oronoque,2475,,1972,1,133,485,Active,,,http://www.redfin.com/CT/Stratford/252-Agawam-Dr-06614/unit-B/home/107226472,Smart MLS,170281321,N,Y,41.2457602,-73.1133822
MLS Listing,,Condo/Co-op,685 Success Ave #9,Stratford,CT,06614,139000,1,1.0,Stratford,841,,1985,1,165,170,Active,,,http://www.redfin.com/CT/Stratford/685-Success-Ave-06614/unit-9/home/107227138,Smart MLS,170293151,N,Y,41.2012757,-73.156317
MLS Listing,,Condo/Co-op,75 River Bend Rd Unit C,Stratford,CT,06614,239900,2,2.5,North End,1350,,1974,1,178,149,Active,,,http://www.redfin.com/CT/Stratford/75-River-Bend-Rd-06614/unit-C/home/107220385,Smart MLS,170293155,N,Y,41.2662369,-73.1109319
MLS Listing,,Single Family Residential,235 Bunnyview Dr,Stratford,CT,06614,260000,3,1.0,Bunnell,1444,11325,1963,1,180,,Active,,,http://www.redfin.com/CT/Stratford/235-Bunnyview-Dr-06614/home/107213566,Smart MLS,170292652,N,Y,41.233761,-73.1325863
MLS Listing,,Condo/Co-op,40 California St Unit A10,Stratford,CT,06615,95000,1,1.0,North End,728,,1972,1,130,283,Active,,,http://www.redfin.com/CT/Stratford/40-California-St-06615/unit-A10/home/107215595,Smart MLS,170293210,N,Y,41.1919824,-73.1367662
MLS Listing,,Single Family Residential,175 5th Ave,Stratford,CT,06615,334900,3,1.5,Stratford,1207,8712,1950,1,277,,Active,,,http://www.redfin.com/CT/Stratford/175-5th-Ave-06615/home/107216181,Smart MLS,170293237,N,Y,41.1508236,-73.133676
MLS Listing,,Single Family Residential,110 Maple Oak Dr #110,Stratford,CT,06614,479900,3,2.5,Oronoque,2774,,2013,2,173,295,Active,,,http://www.redfin.com/CT/Stratford/110-Maple-Oak-Dr-06614/unit-110/home/171480014,Smart MLS,170293160,N,Y,41.257275,-73.110273
MLS Listing,,Single Family Residential,299 Housatonic Ave,Stratford,CT,06615,299900,3,1.5,Stratford,1470,10890,1917,2,204,,Active,,,http://www.redfin.com/CT/Stratford/299-Housatonic-Ave-06615/home/107211777,Smart MLS,170292037,N,Y,41.1936873,-73.1201734
MLS Listing,,Condo/Co-op,301 Bar Harbour Rd,Stratford,CT,06614,269000,2,3.0,North End,2770,,1977,2,97,354,Active,,,http://www.redfin.com/CT/Stratford/301-Bar-Harbor-Rd-06614/home/107219582,Smart MLS,170291648,N,Y,41.2437071,-73.09913
MLS Listing,,Single Family Residential,220 Dahl Ave,Stratford,CT,06614,219900,3,1.0,North End,1080,4791,1968,2,204,,Active,,,http://www.redfin.com/CT/Stratford/220-Dahl-Ave-06614/home/107213781,Smart MLS,170292873,N,Y,41.2173903,-73.1387177
MLS Listing,,Single Family Residential,97 1st Ave,Stratford,CT,06615,749000,4,2.5,Lordship,3373,6534,2011,3,222,,Active,,,http://www.redfin.com/CT/Stratford/97-1st-Ave-06615/home/107218223,Smart MLS,170292810,N,Y,41.1494088,-73.127884
MLS Listing,,Single Family Residential,47 Ryan Ave,Stratford,CT,06615,199000,3,1.5,Stratford,1456,3920,1979,4,137,,Active,,,http://www.redfin.com/CT/Stratford/47-Ryan-Ave-06615/home/107225561,Smart MLS,170292424,N,Y,41.1720106,-73.1351685
MLS Listing,,Condo/Co-op,685 Success Ave #24,Stratford,CT,06614,137000,1,1.0,Stratford,841,,1985,4,163,170,Active,,,http://www.redfin.com/CT/Stratford/685-Success-Ave-06614/unit-24/home/107213738,Smart MLS,170292181,N,Y,41.2012757,-73.156317
MLS Listing,,Condo/Co-op,474 Commanche Ln Unit B,Stratford,CT,06614,269900,1,3.0,Oronoque,2234,,1975,5,121,464,Active,,,http://www.redfin.com/CT/Stratford/474-Commanche-Ln-06614/unit-B/home/107219163,Smart MLS,170291895,N,Y,41.253905,-73.109166
MLS Listing,,Single Family Residential,441 Patterson Ave,Stratford,CT,06614,309000,3,2.0,Paradise Green,1462,7405,1932,5,211,,Active,,,http://www.redfin.com/CT/Stratford/441-Patterson-Ave-06614/home/107221858,Smart MLS,170282401,N,Y,41.2045628,-73.1217063
MLS Listing,,Condo/Co-op,177 Breakers Ln,Stratford,CT,06615,299900,1,2.0,Lordship,1217,,1988,6,246,395,Active,,,http://www.redfin.com/CT/Stratford/177-Breakers-Ln-06615/home/107210599,Smart MLS,170292011,N,Y,41.1696297,-73.1125819
MLS Listing,,Single Family Residential,35 Newport Ave,Stratford,CT,06615,285000,3,1.0,Stratford,1294,5227,1955,6,220,,Active,,,http://www.redfin.com/CT/Stratford/35-Newport-Ave-06615/home/107217579,Smart MLS,170292041,N,Y,41.1893152,-73.1448373
MLS Listing,,Single Family Residential,66 Pumpkin Ground Rd,Stratford,CT,06614,264900,3,2.5,North End,1279,4791,1941,7,207,,Active,,,http://www.redfin.com/CT/Stratford/66-Pumpkin-Ground-Rd-06614/home/107223584,Smart MLS,170291732,N,Y,41.2389307,-73.1319409
MLS Listing,,Single Family Residential,18 Collins St,Stratford,CT,06614,260000,3,1.5,Stratford,1526,6098,2006,7,170,,Active,,,http://www.redfin.com/CT/Stratford/18-Collins-St-06614/home/107216546,Smart MLS,170291601,N,Y,41.1967346,-73.1483984
MLS Listing,,Condo/Co-op,274 Breakers Ln #274,Stratford,CT,06615,327900,2,1.5,Lordship,1525,,1988,7,215,395,Active,,,http://www.redfin.com/CT/Stratford/274-Breakers-Ln-06615/unit-274/home/170200082,Smart MLS,170289854,N,Y,41.169723,-73.1123593
MLS Listing,,Multi-Family (2-4 Unit),160 Clover St,Stratford,CT,06614,429900,7,4.0,Stonybrook,3280,4791,1951,10,131,,Active,,,http://www.redfin.com/CT/Stratford/160-Clover-St-06614/home/107218644,Smart MLS,170290993,N,Y,41.1951249,-73.15246
MLS Listing,,Condo/Co-op,523 Iroquois Ln Unit A,Stratford,CT,06614,299500,2,2.5,Oronoque,1426,,1976,10,210,463,Active,,,http://www.redfin.com/CT/Stratford/523-Iroquois-Ln-06614/unit-A/home/107214837,Smart MLS,170289560,N,Y,41.256045,-73.109405
MLS Listing,,Condo/Co-op,1160 Success Ct,Stratford,CT,06614,89900,2,1.0,Stonybrook,950,,1940,10,95,461,Active,,,http://www.redfin.com/CT/Stratford/1160-Success-CT-06614/home/169526028,Smart MLS,170290824,N,Y,41.208211,-73.154449
MLS Listing,,Single Family Residential,1435 North Ave,Stratford,CT,06614,369900,3,2.5,Paradise Green,1914,12632,1910,11,193,,Active,,,http://www.redfin.com/CT/Stratford/1435-North-Ave-06614/home/107210794,Smart MLS,170290631,N,Y,41.20429,-73.1394553
MLS Listing,,Single Family Residential,5053 Main St,Stratford,CT,06614,324900,4,2.0,Stratford,2212,20908,1856,11,147,,Active,,,http://www.redfin.com/CT/Stratford/5053-Main-St-06614/home/107217111,Smart MLS,170290525,N,Y,41.2245145,-73.115056
MLS Listing,,Single Family Residential,96 Allencrest Dr,Stratford,CT,06614,329900,4,2.0,Stratford,1884,10018,1948,11,175,,Active,,,http://www.redfin.com/CT/Stratford/96-Allencrest-Dr-06614/home/107222029,Smart MLS,170290511,N,Y,41.2222367,-73.1521783
MLS Listing,,Single Family Residential,118 2nd Ave,Stratford,CT,06615,339900,4,2.5,Lordship,2828,10018,1987,13,120,,Active,,,http://www.redfin.com/CT/Stratford/118-2nd-Ave-06615/home/107218264,Smart MLS,170290292,N,Y,41.1495676,-73.1299586
MLS Listing,,Single Family Residential,175 Peters Ln,Stratford,CT,06614,459900,4,2.5,Oronoque,2756,58806,1987,14,167,,Active,,,http://www.redfin.com/CT/Stratford/175-Peters-Ln-06614/home/107213372,Smart MLS,170284264,N,Y,41.2429702,-73.1222595
MLS Listing,,Condo/Co-op,227 Shoshoni Ln #227,Stratford,CT,06614,179900,1,1.5,Oronoque,1575,,1972,14,114,385,Active,,,http://www.redfin.com/CT/Stratford/227-Shoshoni-Ln-06614/unit-227/home/170451726,Smart MLS,170290058,N,Y,41.2461883,-73.1127601
MLS Listing,,Single Family Residential,150 Ruby Ln,Stratford,CT,06614,329900,3,2.0,Stratford,1656,15681,1957,14,199,,Active,,,http://www.redfin.com/CT/Stratford/150-Ruby-Ln-06614/home/107214177,Smart MLS,170281792,N,Y,41.2237258,-73.1585396
MLS Listing,,Single Family Residential,170 Walnut St,Stratford,CT,06615,329900,5,2.5,Lordship,1982,7405,1960,14,166,,Active,,,http://www.redfin.com/CT/Stratford/170-Walnut-St-06615/home/107223242,Smart MLS,170289659,N,Y,41.1581459,-73.122444
MLS Listing,,Single Family Residential,43 Vermont Ave,Stratford,CT,06615,539000,3,3.0,Lordship,1912,11761,1951,16,282,,Active,,,http://www.redfin.com/CT/Stratford/43-Vermont-Ave-06615/home/107220874,Smart MLS,170289786,N,Y,41.1547683,-73.1139609
MLS Listing,,Condo/Co-op,637 Old Knife Ln Unit A,Stratford,CT,06614,219900,1,2.5,Oronoque,1675,,1976,18,131,385,Active,,,http://www.redfin.com/CT/Stratford/637-Old-Knife-Ln-06614/unit-A/home/107216097,Smart MLS,170288170,N,Y,41.254231,-73.114719
MLS Listing,,Condo/Co-op,106 Ferry Ct #106,Stratford,CT,06615,172500,1,1.5,Stratford,970,,1981,25,178,285,Active,,,http://www.redfin.com/CT/Stratford/106-Ferry-Ct-06615/unit-106/home/171316609,Smart MLS,170287943,N,Y,41.1981495,-73.1171351
MLS Listing,,Single Family Residential,79 Priscilla Ln,Stratford,CT,06615,179900,3,2.0,South End,1377,3920,1955,26,131,,Active,,,http://www.redfin.com/CT/Stratford/79-Priscilla-Ln-06615/home/107222146,Smart MLS,170287810,N,Y,41.1740832,-73.1372101
MLS Listing,,Single Family Residential,61 Winton Pl,Stratford,CT,06614,434500,5,3.5,North End,5017,36154,1938,28,87,,Active,,,http://www.redfin.com/CT/Stratford/61-Winton-Pl-06614/home/107212524,Smart MLS,170287590,N,Y,41.2226502,-73.1187903
MLS Listing,,Single Family Residential,66 1st Ave,Stratford,CT,06615,499000,2,1.0,Lordship,1260,12632,2012,29,396,,Active,,,http://www.redfin.com/CT/Stratford/66-1st-Ave-06615/home/107221078,Smart MLS,170279868,N,Y,41.1489955,-73.127423
MLS Listing,,Single Family Residential,206 2nd Ave,Stratford,CT,06615,399900,3,2.0,Lordship,1807,6969,1941,29,221,,Active,,,http://www.redfin.com/CT/Stratford/206-2nd-Ave-06615/home/107213919,Smart MLS,170287302,N,Y,41.1511383,-73.1297281
MLS Listing,,Condo/Co-op,123 Cayuga Ln Unit A,Stratford,CT,06614,259900,2,2.0,Oronoque,1826,,1973,31,142,463,Active,,,http://www.redfin.com/CT/Stratford/123-Cayuga-Ln-06614/unit-A/home/107214850,Smart MLS,170280515,N,Y,41.248207,-73.113183
MLS Listing,,Single Family Residential,520 Allyndale Dr,Stratford,CT,06614,234900,3,1.5,North End,1596,5227,1929,37,147,,Active,,,http://www.redfin.com/CT/Stratford/520-Allyndale-Dr-06614/home/107215522,Smart MLS,170285903,N,Y,41.2086192,-73.1276074
MLS Listing,,Single Family Residential,374 Hurd Ave,Stratford,CT,06614,229000,3,1.0,Stratford,1238,6534,1940,38,185,,Active,,,http://www.redfin.com/CT/Stratford/374-Hurd-Ave-06614/home/107224310,Smart MLS,170285569,N,Y,41.202448,-73.1246569
MLS Listing,,Single Family Residential,42 Greenfield Ave,Stratford,CT,06614,239900,3,1.0,Stratford,1160,4791,1950,40,207,,Active,,,http://www.redfin.com/CT/Stratford/42-Greenfield-Ave-06614/home/107222875,Smart MLS,170285155,N,Y,41.209725,-73.1401122
MLS Listing,,Condo/Co-op,521 Iroquois Ln Unit A,Stratford,CT,06614,239900,1,2.0,Oronoque,2054,,1976,42,117,417,Active,,,http://www.redfin.com/CT/Stratford/521b-Iroquois-Ln-06614/unit-A/home/107212087,Smart MLS,170275484,N,Y,41.256509,-73.1094661
MLS Listing,,Single Family Residential,157 Clover St,Stratford,CT,06614,220000,4,2.5,Stratford,2688,12196,1947,42,82,,Active,,,http://www.redfin.com/CT/Stratford/157-Clover-St-06614/home/107226155,Smart MLS,170284327,N,Y,41.1951288,-73.1529043
MLS Listing,,Single Family Residential,348 Housatonic Ave,Stratford,CT,06615,1350000,5,9.0,Stratford,10467,39204,2005,42,129,,Active,,,http://www.redfin.com/CT/Stratford/348-Housatonic-Ave-06615/home/107210410,Smart MLS,170284071,N,Y,41.1941398,-73.1190554
MLS Listing,,Single Family Residential,64 Hazelwood Ter,Stratford,CT,06614,234900,4,1.5,Stratford,1664,14810,1950,43,141,,Active,,,http://www.redfin.com/CT/Stratford/64-Hazelwood-Ter-06614/home/107215303,Smart MLS,170284613,N,Y,41.2189651,-73.1455172
MLS Listing,,Single Family Residential,190 Dahl Ave,Stratford,CT,06614,285000,3,2.0,North End,1498,8712,1954,44,190,,Active,,,http://www.redfin.com/CT/Stratford/190-Dahl-Ave-06614/home/107220299,Smart MLS,170284157,N,Y,41.2175086,-73.1379801
MLS Listing,,Single Family Residential,56 Mcquillan St,Stratford,CT,06614,305000,3,1.0,Stratford,1340,6534,1950,44,228,,Active,,,http://www.redfin.com/CT/Stratford/56-McQuillan-St-06614/home/107225293,Smart MLS,170284283,N,Y,41.1998364,-73.1459091
MLS Listing,,Condo/Co-op,406 Montauk Ln Unit A,Stratford,CT,06614,283000,1,2.0,Oronoque,1360,,1971,46,208,463,Active,,,http://www.redfin.com/CT/Stratford/406-Montauk-Ln-06614/unit-A/home/107211809,Smart MLS,170283853,N,Y,41.24669,-73.109586
MLS Listing,,Condo/Co-op,498 Niantic Ln Unit B,Stratford,CT,06614,288500,2,3.0,Oronoque,2988,,1975,46,97,489,Active,,,http://www.redfin.com/CT/Stratford/498-Niantic-Ln-06614/unit-B/home/107215961,Smart MLS,170270792,N,Y,41.253981,-73.108665
MLS Listing,,Single Family Residential,401 Ocean Ave,Stratford,CT,06615,2450000,5,4.5,Lordship,7364,47044,2006,49,333,,Active,,,http://www.redfin.com/CT/Stratford/401-Ocean-Ave-06615/home/107215663,Smart MLS,170282950,N,Y,41.1496915,-73.1249335
MLS Listing,,Condo/Co-op,220 Maple Oak Dr #220,Stratford,CT,06614,469900,3,2.5,Stratford,2658,,2006,50,177,295,Active,,,http://www.redfin.com/CT/Stratford/Maple-Oak-Dr-06614/unit-220/home/145093537,Smart MLS,170282944,N,Y,41.258493,-73.111113
MLS Listing,,Condo/Co-op,38 Cupheag Cres,Stratford,CT,06614,65000,2,1.0,Stonybrook,722,,1941,50,90,475,Active,,,http://www.redfin.com/CT/Stratford/38-Cupheag-Cres-06614/home/171153449,Smart MLS,170282499,N,Y,41.2093135,-73.1549417
MLS Listing,,Single Family Residential,441 Ocean Ave,Stratford,CT,06615,699000,7,3.0,Lordship,3601,32234,1900,52,194,,Active,,,http://www.redfin.com/CT/Stratford/441-Ocean-Ave-06615/home/107220801,Smart MLS,170282524,N,Y,41.1507581,-73.1240468
MLS Listing,,Single Family Residential,38 Knowlton St,Stratford,CT,06615,234900,3,1.0,West Side,1044,6098,1955,53,225,,Active,,,http://www.redfin.com/CT/Stratford/38-Knowlton-St-06615/home/107212228,Smart MLS,170281808,N,Y,41.1873551,-73.1429127
MLS Listing,,Single Family Residential,220 Flagler Ave,Stratford,CT,06614,324900,4,1.0,Bunnell,1700,15245,1949,53,191,,Active,,,http://www.redfin.com/CT/Stratford/220-Flagler-Ave-06614/home/107209467,Smart MLS,170281112,N,Y,41.2264599,-73.1342921
MLS Listing,,Vacant Land,24 Surf Ave,Stratford,CT,06615,275000,,,Stratford,,27007,,53,,,Active,,,http://www.redfin.com/CT/Stratford/24-Surf-Ave-06615/home/171127748,Smart MLS,170281912,N,Y,41.183011,-73.1486795
MLS Listing,,Condo/Co-op,11 Shoreline Dr #11,Stratford,CT,06615,575000,2,2.5,Lordship,1550,,2003,54,371,100,Active,,,http://www.redfin.com/CT/Stratford/11-Shoreline-Dr-06615/unit-11/home/171124334,Smart MLS,170281767,N,Y,41.1483913,-73.1270198
MLS Listing,,Single Family Residential,646 Riverdale Dr,Stratford,CT,06615,679000,4,2.5,Lordship,3258,13068,1952,55,208,,Active,,,http://www.redfin.com/CT/Stratford/646-Riverdale-Dr-06615/home/107219556,Smart MLS,170279384,N,Y,41.1545726,-73.1077651
MLS Listing,,Single Family Residential,133 Glenfield Ave,Stratford,CT,06614,379000,3,2.0,Stratford,1510,8712,1942,57,251,,Active,,,http://www.redfin.com/CT/Stratford/133-Glenfield-Ave-06614/home/107209487,Smart MLS,170281047,N,Y,41.2099329,-73.1409881
MLS Listing,,Single Family Residential,29 Stiles St,Stratford,CT,06614,289900,3,1.5,Paradise Green,1645,5662,1926,59,176,,Active,,,http://www.redfin.com/CT/Stratford/29-Stiles-St-06614/home/107212229,Smart MLS,170280405,N,Y,41.2082036,-73.123827
MLS Listing,,Single Family Residential,383 Windsor Ave,Stratford,CT,06614,325000,3,1.5,Paradise Green,1914,4791,1925,59,170,,Active,,,http://www.redfin.com/CT/Stratford/383-Windsor-Ave-06614/home/107216675,Smart MLS,170278867,N,Y,41.2089642,-73.1255213
MLS Listing,,Vacant Land,0 Cedar St,Stratford,CT,06614,145000,,,Lordship,,7405,,60,,,Active,,,http://www.redfin.com/CT/STRATFORD/CEDAR-ST-06614/home/143136568,Smart MLS,170279889,N,Y,41.156577,-73.124708
MLS Listing,,Single Family Residential,971 E Broadway,Stratford,CT,06615,339000,6,2.5,Academy Hill,1776,7840,1900,60,191,,Active,,,http://www.redfin.com/CT/Stratford/971-E-Broadway-06615/home/146358565,Smart MLS,170279969,N,Y,41.1926526,-73.1293593
MLS Listing,,Single Family Residential,12 Laurel St,Stratford,CT,06615,1175000,3,3.5,Lordship,2450,11761,1938,61,480,,Active,,,http://www.redfin.com/CT/Stratford/12-Laurel-St-06615/home/107209319,Smart MLS,170279623,N,Y,41.1524842,-73.1183408
MLS Listing,,Single Family Residential,68 2nd Ave,Stratford,CT,06615,367000,4,3.0,Lordship,1935,9147,1978,61,190,,Active,,,http://www.redfin.com/CT/Stratford/68-2nd-Ave-06615/home/107215874,Smart MLS,170279506,N,Y,41.1487744,-73.1300854
MLS Listing,,Single Family Residential,404 Highland Ave,Stratford,CT,06614,224900,3,1.0,North End,1421,10890,1907,63,158,,Active,,,http://www.redfin.com/CT/Stratford/404-Highland-Ave-06614/home/107213211,Smart MLS,170278527,N,Y,41.2189162,-73.1313416
MLS Listing,,Condo/Co-op,412 Blackhawk Ln Unit B,Stratford,CT,06614,199000,1,2.5,Oronoque,1118,,1971,67,178,385,Active,,,http://www.redfin.com/CT/Stratford/412-Blackhawk-Ln-06614/unit-B/home/107220232,Smart MLS,170277198,N,Y,41.24771,-73.108468
MLS Listing,,Condo/Co-op,597A Sioux Ln #597,Stratford,CT,06614,259900,1,3.0,Oronoque,1918,,1974,68,136,463,Active,,,http://www.redfin.com/CT/Stratford/597-Sioux-Ln-06614/unit-597/home/171249940,Smart MLS,170275506,N,Y,41.2526833,-73.1113087
MLS Listing,,Single Family Residential,217 1st Ave,Stratford,CT,06615,419000,4,2.0,Lordship,2070,14374,1910,68,202,,Active,,,http://www.redfin.com/CT/Stratford/217-1st-Ave-06615/home/107221305,Smart MLS,170270384,N,Y,41.151042,-73.1275613
MLS Listing,,Single Family Residential,728 Huntington Rd,Stratford,CT,06614,214999,4,1.0,North End,1236,7840,1950,69,174,,Active,,,http://www.redfin.com/CT/Stratford/728-Huntington-Rd-06614/home/107223396,Smart MLS,170276799,N,Y,41.2171906,-73.1338311
MLS Listing,,Multi-Family (2-4 Unit),48-50 Priscilla Ln,Stratford,CT,06615,195000,0,,Stratford,1960,7405,1955,70,99,,Active,,,http://www.redfin.com/CT/Stratford/48-Priscilla-Ln-06615/home/107222023,Smart MLS,170276691,N,Y,41.1736947,-73.137934
MLS Listing,,Condo/Co-op,72A Dakota Ln Unit A,Stratford,CT,06614,289900,1,2.0,Oronoque,1718,,1971,70,169,385,Active,,,http://www.redfin.com/CT/Stratford/72a-Dakota-Ln-06614/unit-A/home/170695874,Smart MLS,170276649,N,Y,41.2477444,-73.1101014
MLS Listing,,Single Family Residential,220 Clinton Ave,Stratford,CT,06605,424999,4,2.5,Paradise Green,2110,13503,2014,70,201,,Active,,,http://www.redfin.com/CT/Stratford/220-Clinton-Ave-06614/home/107213719,Smart MLS,170276555,N,Y,41.2011053,-73.1245609
MLS Listing,,Condo/Co-op,653 Osage Ln Unit B,Stratford,CT,06614,299900,2,2.5,Oronoque,2076,,1976,72,144,464,Active,,,http://www.redfin.com/CT/Stratford/Osage-Ln-06614/unit-B/home/107212911,Smart MLS,170275849,N,Y,41.25346,-73.115795
MLS Listing,,Condo/Co-op,157 Breakers Ln #157,Stratford,CT,06615,319900,1,2.0,Stratford,1199,,1997,73,267,395,Active,,,http://www.redfin.com/CT/Stratford/157-Breakers-Ln-06615/unit-157/home/170663160,Smart MLS,170275275,N,Y,41.1698979,-73.1129992
MLS Listing,,Condo/Co-op,1460 Elm St #123,Stratford,CT,06615,169000,1,1.0,Stratford,1088,,1976,74,155,280,Active,,,http://www.redfin.com/CT/Stratford/1460-Elm-St-06615/unit-123/home/107222515,Smart MLS,170275116,N,Y,41.1813591,-73.1278053
MLS Listing,,Single Family Residential,157 Ryegate Ter,Stratford,CT,06615,479900,3,2.0,Lordship,1740,10018,1951,74,276,,Active,,,http://www.redfin.com/CT/Stratford/157-Ryegate-Ter-06615/home/107213903,Smart MLS,170275010,N,Y,41.1545951,-73.1120074
MLS Listing,,Single Family Residential,145 Pilgrim Ln,Stratford,CT,06614,419000,4,2.5,North End,2384,40075,1986,78,176,,Active,,,http://www.redfin.com/CT/Stratford/145-Pilgrim-Ln-06614/home/107208990,Smart MLS,170273735,N,Y,41.2533172,-73.1065439
MLS Listing,,Single Family Residential,21 Fairview Ave,Stratford,CT,06614,174500,3,1.0,Paradise Green,1224,7405,1952,81,143,,Active,,,http://www.redfin.com/CT/Stratford/21-Fairview-Ave-06614/home/107209089,Smart MLS,170272922,N,Y,41.2011971,-73.1339924
MLS Listing,,Condo/Co-op,736 Quinnipiac Ln Unit A,Stratford,CT,06614,249000,1,2.0,Oronoque,1426,,1977,88,175,463,Active,,,http://www.redfin.com/CT/Stratford/736-Quinnipiac-Ln-06614/unit-A/home/107224353,Smart MLS,170268997,N,Y,41.252552,-73.115646
MLS Listing,,Single Family Residential,504 Franklin Ave,Stratford,CT,06614,137500,3,1.0,Stratford,1167,7840,1952,89,118,,Active,,,http://www.redfin.com/CT/Stratford/504-Franklin-Ave-06614/home/107222067,Smart MLS,170270607,N,Y,41.1999427,-73.1483984
MLS Listing,,Single Family Residential,310 Nutmeg Ln #310,Stratford,CT,06614,485000,4,3.5,North End,3585,43560,2015,91,135,124,Active,,,http://www.redfin.com/CT/Stratford/310-Nutmeg-Ln-06614/unit-310/home/170520008,Smart MLS,170270175,N,Y,41.2449153,-73.1298664
MLS Listing,,Vacant Land,382 Ferry Blvd,Stratford,CT,06615,2590000,,,APPROVED APT COMPLEX,,111949,,91,,,Active,,,http://www.redfin.com/CT/Stratford/382-Ferry-Blvd-06615/home/145211359,Smart MLS,170270260,N,Y,41.1954419,-73.1208447
MLS Listing,,Single Family Residential,9 Wooster Ave,Stratford,CT,06615,99900,3,1.0,South End,1192,3920,1955,92,84,,Active,,,http://www.redfin.com/CT/Stratford/9-Wooster-Ave-06615/home/107226692,Smart MLS,170269896,N,Y,41.1752697,-73.1338927
MLS Listing,,Single Family Residential,695 Wilcoxson Ave,Stratford,CT,06614,299000,3,1.5,Paradise Green,1661,4791,1918,95,180,,Active,,,http://www.redfin.com/CT/Stratford/695-Wilcoxson-Ave-06614/home/107215900,Smart MLS,170268617,N,Y,41.2077895,-73.1244379
MLS Listing,,Single Family Residential,82 Victoria LAWN,Stratford,CT,06615,659000,5,3.0,Lordship,3411,8712,1939,95,193,,Active,,,http://www.redfin.com/CT/Stratford/82-Victoria-Lawn-06615/home/107225065,Smart MLS,170268510,N,Y,41.15233,-73.1218907
MLS Listing,,Single Family Residential,576 Huntington Rd,Stratford,CT,06614,415000,3,3.0,North End,1600,9147,1990,98,259,,Active,,,http://www.redfin.com/CT/Stratford/576-Huntington-Rd-06614/home/107213341,Smart MLS,170268456,N,Y,41.2150773,-73.1327246
MLS Listing,,Single Family Residential,421 Bridgeview Pl,Stratford,CT,06614,335000,4,3.5,Stratford,3399,11325,1952,98,99,,Active,,,http://www.redfin.com/CT/Stratford/421-Bridgeview-Pl-06614/home/107220168,Smart MLS,170268297,N,Y,41.2201163,-73.1167271
MLS Listing,,Single Family Residential,18 Philo St,Stratford,CT,06615,199900,3,1.5,South End,1082,6534,1900,98,185,,Active,,,http://www.redfin.com/CT/Stratford/18-Philo-St-06615/home/107218391,Smart MLS,170268211,N,Y,41.169626,-73.1352025
MLS Listing,,Single Family Residential,801 Birdseye St,Stratford,CT,06615,159900,3,1.0,South End,1033,6098,1900,103,155,,Active,,,http://www.redfin.com/CT/Stratford/801-Birdseye-St-06615/home/107218174,Smart MLS,170266421,N,Y,41.1800771,-73.140746
MLS Listing,,Condo/Co-op,8 3rd Ave #8,Stratford,CT,06615,137900,2,1.0,Lordship,836,,1923,105,165,100,Active,,,http://www.redfin.com/CT/Stratford/8-3rd-Ave-06615/unit-8/home/170428674,Smart MLS,170265233,N,Y,41.1480013,-73.1314407
MLS Listing,,Single Family Residential,1215 Prospect Dr,Stratford,CT,06615,1475000,3,4.0,Lordship,3795,11325,2006,107,389,,Active,,,http://www.redfin.com/CT/Stratford/1215-Prospect-Dr-06615/home/107208688,Smart MLS,170265631,N,Y,41.1521027,-73.1033566
MLS Listing,,Condo/Co-op,629 Onondaga Ln Unit B,Stratford,CT,06614,269900,2,2.5,Stratford,1876,,1976,108,144,493,Active,,,http://www.redfin.com/CT/Stratford/629-Onondaga-Ln-06614/unit-B/home/107225576,Smart MLS,170265427,N,Y,41.254953,-73.114481
MLS Listing,,Single Family Residential,149 Swanson Ave,Stratford,CT,06614,209900,3,1.0,Stonybrook,1090,5227,1925,113,193,,Active,,,http://www.redfin.com/CT/Stratford/149-Swanson-Ave-06614/home/107218704,Smart MLS,170264398,N,Y,41.1993513,-73.152282
MLS Listing,,Condo/Co-op,304 South Trl Unit A,Stratford,CT,06614,245000,1,1.5,Oronoque,1675,,1974,113,146,385,Active,,,http://www.redfin.com/CT/Stratford/304-S-Trl-06614/unit-A/home/107223182,Smart MLS,170262002,N,Y,41.24529,-73.10859
MLS Listing,,Single Family Residential,248 Canaan Rd,Stratford,CT,06614,209000,3,1.0,Stratford,1206,6098,1941,113,173,,Active,,,http://www.redfin.com/CT/Stratford/248-Canaan-Rd-06614/home/107220051,Smart MLS,170262962,N,Y,41.1974954,-73.1476147
MLS Listing,,Condo/Co-op,606 Cherokee Ln Unit A,Stratford,CT,06614,248000,1,3.0,Oronoque,2038,,1974,114,122,463,Active,,,http://www.redfin.com/CT/Stratford/606-Cherokee-Ln-06614/unit-A/home/107215162,Smart MLS,170263108,N,Y,41.251653,-73.11051
MLS Listing,,Single Family Residential,40 Roosevelt Forest Dr,Stratford,CT,06614,487000,4,3.0,North End,4390,48787,1973,114,111,,Active,,,http://www.redfin.com/CT/Stratford/40-Roosevelt-Forest-Dr-06614/home/107226511,Smart MLS,170260983,N,Y,41.249363,-73.1377945
MLS Listing,,Multi-Family (2-4 Unit),344 Sunnybank Ave,Stratford,CT,06614,379000,4,3.0,North End,2119,7840,1957,118,179,,Active,,,http://www.redfin.com/CT/Stratford/344-Sunnybank-Ave-06614/home/107226269,Smart MLS,170261402,N,Y,41.2150992,-73.1397319
MLS Listing,,Single Family Residential,1 3rd Ave,Stratford,CT,06615,399000,3,1.5,Lordship,1644,3920,2007,119,243,,Active,,,http://www.redfin.com/CT/Stratford/1-3rd-Ave-06615/home/107218922,Smart MLS,170262676,N,Y,41.1481767,-73.1318948
MLS Listing,,Single Family Residential,370 Maple Oak Dr #37,Stratford,CT,06614,429000,2,2.5,Oronoque,1500,10018,2019,121,286,295,Active,,,http://www.redfin.com/CT/Stratford/37-Maple-Oak-Dr-06614/unit-37/home/144528139,Smart MLS,170262009,N,Y,41.2581394,-73.1086184
MLS Listing,,Single Family Residential,135 Gina Cir,Stratford,CT,06614,349900,3,2.5,Bunnell,1848,12196,1989,123,189,,Active,,,http://www.redfin.com/CT/Stratford/135-Gina-Cir-06614/home/107219789,Smart MLS,170261581,N,Y,41.2317571,-73.1290453
MLS Listing,,Single Family Residential,95 Bunnell Ave,Stratford,CT,06614,329900,4,2.5,Bunnell,2184,12196,1962,123,151,,Active,,,http://www.redfin.com/CT/Stratford/95-Bunnell-Ave-06614/home/107223856,Smart MLS,170261525,N,Y,41.2226718,-73.1407624
MLS Listing,,Condo/Co-op,214 Breakers Ln #214,Stratford,CT,06615,264900,2,1.5,Lordship,1525,,1988,126,174,395,Active,,,http://www.redfin.com/CT/Stratford/214-Breakers-Ln-06615/unit-214/home/144532950,Smart MLS,170260674,N,Y,41.1704952,-73.1138036
MLS Listing,,Single Family Residential,904 E Broadway,Stratford,CT,06615,349000,3,2.5,Academy Hill,2183,10018,1762,127,160,,Active,,,http://www.redfin.com/CT/Stratford/904-E-Broadway-06615/home/107215628,Smart MLS,170260563,N,Y,41.1929576,-73.1281261
MLS Listing,,Single Family Residential,1670 Elm St,Stratford,CT,06615,400000,4,3.0,Macs Harbor,2596,17424,1835,130,154,200,Active,,,http://www.redfin.com/CT/Stratford/1670-Elm-St-06615/home/40495540,Smart MLS,170260024,N,Y,41.1836253,-73.1275184
MLS Listing,,Multi-Family (2-4 Unit),340 Wiklund Ave,Stratford,CT,06614,495000,6,3.0,Stonybrook,3076,7405,1972,133,161,,Active,,,http://www.redfin.com/CT/Stratford/340-Wiklund-Ave-06614/home/107221859,Smart MLS,170259587,N,Y,41.2017444,-73.150752
MLS Listing,,Single Family Residential,20 Longview Dr,Stratford,CT,06614,379000,3,3.5,Oronoque,2261,47480,1998,137,168,,Active,,,http://www.redfin.com/CT/Stratford/20-Longview-Dr-06614/home/107212844,Smart MLS,170259372,N,Y,41.2519499,-73.1035871
MLS Listing,,Single Family Residential,98 Margherita LAWN,Stratford,CT,06615,489000,3,3.0,Lordship,2337,7405,1890,147,209,,Active,,,http://www.redfin.com/CT/Stratford/98-Margherita-Lawn-06615/home/107217303,Smart MLS,170257909,N,Y,41.1530257,-73.1210332
MLS Listing,,Condo/Co-op,526 Chapokele Ln Unit B,Stratford,CT,06614,249900,1,2.5,Oronoque,1975,,1976,151,127,385,Active,,,http://www.redfin.com/CT/Stratford/Chapokele-Ln-06614/unit-B/home/107220848,Smart MLS,170256928,N,Y,41.255573,-73.110413
MLS Listing,,Single Family Residential,135 Nutmeg Ln,Stratford,CT,06614,459900,4,2.5,North End,3106,24829,1990,154,148,,Active,,,http://www.redfin.com/CT/Stratford/135-Nutmeg-Ln-06614/home/107209683,Smart MLS,170256682,N,Y,41.2435933,-73.1314799
MLS Listing,,Single Family Residential,45 Otis St,Stratford,CT,06615,249900,4,2.5,Stratford,1590,7840,1912,165,157,,Active,,,http://www.redfin.com/CT/Stratford/45-Otis-St-06615/home/107209462,Smart MLS,170251474,N,Y,41.1924097,-73.150609
MLS Listing,,Single Family Residential,167 Drome Ave,Stratford,CT,06615,159900,2,1.0,South End,960,6534,1942,166,167,,Active,,,http://www.redfin.com/CT/Stratford/167-Drome-Ave-06615/home/107220338,Smart MLS,170253919,N,Y,41.1813436,-73.1413568
MLS Listing,,Single Family Residential,381 Washington Pkwy,Stratford,CT,06615,479900,4,3.0,Lordship,3137,7405,1949,167,153,,Active,,,http://www.redfin.com/CT/Stratford/381-Washington-Pkwy-06615/home/107223483,Smart MLS,170254494,N,Y,41.1536028,-73.1285199
MLS Listing,,Single Family Residential,395 Franklin Ave,Stratford,CT,06614,270000,3,3.0,Stratford,1838,5662,1954,169,147,,Active,,,http://www.redfin.com/CT/Stratford/395-Franklin-Ave-06614/home/107223549,Smart MLS,170253947,N,Y,41.1984287,-73.1489976
MLS Listing,,Single Family Residential,1877 Nichols Ave,Stratford,CT,06614,249900,4,2.0,North End,1686,22651,1918,176,148,,Active,,,http://www.redfin.com/CT/Stratford/1877-Nichols-Ave-06614/home/107227471,Smart MLS,170251249,N,Y,41.2204319,-73.1498099
MLS Listing,,Single Family Residential,85 Frash St,Stratford,CT,06615,134500,3,1.5,South End,1218,2178,1988,184,110,,Active,,,http://www.redfin.com/CT/Stratford/85-Frash-St-06615/home/107221196,Smart MLS,170250682,N,Y,41.1704409,-73.1343958
MLS Listing,,Single Family Residential,70 Kenyon St,Stratford,CT,06614,244900,4,1.0,Bunnell,1233,27007,1952,185,199,,Active,,,http://www.redfin.com/CT/Stratford/70-Kenyon-St-06614/home/107209100,Smart MLS,170248313,N,Y,41.2152834,-73.1475686
MLS Listing,,Condo/Co-op,449 Hammerstone Ln Unit A,Stratford,CT,06614,249900,2,2.5,Oronoque,1875,,1974,190,133,385,Active,,,http://www.redfin.com/CT/Stratford/Hammerstone-Ln-06614/unit-A/home/107215263,Smart MLS,170248172,N,Y,41.25219,-73.109881
MLS Listing,,Single Family Residential,60 Bates St,Stratford,CT,06615,219000,3,2.0,South End,1040,8276,1977,192,211,,Active,,,http://www.redfin.com/CT/Stratford/60-Bates-St-06615/home/107219413,Smart MLS,170248602,N,Y,41.1731575,-73.135629
MLS Listing,,Vacant Land,230 Ashwood Ter,Stratford,CT,06614,149900,,,North End,,128502,,193,,67,Active,,,http://www.redfin.com/CT/Stratford/230-Ashwood-Ter-06614/home/107222043,Smart MLS,170248355,N,Y,41.2553124,-73.1396397
MLS Listing,,Condo/Co-op,53 CANAAN Ct #23,Stratford,CT,06614,39990,2,1.0,Stonybrook,622,,1943,194,64,500,Active,,,http://www.redfin.com/CT/Stratford/53-Canaan-Ct-06614/unit-23/home/169584959,Smart MLS,170247914,N,Y,41.1994692,-73.1553409
MLS Listing,,Single Family Residential,5370 Main St,Stratford,CT,06614,575000,3,3.0,Putney,5050,97138,1995,205,114,,Active,,,http://www.redfin.com/CT/Stratford/5370-Main-St-06614/home/107226816,Smart MLS,170244552,N,Y,41.2307207,-73.1126238
MLS Listing,,Single Family Residential,200 Green Valley Rd,Stratford,CT,06614,290000,3,2.5,Stratford,1845,13939,1956,221,157,,Active,,,http://www.redfin.com/CT/Stratford/200-Green-Valley-Rd-06614/home/107226131,Smart MLS,170240268,N,Y,41.2259449,-73.1557738
MLS Listing,,Condo/Co-op,159 Vought Pl,Stratford,CT,06614,55500,3,1.0,Stonybrook,982,,1941,240,57,516,Active,,,http://www.redfin.com/CT/Stratford/159-Vought-Pl-06614/home/147933005,Smart MLS,170225523,N,Y,41.2072762,-73.1519857
MLS Listing,,Single Family Residential,190 Bayview Blvd,Stratford,CT,06615,729000,4,3.0,Lordship,3602,28749,1953,287,202,,Active,,,http://www.redfin.com/CT/Stratford/190-Bayview-Blvd-06615/home/107210095,Smart MLS,170219555,N,Y,41.1527938,-73.1117883
MLS Listing,,Single Family Residential,473 King St,Stratford,CT,06614,229900,3,1.0,Stratford,1233,5227,1953,297,186,,Active,,,http://www.redfin.com/CT/Stratford/473-King-St-06614/home/107212025,Smart MLS,170216795,N,Y,41.1991781,-73.1346609
MLS Listing,,Condo/Co-op,55 Washington Pkwy,Stratford,CT,06615,439900,2,2.5,Lordship,1550,,2019,306,284,9999999,Active,,,http://www.redfin.com/CT/Stratford/55-Washington-Pkwy-06615/home/144519777,Smart MLS,170211302,N,Y,41.1485548,-73.129705
MLS Listing,,Condo/Co-op,"89 Canaan Ct, Bld # 80 #25",Stratford,CT,06614,67000,2,1.0,Stonybrook,613,,1943,310,109,499,Active,,,http://www.redfin.com/CT/Stratford/89-Canaan-Ct-06614/unit-25/home/144512819,Smart MLS,170213069,N,Y,41.1988776,-73.1545521
MLS Listing,,Single Family Residential,1580 N Peters Ln,Stratford,CT,06614,359900,4,2.5,Stratford,2607,43995,1985,365,138,,Active,,,http://www.redfin.com/CT/Stratford/1580-N-Peters-Ln-06614/home/107215967,Smart MLS,170193295,N,Y,41.2597088,-73.1254867
MLS Listing,,Condo/Co-op,2291 Barnum Ave #2291,Stratford,CT,06615,189900,3,1.5,West Side,1347,,2007,473,141,99,Active,,,http://www.redfin.com/CT/Stratford/2291-Barnum-Ave-06615/unit-2291/home/148749982,Smart MLS,170157533,N,Y,41.1911802,-73.1523627
MLS Listing,,Vacant Land,120 Circle Dr,Stratford,CT,06614,44900,,,North End,,17859,,624,,,Active,,,http://www.redfin.com/CT/Stratford/120-Circle-Dr-06614/home/146846037,Smart MLS,170117986,N,Y,41.2397013,-73.1294515
MLS Listing,,Vacant Land,0 Beaver Dam Rd,Stratford,CT,06614,360000,,,North End,,186436,,668,,,Active,,,http://www.redfin.com/CT/STRATFORD/BEAVER-DAM-RD-06614/home/107208736,Smart MLS,170104171,N,Y,41.260956,-73.130806
MLS Listing,,Single Family Residential,40 Perry Ln,Stratford,CT,06614,495000,4,2.5,Stratford,2550,13939,2018,709,194,,Active,,,http://www.redfin.com/CT/Stratford/40-Perry-Ln-06614/home/145879439,Smart MLS,170089403,N,Y,41.2256359,-73.15328
MLS Listing,,Single Family Residential,35 Perry Ln,Stratford,CT,06614,495000,4,2.5,Stratford,2550,13939,2018,709,194,,Active,,,http://www.redfin.com/CT/Stratford/35-Perry-Ln-06614/home/168771320,Smart MLS,170089392,N,Y,41.2251589,-73.1530557
MLS Listing,,Single Family Residential,5300 Main St,Stratford,CT,06614,399900,3,2.5,Putney,3142,71002,1952,837,127,,Active,,,http://www.redfin.com/CT/Stratford/5300-Main-St-06614/home/107222545,Smart MLS,170045794,N,Y,41.2289338,-73.1131771
