SALE TYPE,SOLD DATE,PROPERTY TYPE,ADDRESS,CITY,STATE OR PROVINCE,ZIP OR POSTAL CODE,PRICE,BEDS,BATHS,LOCATION,SQUARE FEET,LOT SIZE,YEAR BUILT,DAYS ON MARKET,$/SQUARE FEET,HOA/MONTH,STATUS,NEXT OPEN HOUSE START TIME,NEXT OPEN HOUSE END TIME,URL (SEE http://www.redfin.com/buy-a-home/comparative-market-analysis FOR INFO ON PRICING),SOURCE,MLS#,FAVORITE,INTERESTED,LATITUDE,LONGITUDE
MLS Listing,,Single Family Residential,81 Babbitt Rd,Thomaston,CT,06787,219900,2,1.0,Thomaston,1318,23086,1955,1,167,,Active,,,http://www.redfin.com/CT/Thomaston/81-Babbitt-Rd-06787/home/107271534,Smart MLS,170293272,N,Y,41.6753249,-73.1140627
MLS Listing,,Condo/Co-op,143 Pine Hill Rd Unit 23E,Thomaston,CT,06787,109900,2,1.5,Thomaston,1088,,1986,2,101,205,Active,,,http://www.redfin.com/CT/Thomaston/143-Pine-Hill-Rd-06787/unit-23E/home/107270777,Smart MLS,170290729,N,Y,41.654496,-73.082474
MLS Listing,,Single Family Residential,31 Goodwin Ct,Thomaston,CT,06787,90000,3,1.0,Thomaston,1196,2613,1875,37,75,,Active,,,http://www.redfin.com/CT/Thomaston/31-Goodwin-Ct-06787/home/107271777,Smart MLS,170285907,N,Y,41.6710204,-73.0751986
MLS Listing,,Condo/Co-op,23 Stevens Blvd,Thomaston,CT,06787,284900,2,2.0,Thomaston,1438,,2019,44,198,220,Active,,,http://www.redfin.com/CT/Thomaston/23-Steven-s-Blvd-06787/home/109742371,Smart MLS,170284321,N,Y,41.6620077,-73.0826518
MLS Listing,,Multi-Family (2-4 Unit),46 Park St,Thomaston,CT,06787,595000,0,,Thomaston,9050,12196,1890,45,66,,Active,,,http://www.redfin.com/CT/Thomaston/46-Park-St-06787/home/107269788,Smart MLS,170283937,N,Y,41.67296,-73.0721
MLS Listing,,Condo/Co-op,6 Bradley Way,Thomaston,CT,06787,293900,2,2.0,Thomaston,1438,,2020,72,204,220,Active,,,http://www.redfin.com/CT/Thomaston/6-Bradley-Way-06787/home/109742361,Smart MLS,170272074,N,Y,41.6627089,-73.0837745
MLS Listing,,Condo/Co-op,5 Bradley Way,Thomaston,CT,06787,289900,2,2.0,Thomaston,1438,,2020,72,202,220,Active,,,http://www.redfin.com/CT/Thomaston/5-Bradley-Way-06787/home/109742442,Smart MLS,170272069,N,Y,41.6627089,-73.0837745
MLS Listing,,Condo/Co-op,4 Bradley Way,Thomaston,CT,06787,239900,2,2.0,Thomaston,1438,,2020,72,167,220,Active,,,http://www.redfin.com/CT/Thomaston/4-Bradley-Way-06787/home/109742416,Smart MLS,170272013,N,Y,41.6627089,-73.0837745
MLS Listing,,Condo/Co-op,3 Bradley Way,Thomaston,CT,06787,289900,2,2.0,Thomaston,1438,,2020,72,202,220,Active,,,http://www.redfin.com/CT/Thomaston/3-Bradley-Way-06787/home/109742363,Smart MLS,170272022,N,Y,41.6627089,-73.0837745
MLS Listing,,Vacant Land,89 Pine Hill Rd,Thomaston,CT,06787,19900,,,Thomaston,,14810,,77,,,Active,,,http://www.redfin.com/CT/Thomaston/89-Pine-Hill-Rd-06787/home/109742354,Smart MLS,170274341,N,Y,41.656796,-73.0833583
MLS Listing,,Single Family Residential,210 Marthas Way,Thomaston,CT,06787,319900,4,2.5,Thomaston,2278,128066,2009,80,140,,Active,,,http://www.redfin.com/CT/Thomaston/210-Marthas-Way-06787/home/107271920,Smart MLS,170264198,N,Y,41.690083,-73.074242
MLS Listing,,Multi-Family (2-4 Unit),89 Elm St,Thomaston,CT,06787,214900,4,3.0,Thomaston,2914,15681,1870,83,74,,Active,,,http://www.redfin.com/CT/Thomaston/89-Elm-St-06787/home/107269605,Smart MLS,170272400,N,Y,41.6711145,-73.0743537
MLS Listing,,Single Family Residential,85 Atwood Hts,Thomaston,CT,06787,189900,3,2.0,Thomaston,1264,14810,1963,107,150,,Active,,,http://www.redfin.com/CT/Thomaston/85-Atwood-Hts-06787/home/107270045,Smart MLS,170265911,N,Y,41.6951248,-73.0905271
MLS Listing,,Single Family Residential,215 S Main St,Thomaston,CT,06787,199900,2,1.5,Thomaston,1858,17424,1740,123,108,,Active,,,http://www.redfin.com/CT/Thomaston/215-S-Main-St-06787/home/107269948,Smart MLS,170261046,N,Y,41.6680241,-73.0784577
MLS Listing,,Vacant Land,61 Cedar Mountain Rd,Thomaston,CT,06787,40000,,,Thomaston,,387684,,144,,,Active,,,http://www.redfin.com/CT/Thomaston/61-Cedar-Mountain-Rd-06787/home/109743568,Smart MLS,170258430,N,Y,41.6561654,-73.065352
MLS Listing,,Single Family Residential,26 Atwood Hts,Thomaston,CT,06787,234900,3,1.5,Thomaston,1541,13068,1959,165,152,,Active,,,http://www.redfin.com/CT/Thomaston/26-Atwood-Hts-06787/home/107269779,Smart MLS,170254803,N,Y,41.6941401,-73.0891438
MLS Listing,,Condo/Co-op,30 Stevens Blvd,Thomaston,CT,06787,239900,2,2.0,Thomaston,1438,,2019,204,167,220,Active,,,http://www.redfin.com/CT/Thomaston/30-Steven-s-Blvd-06787/home/109742388,Smart MLS,170245425,N,Y,41.6620077,-73.0826518
MLS Listing,,Condo/Co-op,32 Stevens Blvd,Thomaston,CT,06787,239900,2,2.0,Thomaston,1438,,2019,204,167,220,Active,,,http://www.redfin.com/CT/Thomaston/32-Steven-s-Blvd-06787/home/109742395,Smart MLS,170245412,N,Y,41.6620077,-73.0826518
MLS Listing,,Condo/Co-op,28 Stevens Blvd,Thomaston,CT,06787,239900,2,2.0,Thomaston,1438,,2019,204,167,220,Active,,,http://www.redfin.com/CT/Thomaston/28-Steven-s-Blvd-06787/home/109742380,Smart MLS,170245409,N,Y,41.6620077,-73.0826518
MLS Listing,,Condo/Co-op,26 Stevens Blvd,Thomaston,CT,06787,239900,2,2.0,Thomaston,1438,,2019,204,167,220,Active,,,http://www.redfin.com/CT/Thomaston/26-Steven-s-Blvd-06787/home/109742397,Smart MLS,170245406,N,Y,41.6620077,-73.0826518
MLS Listing,,Condo/Co-op,197 Pine Hill Rd Unit 7A,Thomaston,CT,06787,113000,2,1.5,Thomaston,1105,,1988,215,102,130,Active,,,http://www.redfin.com/CT/Thomaston/197-Pine-Hill-Rd-06787/unit-7A/home/107271599,Smart MLS,170242242,N,Y,41.655205,-73.087153
MLS Listing,,Vacant Land,55 Lane Hill Rd,Plymouth,CT,06782,30000,,,Allentown,,55756,,220,,,Active,,,http://www.redfin.com/CT/Plymouth/55-Lane-Hill-RD-06782/home/169250899,Smart MLS,170240622,N,Y,41.699202,-73.056428
MLS Listing,,Vacant Land,43 Lane Hill Rd,Plymouth,CT,06782,30000,,,Allentown,,40946,,220,,,Active,,,http://www.redfin.com/CT/Plymouth/43-Lane-Hill-RD-06782/home/169250803,Smart MLS,170240615,N,Y,41.699202,-73.056428
MLS Listing,,Vacant Land,01 SMITH Rd,Thomaston,CT,06787,366200,,,Thomaston,,2454170,,283,,,Active,,,http://www.redfin.com/CT/Thomaston/1-Smith-Rd-06787/home/168000063,Smart MLS,170221108,N,Y,41.6893122,-73.0823241
MLS Listing,,Single Family Residential,32 Hotchkiss Ave,Thomaston,CT,06787,129900,4,2.0,Thomaston,1800,7840,1950,301,72,,Active,,,http://www.redfin.com/CT/Thomaston/32-Hotchkiss-Ave-06787/home/107269464,Smart MLS,170215516,N,Y,41.6798275,-73.0710105
MLS Listing,,Vacant Land,145 Hickory Hill Rd,Thomaston,CT,06787,69900,,,Thomaston,,41817,,330,,,Active,,,http://www.redfin.com/CT/Thomaston/145-Hickory-Hill-Rd-06787/home/109743602,Smart MLS,170206048,N,Y,41.678675,-73.1034037
MLS Listing,,Single Family Residential,466 E Main St,Thomaston,CT,06787,250000,3,1.0,Thomaston,1170,1219680,1964,764,214,,Active,,,http://www.redfin.com/CT/Thomaston/466-E-Main-St-06787/home/107270560,Smart MLS,170067784,N,Y,41.671281,-73.062883
MLS Listing,,Vacant Land,120 Hotchkiss Ave,Thomaston,CT,06787,75000,,,Thomaston,435600,355449,,870,0,,Active,,,http://www.redfin.com/CT/Thomaston/120-Hotchkiss-Ave-06787/home/109743619,Smart MLS,L136087,N,Y,41.6870825,-73.0712988
MLS Listing,,Vacant Land,809 High Street Ext,Thomaston,CT,06787,18500,,,Thomaston,,9147,,871,,,Active,,,http://www.redfin.com/CT/Thomaston/809-High-Street-Ext-06787/home/109743605,Smart MLS,170009825,N,Y,41.6949133,-73.0851616
MLS Listing,,Vacant Land,,Thomaston,CT,06787,99999,,,,,1463616,,871,,,Active,,,http://www.redfin.com/CT/Thomaston/Undisclosed-address-06787/home/109743782,Smart MLS,L10199704,N,Y,41.6270418,-73.0668901
For-Sale-by-Owner Listing,,Single Family Residential,124 Bayberry Dr,Thomaston,CT,06787,365000,3,3.0,Thomaston,3000,87120,1985,18,122,,Active,,,http://www.redfin.com/CT/Thomaston/124-Bayberry-Dr-06787/home/107271114,Fizber.com,5053631,N,Y,41.6674266,-73.1186635
