SALE TYPE,SOLD DATE,PROPERTY TYPE,ADDRESS,CITY,STATE OR PROVINCE,ZIP OR POSTAL CODE,PRICE,BEDS,BATHS,LOCATION,SQUARE FEET,LOT SIZE,YEAR BUILT,DAYS ON MARKET,$/SQUARE FEET,HOA/MONTH,STATUS,NEXT OPEN HOUSE START TIME,NEXT OPEN HOUSE END TIME,URL (SEE http://www.redfin.com/buy-a-home/comparative-market-analysis FOR INFO ON PRICING),SOURCE,MLS#,FAVORITE,INTERESTED,LATITUDE,LONGITUDE
MLS Listing,,Single Family Residential,33 Sandy Dr,Tolland,CT,06084,269900,3,2.5,Tolland,2159,44866,1994,1,125,,Active,,,http://www.redfin.com/CT/Tolland/33-Sandy-Dr-06084/home/54110341,Smart MLS,170293604,N,Y,41.8806718,-72.3303037
MLS Listing,,Single Family Residential,347 Tolland Stage Rd,Tolland,CT,06084,209900,4,2.0,Tolland,1344,57934,1996,2,156,,Active,,,http://www.redfin.com/CT/Tolland/347-Tolland-Stage-Rd-06084/home/54108875,Smart MLS,170292783,N,Y,41.8750697,-72.3993912
MLS Listing,,Single Family Residential,322 Buff Cap Rd,Tolland,CT,06084,269000,4,2.5,Tolland,2956,261795,1985,3,91,,Active,,,http://www.redfin.com/CT/Tolland/322-Buff-Cap-Rd-06084/home/54108393,Smart MLS,170292805,N,Y,41.9033935,-72.3280317
MLS Listing,,Single Family Residential,70 Robbie Rd,Tolland,CT,06084,254900,4,2.0,Tolland,2562,36590,1972,4,99,,Active,,,http://www.redfin.com/CT/Tolland/70-Robbie-Rd-06084/home/54109389,Smart MLS,170287281,N,Y,41.9052347,-72.3470685
MLS Listing,,Single Family Residential,71 Old Farms Rd,Tolland,CT,06084,229900,3,2.0,Tolland,1511,33541,1962,5,152,,Active,,,http://www.redfin.com/CT/Tolland/71-Old-Farm-Rd-06084/home/54112683,Smart MLS,170292045,N,Y,41.8432042,-72.3314302
MLS Listing,,Single Family Residential,64 Eaton Rd,Tolland,CT,06084,269900,3,2.5,Tolland,1710,40075,1962,7,158,,Active,,,http://www.redfin.com/CT/Tolland/64-Eaton-Rd-06084/home/54108713,Smart MLS,170291935,N,Y,41.89306,-72.404431
MLS Listing,,Single Family Residential,486 Tolland Stage Rd,Tolland,CT,06084,494900,4,5.5,Tolland,3845,270943,2003,7,129,,Active,,,http://www.redfin.com/CT/Tolland/486-Tolland-Stage-Rd-06084/home/54110383,Smart MLS,170291029,N,Y,41.8775733,-72.388688
MLS Listing,,Single Family Residential,40 Charlotte Dr,Tolland,CT,06084,195000,3,2.0,Tolland,1882,44431,1996,7,104,,Active,,,http://www.redfin.com/CT/Tolland/40-Charlotte-Dr-06084/home/54108163,Smart MLS,170291871,N,Y,41.9173564,-72.3941663
MLS Listing,,Single Family Residential,46 Bonair Hill Rd,Tolland,CT,06084,429000,4,3.5,Tolland,3382,88426,2002,8,127,,Active,,,http://www.redfin.com/CT/Tolland/46-Bonair-Hill-Rd-06084/home/54112749,Smart MLS,170291309,N,Y,41.9129091,-72.4191463
MLS Listing,,Single Family Residential,613 Old Stafford Rd,Tolland,CT,06084,289900,3,2.5,Tolland,2560,59241,2003,10,113,,Active,,,http://www.redfin.com/CT/Tolland/613-Old-Stafford-Rd-06084/home/54107914,Smart MLS,170290752,N,Y,41.9111296,-72.3473691
MLS Listing,,Vacant Land,324-328 Gehring Rd,Tolland,CT,06084,299900,,,Tolland,,2779128,,11,,,Active,,,http://www.redfin.com/CT/Tolland/324-Gehring-Rd-06084/home/109602174,Smart MLS,170290146,N,Y,41.8429027,-72.3978317
MLS Listing,,Condo/Co-op,Lot 7 Belvedere Dr #58,Tolland,CT,06084,319900,3,2.0,Tolland,1435,,2020,12,223,128,Active,,,http://www.redfin.com/CT/Tolland/58-Belvedere-Dr-06084/unit-58/home/144525240,Smart MLS,170289797,N,Y,41.8582862,-72.4120856
MLS Listing,,Single Family Residential,23 Woodside Dr #23,Tolland,CT,06084,279900,2,2.5,Tolland,1732,,2020,12,162,128,Active,,,http://www.redfin.com/CT/Tolland/23-Woodside-Dr-06084/unit-23/home/144525895,Smart MLS,170289804,N,Y,41.8570818,-72.4115974
MLS Listing,,Single Family Residential,Lot 3 Belvedere Dr #43,Tolland,CT,06084,309900,3,2.0,Tolland,2166,,2020,12,143,128,Active,,,http://www.redfin.com/CT/Tolland/43-Belvedere-Dr-06084/unit-43/home/144530630,Smart MLS,170289802,N,Y,41.8592951,-72.4114937
MLS Listing,,Condo/Co-op,43 Belvedere Dr,Tolland,CT,06084,309900,3,2.0,Tolland,2166,,2020,12,143,128,Active,,,http://www.redfin.com/CT/Tolland/43-Belvedere-Dr-06084/home/54107229,Smart MLS,170289800,N,Y,41.8592951,-72.4114937
MLS Listing,,Single Family Residential,58 Belvedere Dr,Tolland,CT,06084,319900,3,2.0,Somerset Woods,1435,,2019,13,223,128,Active,,,http://www.redfin.com/CT/Tolland/58-Belvedere-Dr-06084/home/54107299,Smart MLS,170289794,N,Y,41.8582862,-72.4120856
MLS Listing,,Single Family Residential,16 Woodside Dr #16,Tolland,CT,06084,279900,2,2.5,Tolland,1600,,2019,13,175,128,Active,,,http://www.redfin.com/CT/Tolland/16-Woodside-Dr-06084/unit-16/home/144837256,Smart MLS,170289793,N,Y,41.8577319,-72.4116381
MLS Listing,,Single Family Residential,58 Mountain Laurel Dr,Tolland,CT,06084,364900,4,2.5,Settlers Ridge,2824,54450,2000,18,129,,Active,,,http://www.redfin.com/CT/Tolland/58-Mt-Laurel-Dr-06084/home/54112851,Smart MLS,170288555,N,Y,41.91809,-72.3266537
MLS Listing,,Single Family Residential,176 Babcock Rd,Tolland,CT,06084,147250,3,1.5,Tolland,2290,56192,2003,31,64,,Active,,,http://www.redfin.com/CT/Tolland/176-Babcock-Rd-06084/home/54109686,Smart MLS,170286582,N,Y,41.9066398,-72.3068185
MLS Listing,,Single Family Residential,47 Crestwood Rd,Tolland,CT,06084,409900,4,2.0,Tolland,1862,34412,1962,36,220,,Active,,,http://www.redfin.com/CT/Tolland/47-Crestwood-Rd-06084/home/54109856,Smart MLS,170285839,N,Y,41.8709285,-72.398189
MLS Listing,,Single Family Residential,22 Wonderview Dr,Tolland,CT,06084,474900,4,2.5,Tolland,3018,81892,2007,36,157,,Active,,,http://www.redfin.com/CT/Tolland/22-Wonderview-Dr-06084/home/54107566,Smart MLS,170283333,N,Y,41.8599727,-72.4102336
MLS Listing,,Single Family Residential,160 Cook Rd,Tolland,CT,06084,237500,3,2.5,Tolland,2660,45738,1998,46,89,,Active,,,http://www.redfin.com/CT/Tolland/160-Cook-Rd-06084/home/54107922,Smart MLS,170283008,N,Y,41.9117745,-72.356202
MLS Listing,,Single Family Residential,95 Shanda Ln,Tolland,CT,06084,479900,5,3.0,Tolland,4396,233917,1985,50,109,,Active,,,http://www.redfin.com/CT/Tolland/95-Shanda-Ln-06084/home/54112697,Smart MLS,170283043,N,Y,41.8418956,-72.3437829
MLS Listing,,Single Family Residential,119 Deerwood Rd,Tolland,CT,06084,419900,4,3.5,Tolland,3586,57063,2001,57,117,,Active,,,http://www.redfin.com/CT/Tolland/119-Deerwood-Rd-06084/home/54112830,Smart MLS,170279636,N,Y,41.9170619,-72.3247537
MLS Listing,,Single Family Residential,69 Kendall Mountain Rd,Tolland,CT,06084,189900,3,2.5,Tolland,2303,131986,1991,57,82,,Active,,,http://www.redfin.com/CT/Tolland/69-Kendall-Mountain-Rd-06084/home/54107944,Smart MLS,170281027,N,Y,41.9130444,-72.3630461
MLS Listing,,Vacant Land,443 Shenipsit Lake Rd,Tolland,CT,06084,69900,,,Tolland,,265280,,65,,,Active,,,http://www.redfin.com/CT/Tolland/443-Shenipsit-Lake-Rd-06084/home/166887836,Smart MLS,170277188,N,Y,41.8971527,-72.4204555
MLS Listing,,Single Family Residential,760 Shenipsit Lake Rd,Tolland,CT,06084,205213,4,2.0,Tolland,1932,44431,1983,77,106,,Active,,,http://www.redfin.com/CT/Tolland/760-Shenipsit-Lake-Rd-06084/home/54108290,Smart MLS,170274622,N,Y,41.91119,-72.4075288
MLS Listing,,Single Family Residential,54 Baxter St,Tolland,CT,06084,194900,3,3.0,Tolland,2008,87120,1980,77,97,,Active,,,http://www.redfin.com/CT/Tolland/54-Baxter-St-06084/home/54112098,Smart MLS,170274610,N,Y,41.8534107,-72.3424438
MLS Listing,,Single Family Residential,25 Harvest Ln,Tolland,CT,06084,439900,4,3.5,Tolland,3409,231739,1996,80,129,,Active,,,http://www.redfin.com/CT/Tolland/25-Harvest-Ln-06084/home/54111311,Smart MLS,170271770,N,Y,41.8475632,-72.3605154
MLS Listing,,Single Family Residential,300 Hunter Rd,Tolland,CT,06084,235000,3,1.0,Tolland,1026,91911,1956,84,229,,Active,,,http://www.redfin.com/CT/Tolland/300-Hunter-Rd-06084/home/54108559,Smart MLS,170259631,N,Y,41.9124722,-72.3808493
MLS Listing,,Single Family Residential,567 Old Post Rd,Tolland,CT,06084,389900,4,3.5,Tolland,3655,30056,1973,85,107,,Active,,,http://www.redfin.com/CT/Tolland/567-Old-Post-Rd-06084/home/54110089,Smart MLS,170272261,N,Y,41.8610942,-72.4088697
MLS Listing,,Vacant Land,1151 Tolland Stage Rd,Tolland,CT,06084,54900,,,Tolland,,43560,,87,,,Active,,,http://www.redfin.com/CT/Tolland/1151-Tolland-Stage-Rd-06084/home/54110722,Smart MLS,170270431,N,Y,41.8842449,-72.3394261
MLS Listing,,Single Family Residential,63 Loehr Rd,Tolland,CT,06084,158900,2,1.0,Tolland,868,28314,1949,87,183,,Active,,,http://www.redfin.com/CT/Tolland/63-Loehr-Rd-06084/home/54110870,Smart MLS,170271189,N,Y,41.8528808,-72.4129993
MLS Listing,,Single Family Residential,35 Elgin Dr,Tolland,CT,06084,181900,5,3.5,Tolland,2652,31798,1968,92,69,,Active,,,http://www.redfin.com/CT/Tolland/35-Elgin-Dr-06084/home/54111707,Smart MLS,170249022,N,Y,41.849479,-72.3651964
MLS Listing,,Single Family Residential,116 Weigold Rd,Tolland,CT,06084,214900,3,1.0,Tolland,1524,30491,1953,95,141,,Active,,,http://www.redfin.com/CT/Tolland/116-Weigold-Rd-06084/home/54111642,Smart MLS,170266606,N,Y,41.8430528,-72.3658669
MLS Listing,,Single Family Residential,10 Midland Dr,Tolland,CT,06084,309900,4,2.5,Tolland,2294,44431,1989,102,135,,Active,,,http://www.redfin.com/CT/Tolland/10-Midland-Dr-06084/home/54109323,Smart MLS,170266916,N,Y,41.894329,-72.3728958
MLS Listing,,Single Family Residential,55 Sage Meadow Dr,Tolland,CT,06084,689900,5,4.5,Sage Meadow,4842,80586,2004,107,142,,Active,,,http://www.redfin.com/CT/Tolland/55-Sage-Meadow-Dr-06084/home/54107586,Smart MLS,170265951,N,Y,41.8823646,-72.3603871
MLS Listing,,Single Family Residential,78 Morgan Ln,Tolland,CT,06084,469900,4,2.5,Tolland,2600,40075,2020,107,181,,Active,,,http://www.redfin.com/CT/Tolland/78-Morgan-Ln-06084/home/54108217,Smart MLS,170265402,N,Y,41.8923189,-72.361116
MLS Listing,,Single Family Residential,16 Crystal Springs Dr #16,Tolland,CT,06084,319900,2,2.5,Tolland,1707,,2005,117,187,376,Active,,,http://www.redfin.com/CT/Tolland/16-Crystal-Springs-Dr-06084/unit-16/home/170271633,Smart MLS,170262911,N,Y,41.9042017,-72.3909989
MLS Listing,,Single Family Residential,24 Grant Hill Rd,Tolland,CT,06084,725000,3,3.5,Tolland,4000,832867,1969,118,181,,Active,,,http://www.redfin.com/CT/Tolland/24-Grant-Hill-Rd-06084/home/54111486,Smart MLS,170262832,N,Y,41.8531504,-72.3697737
MLS Listing,,Single Family Residential,92 Loehr Rd,Tolland,CT,06084,255000,3,2.5,Tolland,1475,81892,1952,123,173,,Active,,,http://www.redfin.com/CT/Tolland/92-Loehr-Rd-06084/home/54110884,Smart MLS,170261200,N,Y,41.8528787,-72.415728
MLS Listing,,Single Family Residential,107 Mile Hill Rd,Tolland,CT,06084,268900,4,3.5,Tolland,2709,358063,1994,161,99,,Active,,,http://www.redfin.com/CT/Tolland/107-Mile-Hill-Rd-06084/home/54109844,Smart MLS,170255294,N,Y,41.8475916,-72.4224754
MLS Listing,,Vacant Land,578 Buff Cap Rd,Tolland,CT,06084,49900,,,Tolland,,129808,,163,,,Active,,,http://www.redfin.com/CT/Tolland/578-Buff-Cap-Rd-06084/home/54108007,Smart MLS,170255084,N,Y,41.9164309,-72.3403158
MLS Listing,,Single Family Residential,71 Crystal Ridge Dr,Ellington,CT,06029,449900,4,3.0,Ellington,3880,67953,2007,181,116,,Active,,,http://www.redfin.com/CT/Ellington/71-Crystal-Ridge-Dr-06029/home/54248475,Smart MLS,170251363,N,Y,41.9233026,-72.3577743
MLS Listing,,Vacant Land,300 Grahaber Rd,Tolland,CT,06084,129900,,,Tolland,,466091,,185,,,Active,,,http://www.redfin.com/CT/Tolland/300-Grahaber-Rd-06084/home/166886747,Smart MLS,170248548,N,Y,41.9092668,-72.4300117
MLS Listing,,Single Family Residential,127 High Ridge Dr,Tolland,CT,06084,338900,4,3.0,High Ridge,3040,43995,1986,189,111,,Active,,,http://www.redfin.com/CT/Tolland/127-High-Ridge-Dr-06084/home/54108824,Smart MLS,170246539,N,Y,41.8883877,-72.3909065
MLS Listing,,Vacant Land,1191 Tolland Stage Rd,Tolland,CT,06084,99900,,,Tolland,,405108,,189,,,Active,,,http://www.redfin.com/CT/Tolland/1191-Tolland-Stage-Rd-06084/home/168277711,Smart MLS,170249327,N,Y,41.8843607,-72.3379515
MLS Listing,,Vacant Land,1274 Tolland Stage Rd,Tolland,CT,06084,39900,,,Tolland,,1274565,,189,,,Active,,,http://www.redfin.com/CT/Tolland/1274-Tolland-Stage-Rd-06084/home/144519360,Smart MLS,170249324,N,Y,41.882825,-72.3352286
MLS Listing,,Single Family Residential,177 Goose Ln,Tolland,CT,06084,329000,4,2.5,Tolland,1852,46173,1973,198,178,,Active,,,http://www.redfin.com/CT/Tolland/177-Goose-Ln-06084/home/54111277,Smart MLS,170246778,N,Y,41.8484947,-72.3498912
MLS Listing,,Single Family Residential,16 Joe Sabbath Dr,Tolland,CT,06084,419000,4,3.5,Tolland,3411,43560,2000,215,123,,Active,,,http://www.redfin.com/CT/Tolland/16-Joe-Sabbath-Dr-06084/home/54108756,Smart MLS,170238608,N,Y,41.8865508,-72.3955997
MLS Listing,,Single Family Residential,97 Burbank Rd,Tolland,CT,06084,329900,4,2.5,Tolland,2630,87120,2006,216,125,,Active,,,http://www.redfin.com/CT/Tolland/97-Burbank-Rd-06084/home/54107362,Smart MLS,170242061,N,Y,41.8831606,-72.385797
MLS Listing,,Single Family Residential,36 Woodhenge Dr,Tolland,CT,06084,310000,3,3.0,Tolland,3542,56628,1992,229,88,,Active,,,http://www.redfin.com/CT/Tolland/36-Woodhenge-Dr-06084/home/54110731,Smart MLS,170234645,N,Y,41.8762123,-72.3156886
MLS Listing,,Condo/Co-op,67 anthony Rd #1,Tolland,CT,06084,310000,2,2.0,Tolland,1475,,2019,233,210,100,Active,,,http://www.redfin.com/CT/Tolland/67-Anthony-Rd-06084/unit-1/home/169104215,Smart MLS,170236820,N,Y,41.8567923,-72.3349171
MLS Listing,,Vacant Land,87 Crestwood Rd,Tolland,CT,06084,39900,,,Tolland,,90169,,248,,,Active,,,http://www.redfin.com/CT/Tolland/87-Crestwood-Rd-06084/home/54109942,Smart MLS,170231455,N,Y,41.8712895,-72.4020912
MLS Listing,,Single Family Residential,41 Morgan Ln,Tolland,CT,06084,454900,4,2.5,Tolland,2600,40075,2020,263,175,,Active,,,http://www.redfin.com/CT/Tolland/41-Morgan-Ln-06084/home/54108218,Smart MLS,170227271,N,Y,41.896835,-72.360035
MLS Listing,,Vacant Land,319 Old Stafford Rd,Tolland,CT,06084,71900,,,Tolland,,165528,,268,,,Active,,,http://www.redfin.com/CT/Tolland/319-Old-Stafford-Rd-06084/home/54107735,Smart MLS,170226141,N,Y,41.8890116,-72.3583451
MLS Listing,,Vacant Land,80 Morgan Ln,Tolland,CT,06084,109900,,,Tolland,,400751,,268,,,Active,,,http://www.redfin.com/CT/Tolland/80-Morgan-Ln-06084/home/54107897,Smart MLS,170226124,N,Y,41.894094,-72.356771
MLS Listing,,Vacant Land,53 Morgan Ln,Tolland,CT,06084,97900,,,Tolland,,278784,,268,,,Active,,,http://www.redfin.com/CT/Tolland/53-Morgan-Ln-06084/home/54108226,Smart MLS,170226119,N,Y,41.897373,-72.356326
MLS Listing,,Vacant Land,11 Morgan Ln,Tolland,CT,06084,87900,,,Tolland,,40075,,268,,,Active,,,http://www.redfin.com/CT/Tolland/11-Morgan-Ln-06084/home/54108203,Smart MLS,170226115,N,Y,41.8869569,-72.3610564
MLS Listing,,Vacant Land,184 Sugar Hill Rd,Tolland,CT,06084,146900,,,Tolland,,419047,,268,,,Active,,,http://www.redfin.com/CT/Tolland/184-Sugar-Hill-Rd-06084/home/54109484,Smart MLS,170226101,N,Y,41.8959316,-72.3583007
MLS Listing,,Vacant Land,93 Dockerel Rd,Tolland,CT,06084,599000,,,Tolland,,2613600,,289,,,Active,,,http://www.redfin.com/CT/Tolland/93-Dockerel-Rd-06084/home/167908126,Smart MLS,170219576,N,Y,41.8331932,-72.4133059
MLS Listing,,Single Family Residential,144 Barstow Ln,Tolland,CT,06084,519900,4,2.5,Tolland,4297,386377,1993,296,121,,Active,,,http://www.redfin.com/CT/Tolland/144-Barstow-Ln-06084/home/54108582,Smart MLS,170217397,N,Y,41.8992113,-72.3725845
MLS Listing,,Vacant Land,85 Fernwood Rd,Tolland,CT,06084,97500,,,Tolland,,531867,,322,,,Active,,,http://www.redfin.com/CT/Tolland/85-Fernwood-Rd-06084/home/54107435,Smart MLS,170208993,N,Y,41.9159491,-72.3328477
MLS Listing,,Single Family Residential,484 Mile Hill Rd,Tolland,CT,06084,249900,5,4.5,Tolland,2894,43560,1720,345,86,,Active,,,http://www.redfin.com/CT/Tolland/484-Mile-Hill-Rd-06084/home/54112203,Smart MLS,170200399,N,Y,41.8309577,-72.399946
MLS Listing,,Vacant Land,660 Crystal Lake Rd,Tolland,CT,06084,69900,,,Tolland,,253519,,359,,,Active,,,http://www.redfin.com/CT/Tolland/660-Crystal-Lake-Rd-06084/home/54107933,Smart MLS,170186760,N,Y,41.9128479,-72.3879351
MLS Listing,,Vacant Land,20 Josephine Way,Tolland,CT,06084,85000,,,Tolland,,192970,,366,,,Active,,,http://www.redfin.com/CT/Tolland/Josephine-Way-06084/home/146199643,Smart MLS,170193063,N,Y,41.853314,-72.396062
MLS Listing,,Vacant Land,26 Josephine Way,Tolland,CT,06084,85000,,,Tolland,,309276,,366,,,Active,,,http://www.redfin.com/CT/Tolland/26-Josephine-Way-06084/home/171436039,Smart MLS,170193050,N,Y,41.852438,-72.396988
MLS Listing,,Vacant Land,32 Josephine Way,Tolland,CT,06084,85000,,,Tolland,,90604,,366,,,Active,,,http://www.redfin.com/CT/Tolland/32-Josephine-Way-06084/home/171436126,Smart MLS,170193043,N,Y,41.85227,-72.395853
MLS Listing,,Vacant Land,38 Josephine Way,Tolland,CT,06084,85000,,,Tolland,,83199,,366,,,Active,,,http://www.redfin.com/CT/Tolland/38-Josephine-Way-06084/home/54107759,Smart MLS,170193027,N,Y,41.8415909,-72.3960395
MLS Listing,,Vacant Land,44 Josephine Way,Tolland,CT,06084,85000,,,Tolland,,65775,,366,,,Active,,,http://www.redfin.com/CT/Tolland/Josephine-Way-06084/home/146199439,Smart MLS,170193007,N,Y,41.851374,-72.396426
MLS Listing,,Vacant Land,48 Josephine Way,Tolland,CT,06084,90000,,,Tolland,,240451,,366,,,Active,,,http://www.redfin.com/CT/Tolland/48-Josephine-Way-06084/home/171436613,Smart MLS,170192948,N,Y,41.851094,-72.39764
MLS Listing,,Vacant Land,50 Josephine Way,Tolland,CT,06084,97500,,,Tolland,,72745,,366,,,Active,,,http://www.redfin.com/CT/Tolland/50-Josephine-Way-06084/home/171543058,Smart MLS,170192877,N,Y,41.850453,-72.396354
MLS Listing,,Vacant Land,54 Josephine Way,Tolland,CT,06084,95000,,,Tolland,,229996,,366,,,Active,,,http://www.redfin.com/CT/Tolland/Josephine-Way-06084/home/146199440,Smart MLS,170192865,N,Y,41.849722,-72.396015
MLS Listing,,Vacant Land,51 Josephine Way,Tolland,CT,06084,97500,,,Tolland,,223462,,366,,,Active,,,http://www.redfin.com/CT/Tolland/Josephine-Way-06084/home/146199441,Smart MLS,170192846,N,Y,41.849629,-72.39441
MLS Listing,,Vacant Land,47 Josephine Way,Tolland,CT,06084,85000,,,Tolland,,105850,,366,,,Active,,,http://www.redfin.com/CT/Tolland/Josephine-Way-06084/home/146199377,Smart MLS,170192837,N,Y,41.850471,-72.394764
MLS Listing,,Vacant Land,39 Josephine Way,Tolland,CT,06084,85000,,,Tolland,,77536,,366,,,Active,,,http://www.redfin.com/CT/Tolland/39-Josephine-Way-06084/home/54107732,Smart MLS,170192820,N,Y,41.8415909,-72.3960395
MLS Listing,,Vacant Land,33 Josephine Way,Tolland,CT,06084,85000,,,Tolland,,64468,,367,,,Active,,,http://www.redfin.com/CT/Tolland/Josephine-Way-06084/home/146199378,Smart MLS,170192528,N,Y,41.851756,-72.394541
MLS Listing,,Vacant Land,25 Josephine Way,Tolland,CT,06084,90000,,,Tolland,,223898,,367,,,Active,,,http://www.redfin.com/CT/Tolland/Josephine-Way-06084/home/146199381,Smart MLS,170192506,N,Y,41.85124,-72.393513
MLS Listing,,Vacant Land,21 Josephine Way,Tolland,CT,06084,85000,,,Tolland,,60983,,367,,,Active,,,http://www.redfin.com/CT/Tolland/Josephine-Way-06084/home/146199443,Smart MLS,170192479,N,Y,41.852399,-72.393996
MLS Listing,,Vacant Land,00 Tolland Stage Rd,Tolland,CT,06084,1550000,,,Tolland,,3620707,,505,,,Active,,,http://www.redfin.com/CT/Tolland/167-Tolland-Stage-Rd-06084/home/144534896,Smart MLS,170150643,N,Y,41.8708414,-72.4125691
MLS Listing,,Single Family Residential,91 Fieldstone Dr,Tolland,CT,06084,535000,4,2.5,Tolland,3063,74052,2019,520,175,,Active,,,http://www.redfin.com/CT/Tolland/91-Fieldstone-Dr-06084/home/54107780,Smart MLS,170147318,N,Y,41.8592014,-72.4061189
MLS Listing,,Vacant Land,123 Chardonnay Ln,Tolland,CT,06084,79900,,,The Vineyards,,237837,,570,,,Active,,,http://www.redfin.com/CT/Tolland/123-Chardonnay-Ln-06084/home/54109661,Smart MLS,170134198,N,Y,41.8981047,-72.3298422
MLS Listing,,Vacant Land,125 Kozley Rd,Tolland,CT,06084,75000,,,Tolland,,136342,,872,,,Active,,,http://www.redfin.com/CT/Tolland/125-Kozley-Rd-06084/home/54109456,Smart MLS,170036829,N,Y,41.893411,-72.3716714
