SALE TYPE,SOLD DATE,PROPERTY TYPE,ADDRESS,CITY,STATE OR PROVINCE,ZIP OR POSTAL CODE,PRICE,BEDS,BATHS,LOCATION,SQUARE FEET,LOT SIZE,YEAR BUILT,DAYS ON MARKET,$/SQUARE FEET,HOA/MONTH,STATUS,NEXT OPEN HOUSE START TIME,NEXT OPEN HOUSE END TIME,URL (SEE http://www.redfin.com/buy-a-home/comparative-market-analysis FOR INFO ON PRICING),SOURCE,MLS#,FAVORITE,INTERESTED,LATITUDE,LONGITUDE
MLS Listing,,Single Family Residential,80 Ekonk Hill Rd,Voluntown,CT,06384,179900,3,1.0,Voluntown,1092,21780,1956,9,165,,Active,,,http://www.redfin.com/CT/Voluntown/80-Ekonk-Hill-Rd-06384/home/53791307,RIS,1252532,N,Y,41.580608,-71.8531724
MLS Listing,,Single Family Residential,719 Ekonk Hill Rd,Voluntown,CT,06384,140000,3,2.0,Voluntown,1411,130244,1952,16,99,,Active,,,http://www.redfin.com/CT/Voluntown/719-Ekonk-Hill-Rd-06384/home/52230809,Smart MLS,170289767,N,Y,41.6201018,-71.8439538
MLS Listing,,Single Family Residential,263 Congdon Rd,Voluntown,CT,06384,244900,4,2.0,New London,2376,84356,1987,38,103,,Active,,,http://www.redfin.com/CT/Voluntown/263-Congdon-Rd-06384/home/53791165,RIS,1250579,N,Y,41.6381054,-71.8451582
MLS Listing,,Single Family Residential,385 Wylie School Rd,Voluntown,CT,06384,264999,3,3.0,Wylie,2008,60112,2003,39,132,,Active,,,http://www.redfin.com/CT/Voluntown/385-Wylie-School-Rd-06384/home/53791090,Smart MLS,170285014,N,Y,41.6020479,-71.8318162
MLS Listing,,Single Family Residential,21-29 Ten Rod Rd,Voluntown,CT,06384,1499000,12,15.0,Beach Pond,13045,1219680,1959,51,115,,Active,,,http://www.redfin.com/CT/Voluntown/21-10-Rod-Rd-06384/home/53791021,Smart MLS,170282790,N,Y,41.5788326,-71.8155755
MLS Listing,,Single Family Residential,40 Tanglewood Ln,Voluntown,CT,06384,274900,3,2.0,Voluntown,1340,11325,1972,70,205,,Active,,,http://www.redfin.com/CT/Voluntown/40-Tanglewood-Ln-06384/home/53790944,Smart MLS,170276543,N,Y,41.5796681,-71.8105513
MLS Listing,,Vacant Land,178 Campbell Mill Rd,Voluntown,CT,06384,46900,,,Voluntown,,370260,,78,,,Active,,,http://www.redfin.com/CT/Voluntown/178-Campbell-Mill-Rd-06384/home/144530704,Smart MLS,170273551,N,Y,41.6026359,-71.8354991
MLS Listing,,Vacant Land,258 Congdon Rd,Voluntown,CT,06384,49900,,,Voluntown,,196891,,79,,,Active,,,http://www.redfin.com/CT/Voluntown/258-Congdon-Rd-06384/home/53791373,Smart MLS,170273571,N,Y,41.6410857,-71.8436285
MLS Listing,,Vacant Land,742 Beach Pond Rd,Voluntown,CT,06384,76000,,,Beach Pond,,85377,,85,,,Active,,,http://www.redfin.com/CT/Voluntown/742-Beach-Pond-Rd-06384/home/53790463,Smart MLS,170271876,N,Y,41.5749022,-71.8047136
MLS Listing,,Single Family Residential,255 Preston City Rd,Voluntown,CT,06384,220000,4,1.5,Voluntown,1488,83199,1966,146,148,,Active,,,http://www.redfin.com/CT/Voluntown/255-Preston-City-Rd-06384/home/53791233,Smart MLS,170257874,N,Y,41.5646708,-71.8682737
MLS Listing,,Single Family Residential,280 Shetucket Tpke,Voluntown,CT,06384,895000,6,4.5,Beach Pond,4992,3406392,1940,163,179,,Active,,,http://www.redfin.com/CT/Voluntown/280-Shetucket-Tpke-06384/home/53790675,RIS,1241652,N,Y,41.5839016,-71.8328528
MLS Listing,,Vacant Land,89 Lillibridge Ave,Voluntown,CT,06384,20000,,,Voluntown,,7405,,175,,,Active,,,http://www.redfin.com/CT/Voluntown/89-Lillibridge-Ave-06384/home/53790359,Smart MLS,170251246,N,Y,41.570761,-71.8704872
MLS Listing,,Vacant Land,2 Lakeside Ter,Voluntown,CT,06384,425000,,,Voluntown,,71002,,281,,,Active,,,http://www.redfin.com/CT/Voluntown/2-Lakeside-Ter-06384/home/53790717,RIS,1231103,N,Y,41.5816248,-71.8103009
MLS Listing,,Vacant Land,16 Lakeside Ter,Voluntown,CT,06384,425000,,,Voluntown,,47916,,281,,,Active,,,http://www.redfin.com/CT/Voluntown/16-Lakeside-Ter-06384/home/53790715,RIS,1231102,N,Y,41.5822987,-71.8116104
MLS Listing,,Single Family Residential,140 North Shore Rd,Voluntown,CT,06384,425000,3,3.0,Voluntown,1980,42688,1950,281,215,,Active,,,http://www.redfin.com/CT/Voluntown/140-N-Shore-Rd-06384/home/53790672,RIS,1231097,N,Y,41.5835191,-71.8100879
MLS Listing,,Single Family Residential,118 N Shore Rd,Voluntown,CT,06384,1900000,27,14.5,Voluntown,10000,535788,1950,281,190,,Active,,,http://www.redfin.com/CT/Voluntown/118-N-Shore-Rd-06384/home/146350398,RIS,1231089,N,Y,41.5846518,-71.8109847
MLS Listing,,Vacant Land,100 N Shore Rd,Voluntown,CT,06384,139000,,,Voluntown,,87120,,382,,,Active,,,http://www.redfin.com/CT/Voluntown/100-N-Shore-Rd-06384/home/163335019,Smart MLS,170180759,N,Y,41.5839197,-71.8127751
MLS Listing,,Single Family Residential,349 Beach Pond Rd,Voluntown,CT,06384,765000,3,3.5,Voluntown,2882,2599225,2009,389,265,,Active,,,http://www.redfin.com/CT/Voluntown/349-Beach-Pond-Rd-06384/home/106292548,Smart MLS,170180887,N,Y,41.5765735,-71.8376941
MLS Listing,,Vacant Land,103 N Shore Rd,Voluntown,CT,06384,69000,,,Voluntown,,170319,,405,,,Active,,,http://www.redfin.com/CT/Voluntown/103-N-Shore-Rd-06384/home/53790536,Smart MLS,170178084,N,Y,41.5864096,-71.8108783
MLS Listing,,Vacant Land,19 N Shore Rd,Voluntown,CT,06384,30000,,,Voluntown,,5227,,494,,,Active,,,http://www.redfin.com/CT/Voluntown/19-N-Shore-Rd-06384/home/53790653,Smart MLS,170151999,N,Y,41.5819989,-71.8192186
