SALE TYPE,SOLD DATE,PROPERTY TYPE,ADDRESS,CITY,STATE OR PROVINCE,ZIP OR POSTAL CODE,PRICE,BEDS,BATHS,LOCATION,SQUARE FEET,LOT SIZE,YEAR BUILT,DAYS ON MARKET,$/SQUARE FEET,HOA/MONTH,STATUS,NEXT OPEN HOUSE START TIME,NEXT OPEN HOUSE END TIME,URL (SEE http://www.redfin.com/buy-a-home/comparative-market-analysis FOR INFO ON PRICING),SOURCE,MLS#,FAVORITE,INTERESTED,LATITUDE,LONGITUDE
MLS Listing,,Single Family Residential,28 Brick School Rd,Warren,CT,06754,264900,3,2.0,Warren,2282,115434,1981,4,116,,Active,,,http://www.redfin.com/CT/Warren/28-Brick-School-Rd-06754/home/107620807,Smart MLS,170292434,N,Y,41.7452831,-73.3929041
MLS Listing,,Single Family Residential,49 Cornwall Rd,Warren,CT,06754,299000,2,2.0,Warren,1394,71438,1930,37,214,,Active,,,http://www.redfin.com/CT/Warren/49-Cornwall-Rd-06754/home/107621073,Smart MLS,170285647,N,Y,41.7508526,-73.351366
MLS Listing,,Vacant Land,00 Town Hill Rd,Warren,CT,06754,325000,,,Warren,,1106424,,46,,,Active,,,http://www.redfin.com/CT/WARREN/TOWN-HILL-RD-06754/home/107621041,Smart MLS,170283665,N,Y,41.740928,-73.321441
MLS Listing,,Single Family Residential,245 Lake Rd,Warren,CT,06777,499900,4,2.5,Warren,2120,340639,1973,49,236,,Active,,,http://www.redfin.com/CT/Warren/245-Lake-Rd-06777/home/107620485,Smart MLS,170282922,N,Y,41.716139,-73.34266
MLS Listing,,Vacant Land,28 Reed Rd,Warren,CT,06754,140000,,,Warren,,329749,,51,,,Active,,,http://www.redfin.com/CT/Warren/28-Reed-Rd-06754/home/107620513,Smart MLS,170282382,N,Y,41.739567,-73.357352
MLS Listing,,Single Family Residential,168 Kent Rd,Warren,CT,06754,539000,4,2.5,Warren,3264,193842,2006,51,165,,Active,,,http://www.redfin.com/CT/Warren/168-Kent-Rd-06754/home/107620932,Smart MLS,170282680,N,Y,41.7415116,-73.3789515
MLS Listing,,Single Family Residential,10 Wolfe Rd,Warren,CT,06754,895000,3,3.5,Warren,2882,340639,2016,66,311,,Active,,,http://www.redfin.com/CT/Warren/10-Wolfe-Rd-06754/home/107620491,Smart MLS,170277865,N,Y,41.7755384,-73.3742885
MLS Listing,,Single Family Residential,102 Melius Rd,Warren,CT,06754,4995000,7,6.0,Warren,6844,2979504,1799,67,730,,Active,,,http://www.redfin.com/CT/Warren/102-Melius-Rd-06754/home/107621307,Smart MLS,170277285,N,Y,41.756274,-73.333648
MLS Listing,,Single Family Residential,216 Brick School Rd,Warren,CT,06754,549000,2,2.5,Warren,2100,187308,1968,68,261,,Active,,,http://www.redfin.com/CT/Warren/216-Brick-School-Rd-06754/home/107620525,Smart MLS,170275609,N,Y,41.7601092,-73.3737018
MLS Listing,,Single Family Residential,208 Kent Rd,Warren,CT,06754,1525000,4,4.5,Warren,5941,2820074,2003,98,257,,Active,,,http://www.redfin.com/CT/Warren/208-Kent-Rd-06754/home/107620579,Smart MLS,170268343,N,Y,41.7419375,-73.3861968
MLS Listing,,Single Family Residential,27 Cornwall Rd,Warren,CT,06754,1950000,3,3.5,Warren,5038,298821,1950,179,387,,Active,,,http://www.redfin.com/CT/Warren/27-Cornwall-Rd-06754/home/107621091,Smart MLS,170251656,N,Y,41.7483911,-73.3471519
MLS Listing,,Single Family Residential,37 Cornwall Rd,Warren,CT,06754,185000,2,2.0,Warren,1390,32670,1750,192,133,,Active,,,http://www.redfin.com/CT/Warren/37-Cornwall-Rd-06754/home/107620785,Smart MLS,170239897,N,Y,41.7495102,-73.3502674
MLS Listing,,Vacant Land,159 C N Shore Rd,Warren,CT,06777,1450000,,,Warren,,21083,,193,,,Active,,,http://www.redfin.com/CT/Warren/159-C-N-Shore-Rd-06777/home/148751727,Smart MLS,170247598,N,Y,41.705834,-73.372086
MLS Listing,,Vacant Land,159 B N Shore Rd,Warren,CT,06777,1895000,,,Warren,,130026,,193,,,Active,,,http://www.redfin.com/CT/Warren/159-B-N-Shore-Rd-06777/home/169591085,Smart MLS,170247597,N,Y,41.705834,-73.372086
MLS Listing,,Single Family Residential,159 A N Shore Rd,Warren,CT,06777,2900000,4,3.5,Warren,3500,20908,2018,193,829,,Active,,,http://www.redfin.com/CT/Warren/159-N-Shore-Rd-06777/home/107620499,Smart MLS,170247595,N,Y,41.706797,-73.3715834
MLS Listing,,Single Family Residential,6 Countryside Ln,Warren,CT,06750,439000,4,2.5,Warren,2814,212572,2006,198,156,,Active,,,http://www.redfin.com/CT/Warren/6-Countryside-Ln-06754/home/107620909,Smart MLS,170246810,N,Y,41.7447723,-73.3779368
MLS Listing,,Vacant Land,00 Brick School Rd,Warren,CT,06754,850000,,,Warren,,2181920,,199,,,Active,,,http://www.redfin.com/CT/Warren/55-Brick-School-Rd-06754/home/107620920,Smart MLS,170246192,N,Y,41.749573,-73.39046
MLS Listing,,Single Family Residential,246 Brick School Rd,Warren,CT,06754,670000,3,2.5,Warren,2256,97138,2001,199,297,,Active,,,http://www.redfin.com/CT/Warren/246-Brick-School-Rd-06754/home/107621149,Smart MLS,170245791,N,Y,41.7637173,-73.3737939
MLS Listing,,Vacant Land,0 Woodville Rd,Warren,CT,06754,118500,,,Warren,,155944,,211,,,Active,,,http://www.redfin.com/CT/WARREN/WOODVILLE-RD-06754/home/107620567,Smart MLS,170243295,N,Y,41.708441,-73.295227
MLS Listing,,Vacant Land,0 Wolfe Rd,Warren,CT,06754,328000,,,Warren,,638589,,214,,,Active,,,http://www.redfin.com/CT/WARREN/WOLFE-RD-06754/home/107620937,Smart MLS,170241851,N,Y,41.777944,-73.375161
MLS Listing,,Vacant Land,0 brick school Rd,Warren,CT,06754,119000,,,yes,,397702,,220,,,Active,,,http://www.redfin.com/CT/WARREN/BRICK-SCHOOL-RD-06754/home/107620784,Smart MLS,170240732,N,Y,41.754484,-73.387819
MLS Listing,,Single Family Residential,7 Bliss Rd,Warren,CT,06754,1950000,5,6.0,Warren,4944,55321,1892,244,394,,Active,,,http://www.redfin.com/CT/Warren/7-Bliss-Rd-06777/home/107620483,Smart MLS,170219866,N,Y,41.7044295,-73.3548662
MLS Listing,,Single Family Residential,144 Curtiss Rd,Warren,CT,06777,1399000,3,3.0,Warren,2400,148104,1908,284,583,,Active,,,http://www.redfin.com/CT/Warren/144-Curtiss-Rd-06777/home/107620916,Smart MLS,170219791,N,Y,41.7155,-73.367396
MLS Listing,,Vacant Land,85 Curtiss Rd,Warren,CT,06777,799000,,,Warren,,471319,,332,,,Active,,,http://www.redfin.com/CT/Warren/85-Curtiss-Rd-06777/home/107620938,Smart MLS,170202793,N,Y,41.710961,-73.3597829
MLS Listing,,Vacant Land,00 Curtiss Rd,Warren,CT,06754,380000,,,Warren,,366339,,336,,,Active,,,http://www.redfin.com/CT/Warren/Curtiss-Rd-06777/home/107621339,Smart MLS,170203902,N,Y,41.716182,-73.367862
MLS Listing,,Vacant Land,00 Cunningham Rd,Warren,CT,06754,1785000,,,Warren,,10802880,,343,,,Active,,,http://www.redfin.com/CT/WARREN/CUNNINGHAM-RD-06754/home/107621130,Smart MLS,170200740,N,Y,41.731185,-73.383523
MLS Listing,,Vacant Land,000 Brick School Rd,Warren,CT,06754,1150000,,,Warren,,3983562,,360,,,Active,,,http://www.redfin.com/CT/WARREN/BRICK-SCHOOL-RD-06754/home/107620642,Smart MLS,170195085,N,Y,41.769579,-73.363329
MLS Listing,,Vacant Land,00 Milton Rd,Warren,CT,06754,295000,,,Warren,,914760,,399,,,Active,,,http://www.redfin.com/CT/Warren/00-Milton-RD-06754/home/161120226,Smart MLS,170180688,N,Y,41.777944,-73.302277
MLS Listing,,Single Family Residential,7 Arrow Point Rd,Warren,CT,06777,4850000,4,5.0,Warren,5474,58806,2008,404,886,,Active,,,http://www.redfin.com/CT/Warren/7-Arrow-Point-Rd-06777/home/107620928,Smart MLS,170172029,N,Y,41.7048276,-73.3743925
MLS Listing,,Single Family Residential,293 Lake Rd,Warren,CT,06777,2995000,5,5.0,Warren,6697,707850,2000,424,447,,Active,,,http://www.redfin.com/CT/Warren/293-Lake-Rd-06777/home/107621158,Smart MLS,170167373,N,Y,41.7130669,-73.3449511
MLS Listing,,Single Family Residential,163 Lake Rd,Warren,CT,06754,1499000,5,2.5,Warren,3000,1786395,1851,437,500,,Active,,,http://www.redfin.com/CT/Warren/163-Lake-Rd-06754/home/107620453,Smart MLS,170167374,N,Y,41.727986,-73.339778
MLS Listing,,Single Family Residential,11 Cornwall Rd,Warren,CT,06754,1850000,7,9.5,Warren,9608,107593,1750,700,193,,Active,,,http://www.redfin.com/CT/Warren/11-Cornwall-Rd-06754/home/146014888,Smart MLS,170093601,N,Y,41.745982,-73.3482573
MLS Listing,,Vacant Land,0 Carter Rd,Warren,CT,06754,60000,,,Warren,,174240,,763,,,Active,,,http://www.redfin.com/CT/Cornwall-Bridge/Carter-Rd-06754/home/144530701,Smart MLS,170062597,N,Y,41.75662,-73.371083
MLS Listing,,Single Family Residential,381 Lake Rd,Warren,CT,06777,2595000,4,3.5,Warren,3993,158122,1953,870,650,,Active,,,http://www.redfin.com/CT/Warren/381-Lake-Rd-06777/home/107621318,Smart MLS,170025664,N,Y,41.698143,-73.341176
