SALE TYPE,SOLD DATE,PROPERTY TYPE,ADDRESS,CITY,STATE OR PROVINCE,ZIP OR POSTAL CODE,PRICE,BEDS,BATHS,LOCATION,SQUARE FEET,LOT SIZE,YEAR BUILT,DAYS ON MARKET,$/SQUARE FEET,HOA/MONTH,STATUS,NEXT OPEN HOUSE START TIME,NEXT OPEN HOUSE END TIME,URL (SEE http://www.redfin.com/buy-a-home/comparative-market-analysis FOR INFO ON PRICING),SOURCE,MLS#,FAVORITE,INTERESTED,LATITUDE,LONGITUDE
MLS Listing,,Single Family Residential,130 Dayton Rd,Waterford,CT,06385,179900,2,1.0,Waterford,1345,44866,1960,1,134,,Active,,,http://www.redfin.com/CT/Waterford/130-Dayton-Rd-06385/home/54100044,Smart MLS,170293568,N,Y,41.3862565,-72.1456164
MLS Listing,,Single Family Residential,228 Shore Rd,Waterford,CT,06385,589900,3,1.5,Pleasure Beach,1800,22215,1959,1,328,,Active,,,http://www.redfin.com/CT/Waterford/228-Shore-Rd-06385/home/54093424,Smart MLS,170293519,N,Y,41.3181914,-72.147699
MLS Listing,,Single Family Residential,15 Scotch Cap Rd,Waterford,CT,06375,479000,4,4.5,Quaker Hill,4184,28314,1978,1,114,,Active,,,http://www.redfin.com/CT/Quaker-Hill/15-Scotch-Cap-Rd-06375/home/54098440,Smart MLS,170290217,N,Y,41.4039371,-72.1089146
MLS Listing,,Single Family Residential,3 Hickory Ln,Waterford,CT,06385,309000,3,3.0,Waterford,2207,43995,1977,2,140,,Active,,,http://www.redfin.com/CT/Waterford/3-Hickory-Ln-06385/home/54097030,Smart MLS,170293164,N,Y,41.3841768,-72.1439966
MLS Listing,,Condo/Co-op,310 Boston Post Rd #112,Waterford,CT,06385,177000,2,2.5,Waterford,1272,,1995,2,139,295,Active,,,http://www.redfin.com/CT/Waterford/310-Boston-Post-Rd-06385/unit-112/home/54099806,Smart MLS,170292980,N,Y,41.3508333,-72.1545419
MLS Listing,,Single Family Residential,121 Shore Rd,Waterford,CT,06385,219900,3,1.0,Pleasure Beach,1008,7405,1946,2,218,29,Active,,,http://www.redfin.com/CT/Waterford/121-Shore-Rd-06385/home/54092468,Smart MLS,170292799,N,Y,41.310335,-72.143597
MLS Listing,,Single Family Residential,16 Fog Plain Rd,Waterford,CT,06385,229900,3,2.0,Fog Plain,1374,20037,1958,3,167,,Active,,,http://www.redfin.com/CT/Waterford/16-Fog-Plain-Rd-06385/home/54096895,Smart MLS,170292693,N,Y,41.3574713,-72.1314546
MLS Listing,,Single Family Residential,9 Kathryn Ct,Waterford,CT,06385,524900,4,2.5,Waterford,2750,63597,2019,5,191,,Active,,,http://www.redfin.com/CT/Waterford/9-Kathryn-Ct-06385/home/54092107,Smart MLS,170292134,N,Y,41.343938,-72.16988
MLS Listing,,Single Family Residential,11 Darling Ln,Waterford,CT,06385,244900,3,2.0,Oswwegatchie,1171,4791,1890,7,209,,Active,,,http://www.redfin.com/CT/Waterford/11-Darling-Ln-06385/home/54096451,Smart MLS,170291800,N,Y,41.3570737,-72.1847776
MLS Listing,,Single Family Residential,1 Mayfair Dr,Waterford,CT,06385,409000,4,2.5,Great Neck,2100,50093,1987,10,195,8,Active,,,http://www.redfin.com/CT/Waterford/1-Mayfair-Dr-06385/home/54093965,Smart MLS,170289846,N,Y,41.318845,-72.1154407
MLS Listing,,Single Family Residential,235 Great Neck Rd,Waterford,CT,06385,849000,3,2.5,Strand,2661,53578,1930,12,319,,Active,,,http://www.redfin.com/CT/Waterford/235-Great-Neck-Rd-06385/home/54098673,Smart MLS,170287022,N,Y,41.304629,-72.1236792
MLS Listing,,Single Family Residential,22 Devonshire Dr,Waterford,CT,06385,219900,3,2.5,Fog Plain,1136,20037,1982,14,194,,Active,,,http://www.redfin.com/CT/Waterford/22-Devonshire-Dr-06385/home/54096480,Smart MLS,170290180,N,Y,41.3582234,-72.1404331
MLS Listing,,Single Family Residential,11 Oak Rd,Waterford,CT,06385,365000,3,2.5,Waterford,2400,11325,2020,14,152,,Active,,,http://www.redfin.com/CT/Waterford/11-Oak-Rd-06385/home/54093021,Smart MLS,170290124,N,Y,41.31379,-72.142695
MLS Listing,,Single Family Residential,2 Foot Ct,Waterford,CT,06385,359000,4,2.5,Governor's Landing,1974,17424,1973,16,182,4,Active,,,http://www.redfin.com/CT/Waterford/2-Foot-Ct-06385/home/54094464,Smart MLS,170289005,N,Y,41.334707,-72.1431636
MLS Listing,,Single Family Residential,10 Beechwood Dr,Waterford,CT,06385,294900,2,2.0,Waterford,1342,,2000,21,220,225,Active,,,http://www.redfin.com/CT/Waterford/10-Beechwood-Dr-06385/home/171368679,Smart MLS,170288798,N,Y,41.3673009,-72.1574557
MLS Listing,,Single Family Residential,32 Olive St,Waterford,CT,06385,215000,4,1.5,Waterford,1680,10018,1961,23,128,,Active,,,http://www.redfin.com/CT/Waterford/32-Olive-St-06385/home/54099680,Smart MLS,170288346,N,Y,41.3444355,-72.1282611
MLS Listing,,Single Family Residential,42 Goshen Rd,Waterford,CT,06385,299900,4,2.0,Pleasure Beach,1701,47044,1975,24,176,,Active,,,http://www.redfin.com/CT/Waterford/42-Goshen-Rd-06385/home/54093334,Smart MLS,170287867,N,Y,41.3118195,-72.1387207
MLS Listing,,Single Family Residential,1 Alewife Rd,Waterford,CT,06385,349900,4,2.0,Waterford,2360,11325,1963,25,148,,Active,,,http://www.redfin.com/CT/Waterford/1-Alewife-Rd-06385/home/54093606,Smart MLS,170287961,N,Y,41.3168613,-72.1044712
MLS Listing,,Single Family Residential,26 Lamphere Rd,Waterford,CT,06385,309900,4,2.0,Waterford,2080,18295,1965,25,149,,Active,,,http://www.redfin.com/CT/Waterford/26-Lamphere-Rd-06385/home/54093542,Smart MLS,170287844,N,Y,41.323882,-72.1386281
MLS Listing,,Single Family Residential,120.5 Spithead Rd,Waterford,CT,06385,329900,3,1.5,Spithead,1662,20037,1979,28,198,,Active,,,http://www.redfin.com/CT/Waterford/120-5-Spithead-Rd-06385/home/171305826,Smart MLS,170287630,N,Y,41.34865,-72.1654
MLS Listing,,Single Family Residential,23R Locust Ct,Waterford,CT,06385,289900,3,2.0,Waterford,1735,10018,1950,28,167,,Active,,,http://www.redfin.com/CT/Waterford/23R-Locust-Ct-06385/home/54096366,Smart MLS,170287531,N,Y,41.3543091,-72.1727348
MLS Listing,,Single Family Residential,150 Oswegatchie Rd,Waterford,CT,06385,639900,3,2.5,Oswwegatchie,2319,20473,2020,31,276,50,Active,,,http://www.redfin.com/CT/Waterford/150-Oswegatchie-Rd-06385/home/109789876,Smart MLS,170285496,N,Y,41.3530819,-72.1812196
MLS Listing,,Single Family Residential,20 Cottage Ln,Waterford,CT,06385,499900,3,2.5,Cohanzie Village,2560,47044,2018,31,195,,Active,,,http://www.redfin.com/CT/Waterford/20-Cottage-Ln-06385/home/54092238,Smart MLS,170286863,N,Y,41.3856484,-72.1484447
MLS Listing,,Vacant Land,200 Great Neck Rd,Waterford,CT,06385,225000,,,Waterford,,49658,,32,,,Active,,,http://www.redfin.com/CT/Waterford/200-Great-Neck-Rd-06385/home/54092244,Smart MLS,170286749,N,Y,41.3097492,-72.1291013
MLS Listing,,Vacant Land,202R Great Neck Rd,Waterford,CT,06385,249900,,,Waterford,,96703,,32,,,Active,,,http://www.redfin.com/CT/Waterford/202R-Great-Neck-Rd-06385/home/148161952,Smart MLS,170286746,N,Y,41.3093928,-72.1287958
MLS Listing,,Vacant Land,200A Great Neck Rd,Waterford,CT,06385,199000,,,Waterford,,54014,,32,,,Active,,,http://www.redfin.com/CT/Waterford/200A-Great-Neck-Rd-06385/home/148161533,Smart MLS,170286741,N,Y,41.3097492,-72.1291013
MLS Listing,,Single Family Residential,9 Waterview Dr,Waterford,CT,06385,2300000,5,6.5,Quaker Hill,7393,77972,1989,37,311,,Active,,,http://www.redfin.com/CT/Waterford/9-Waterview-Dr-06385/home/54097739,Smart MLS,170277339,N,Y,41.386593,-72.139854
MLS Listing,,Single Family Residential,16 Forest St,Waterford,CT,06385,289900,5,2.0,Ridgewood Park,2319,11325,1970,46,125,,Active,,,http://www.redfin.com/CT/Waterford/16-Forest-St-06385/home/54093109,Smart MLS,170283417,N,Y,41.3111694,-72.1052117
MLS Listing,,Single Family Residential,6 Summer Rest Rd,Waterford,CT,06385,219900,2,1.0,Mago Point,1126,22215,1930,48,195,,Active,,,http://www.redfin.com/CT/Waterford/6-Summer-Rest-Rd-06385/home/54093356,Smart MLS,170283404,N,Y,41.3222608,-72.1715317
MLS Listing,,Single Family Residential,2A Gun Shot Rd,Waterford,CT,06385,499000,4,3.5,Millstone,3108,10018,1956,51,161,20,Active,,,http://www.redfin.com/CT/Waterford/2A-Gun-Shot-Rd-06385/home/54098828,Smart MLS,170282357,N,Y,41.3151209,-72.1598701
MLS Listing,,Single Family Residential,8 Beechwood Dr,Waterford,CT,06385,275000,2,2.0,Waterford,1628,,2001,51,169,225,Active,,,http://www.redfin.com/CT/Waterford/8-Beechwood-Dr-06385/home/171147464,Smart MLS,170282363,N,Y,41.367339,-72.157457
MLS Listing,,Single Family Residential,26 Giovanni Dr,Waterford,CT,06385,329900,3,2.5,Fog Plain,2051,10454,2001,52,161,13,Active,,,http://www.redfin.com/CT/Waterford/26-Giovanni-Dr-06385/home/54092830,Smart MLS,170274016,N,Y,41.3606615,-72.1345554
MLS Listing,,Single Family Residential,25 Kenyon Rd,Waterford,CT,06385,289900,4,2.5,Waterford,2100,20037,1982,56,138,,Active,,,http://www.redfin.com/CT/Waterford/25-Kenyon-Rd-06385/home/54097106,Smart MLS,170281033,N,Y,41.3769117,-72.1339075
MLS Listing,,Single Family Residential,2 Almond Dr,Waterford,CT,06385,279900,3,2.5,Waterford,1828,20037,1980,57,153,,Active,,,http://www.redfin.com/CT/Waterford/2-Almond-Dr-06385/home/54096887,Smart MLS,170278657,N,Y,41.3548646,-72.1322414
MLS Listing,,Vacant Land,7 West St,Waterford,CT,06385,49000,,,Waterford,,10018,,60,,,Active,,,http://www.redfin.com/CT/Waterford/7-West-St-06385/home/54093510,Smart MLS,170278980,N,Y,41.3268259,-72.172043
MLS Listing,,Single Family Residential,20 Gilead Rd,Waterford,CT,06385,179900,3,1.0,Waterford,1008,17859,1960,63,178,,Active,,,http://www.redfin.com/CT/Waterford/20-Gilead-Rd-06385/home/54100280,Smart MLS,170268883,N,Y,41.3685316,-72.1308529
MLS Listing,,Single Family Residential,56 W Millstone Rd,Waterford,CT,06385,500000,4,3.0,Waterford,3408,33105,1900,65,147,,Active,,,http://www.redfin.com/CT/Waterford/56-Millstone-Rd-06385/home/54093398,Smart MLS,170277620,N,Y,41.3206119,-72.1716542
MLS Listing,,Vacant Land,13 Spithead Rd,Waterford,CT,06385,110000,,,Spithead,,61419,,69,,,Active,,,http://www.redfin.com/CT/Waterford/13-Spithead-Rd-06385/home/54092798,Smart MLS,170276725,N,Y,41.3343876,-72.157223
MLS Listing,,Single Family Residential,43 Brill Ave,Waterford,CT,06385,234900,3,1.5,Waterford,1585,9583,1955,75,148,,Active,,,http://www.redfin.com/CT/Waterford/43-Brill-Ave-06385/home/54099913,Smart MLS,170274810,N,Y,41.351828,-72.1431636
MLS Listing,,Single Family Residential,20 Laurel St,Waterford,CT,06385,225000,3,2.0,Ridgewood Park,1758,3484,1930,77,128,,Active,,,http://www.redfin.com/CT/Waterford/20-Laurel-St-06385/home/54098993,Smart MLS,170274072,N,Y,41.3124884,-72.103962
MLS Listing,,Single Family Residential,14 Kathryn Ct,Waterford,CT,06385,554999,3,2.0,Kathryn Court Estates,1624,43995,2020,91,342,,Active,,,http://www.redfin.com/CT/Waterford/14-Kathryn-Ct-06385/home/54092145,Smart MLS,170270309,N,Y,41.3448866,-72.1696775
MLS Listing,,Single Family Residential,12 Kathryn Ct,Waterford,CT,06385,739999,5,4.0,Kathryn Court Estates,3054,70567,2020,91,242,,Active,,,http://www.redfin.com/CT/Waterford/12-Kathryn-Ct-06385/home/54092093,Smart MLS,170270303,N,Y,41.3401664,-72.1730034
MLS Listing,,Single Family Residential,10 Kathryn Ct,Waterford,CT,06385,599999,3,2.5,Kathryn Court Estates,2178,45738,2020,91,275,,Active,,,http://www.redfin.com/CT/Waterford/10-Kathryn-Ct-06385/home/54092312,Smart MLS,170270298,N,Y,41.3440103,-72.168644
MLS Listing,,Single Family Residential,6 Kathryn Ct,Waterford,CT,06385,569999,3,2.5,Kathryn Court Estates,2178,42253,2020,91,262,,Active,,,http://www.redfin.com/CT/Waterford/6-Kathryn-Ct-06385/home/54092332,Smart MLS,170270289,N,Y,41.34509,-72.169546
MLS Listing,,Single Family Residential,8 Kathryn Ct,Waterford,CT,06385,649999,3,2.5,Kathryn Court Estates,2849,44431,2020,91,228,,Active,,,http://www.redfin.com/CT/Waterford/8-Kathryn-Ct-06385/home/54092109,Smart MLS,170270295,N,Y,41.3401664,-72.1730034
MLS Listing,,Single Family Residential,13 Woodlawn Ave,Waterford,CT,06385,184900,2,1.0,Fog Plain,906,24393,1945,91,204,,Active,,,http://www.redfin.com/CT/Waterford/13-Woodlawn-Ave-06385/home/54095718,Smart MLS,170270364,N,Y,41.3470556,-72.1389521
MLS Listing,,Single Family Residential,28 Windward Way,Waterford,CT,06385,775000,4,2.5,Quaker Hill,4250,9147,2006,97,182,100,Active,,,http://www.redfin.com/CT/Waterford/28-Windward-Way-06385/home/54091973,Smart MLS,170268251,N,Y,41.3157539,-72.1559828
MLS Listing,,Single Family Residential,24 Quarry Rd,Waterford,CT,06385,510000,4,4.5,Waterford,4604,106722,2002,97,111,21,Active,,,http://www.redfin.com/CT/Waterford/24-Quarry-Rd-06385/home/54100485,Smart MLS,170268341,N,Y,41.3085647,-72.1324959
MLS Listing,,Single Family Residential,249 Boston Post Rd,Waterford,CT,06385,140000,2,1.0,Waterford,858,9147,1956,97,163,,Active,,,http://www.redfin.com/CT/Waterford/249-Boston-Post-Rd-06385/home/54095668,Smart MLS,170268316,N,Y,41.3471355,-72.1415901
MLS Listing,,Single Family Residential,18 Woodlawn Ave,Waterford,CT,06385,175000,2,1.0,Waterford,962,6098,2010,102,182,,Active,,,http://www.redfin.com/CT/Waterford/18-Woodlawn-Ave-06385/home/54095699,Smart MLS,170267035,N,Y,41.3474785,-72.1394612
MLS Listing,,Single Family Residential,20 Wood St,Waterford,CT,06385,279900,4,3.0,Waterford,1800,4791,1950,114,156,13,Active,,,http://www.redfin.com/CT/Waterford/20-Wood-St-06385/home/54099279,Smart MLS,170263897,N,Y,41.3314035,-72.1752799
MLS Listing,,Single Family Residential,16 Lincoln Rd,Waterford,CT,06385,265000,4,1.5,Waterford,1100,14810,1974,116,241,,Active,,,http://www.redfin.com/CT/Waterford/16-Lincoln-Rd-06385/home/54099345,Smart MLS,170263253,N,Y,41.3251924,-72.1446908
MLS Listing,,Vacant Land,00 Kathryn (5 Lots) Ct,Waterford,CT,06385,599900,,,Kathryn Court Estates,,908226,,118,,,Active,,,http://www.redfin.com/CT/Waterford/5-Kathryn-Ct-06385/home/170270135,Smart MLS,170262846,N,Y,41.3448216,-72.1698796
MLS Listing,,Single Family Residential,69R Lamphere Rd,Waterford,CT,06385,360000,4,2.5,Waterford,2220,41817,1790,118,162,,Active,,,http://www.redfin.com/CT/Waterford/69R-Lamphere-Rd-06385/home/145986296,Smart MLS,170262321,N,Y,41.324121,-72.146786
MLS Listing,,Multi-Family (2-4 Unit),20 Norwich Rd,Waterford,CT,06375,429900,4,2.0,Waterford,2440,209959,1870,120,176,,Active,,,http://www.redfin.com/CT/Quaker-Hill/20-Norwich-Rd-06375/home/54098740,Smart MLS,170262273,N,Y,41.4217797,-72.1104883
MLS Listing,,Condo/Co-op,64 Scotch Cap Rd #180,Waterford,CT,06375,283900,2,2.5,Quaker Hill,1851,,2020,122,153,210,Active,,,http://www.redfin.com/CT/Quaker-Hill/64-Scotch-Cap-Rd-06375/unit-180/home/169887036,Smart MLS,170261623,N,Y,41.4022346,-72.1010018
MLS Listing,,Condo/Co-op,64 Scotch Cap Rd #178,Waterford,CT,06375,279900,2,2.5,Quaker Hill,1851,,2020,122,151,210,Active,,,http://www.redfin.com/CT/Quaker-Hill/64-Scotch-Cap-Rd-06375/unit-178/home/169887033,Smart MLS,170261619,N,Y,41.4022346,-72.1010018
MLS Listing,,Single Family Residential,4 Cove View Dr,Waterford,CT,06375,339900,3,3.0,Quaker Hill,2606,7840,1952,123,130,,Active,,,http://www.redfin.com/CT/Quaker-Hill/4-Cove-View-Dr-06375/home/54098092,Smart MLS,170261397,N,Y,41.3985488,-72.1079426
MLS Listing,,Vacant Land,202 Great Neck Rd,Waterford,CT,06385,175000,,,Waterford,,40510,,130,,,Active,,,http://www.redfin.com/CT/Waterford/202-Great-Neck-Rd-06385/home/54092355,Smart MLS,170260018,N,Y,41.3097831,-72.1275062
MLS Listing,,Vacant Land,105 Great Neck Rd,Waterford,CT,06385,264900,,,Great Neck,,144183,,131,,,Active,,,http://www.redfin.com/CT/Waterford/105-Great-Neck-Rd-06385/home/54093753,Smart MLS,170256456,N,Y,41.322981,-72.1344166
MLS Listing,,Vacant Land,25 & 25R Fargo Rd,Waterford,CT,06385,175000,,,Waterford,,352836,,136,,,Active,,,http://www.redfin.com/CT/Waterford/25R-Fargo-Rd-06385/home/146260385,Smart MLS,170259391,N,Y,41.392769,-72.170582
MLS Listing,,Single Family Residential,7 Wallace St,Waterford,CT,06385,289900,3,2.5,Waterford,1752,18730,1975,141,165,,Active,,,http://www.redfin.com/CT/Waterford/7-Wallace-St-06385/home/54094107,Smart MLS,170258805,N,Y,41.3263524,-72.143395
MLS Listing,,Single Family Residential,63 Old Colchester Rd,Waterford,CT,06375,329999,3,2.0,Quaker Hill,1892,967032,1876,147,174,,Active,,,http://www.redfin.com/CT/Quaker-Hill/63-Old-Colchester-Rd-06375/home/54098858,Smart MLS,170257822,N,Y,41.4082409,-72.1192389
MLS Listing,,Single Family Residential,52 Bloomingdale Rd,Waterford,CT,06375,239900,3,2.0,Quaker Hill,1462,37897,1954,148,164,,Active,,,http://www.redfin.com/CT/Quaker-Hill/52-Bloomingdale-Rd-06375/home/54097380,Smart MLS,170257669,N,Y,41.3794782,-72.1200691
MLS Listing,,Vacant Land,212 Bloomingdale Rd,Waterford,CT,06375,65000,,,Quaker Hill,,72745,,170,,,Active,,,http://www.redfin.com/CT/Quaker-Hill/212-Bloomingdale-Rd-06375/home/54092273,Smart MLS,170253937,N,Y,41.3988693,-72.1253842
MLS Listing,,Single Family Residential,10 1st Ave,Waterford,CT,06385,99900,3,1.0,Waterford,964,5227,1920,170,104,,Active,,,http://www.redfin.com/CT/Waterford/10-1st-Ave-06385/home/54094355,Smart MLS,170253770,N,Y,41.3333224,-72.1725497
MLS Listing,,Single Family Residential,10 E Bishop St,Waterford,CT,06385,285900,3,2.5,Waterford,2192,6969,1950,172,130,,Active,,,http://www.redfin.com/CT/Waterford/10-E-Bishop-St-06385/home/54093707,Smart MLS,170252564,N,Y,41.3309017,-72.1721332
MLS Listing,,Condo/Co-op,310 Boston Post Rd #123,Waterford,CT,06385,109500,1,1.0,Oswwegatchie,789,,1995,172,139,182,Active,,,http://www.redfin.com/CT/Waterford/310-Boston-Post-Rd-06385/unit-123/home/54095108,Smart MLS,170252186,N,Y,41.3508333,-72.1545419
MLS Listing,,Single Family Residential,141 Oswegatchie Rd,Waterford,CT,06385,559000,3,2.5,Waterford,2846,42253,1971,182,196,,Active,,,http://www.redfin.com/CT/Waterford/141-Oswegatchie-Rd-06385/home/54095459,Smart MLS,170250826,N,Y,41.352252,-72.182382
MLS Listing,,Multi-Family (2-4 Unit),95 Fog Plain Rd,Waterford,CT,06385,140600,0,,Waterford,2261,34848,1898,190,62,,Active,,,http://www.redfin.com/CT/Waterford/95-Fog-Plain-Rd-06385/home/54095987,Smart MLS,170249311,N,Y,41.3531764,-72.1420413
MLS Listing,,Single Family Residential,62 Braman Rd,Waterford,CT,06385,324900,4,2.0,Great Neck,1928,21780,1961,193,169,,Active,,,http://www.redfin.com/CT/Waterford/62-Braman-Rd-06385/home/54093794,Smart MLS,170247075,N,Y,41.3203799,-72.1226609
MLS Listing,,Vacant Land,11B Marguy St,Waterford,CT,06375,64900,,,Quaker Hill,,22215,,201,,,Active,,,http://www.redfin.com/CT/Quaker-Hill/11B-Marguy-St-06375/home/146114654,Smart MLS,170245991,N,Y,41.4245933,-72.1124674
MLS Listing,,Single Family Residential,29 Rogers Hill Rd,Waterford,CT,06385,319000,4,2.5,Waterford,2262,79279,1973,219,141,,Active,,,http://www.redfin.com/CT/Waterford/29-Rogers-Hill-Rd-06385/home/54098319,Smart MLS,170240309,N,Y,41.4004738,-72.1377488
MLS Listing,,Single Family Residential,23 Twin Lakes Dr,Waterford,CT,06385,749999,4,3.5,Waterford,4500,22651,2003,224,167,,Active,,,http://www.redfin.com/CT/Waterford/23-Twin-Lakes-Dr-06385/home/54097817,Smart MLS,170238738,N,Y,41.3901046,-72.1377719
MLS Listing,,Condo/Co-op,64 Scotch Cap Rd #167,Waterford,CT,06375,274900,2,2.5,Quaker Hill,1851,,2020,238,149,210,Active,,,http://www.redfin.com/CT/Quaker-Hill/64-Scotch-Cap-Rd-06375/unit-167/home/146102164,Smart MLS,170235337,N,Y,41.4029292,-72.0999581
MLS Listing,,Condo/Co-op,64 Scotch Cap Rd #168,Waterford,CT,06375,269900,2,2.5,Quaker Hill,1851,,2020,238,146,210,Active,,,http://www.redfin.com/CT/Quaker-Hill/64-Scotch-Cap-Rd-06375/unit-168/home/168257276,Smart MLS,170235334,N,Y,41.4029292,-72.0999581
MLS Listing,,Condo/Co-op,64 Scotch Cap Rd #169,Waterford,CT,06375,269900,2,2.5,Quaker Hill,1851,,2020,238,146,210,Active,,,http://www.redfin.com/CT/Quaker-Hill/64-Scotch-Cap-Rd-06375/unit-169/home/168257277,Smart MLS,170235329,N,Y,41.4029292,-72.0999581
MLS Listing,,Vacant Land,109R Clark Ln,Waterford,CT,06385,849900,,,Morningside Park,,510958,,255,,,Active,,,http://www.redfin.com/CT/Waterford/109R-Clark-Ln-06385/home/144521621,Smart MLS,170229611,N,Y,41.35319,-72.125726
MLS Listing,,Single Family Residential,190 Shore Rd,Waterford,CT,06385,479000,3,2.0,Jordan Village,1890,6098,1980,256,253,,Active,,,http://www.redfin.com/CT/Waterford/190-Shore-Rd-06385/home/54093255,Smart MLS,170228500,N,Y,41.314275,-72.1469585
MLS Listing,,Single Family Residential,155 Rope Ferry Rd,Waterford,CT,06385,279999,3,2.0,Jordan Village,1721,23086,1948,256,163,,Active,,,http://www.redfin.com/CT/Waterford/155-Rope-Ferry-Rd-06385/home/54094549,Smart MLS,170229213,N,Y,41.3361563,-72.1521186
MLS Listing,,Vacant Land,45 Shawandassee Rd,Waterford,CT,06385,149900,,,Waterford,,21780,,266,,50,Active,,,http://www.redfin.com/CT/Waterford/45-Shawandassee-Rd-06385/home/109789896,Smart MLS,170226889,N,Y,41.3532004,-72.1822667
MLS Listing,,Vacant Land,35 Shawandassee Rd,Waterford,CT,06385,139900,,,Oswegatchie,,20473,,266,,50,Active,,,http://www.redfin.com/CT/Waterford/35-Shawandassee-Rd-06385/home/109789900,Smart MLS,170218911,N,Y,41.352729,-72.1820422
MLS Listing,,Vacant Land,146 Oswegatchie Rd,Waterford,CT,06385,129900,,,Oswegatchie Colony,,21344,,266,,50,Active,,,http://www.redfin.com/CT/Waterford/146-Oswegatchie-Rd-06385/home/109789897,Smart MLS,170218904,N,Y,41.3529431,-72.1817193
MLS Listing,,Single Family Residential,56 Shore Dr,Waterford,CT,06385,299000,2,1.5,Waterford,1453,4791,1940,267,206,,Active,,,http://www.redfin.com/CT/Waterford/56-Shore-Dr-06385/home/54099049,Smart MLS,170226415,N,Y,41.313498,-72.1022031
MLS Listing,,Single Family Residential,982 Hartford Tpke,Waterford,CT,06385,159000,3,1.0,Waterford,1349,40510,1946,275,118,,Active,,,http://www.redfin.com/CT/Waterford/982-Hartford-Tpke-06385/home/54100040,Smart MLS,170222955,N,Y,41.3882718,-72.1606105
MLS Listing,,Single Family Residential,167 Shore Rd,Waterford,CT,06385,750000,4,4.0,Waterford,4392,23958,1996,277,171,,Active,,,http://www.redfin.com/CT/Waterford/167-Shore-Rd-06385/home/54093278,Smart MLS,170222351,N,Y,41.3121373,-72.1459404
MLS Listing,,Single Family Residential,986 Hartford Tpke,Waterford,CT,06385,159000,4,1.0,Waterford,1488,38332,1946,278,107,,Active,,,http://www.redfin.com/CT/Waterford/986-Hartford-Tpke-06385/home/54097876,Smart MLS,170222954,N,Y,41.3886575,-72.1608882
MLS Listing,,Single Family Residential,755 Broad Street Ext,Waterford,CT,06385,189000,1,1.0,Waterford,994,6098,1956,310,190,,Active,,,http://www.redfin.com/CT/Waterford/755-Broad-St-06385/home/54097216,Smart MLS,170212613,N,Y,41.369593,-72.130241
MLS Listing,,Single Family Residential,193 Old Norwich Rd,Waterford,CT,06375,299900,4,2.5,Quaker Hill,3119,95832,1736,330,96,,Active,,,http://www.redfin.com/CT/Quaker-Hill/193-Old-Norwich-Rd-06375/home/54100615,Smart MLS,170199720,N,Y,41.4104353,-72.1090071
MLS Listing,,Single Family Residential,23 Way Hill Rd,Waterford,CT,06385,625000,4,3.0,Waterford,2694,1594296,1964,373,232,,Active,,,http://www.redfin.com/CT/Waterford/23-Way-Hill-Rd-06385/home/52283299,Smart MLS,170187286,N,Y,41.396002,-72.172325
MLS Listing,,Single Family Residential,10 Point Comfort,Waterford,CT,06385,629900,4,5.0,Waterford,4029,7405,1988,389,156,,Active,,,http://www.redfin.com/CT/Waterford/10-Point-Comfort-Rd-06385/home/54096948,Smart MLS,170184036,N,Y,41.363933,-72.189613
MLS Listing,,Single Family Residential,39 Shore Rd,Waterford,CT,06385,610000,5,4.5,Waterford,3659,32234,1999,391,167,,Active,,,http://www.redfin.com/CT/Waterford/39-Shore-Rd-06385/home/54092694,Smart MLS,170183219,N,Y,41.3043448,-72.1333058
MLS Listing,,Single Family Residential,4 SeaView Ter,Waterford,CT,06385,463000,4,2.5,SeaView Terrace,2262,18295,2020,397,205,20,Active,,,http://www.redfin.com/CT/WATERFORD/4-SEA-VIEW-TER-06385/home/109789904,Smart MLS,170181236,N,Y,41.328814,-72.167938
MLS Listing,,Single Family Residential,11 Sea View Ter,Waterford,CT,06385,464900,3,2.5,Waterford,2384,16117,2019,397,195,20,Active,,,http://www.redfin.com/CT/Waterford/11-Sea-View-Ter-06385/home/109789879,Smart MLS,170181235,N,Y,41.3296324,-72.1655625
MLS Listing,,Single Family Residential,7 SeaView Ter,Waterford,CT,06385,439900,3,2.5,SeaView Terrace,2100,15245,2020,397,209,20,Active,,,http://www.redfin.com/CT/WATERFORD/7-SEA-VIEW-TER-06385/home/109789884,Smart MLS,170181227,N,Y,41.328824,-72.16765
MLS Listing,,Single Family Residential,13 Sea View Ter,Waterford,CT,06385,450000,3,2.0,Waterford,1570,22215,2019,397,287,20,Active,,,http://www.redfin.com/CT/Waterford/13-Sea-View-Ter-06385/home/109789911,Smart MLS,170181226,N,Y,41.3296324,-72.1655625
MLS Listing,,Single Family Residential,6 SeaView Ter,Waterford,CT,06385,439900,4,2.5,SeaView Terrace,1992,16117,2019,397,221,20,Active,,,http://www.redfin.com/CT/Waterford/6-SeaView-TER-06385/home/171436010,Smart MLS,170181224,N,Y,41.328796,-72.167477
MLS Listing,,Single Family Residential,12 Sea View Ter,Waterford,CT,06385,412900,3,2.5,Waterford,1792,15245,2019,397,230,20,Active,,,http://www.redfin.com/CT/Waterford/12-Sea-View-Ter-06385/home/109789882,Smart MLS,170181222,N,Y,41.3296324,-72.1655625
MLS Listing,,Single Family Residential,5 Betty St,Waterford,CT,06385,430000,3,2.0,Waterford,2210,18730,2019,627,195,,Active,,,http://www.redfin.com/CT/Waterford/5-Betty-Rd-06385/home/54093023,Smart MLS,170117201,N,Y,41.314143,-72.1437
MLS Listing,,Vacant Land,19 Lindross Ln,Waterford,CT,06385,130000,,,Waterford,,21780,,813,,,Active,,,http://www.redfin.com/CT/Waterford/19-Lindros-Ln-06385/home/54092395,Smart MLS,170052667,N,Y,41.3077225,-72.1368209
MLS Listing,,Vacant Land,506 Boston Post Rd,Waterford,CT,06385,265000,,,Waterford,,344559,,870,,,Active,,,http://www.redfin.com/CT/Waterford/506-Boston-Post-Rd-06385/home/54096802,Smart MLS,E10202234,N,Y,41.364055,-72.183216
For-Sale-by-Owner Listing,,Single Family Residential,29 Maple Rd,Quaker Hill,CT,06375,240000,3,2.0,Quaker Hill,1235,23522,1950,210,194,,Active,,,http://www.redfin.com/CT/Quaker-Hill/29-Maple-Rd-06375/home/54098753,Fizber.com,5035220,N,Y,41.4259597,-72.1117379
For-Sale-by-Owner Listing,,Single Family Residential,192 Rope Ferry Rd,Waterford,CT,06385,187500,3,2.0,Millstone,1159,10890,1865,281,162,,Active,,,http://www.redfin.com/CT/Waterford/192-Rope-Ferry-Rd-06385/home/54094310,Fizber.com,5025907,N,Y,41.3327115,-72.1549184
