SALE TYPE,SOLD DATE,PROPERTY TYPE,ADDRESS,CITY,STATE OR PROVINCE,ZIP OR POSTAL CODE,PRICE,BEDS,BATHS,LOCATION,SQUARE FEET,LOT SIZE,YEAR BUILT,DAYS ON MARKET,$/SQUARE FEET,HOA/MONTH,STATUS,NEXT OPEN HOUSE START TIME,NEXT OPEN HOUSE END TIME,URL (SEE http://www.redfin.com/buy-a-home/comparative-market-analysis FOR INFO ON PRICING),SOURCE,MLS#,FAVORITE,INTERESTED,LATITUDE,LONGITUDE
MLS Listing,,Single Family Residential,46 Fisher Hill Rd,Willington,CT,06279,524900,5,4.5,Willington,3492,109771,1986,1,150,,Active,,,http://www.redfin.com/CT/Willington/46-Fisher-Hill-Rd-06279/home/54049973,Smart MLS,170293013,N,Y,41.8663171,-72.2956378
MLS Listing,,Single Family Residential,126 Tinkerville Rd,Willington,CT,06279,219900,4,2.5,Willington,1693,81021,1968,3,130,,Active,,,http://www.redfin.com/CT/Willington/126-Tinkerville-Rd-06279/home/54049176,Smart MLS,170292841,N,Y,41.9091878,-72.2167852
MLS Listing,,Single Family Residential,214 Willington Hill Rd,Willington,CT,06279,259900,3,2.0,Willington,2206,88426,2001,3,118,,Active,,,http://www.redfin.com/CT/Willington/214-Willington-Hill-Rd-06279/home/54048814,Smart MLS,170290787,N,Y,41.8467729,-72.2743366
MLS Listing,,Single Family Residential,148 Balazs Rd,Willington,CT,06279,375000,3,3.0,Willington,2644,89297,2004,11,142,,Active,,,http://www.redfin.com/CT/Willington/148-Balazs-Rd-06279/home/54049617,Smart MLS,170290608,N,Y,41.9387794,-72.2203247
MLS Listing,,Vacant Land,53 Navratil Rd,Willington,CT,06279,54900,,,Willington,,134600,,18,,,Active,,,http://www.redfin.com/CT/Willington/53-Navratil-Rd-06279/home/54050102,Smart MLS,170288810,N,Y,41.8551145,-72.2854521
MLS Listing,,Vacant Land,49 Navratil Rd,Willington,CT,06279,57900,,,Willington,,176853,,18,,,Active,,,http://www.redfin.com/CT/Willington/49-Navratil-Rd-06279/home/54050104,Smart MLS,170288808,N,Y,41.8552893,-72.2845599
MLS Listing,,Single Family Residential,8 Tolland Tpke,Willington,CT,06279,199900,4,1.5,Willington,1633,21344,1930,32,122,,Active,,,http://www.redfin.com/CT/Willington/8-Tolland-Tpke-06279/home/171276971,Smart MLS,170286475,N,Y,41.8807248,-72.3052355
MLS Listing,,Single Family Residential,23 Jared Sparks Rd,Willington,CT,06279,164900,3,2.0,Willington,1654,171190,1960,70,100,,Active,,,http://www.redfin.com/CT/Willington/23-Jared-Sparks-Rd-06279/home/54049475,Smart MLS,170276618,N,Y,41.8782198,-72.2643446
MLS Listing,,Single Family Residential,6 Ashley Ln,Willington,CT,06279,450000,3,3.0,Willington,3004,131115,2020,70,150,,Active,,,http://www.redfin.com/CT/Willington/6-Ashley-Ln-06279/home/54048621,Smart MLS,170276588,N,Y,41.9304679,-72.2720851
MLS Listing,,Vacant Land,89 Potter School Rd,Willington,CT,06279,44900,,,Willington,,203860,,93,,,Active,,,http://www.redfin.com/CT/Willington/89-Potter-School-Rd-06279/home/54049889,Smart MLS,170268832,N,Y,41.9406076,-72.2362966
MLS Listing,,Vacant Land,Lot B Lohse Rd,Willington,CT,06279,65000,,,Willington,,133729,,120,,,Active,,,http://www.redfin.com/CT/Willington/Lot-B-Lohse-Rd-06279/home/144511890,Smart MLS,170262308,N,Y,41.925074,-72.259577
MLS Listing,,Vacant Land,Lot A Lohse Rd,Willington,CT,06279,65000,,,Willington,,204296,,120,,,Active,,,http://www.redfin.com/CT/Willington/Lot-A-Lohse-Rd-06279/home/145163761,Smart MLS,170262282,N,Y,41.925074,-72.259577
MLS Listing,,Vacant Land,21 Angela Ln,Willington,CT,06279,95000,,,Willington Heights,,87555,,120,,,Active,,,http://www.redfin.com/CT/Willington/21-Angela-Ln-06279/home/54049061,Smart MLS,170262279,N,Y,41.9267379,-72.2723954
MLS Listing,,Vacant Land,20 Angela Ln,Willington,CT,06279,95000,,,Willington Height,,79714,,120,,,Active,,,http://www.redfin.com/CT/Willington/20-Angela-Ln-06279/home/54048643,Smart MLS,170262268,N,Y,41.9275075,-72.2735895
MLS Listing,,Vacant Land,19 Angela Ln,Willington,CT,06279,95000,,,Willington Height,,79714,,120,,,Active,,,http://www.redfin.com/CT/Willington/19-Angela-Ln-06279/home/54048737,Smart MLS,170262261,N,Y,41.9278029,-72.2723534
MLS Listing,,Vacant Land,14 Angela Ln,Willington,CT,06279,95000,,,Willington Heights,,126324,,120,,,Active,,,http://www.redfin.com/CT/Willington/14-Angela-Ln-06279/home/54048586,Smart MLS,170262241,N,Y,41.9290026,-72.2730595
MLS Listing,,Single Family Residential,15 Ashley Ln,Willington,CT,06279,489900,3,2.5,Willington Heights,2687,80150,2018,121,182,,Active,,,http://www.redfin.com/CT/Willington/15-Ashley-Ln-06279/home/54048577,Smart MLS,170262021,N,Y,41.929029,-72.2696583
MLS Listing,,Vacant Land,9 Angela Ln,Willington,CT,06279,129000,,,Willington Heights,,545371,,121,,,Active,,,http://www.redfin.com/CT/Willington/9-Angela-Ln-06279/home/54048725,Smart MLS,170262003,N,Y,41.9263283,-72.2710462
MLS Listing,,Vacant Land,14 Ashley Ln,Willington,CT,06279,95000,,,Willington Height,,82764,,121,,,Active,,,http://www.redfin.com/CT/Willington/14-Ashley-Ln-06279/home/54048629,Smart MLS,170261968,N,Y,41.9292498,-72.2712104
MLS Listing,,Vacant Land,21 Ashley Ln,Willington,CT,06279,95000,,,Willington Heights,,107593,,121,,,Active,,,http://www.redfin.com/CT/Willington/21-Ashley-Ln-06279/home/54048665,Smart MLS,170261923,N,Y,41.9273147,-72.2696111
MLS Listing,,Vacant Land,0 Turnpike Rd Lot 6,Willington,CT,06279,44900,,,Willington,,80586,,149,,,Active,,,http://www.redfin.com/CT/Willington/6-Turnpike-Rd-06279/unit-6/home/170057709,Smart MLS,170256723,N,Y,41.9280068,-72.2461503
MLS Listing,,Single Family Residential,29 Timber Ln,Willington,CT,06279,539900,6,3.0,Willington,4337,530996,1986,155,124,,Active,,,http://www.redfin.com/CT/Willington/29-Timber-Ln-06279/home/54049612,Smart MLS,170244748,N,Y,41.8460303,-72.2916006
MLS Listing,,Vacant Land,47 Turnpike Rd,Willington,CT,06279,10000,,,Willington,,141570,,182,,,Active,,,http://www.redfin.com/CT/Willington/47-Turnpike-Rd-06279/home/169753855,Smart MLS,170251334,N,Y,41.9253273,-72.2535173
MLS Listing,,Vacant Land,0 Clint Eldredge Rd,Willington,CT,06279,275000,,,Willington,,4129488,,323,,,Active,,,http://www.redfin.com/CT/Willington/Clint-Eldredge-Rd-06279/home/171385495,Smart MLS,170205390,N,Y,41.857803,-72.255521
MLS Listing,,Vacant Land,"46,56,00 Navratil Rd",Willington,CT,06279,130000,,,West Willington,,1367784,,325,,,Active,,,http://www.redfin.com/CT/Willington/46-56-00-Navratil-Rd-06279/home/146495335,Smart MLS,170207507,N,Y,41.85831,-72.28587
MLS Listing,,Single Family Residential,364 Tolland Tpke,Willington,CT,06279,89900,1,1.0,Willington,616,404236,1960,328,146,,Active,,,http://www.redfin.com/CT/Willington/364-Tolland-Tpke-06279/home/54048571,Smart MLS,170206912,N,Y,41.8718263,-72.2411333
MLS Listing,,Vacant Land,20 Kollar Rd,Willington,CT,06279,82900,,,Willington,,483516,,363,,,Active,,,http://www.redfin.com/CT/Willington/20-Kollar-Rd-06279/home/54048939,Smart MLS,170194068,N,Y,41.8761141,-72.2846395
MLS Listing,,Multi-Family (2-4 Unit),132 Tolland Tpke,Willington,CT,06279,199900,4,2.0,West Willington,1502,47044,1900,406,133,,Active,,,http://www.redfin.com/CT/Willington/132-Tolland-Tpke-06279/home/54049088,Smart MLS,170176217,N,Y,41.879179,-72.2833327
MLS Listing,,Vacant Land,48 Michalec Rd,Willington,CT,06279,74000,,,Willington,,511394,,470,,,Active,,,http://www.redfin.com/CT/Willington/48-Michalec-Rd-06279/home/54050564,Smart MLS,170157367,N,Y,41.9540081,-72.2365769
MLS Listing,,Vacant Land,0 hancock/RT320,Willington,CT,06279,650000,,,Willington,,4356000,,870,,,Active,,,http://www.redfin.com/CT/Willington/Hancock-Rd-06279/home/144526819,Smart MLS,G10105452,N,Y,41.875506,-72.264719
MLS Listing,,Vacant Land,0 Moose Meadow Rd,Willington,CT,06279,59900,,,Willington,,998830,,871,,,Active,,,http://www.redfin.com/CT/Willington/Moose-Meadow-Rd-06279/home/144524618,Smart MLS,G10132276,N,Y,41.893924,-72.23169
MLS Listing,,Vacant Land,X0 Mihaliak Rd,Willington,CT,06279,249900,,,Willington,,2657160,,871,,,Active,,,http://www.redfin.com/CT/Willington/X0-Mihaliak-Rd-06279/home/171436006,Smart MLS,G10240583,N,Y,41.925438,-72.258691
MLS Listing,,Vacant Land,85 Moose Meadow Rd,Willington,CT,06279,42000,,,Willington,,351093,,871,,,Active,,,http://www.redfin.com/CT/Willington/85-Moose-Meadow-Rd-06279/home/106980656,Smart MLS,G10199658,N,Y,41.8844021,-72.2303047
MLS Listing,,Vacant Land,214 River Rd,Willington,CT,06279,44900,,,Willington,,191664,,871,,,Active,,,http://www.redfin.com/CT/Willington/214-River-Rd-06279/home/54049560,Smart MLS,G10080291,N,Y,41.8637043,-72.2997101
