SALE TYPE,SOLD DATE,PROPERTY TYPE,ADDRESS,CITY,STATE OR PROVINCE,ZIP OR POSTAL CODE,PRICE,BEDS,BATHS,LOCATION,SQUARE FEET,LOT SIZE,YEAR BUILT,DAYS ON MARKET,$/SQUARE FEET,HOA/MONTH,STATUS,NEXT OPEN HOUSE START TIME,NEXT OPEN HOUSE END TIME,URL (SEE http://www.redfin.com/buy-a-home/comparative-market-analysis FOR INFO ON PRICING),SOURCE,MLS#,FAVORITE,INTERESTED,LATITUDE,LONGITUDE
MLS Listing,,Single Family Residential,293 Colebrook Rd,Winchester,CT,06098,269750,3,2.0,Winchester,2496,140263,1966,2,108,,Active,,,http://www.redfin.com/CT/Winsted/293-Colebrook-Rd-06098/home/107609294,Smart MLS,170292285,N,Y,41.9515459,-73.1003466
MLS Listing,,Single Family Residential,86 Glendale Ave,Winchester,CT,06098,195000,3,2.0,Winsted,1750,35283,1948,6,111,,Active,,,http://www.redfin.com/CT/Winsted/86-Glendale-Ave-06098/home/107324041,Smart MLS,170292046,N,Y,41.9170415,-73.0507755
MLS Listing,,Multi-Family (5+ Unit),25 Hillside Ave,Winchester,CT,06098,349000,0,,Winsted,5001,27007,1900,16,70,,Active,,,http://www.redfin.com/CT/Winsted/25-Hillside-Ave-06098/home/107607158,Smart MLS,170289739,N,Y,41.9258174,-73.0745256
MLS Listing,,Single Family Residential,18 Strong Ter,Winchester,CT,06098,119900,3,1.0,Winchester,960,16117,1957,25,125,,Active,,,http://www.redfin.com/CT/Winsted/18-Strong-Ter-06098/home/107323572,Smart MLS,170288028,N,Y,41.9191915,-73.0573511
MLS Listing,,Multi-Family (2-4 Unit),126 Williams Ave,Winchester,CT,06098,74999,4,2.0,Winchester,2225,27442,1890,29,34,,Active,,,http://www.redfin.com/CT/Winsted/126-Williams-Ave-06098/home/107607456,Smart MLS,170287305,N,Y,41.9279814,-73.0725784
MLS Listing,,Single Family Residential,127 Smith Hill Rd,Winchester,CT,06098,249900,3,2.0,Smith Hill,1680,43560,2001,37,149,,Active,,,http://www.redfin.com/CT/Winsted/127-Smith-Hill-Rd-06098/home/107324302,Smart MLS,170285365,N,Y,41.9500012,-73.0540229
MLS Listing,,Condo/Co-op,109 W Wakefield Blvd #1,Winchester,CT,06098,299000,2,1.5,Winsted,1008,,1989,38,297,150,Active,,,http://www.redfin.com/CT/Winsted/109-W-Wakefield-Blvd-06098/unit-1/home/107323287,Smart MLS,170285364,N,Y,41.9195257,-73.0892657
MLS Listing,,Single Family Residential,137 Mundry Rd,Winchester,CT,06098,223200,3,1.5,Winsted,1632,111077,1982,44,137,,Active,,,http://www.redfin.com/CT/Winsted/137-Mundry-Rd-06098/home/107609183,Smart MLS,170284402,N,Y,41.8785399,-73.142732
MLS Listing,,Single Family Residential,32 Holabird Ave,Winchester,CT,06098,159900,4,1.5,Winchester,1704,8712,1890,46,94,,Active,,,http://www.redfin.com/CT/Winsted/32-Holabird-Ave-06098/home/107607424,Smart MLS,170283012,N,Y,41.9249165,-73.0673906
MLS Listing,,Multi-Family (2-4 Unit),351 N Main St,Winchester,CT,06098,89000,2,2.0,Winchester,1722,6969,1870,51,52,,Active,,,http://www.redfin.com/CT/Winsted/351-N-Main-St-06098/home/170039835,Smart MLS,170282802,N,Y,41.9326972,-73.0580885
MLS Listing,,Vacant Land,175 Newfield Rd,Winchester,CT,06098,400000,,,Winsted,,3118895,,52,,,Active,,,http://www.redfin.com/CT/Winsted/175-Newfield-Rd-06098/home/171144907,Smart MLS,170282489,N,Y,41.8754656,-73.1359044
MLS Listing,,Single Family Residential,436 Winchester Rd,Winchester,CT,06098,549000,3,2.5,Winchester Center,2881,2280801,1988,56,191,,Active,,,http://www.redfin.com/CT/Winsted/436-Winchester-Rd-06098/home/107607702,Smart MLS,170279502,N,Y,41.909868,-73.1290039
MLS Listing,,Single Family Residential,107 Spencer Hill Rd,Winchester,CT,06098,550000,3,2.5,Winchester,2830,709592,1989,58,194,,Active,,,http://www.redfin.com/CT/Winsted/107-Spencer-Hill-Rd-06098/home/107323874,Smart MLS,170271395,N,Y,41.9382047,-73.0733184
MLS Listing,,Single Family Residential,722 W Wakefield Blvd,Winchester,CT,06098,230000,2,1.0,Winsted,877,14810,1920,59,262,,Active,,,http://www.redfin.com/CT/Winsted/722-W-Wakefield-Blvd-06098/home/107607536,Smart MLS,170280332,N,Y,41.8965433,-73.0959552
MLS Listing,,Single Family Residential,842 E Wakefield Blvd,Winchester,CT,06098,474900,3,2.5,Winsted,2032,10018,1973,59,234,,Active,,,http://www.redfin.com/CT/Winsted/842-E-Wakefield-Blvd-06098/home/107609430,Smart MLS,170280350,N,Y,41.8908536,-73.0946712
MLS Listing,,Multi-Family (2-4 Unit),43 Wallens St,Winchester,CT,06098,159900,4,2.0,Winsted,1729,13068,1900,62,92,,Active,,,http://www.redfin.com/CT/Winsted/43-Wallens-St-06098/home/107324033,Smart MLS,170279411,N,Y,41.9301657,-73.056576
MLS Listing,,Single Family Residential,548 E Wakefield Blvd,Winchester,CT,06098,279900,2,1.0,Winchester,512,2613,1936,62,547,,Active,,,http://www.redfin.com/CT/Winsted/548-E-Wakefield-Blvd-06098/home/107324166,Smart MLS,170279390,N,Y,41.9006033,-73.0888842
MLS Listing,,Single Family Residential,93 Wetmore Ave,Winchester,CT,06098,230000,2,1.5,Winsted,1815,20908,1941,69,127,,Active,,,http://www.redfin.com/CT/Winsted/93-Wetmore-Ave-06098/home/107607704,Smart MLS,170276813,N,Y,41.925927,-73.0633685
MLS Listing,,Single Family Residential,19 Walnut St,Winchester,CT,06098,145900,4,1.5,Winsted,2868,12632,1840,71,51,,Active,,,http://www.redfin.com/CT/Winsted/19-Walnut-St-06098/home/107610022,Smart MLS,170274834,N,Y,41.9216915,-73.0634852
MLS Listing,,Single Family Residential,447 N Main St,Winchester,CT,06098,119000,3,1.0,Winsted,1260,13939,1965,79,94,,Active,,,http://www.redfin.com/CT/Winsted/447-N-Main-St-06098/home/107607919,Smart MLS,170273773,N,Y,41.9363134,-73.0561573
MLS Listing,,Single Family Residential,24 White St,Winchester,CT,06098,39900,3,1.0,Winsted,1483,47480,1900,81,27,,Active,,,http://www.redfin.com/CT/Winsted/24-White-St-06098/home/166952992,Smart MLS,170273126,N,Y,41.9323541,-73.0563285
MLS Listing,,Single Family Residential,319 Joan Rd,Winchester,CT,06098,314900,4,2.5,Winchester Center,2963,27442,2006,82,106,,Active,,,http://www.redfin.com/CT/Winchester/319-Joan-RD-Unknown/home/170581697,Smart MLS,170272762,N,Y,41.927726,-73.082831
MLS Listing,,Single Family Residential,53 Park Pl,Winchester,CT,06098,129000,12,7.0,Winsted,3878,17424,1897,84,33,,Active,,,http://www.redfin.com/CT/Winsted/53-Park-Pl-06098/home/146114717,Smart MLS,170272555,N,Y,41.9223692,-73.0605052
MLS Listing,,Vacant Land,0 Highland Park,Winchester,CT,06098,125000,,,Winsted,,1829520,,89,,,Active,,,http://www.redfin.com/CT/Winchester/0-Highland-PARK-06098/home/170544069,Smart MLS,170270784,N,Y,41.91634,-73.069685
MLS Listing,,Single Family Residential,19 High St,Winchester,CT,06098,50000,4,2.0,Winsted,2328,6969,1900,90,21,,Active,,,http://www.redfin.com/CT/Winsted/19-High-St-06098/home/107607219,Smart MLS,170270594,N,Y,41.9227737,-73.0743998
MLS Listing,,Single Family Residential,67 E Lake St Unit R,Winchester,CT,06098,364900,3,2.5,Winchester,1344,8276,1990,91,272,,Active,,,http://www.redfin.com/CT/Winsted/67-E-Lake-St-06098/unit-R/home/170568804,Smart MLS,170269944,N,Y,41.9180376,-73.0782365
MLS Listing,,Multi-Family (2-4 Unit),37 Case Ave,Winchester,CT,06098,149900,6,2.0,Winsted,2232,6098,1900,93,67,,Active,,,http://www.redfin.com/CT/Winsted/37-Case-Ave-06098/home/107322333,Smart MLS,170269567,N,Y,41.9226239,-73.0681169
MLS Listing,,Multi-Family (2-4 Unit),18 Upland Rd,Winchester,CT,06098,139900,5,2.0,Winsted,2338,9583,1886,93,60,,Active,,,http://www.redfin.com/CT/Winsted/18-Upland-Rd-06098/home/107609517,Smart MLS,170268542,N,Y,41.9290935,-73.0765671
MLS Listing,,Multi-Family (2-4 Unit),45 Center St,Winchester,CT,06098,149000,4,2.5,Winsted,3868,7405,1900,94,39,,Active,,,http://www.redfin.com/CT/Winsted/45-Center-St-06098/home/146073092,Smart MLS,170269298,N,Y,41.9222714,-73.0685896
MLS Listing,,Vacant Land,150 Oak St,Winchester,CT,06098,10000,,,Winsted,,16117,,107,,,Active,,,http://www.redfin.com/CT/Winsted/150-Oak-St-06098/home/166956042,Smart MLS,170265834,N,Y,41.9261047,-73.0629999
MLS Listing,,Single Family Residential,153 Holabird Ave,Winchester,CT,06098,229500,4,3.0,Winchester,2645,31363,1870,116,87,,Active,,,http://www.redfin.com/CT/Winsted/153-Holabird-Ave-06098/home/107607167,Smart MLS,170262337,N,Y,41.9240677,-73.0610496
MLS Listing,,Multi-Family (2-4 Unit),207 Old New Hartford Rd,Winchester,CT,06098,87400,4,2.0,Winsted,1600,30491,1958,121,55,,Active,,,http://www.redfin.com/CT/Winsted/207-Old-New-Hartford-Rd-06098/home/107609941,Smart MLS,170261842,N,Y,41.9106029,-73.0483074
MLS Listing,,Vacant Land,493A N Main St,Winchester,CT,06098,25000,,,Winchester,,788436,,123,,,Active,,,http://www.redfin.com/CT/Winsted/493-A-N-Main-St-06098/home/171304715,Smart MLS,170261214,N,Y,41.944457,-73.052722
MLS Listing,,Single Family Residential,711 W Wakefield Blvd,Winchester,CT,06098,190000,2,1.0,Winchester,1200,30927,1800,124,158,,Active,,,http://www.redfin.com/CT/Winsted/711-W-Wakefield-Blvd-06098/home/107607719,Smart MLS,170261178,N,Y,41.8973103,-73.0962414
MLS Listing,,Multi-Family (2-4 Unit),26 Orchard St,Winchester,CT,06098,115999,4,2.0,Winsted,1578,23958,1900,145,74,,Active,,,http://www.redfin.com/CT/Winsted/26-Orchard-St-06098/home/107609838,Smart MLS,170258123,N,Y,41.9192795,-73.0757472
MLS Listing,,Single Family Residential,160 Walnut St,Winchester,CT,06098,158900,3,1.5,Winsted,1674,19602,1950,147,95,,Active,,,http://www.redfin.com/CT/Winsted/160-Walnut-St-06098/home/107609282,Smart MLS,170255014,N,Y,41.9273598,-73.0612475
MLS Listing,,Single Family Residential,47 Hurlbut,Winchester,CT,06098,204500,3,2.0,Winsted,1320,29620,2019,147,155,,Active,,,http://www.redfin.com/CT/Winsted/47-Hurlbut-St-06098/home/170040306,Smart MLS,170257973,N,Y,41.9155645,-73.0779445
MLS Listing,,Single Family Residential,151-R West Rd,Winchester,CT,06098,379900,4,2.0,Winchester Center,1700,261360,1982,170,223,,Active,,,http://www.redfin.com/CT/Winsted/151R-West-Rd-06098/home/169907145,Smart MLS,170253931,N,Y,41.9058413,-73.146333
MLS Listing,,Single Family Residential,70 Spencer St,Winchester,CT,06098,129900,5,2.0,Winsted,2452,24829,1900,174,53,,Active,,,http://www.redfin.com/CT/Winsted/70-Spencer-St-06098/home/107323199,Smart MLS,170252975,N,Y,41.9289176,-73.0754956
MLS Listing,,Vacant Land,111 1/2 Highview Dr,Winchester,CT,06098,49900,,,Winchester Center,,88426,,189,,,Active,,,http://www.redfin.com/CT/Winsted/111-Highview-Dr-06098/home/107322572,Smart MLS,170249447,N,Y,41.8836886,-73.1174187
MLS Listing,,Single Family Residential,112 Newfield Rd,Winchester,CT,06098,795000,4,3.0,Winchester Center,3404,1960200,1776,200,234,,Active,,,http://www.redfin.com/CT/Winsted/112-Newfield-Rd-06098/home/107608003,Smart MLS,170246346,N,Y,41.8966521,-73.1353076
MLS Listing,,Single Family Residential,146 Spencer Hill Rd,Winchester,CT,06098,359900,5,3.5,Winchester,3204,95832,2001,203,112,,Active,,,http://www.redfin.com/CT/Winsted/146-Spencer-Hill-Rd-06098/home/107607415,Smart MLS,170245685,N,Y,41.941289,-73.0707569
MLS Listing,,Single Family Residential,178 Danbury Quarter Rd,Winchester,CT,06098,375000,5,1.0,Winchester,1969,2722500,1860,210,190,,Active,,,http://www.redfin.com/CT/Winsted/178-Danbury-Quarter-Rd-06098/home/107323992,Smart MLS,170242919,N,Y,41.9481486,-73.1397393
MLS Listing,,Single Family Residential,208 Coe St,Winchester,CT,06098,975000,5,5.5,Winchester Center,5284,65340,1942,214,185,,Active,,,http://www.redfin.com/CT/Winsted/208-Coe-St-06098/home/107609444,Smart MLS,170240956,N,Y,41.9375695,-73.0844636
MLS Listing,,Single Family Residential,139 Grantville Rd,Winchester,CT,06098,1795000,6,4.5,Winchester,4509,18900684,1830,228,398,,Active,,,http://www.redfin.com/CT/Winsted/139-Grantville-Rd-06098/home/107608051,Smart MLS,170238009,N,Y,41.941042,-73.145685
MLS Listing,,Single Family Residential,406 E Wakefield Blvd,Winchester,CT,06098,945000,4,3.0,Winsted,2742,40075,1940,249,345,,Active,,,http://www.redfin.com/CT/Winsted/406-E-Wakefield-Blvd-06098/home/107607159,Smart MLS,170209084,N,Y,41.904199,-73.0885359
MLS Listing,,Single Family Residential,75 John St,Winchester,CT,06098,189000,4,2.5,Winchester,2057,23522,1950,251,92,,Active,,,http://www.redfin.com/CT/Winsted/75-John-St-06098/home/107607893,Smart MLS,170230543,N,Y,41.9275715,-73.0826999
MLS Listing,,Vacant Land,0 Newfield Rd,Winchester,CT,06098,79900,,,Winchester,,235224,,262,,,Active,,,http://www.redfin.com/CT/WINCHESTER/NEWFIELD-RD-06098/home/166951437,Smart MLS,170224318,N,Y,41.889738,-73.137213
MLS Listing,,Vacant Land,538 W Wakefield Blvd,Winchester,CT,06098,325000,,,Winsted,,2178,,265,,,Active,,,http://www.redfin.com/CT/Winsted/538-W-Wakefield-Blvd-06098/home/107323568,Smart MLS,170225067,N,Y,41.8982894,-73.0961012
MLS Listing,,Single Family Residential,543 W Wakefield Blvd,Winchester,CT,06098,795000,4,3.0,Winsted,2596,43560,1990,265,306,,Active,,,http://www.redfin.com/CT/Winsted/543-W-Wakefield-Blvd-06098/home/107322907,Smart MLS,170225059,N,Y,41.8972984,-73.0960551
MLS Listing,,Single Family Residential,143 E Wakefield Blvd,Winchester,CT,06098,115000,1,1.0,Winsted,902,7840,1960,266,127,,Active,,,http://www.redfin.com/CT/Winsted/143-E-Wakefield-Blvd-06098/home/107323670,Smart MLS,170219908,N,Y,41.915453,-73.0824397
MLS Listing,,Single Family Residential,848 E Wakefield,Winchester,CT,06098,549900,3,2.0,Winsted,1462,5662,1964,277,376,,Active,,,http://www.redfin.com/CT/Winsted/848-E-Wakefield-Blvd-06098/home/107324044,Smart MLS,170222078,N,Y,41.890724,-73.094484
MLS Listing,,Vacant Land,851 E Wakefield Blvd,Winchester,CT,06098,58000,,,Winsted,,24393,,282,,,Active,,,http://www.redfin.com/CT/Winsted/851-E-Wakefield-Blvd-06098/home/144926921,Smart MLS,170220183,N,Y,41.8903722,-73.0947251
MLS Listing,,Single Family Residential,28-44 S Main St,Winchester,CT,06098,908000,18,7.0,Winsted,8457,54450,1900,295,107,,Active,,,http://www.redfin.com/CT/Winsted/28-S-Main-St-06098/home/167612728,Smart MLS,170215808,N,Y,41.9184553,-73.0572324
MLS Listing,,Vacant Land,641 & 644 Jewel Rd,Winchester,CT,06098,12000,,,Winsted,,18730,,299,,,Active,,,http://www.redfin.com/CT/Winchester/641-644-Winchester-Rd-06098/home/167405883,Smart MLS,170215023,N,Y,41.890696,-73.088866
MLS Listing,,Single Family Residential,348 W Wakefield Blvd,Winchester,CT,06098,624900,3,2.0,Winchester,2058,3484,2002,302,304,,Active,,,http://www.redfin.com/CT/Winsted/348-W-Wakefield-Blvd-06098/home/107609484,Smart MLS,170212328,N,Y,41.8984071,-73.0961588
MLS Listing,,Vacant Land,132 Spencer Hill Rd,Winchester,CT,06098,995000,,,Winsted,,3571920,,324,,,Active,,,http://www.redfin.com/CT/Winsted/132-Spencer-Hill-Rd-06098/home/167111010,Smart MLS,170207910,N,Y,41.9409078,-73.0723765
MLS Listing,,Vacant Land,00 Laurel Way,Winchester,CT,06098,59900,,,Winchester,,291852,,336,,,Active,,,http://www.redfin.com/CT/WINSTED/LAUREL-WAY-06098/home/166946237,Smart MLS,170203966,N,Y,41.912476,-73.12516
MLS Listing,,Vacant Land,0 Preston Rd,Winchester,CT,06098,33000,,,Winchester,,181209,,340,,,Active,,,http://www.redfin.com/CT/WINCHESTER/PRESTON-RD-06098/home/166943938,Smart MLS,170202068,N,Y,41.92023,-73.14407
MLS Listing,,Vacant Land,110 Weigold Rd,Winchester,CT,06098,69000,,,Winchester,,195584,,351,,,Active,,,http://www.redfin.com/CT/WINCHESTER/110-WEIGOLD-RD-06098/home/166818926,Smart MLS,170197052,N,Y,41.878478,-73.146655
MLS Listing,,Single Family Residential,714 W Wakefield Blvd,Winchester,CT,06098,630000,3,3.5,Winsted,2400,7405,2019,363,263,,Active,,,http://www.redfin.com/CT/Winsted/714-W-Wakefield-Blvd-06098/home/107607793,Smart MLS,170193987,N,Y,41.8969563,-73.0959014
MLS Listing,,Vacant Land,90 Reaching Hill Rd,Winchester,CT,06098,69000,,,Winchester,,92782,,366,,,Active,,,http://www.redfin.com/CT/Winsted/90-Reaching-Hill-Rd-06098/home/165602225,Smart MLS,170192070,N,Y,41.901266,-73.100888
MLS Listing,,Single Family Residential,878 W Wakefield Blvd,Winchester,CT,06098,575000,4,2.0,Winchester,2490,15245,1973,461,231,,Active,,,http://www.redfin.com/CT/Winsted/878-W-Wakefield-Blvd-06098/home/107610135,Smart MLS,170160974,N,Y,41.8906157,-73.0968086
MLS Listing,,Multi-Family (2-4 Unit),142 Main St,Winchester,CT,06098,375000,0,4.5,Winchester Center,3965,18295,1900,488,95,,Active,,,http://www.redfin.com/CT/Winsted/142-Main-St-06098/home/144512210,Smart MLS,170153390,N,Y,41.921235,-73.063159
MLS Listing,,Vacant Land,187 Winchester Rd,Winchester,CT,06098,99900,,,Winchester Center,,542757,,494,,,Active,,,http://www.redfin.com/CT/Winsted/187-Winchester-Rd-06098/home/107607339,Smart MLS,170151919,N,Y,41.9128614,-73.16073
MLS Listing,,Single Family Residential,19 Griswold Ln,Winchester,CT,06098,259900,1,1.0,Winchester Center,835,30927,1930,586,311,63,Active,,,http://www.redfin.com/CT/Winsted/19-Griswold-Ln-06098/home/107324062,Smart MLS,170128921,N,Y,41.9187275,-73.1263156
MLS Listing,,Vacant Land,7 Stadler Hts,Winchester,CT,06098,105000,,,Stadler Heights,,909097,,599,,,Active,,,http://www.redfin.com/CT/Winchester/Stadler-Hts-06098/home/144533886,Smart MLS,170125905,N,Y,41.894414,-73.056128
MLS Listing,,Single Family Residential,309 Colebrook Rd,Winchester,CT,06098,598000,5,1.5,Winsted,2132,6969600,1903,617,280,,Active,,,http://www.redfin.com/CT/Winsted/309-Colebrook-Rd-06098/home/107607624,Smart MLS,170119988,N,Y,41.9551385,-73.1007433
MLS Listing,,Vacant Land,0 Bank St,Winchester,CT,06098,24900,,,Winsted,,10018,,688,,,Active,,,http://www.redfin.com/CT/WINSTED/BANK-ST-06098/home/166949754,Smart MLS,170095274,N,Y,41.930089,-73.063569
MLS Listing,,Vacant Land,393 Winchester Rd,Winchester,CT,06098,295000,,,Winchester Center,,2221560,,732,,,Active,,,http://www.redfin.com/CT/Winsted/393-Winchester-Rd-06098/home/107322358,Smart MLS,170078080,N,Y,41.9205909,-73.0943456
MLS Listing,,Vacant Land,150 Ashley Rd,Winchester,CT,06058,59900,,,Winchester Center,,261795,,751,,,Active,,,http://www.redfin.com/CT/Norfolk-Historic-District/150-Ashley-Rd-06058/home/145349907,Smart MLS,170073743,N,Y,41.901857,-73.1593962
MLS Listing,,Single Family Residential,39 E Lake St,Winchester,CT,06098,499000,4,2.0,Winsted,2182,30056,1900,851,229,,Active,,,http://www.redfin.com/CT/Winsted/39-E-Lake-St-06098/home/107607499,Smart MLS,170042130,N,Y,41.9170399,-73.0779942
MLS Listing,,Vacant Land,0 Platt Hill Rd,Winchester,CT,06098,59900,,,Winchester,,237402,,870,,,Active,,,http://www.redfin.com/CT/WINCHESTER/PLATT-HILL-RD-06098/home/107322397,Smart MLS,G695213,N,Y,41.889369,-73.117006
MLS Listing,,Vacant Land,120 Hollow Hill Rd,Winchester,CT,06094,499000,,,Winchester,,2744280,,870,,,Active,,,http://www.redfin.com/CT/Winchester/120-Hollow-Hill-Rd-06094/home/148352877,Smart MLS,G695206,N,Y,41.892593,-73.124228
MLS Listing,,Vacant Land,232 Jewett St,Winchester,CT,06098,39900,,,Winchester,,5227,,872,,,Active,,,http://www.redfin.com/CT/Winchester/232-Jewett-ST-Unknown/home/144511529,Smart MLS,L10166598,N,Y,41.916256,-73.087811
