SALE TYPE,SOLD DATE,PROPERTY TYPE,ADDRESS,CITY,STATE OR PROVINCE,ZIP OR POSTAL CODE,PRICE,BEDS,BATHS,LOCATION,SQUARE FEET,LOT SIZE,YEAR BUILT,DAYS ON MARKET,$/SQUARE FEET,HOA/MONTH,STATUS,NEXT OPEN HOUSE START TIME,NEXT OPEN HOUSE END TIME,URL (SEE http://www.redfin.com/buy-a-home/comparative-market-analysis FOR INFO ON PRICING),SOURCE,MLS#,FAVORITE,INTERESTED,LATITUDE,LONGITUDE
MLS Listing,,Condo/Co-op,404 Old Village Cir #404,Windsor,CT,06095,269900,3,2.5,Poquonock,1800,,2019,1,150,180,Active,,,http://www.redfin.com/CT/Windsor/Old-Village-Cir-06095/unit-404/home/106760121,Smart MLS,170293553,N,Y,41.90733,-72.682526
MLS Listing,,Single Family Residential,107 Park Ave,Windsor,CT,06095,175000,3,1.0,Windsor,1152,10454,1938,1,152,,Active,,,http://www.redfin.com/CT/Windsor/107-Park-Ave-06095/home/54272665,Smart MLS,170293534,N,Y,41.8397805,-72.6577325
MLS Listing,,Single Family Residential,230 Mountain Rd,Windsor,CT,06095,199900,3,1.0,Windsor,1100,17424,1958,1,182,,Active,,,http://www.redfin.com/CT/Windsor/230-Mountain-Rd-06095/home/54270662,Smart MLS,170271067,N,Y,41.8550087,-72.6677097
MLS Listing,,Single Family Residential,65 Highland Ave,Windsor,CT,06095,149900,2,1.0,Deerfield,1036,8276,1948,1,145,,Active,,,http://www.redfin.com/CT/Windsor/65-Highland-Ave-06095/home/54272310,Smart MLS,170292732,N,Y,41.8245474,-72.6507335
MLS Listing,,Single Family Residential,220 Kennedy Rd,Windsor,CT,06095,388500,7,4.0,Windsor,3768,27442,1890,2,103,,Active,,,http://www.redfin.com/CT/Windsor/220-Kennedy-Rd-06095/home/54267840,Smart MLS,170292256,N,Y,41.8687132,-72.6373148
MLS Listing,,Condo/Co-op,19 Hudson Ln #19,Windsor,CT,06095,259900,4,3.0,Poquonock,2184,,2005,6,119,340,Active,,,http://www.redfin.com/CT/Windsor/19-Hudson-Ln-06095/unit-19/home/170073951,Smart MLS,170291606,N,Y,41.8757786,-72.6682376
MLS Listing,,Single Family Residential,616 Poquonock Ave,Windsor,CT,06095,279900,4,2.5,Windsor,2146,109771,1940,7,130,,Active,,,http://www.redfin.com/CT/Windsor/616-Poquonock-Ave-06095/home/54271029,Smart MLS,170286406,N,Y,41.8702786,-72.658433
MLS Listing,,Single Family Residential,11 Hollow Brook Rd,Windsor,CT,06095,295000,3,2.0,Windsor,2397,30056,1980,8,123,,Active,,,http://www.redfin.com/CT/Windsor/11-Hollow-Brook-Rd-06095/home/54274819,Smart MLS,170291158,N,Y,41.9037911,-72.6764857
MLS Listing,,Single Family Residential,75 River St,Windsor,CT,06095,359900,3,3.5,Windsor,2799,57499,1974,9,129,,Active,,,http://www.redfin.com/CT/Windsor/75-River-St-06095/home/54274773,Smart MLS,170291294,N,Y,41.9032765,-72.676809
MLS Listing,,Single Family Residential,31 Olga Ave,Windsor,CT,06095,99900,3,1.0,Windsor,1422,6969,1900,9,70,,Active,,,http://www.redfin.com/CT/Windsor/31-Olga-Ave-06095/home/54268215,Smart MLS,170291300,N,Y,41.8085944,-72.6603654
MLS Listing,,Single Family Residential,42 Columbia Rd,Windsor,CT,06095,259000,3,1.5,Windsor,1244,21780,1970,9,208,,Active,,,http://www.redfin.com/CT/Windsor/42-Columbia-Rd-06095/home/54270716,Smart MLS,170291232,N,Y,41.8194006,-72.6843376
MLS Listing,,Single Family Residential,38 Chestnut Dr,Windsor,CT,06095,229000,3,2.0,Rainbow,1540,22651,1955,9,149,,Active,,,http://www.redfin.com/CT/Windsor/38-Chestnut-Dr-06095/home/54264841,Smart MLS,170290755,N,Y,41.9218403,-72.7036642
MLS Listing,,Single Family Residential,10 Summit Dr,Windsor,CT,06095,150800,3,2.5,Poquonock,1294,31798,1972,15,117,,Active,,,http://www.redfin.com/CT/Windsor/10-Summit-Dr-06095/home/54274598,Smart MLS,170290037,N,Y,41.8404597,-72.6725596
MLS Listing,,Single Family Residential,6 Dudley Town Rd,Windsor,CT,06095,269900,5,3.0,Windsor,2128,15245,1948,18,127,,Active,,,http://www.redfin.com/CT/Windsor/6-Dudley-Town-Rd-06095/home/54273602,Smart MLS,170289132,N,Y,41.846343,-72.6674788
MLS Listing,,Condo/Co-op,102 Kevin Ln #102,Windsor,CT,06095,279900,3,3.0,Poquonock,1770,,2006,20,158,350,Active,,,http://www.redfin.com/CT/Windsor/102-Kevin-Ln-06095/unit-102/home/171375819,Smart MLS,170288947,N,Y,41.9211204,-72.6978479
MLS Listing,,Vacant Land,1011-1021 Kennedy Rd,Windsor,CT,06095,169900,,,Windsor,,744876,,23,,,Active,,,http://www.redfin.com/CT/Windsor/1011-Kennedy-Rd-06095/home/54269203,Smart MLS,170288248,N,Y,41.888119,-72.658677
MLS Listing,,Vacant Land,280 Pigeon Hill Rd,Windsor,CT,06095,104900,,,Windsor,,104544,,24,,,Active,,,http://www.redfin.com/CT/Windsor/280-Pigeon-Hill-Rd-06095/home/52273082,Smart MLS,170288139,N,Y,41.8641454,-72.6663702
MLS Listing,,Vacant Land,633 Stone Rd,Windsor,CT,06095,89900,,,Poquonock,,44866,,25,,,Active,,,http://www.redfin.com/CT/Windsor/633-Stone-Rd-06095/home/54265170,Smart MLS,170287984,N,Y,41.9061672,-72.7213201
MLS Listing,,Single Family Residential,174 Prospect Hill Rd,Windsor,CT,06095,259900,4,3.0,Poquonock,2600,26571,1979,29,100,,Active,,,http://www.redfin.com/CT/Windsor/174-Prospect-Hill-Rd-06095/home/54265477,Smart MLS,170286315,N,Y,41.8936421,-72.6846147
MLS Listing,,Single Family Residential,6 Miles Ave,Windsor,CT,06095,50000,3,1.5,Windsor,994,67082,1904,31,50,,Active,,,http://www.redfin.com/CT/Windsor/6-Miles-Ave-06095/home/54271356,Smart MLS,170286658,N,Y,41.8680628,-72.6607811
MLS Listing,,Single Family Residential,21 Derek Ln,Windsor,CT,06095,379999,4,3.5,Poquonock,2604,27442,1984,32,146,,Active,,,http://www.redfin.com/CT/Windsor/21-Derek-Ln-06095/home/54265492,Smart MLS,170286799,N,Y,41.8891996,-72.680735
MLS Listing,,Single Family Residential,2 Belmont Pl,Windsor,CT,06095,214900,2,2.0,Windsor,1592,10890,1948,34,135,,Active,,,http://www.redfin.com/CT/Windsor/2-Belmont-Pl-06095/home/54265693,MLS PIN,72641014,N,Y,41.8443222,-72.6610121
MLS Listing,,Single Family Residential,9 Hobson Ave,Windsor,CT,06095,169900,3,2.0,Poquonock,1779,12196,1940,36,96,,Active,,,http://www.redfin.com/CT/Windsor/9-Hobson-Ave-06095/home/54274565,Smart MLS,170286125,N,Y,41.8679252,-72.6572243
MLS Listing,,Single Family Residential,79 Berrios Hill Rd,Windsor,CT,06095,269900,3,2.5,Poquonock,2108,20037,1995,37,128,13,Active,,,http://www.redfin.com/CT/Windsor/79-Berrios-Hill-Rd-06095/home/54264715,Smart MLS,170285692,N,Y,41.9110201,-72.7129058
MLS Listing,,Single Family Residential,20 Breakwater Ln,Windsor,CT,06095,399000,4,3.5,Windsor,2768,15681,2015,37,144,,Active,,,http://www.redfin.com/CT/Windsor/20-Breakwater-Ln-06095/home/54264907,Smart MLS,170285723,N,Y,41.8363353,-72.6805354
MLS Listing,,Single Family Residential,88 Overlook Dr,Windsor,CT,06095,280900,4,2.5,Windsor,2125,25264,1965,43,132,,Active,,,http://www.redfin.com/CT/Windsor/88-Overlook-Dr-06095/home/54274301,Smart MLS,170284401,N,Y,41.8533696,-72.6756081
MLS Listing,,Single Family Residential,183 Ethan Dr,Windsor,CT,06095,364900,4,2.5,Poquonock,3120,43995,1994,44,117,,Active,,,http://www.redfin.com/CT/Windsor/183-Ethan-Dr-06095/home/54274857,Smart MLS,170278213,N,Y,41.9021219,-72.6953769
MLS Listing,,Single Family Residential,33 Mohawk Cir,Windsor,CT,06095,289900,4,2.5,Windsor,1960,40075,1972,60,148,,Active,,,http://www.redfin.com/CT/Windsor/33-Mohawk-Cir-06095/home/54274263,Smart MLS,170279405,N,Y,41.850078,-72.6716358
MLS Listing,,Single Family Residential,460 Palisado Ave,Windsor,CT,06095,289900,3,2.5,Windsor,2028,16117,2004,60,143,,Active,,,http://www.redfin.com/CT/Windsor/460-Palisado-Ave-06095/home/54267860,Smart MLS,170276980,N,Y,41.8677883,-72.6282141
MLS Listing,,Single Family Residential,44 Old Village Cir,Windsor,CT,06095,369900,4,2.5,Poquonock,2331,8712,2020,63,159,110,Active,,,http://www.redfin.com/CT/Windsor/44-Old-Village-Cir-06095/home/109619782,Smart MLS,170279021,N,Y,41.904922,-72.683928
MLS Listing,,Single Family Residential,130 West St,Windsor,CT,06095,830000,4,4.5,Poquonock,4844,529689,1986,65,171,,Active,,,http://www.redfin.com/CT/Windsor/130-West-St-06095/home/54268948,Smart MLS,170271383,N,Y,41.902822,-72.688488
MLS Listing,,Single Family Residential,7 Huckleberry Rd,Windsor,CT,06095,385900,4,2.5,Poquonock,2438,51400,2007,65,158,,Active,,,http://www.redfin.com/CT/Windsor/7-Huckleberry-Rd-06095/home/54264337,Smart MLS,170277604,N,Y,41.8856004,-72.7060389
MLS Listing,,Single Family Residential,26 Devin Way,Windsor,CT,06095,259900,3,2.0,Windsor,1667,15245,1987,68,156,,Active,,,http://www.redfin.com/CT/Windsor/26-Devin-Way-06095/home/54274650,Smart MLS,170272843,N,Y,41.8429202,-72.6731139
MLS Listing,,Single Family Residential,94 Regency Dr,Windsor,CT,06095,259900,4,2.5,Windsor,1920,22651,1975,79,135,,Active,,,http://www.redfin.com/CT/Windsor/94-Regency-Dr-06095/home/54271701,Smart MLS,170273225,N,Y,41.8249875,-72.6767744
MLS Listing,,Single Family Residential,34 Kari Ct #34,Windsor,CT,06095,259900,4,2.0,Windsor,1880,,2019,84,138,225,Active,,,http://www.redfin.com/CT/Windsor/34-Kari-Ct-06095/unit-34/home/54264481,Smart MLS,170272342,N,Y,41.8298189,-72.676125
MLS Listing,,Multi-Family (2-4 Unit),2 Niles Rd,Windsor,CT,06095,289900,7,2.0,Poquonock,3322,16988,1865,94,87,,Active,,,http://www.redfin.com/CT/Windsor/2-Niles-Rd-06095/home/54265248,Smart MLS,170269260,N,Y,41.9034402,-72.6795737
MLS Listing,,Single Family Residential,52 Mayflower Rd,Windsor,CT,06095,249900,4,2.0,Hayden Station,1852,31363,1962,101,135,,Active,,,http://www.redfin.com/CT/Windsor/52-Mayflower-Rd-06095/home/54272172,Smart MLS,170267486,N,Y,41.8784938,-72.6379615
MLS Listing,,Condo/Co-op,625 Palisado Ave #206,Windsor,CT,06095,35900,1,1.0,Windsor,626,,1989,104,57,1266,Active,,,http://www.redfin.com/CT/Windsor/625-Palisado-Ave-06095/unit-206/home/54267802,Smart MLS,170266544,N,Y,41.8742188,-72.6290266
MLS Listing,,Single Family Residential,64 Kendrick Ln,Windsor,CT,06095,434650,4,3.0,Poquonock,3919,28749,1982,106,111,,Active,,,http://www.redfin.com/CT/Windsor/64-Kendrick-Ln-06095/home/54265518,Smart MLS,170266167,N,Y,41.8893437,-72.6787489
MLS Listing,,Single Family Residential,315 Rood Ave,Windsor,CT,06095,279900,5,3.0,Windsor,2338,16552,1955,112,120,,Active,,,http://www.redfin.com/CT/Windsor/315-Rood-Ave-06095/home/54265971,Smart MLS,170263259,N,Y,41.8258379,-72.6691878
MLS Listing,,Vacant Land,1531 Poquonock Ave,Windsor,CT,06095,630000,,,Windsor,,697831,,123,,,Active,,,http://www.redfin.com/CT/Windsor/1531-Poquonock-Ave-06095/home/54265264,Smart MLS,170261229,N,Y,41.896897,-72.680061
MLS Listing,,Single Family Residential,24 Old Village Cir,Windsor,CT,06095,339900,3,2.5,Poquonock,1898,8712,2020,124,179,110,Active,,,http://www.redfin.com/CT/Windsor/24-Old-Village-Cir-06095/home/109619860,Smart MLS,170261067,N,Y,41.905068,-72.681394
MLS Listing,,Condo/Co-op,625 Palisado Ave #307,Windsor,CT,06095,40900,1,1.0,Windsor,626,,1989,126,65,1266,Active,,,http://www.redfin.com/CT/Windsor/625-Palisado-Ave-06095/unit-307/home/54267790,Smart MLS,170260652,N,Y,41.8742188,-72.6290266
MLS Listing,,Single Family Residential,48 Old Village Cir,Windsor,CT,06095,349900,4,2.5,Poquonock,2171,8712,2020,133,161,110,Active,,,http://www.redfin.com/CT/Windsor/48-Old-Village-Cir-06095/home/109619876,Smart MLS,170259559,N,Y,41.904999,-72.684175
MLS Listing,,Vacant Land,355 Prospect Hill Rd,Windsor,CT,06095,1200000,,,Poquonock,,2680682,,144,,,Active,,,http://www.redfin.com/CT/Windsor/355-Prospect-Hill-Rd-06095/home/109619990,Smart MLS,170258365,N,Y,41.889561,-72.689037
MLS Listing,,Single Family Residential,110 Benjamin Ct #110,Windsor,CT,06095,206860,4,3.0,Windsor,2402,,2007,165,86,,Active,,,http://www.redfin.com/CT/Windsor/110-Benjamin-Ct-06095/unit-110/home/54264955,Smart MLS,170254638,N,Y,41.8117849,-72.65956
MLS Listing,,Single Family Residential,56 Old Village Cir,Windsor,CT,06095,349900,3,2.5,Poquonock,2007,9583,2020,167,174,110,Active,,,http://www.redfin.com/CT/Windsor/56-Old-Village-Cir-06095/home/109619804,Smart MLS,170254465,N,Y,41.905573,-72.684356
MLS Listing,,Single Family Residential,36 Kari Ct #36,Windsor,CT,06095,259900,4,2.0,Windsor,1880,,2019,179,138,225,Active,,,http://www.redfin.com/CT/Windsor/36-Kari-Ct-06095/unit-36/home/54264501,Smart MLS,170231734,N,Y,41.8298189,-72.676125
MLS Listing,,Single Family Residential,77 Prospect Hill Rd,Windsor,CT,06095,84900,4,2.0,Windsor,1838,23958,1886,184,46,,Active,,,http://www.redfin.com/CT/Windsor/77-Prospect-Hill-Rd-06095/home/54265539,Smart MLS,170250745,N,Y,41.8927109,-72.6805502
MLS Listing,,Single Family Residential,916 Delilah Dr,Windsor,CT,06095,177900,3,1.0,Windsor,1844,13939,1952,199,96,,Active,,,http://www.redfin.com/CT/Windsor/916-Delilah-Dr-06095/home/54266054,Smart MLS,170246711,N,Y,41.8345593,-72.6731601
MLS Listing,,Single Family Residential,39 Nod Rd,Windsor,CT,06095,175000,3,1.0,Windsor,1206,13939,1956,199,145,,Active,,,http://www.redfin.com/CT/Windsor/39-Nod-Rd-06095/home/54266075,Smart MLS,170246320,N,Y,41.8343316,-72.6724211
MLS Listing,,Single Family Residential,78 Clubhouse Rd,Windsor,CT,06095,249900,4,2.5,Windsor,1958,17859,1984,225,128,,Active,,,http://www.redfin.com/CT/Windsor/78-Clubhouse-Rd-06095/home/54266690,Smart MLS,170238850,N,Y,41.8623307,-72.6481244
MLS Listing,,Single Family Residential,11 Pheasant Run,Windsor,CT,06095,261500,3,2.5,Poquonock,3300,199504,1983,226,79,,Active,,,http://www.redfin.com/CT/Windsor/11-Pheasant-Run-06095/home/54275063,Smart MLS,170238471,N,Y,41.8968079,-72.6962998
MLS Listing,,Condo/Co-op,3 Kari Ct #3,Windsor,CT,06095,212500,3,2.5,Windsor,1787,,2006,255,119,225,Active,,,http://www.redfin.com/CT/Windsor/3-Kari-Ct-06095/unit-3/home/168774011,Smart MLS,170229402,N,Y,41.8307478,-72.6737237
MLS Listing,,Single Family Residential,321 Pigeon Hill Rd,Windsor,CT,06095,349900,4,3.0,Windsor,2587,26136,1900,259,135,,Active,,,http://www.redfin.com/CT/Windsor/321-Pigeon-Hill-Rd-06095/home/54270171,Smart MLS,170228461,N,Y,41.8639944,-72.6673402
MLS Listing,,Single Family Residential,28 Old Village Cir,Windsor,CT,06095,349900,3,2.5,Poquonock,1950,8712,2020,324,179,110,Active,,,http://www.redfin.com/CT/Windsor/28-Old-Village-Cir-06095/home/109619841,Smart MLS,170208175,N,Y,41.905142,-72.681918
MLS Listing,,Single Family Residential,86 Commons Xing,Windsor,CT,06095,319900,2,2.0,Poquonock,1483,6969,2020,324,216,110,Active,,,http://www.redfin.com/CT/Windsor/Unknown-06095/home/109619797,Smart MLS,170208160,N,Y,41.905819,-72.683225
MLS Listing,,Vacant Land,50 Valley View Dr,Windsor,CT,06095,400000,,,Windsor,,515750,,408,,,Active,,,http://www.redfin.com/CT/Windsor/50-Valley-View-Dr-06095/home/54268138,Smart MLS,170176384,N,Y,41.8320409,-72.6513046
MLS Listing,,Single Family Residential,28 Cook Hill Rd,Windsor,CT,06095,325000,4,1.5,Windsor,1536,374180,1920,424,212,,Active,,,http://www.redfin.com/CT/Windsor/28-Cook-Hill-Rd-06095/home/54265623,Smart MLS,170170942,N,Y,41.847159,-72.662541
MLS Listing,,Vacant Land,,Windsor,CT,06095,89900,,,,,26136,,513,,,Active,,,http://www.redfin.com/CT/Windsor/Undisclosed-address-06095/home/148460951,Smart MLS,170143026,N,Y,41.8353302,-72.6527016
MLS Listing,,Single Family Residential,1046 Windsor Ave,Windsor,CT,06095,389900,6,6.5,Poquonock,3834,43560,1896,513,102,,Active,,,http://www.redfin.com/CT/Windsor/1046-Windsor-Ave-06095/home/54272903,Smart MLS,170139269,N,Y,41.83571,-72.652933
MLS Listing,,Vacant Land,393 Rainbow Rd,Windsor,CT,06095,84900,,,Windsor,,99316,,871,,,Active,,,http://www.redfin.com/CT/Windsor/393-Rainbow-Rd-06095/home/54264967,Smart MLS,G10125539,N,Y,41.9177045,-72.6924868
For-Sale-by-Owner Listing,,Single Family Residential,760 Matianuck Ave,Windsor,CT,06095,329900,4,2.5,Windsor,3003,19166,2007,77,110,,Active,,,http://www.redfin.com/CT/Windsor/760-Matianuck-Ave-06095/home/54265076,Fizber.com,5048428,N,Y,41.8293568,-72.6731601
