SALE TYPE,SOLD DATE,PROPERTY TYPE,ADDRESS,CITY,STATE OR PROVINCE,ZIP OR POSTAL CODE,PRICE,BEDS,BATHS,LOCATION,SQUARE FEET,LOT SIZE,YEAR BUILT,DAYS ON MARKET,$/SQUARE FEET,HOA/MONTH,STATUS,NEXT OPEN HOUSE START TIME,NEXT OPEN HOUSE END TIME,URL (SEE http://www.redfin.com/buy-a-home/comparative-market-analysis FOR INFO ON PRICING),SOURCE,MLS#,FAVORITE,INTERESTED,LATITUDE,LONGITUDE
MLS Listing,,Single Family Residential,50 Scotland Rd,Windham,CT,06280,95000,5,2.5,Windham,2222,100187,1890,1,43,,Active,,,http://www.redfin.com/CT/Windham/50-Scotland-Rd-06280/home/54363297,Smart MLS,170293355,N,Y,41.7008205,-72.1535558
MLS Listing,,Single Family Residential,97 Birch St,Windham,CT,06226,159900,4,2.0,Willimantic,1656,6534,1910,2,97,,Active,,,http://www.redfin.com/CT/Willimantic/97-Birch-St-06226/home/54363025,Smart MLS,170293142,N,Y,41.7162042,-72.2216718
MLS Listing,,Multi-Family (2-4 Unit),33 Hewitt St,Windham,CT,06226,199900,4,2.0,Willimantic,2132,10890,1900,2,94,,Active,,,http://www.redfin.com/CT/Willimantic/33-Hewitt-St-06226/home/54365062,Smart MLS,170292636,N,Y,41.7159202,-72.2061434
MLS Listing,,Single Family Residential,235 Quarry St,Windham,CT,06226,162500,3,1.0,Willimantic,1050,27878,1979,2,155,,Active,,,http://www.redfin.com/CT/Willimantic/235-Quarry-St-06226/home/54363840,Smart MLS,170292420,N,Y,41.7247162,-72.2322383
MLS Listing,,Single Family Residential,70 Lynwood Dr,Windham,CT,06226,209000,5,3.0,Willimantic,2337,20908,1991,4,89,,Active,,,http://www.redfin.com/CT/Willimantic/70-Lynwood-Dr-06226/home/54362650,Smart MLS,170292349,N,Y,41.7277687,-72.2168315
MLS Listing,,Single Family Residential,251 Lewiston Ave,Windham,CT,06226,174900,4,1.5,Willimantic,2388,13939,1925,7,73,,Active,,,http://www.redfin.com/CT/Willimantic/251-Lewiston-Ave-06226/home/54363697,Smart MLS,170291861,N,Y,41.7188122,-72.213639
MLS Listing,,Single Family Residential,15 Nutmeg Ln,Windham,CT,06256,189000,3,2.0,Willimantic,1040,40510,1975,7,182,,Active,,,http://www.redfin.com/CT/North-Windham/15-Nutmeg-Ln-06256/home/54362391,Smart MLS,170291039,N,Y,41.7356608,-72.1467734
MLS Listing,,Single Family Residential,48 Woodland Dr,Windham,CT,06280,174900,3,1.5,Windham,1262,10454,1955,14,139,,Active,,,http://www.redfin.com/CT/Windham/48-Woodland-Dr-06280/home/54365249,Smart MLS,170289871,N,Y,41.7114366,-72.1787505
MLS Listing,,Single Family Residential,484 Windham Rd,Windham,CT,06226,123900,1,1.0,Windham,474,9147,1945,20,261,,Active,,,http://www.redfin.com/CT/Willimantic/484-Windham-Rd-06226/home/54363396,Smart MLS,170288956,N,Y,41.700854,-72.188837
MLS Listing,,Single Family Residential,339 Tuckie Rd,Windham,CT,06256,29900,2,1.0,North Windham,956,,1980,27,31,440,Active,,,http://www.redfin.com/CT/North-Windham/339-Tuckie-Rd-06256/home/54366705,Smart MLS,170287715,N,Y,41.7309163,-72.1813898
MLS Listing,,Single Family Residential,80 Ashland St,Windham,CT,06226,166200,3,1.0,Willimantic,1008,11325,1992,38,165,,Active,,,http://www.redfin.com/CT/Willimantic/80-Ashland-St-06226/home/54365608,Smart MLS,170285532,N,Y,41.726617,-72.2036911
MLS Listing,,Single Family Residential,255 Highland View Dr,Windham,CT,06266,255000,4,2.0,South Windham,1554,28749,1972,46,164,,Active,,,http://www.redfin.com/CT/South-Windham/255-Highland-View-Dr-06266/home/54362411,Smart MLS,170283889,N,Y,41.6691582,-72.1668116
MLS Listing,,Single Family Residential,63 Oak St,Windham,CT,06226,147500,4,1.5,Willimantic,2173,9583,1889,49,68,,Active,,,http://www.redfin.com/CT/Willimantic/63-Oak-St-06226/home/54363744,Smart MLS,170282900,N,Y,41.7157119,-72.207439
MLS Listing,,Multi-Family (2-4 Unit),90 Hope St,Windham,CT,06226,89900,4,2.0,Willimantic,1752,10018,1955,51,51,,Active,,,http://www.redfin.com/CT/Willimantic/90-Hope-St-06226/home/54363576,Smart MLS,170282772,N,Y,41.7173085,-72.2018403
MLS Listing,,Single Family Residential,131 Echo Dr,Windham,CT,06226,150000,3,1.5,Willimantic,1306,12196,1963,53,115,,Active,,,http://www.redfin.com/CT/Willimantic/131-Echo-Dr-06226/home/54365902,Smart MLS,170281892,N,Y,41.7259062,-72.2317178
MLS Listing,,Multi-Family (2-4 Unit),61 Mountain St,Windham,CT,06226,118000,5,2.0,Willimantic,1755,3484,1910,58,67,,Active,,,http://www.redfin.com/CT/Willimantic/61-Mountain-St-06226/home/54362912,Smart MLS,170280855,N,Y,41.7100301,-72.2189483
MLS Listing,,Single Family Residential,11 Eastview Ter,Windham,CT,06266,279900,3,2.0,South Windham,2138,44866,2003,59,131,,Active,,,http://www.redfin.com/CT/South-Windham/11-Eastview-Ter-06266/home/54364412,Smart MLS,170279774,N,Y,41.6675406,-72.1696807
MLS Listing,,Single Family Residential,2 Stanley Rd,Windham,CT,06280,200000,4,2.0,Windham,2280,10454,1958,62,88,,Active,,,http://www.redfin.com/CT/Windham/2-Stanley-Rd-06280/home/54361933,Smart MLS,170279328,N,Y,41.7145315,-72.1778856
MLS Listing,,Single Family Residential,86 Chapman St,Windham,CT,06226,69900,3,1.5,Willimantic,736,3484,1920,65,95,,Active,,,http://www.redfin.com/CT/Willimantic/86-Chapman-St-06226/home/52271660,Smart MLS,170278318,N,Y,41.7153549,-72.202893
MLS Listing,,Single Family Residential,474 Windham Rd,Windham,CT,06226,69000,3,1.0,Willimantic,1152,7405,1920,73,60,,Active,,,http://www.redfin.com/CT/Willimantic/474-Windham-Rd-06226/home/54363397,Smart MLS,170275397,N,Y,41.7016356,-72.1901337
MLS Listing,,Single Family Residential,10 Beaver Brook Ln,Windham,CT,06256,249900,3,2.5,North Windham,1806,43560,2020,76,138,,Active,,,http://www.redfin.com/CT/NORTH-WINDHAM/10-BEAVER-BROOK-LN-06256/home/109947207,Smart MLS,170274726,N,Y,41.738068,-72.124831
MLS Listing,,Single Family Residential,86 Parish Hill Rd,Windham,CT,06256,135086,1,1.0,North Windham,1243,65775,1810,76,109,,Active,,,http://www.redfin.com/CT/North-Windham/86-Parish-Hill-Rd-06256/home/54362468,Smart MLS,170274481,N,Y,41.7331266,-72.1181316
MLS Listing,,Single Family Residential,171 Ash St,Windham,CT,06226,158000,3,1.5,Windham,1309,10890,1940,78,121,,Active,,,http://www.redfin.com/CT/Willimantic/171-Ash-St-06226/home/54363270,Smart MLS,170274277,N,Y,41.7200789,-72.2012388
MLS Listing,,Single Family Residential,9 Highland View Dr,Windham,CT,06266,200000,3,1.0,South Windham,1920,11761,1962,79,104,,Active,,,http://www.redfin.com/CT/South-Windham/9-Highland-View-Dr-06266/home/54362409,Smart MLS,170273910,N,Y,41.6686096,-72.1683387
MLS Listing,,Single Family Residential,271 Jackson St,Windham,CT,06226,165000,7,3.0,Willimantic,1622,10454,1917,79,102,,Active,,,http://www.redfin.com/CT/Willimantic/271-Jackson-St-06226/home/54363564,Smart MLS,170273534,N,Y,41.7171052,-72.2038762
MLS Listing,,Single Family Residential,7 Scarborough Rd,Windham,CT,06280,204900,3,2.0,Windham,947,44866,2020,93,216,,Active,,,http://www.redfin.com/CT/Windham/7-Scarborough-Rd-06280/home/106837706,Smart MLS,170269688,N,Y,41.7136402,-72.1822831
MLS Listing,,Single Family Residential,87 Babcock Hill Rd,Windham,CT,06266,99900,2,2.0,South Windham,1340,54885,1890,98,75,,Active,,,http://www.redfin.com/CT/South-Windham/87-Babcock-Hill-Rd-06266/home/54366122,Smart MLS,170268431,N,Y,41.6728905,-72.1703285
MLS Listing,,Single Family Residential,380 Ash St,Windham,CT,06226,216000,3,3.5,Willimantic,2160,5662,1870,98,100,,Active,,,http://www.redfin.com/CT/Willimantic/380-Ash-St-06226/home/54366934,Smart MLS,170268162,N,Y,41.7236845,-72.2054031
MLS Listing,,Single Family Residential,20 Greystone St,Windham,CT,06226,110000,3,1.5,North Windham,1344,10018,1910,100,82,,Active,,,http://www.redfin.com/CT/Willimantic/20-Greystone-St-06226/home/54363411,Smart MLS,170267798,N,Y,41.7030109,-72.2074505
MLS Listing,,Single Family Residential,66 Oxbow Dr,Windham,CT,06226,120000,2,1.0,Willimantic,804,9147,1978,118,149,,Active,,,http://www.redfin.com/CT/Willimantic/66-Oxbow-Dr-06226/home/54361701,Smart MLS,170262860,N,Y,41.7003366,-72.2073002
MLS Listing,,Single Family Residential,19 James Dr,Windham,CT,06256,17900,3,2.0,North Windham,1012,,1988,123,18,,Active,,,http://www.redfin.com/CT/North-Windham/19-James-Dr-06256/home/54365981,Smart MLS,170261125,N,Y,41.7369155,-72.184581
MLS Listing,,Single Family Residential,26 Aspen Pl,Windham,CT,06226,235000,3,2.5,Willimantic,2596,17424,2005,127,91,,Active,,,http://www.redfin.com/CT/Willimantic/26-Aspen-Pl-06226/home/54366418,Smart MLS,170260261,N,Y,41.7277719,-72.2220597
MLS Listing,,Single Family Residential,7 Handfield Ave,Windham,CT,06226,210000,3,1.5,Willimantic,1392,13503,1952,142,151,,Active,,,http://www.redfin.com/CT/Willimantic/7-Handfield-Ave-06226/home/54364311,Smart MLS,170258689,N,Y,41.7213055,-72.2226612
MLS Listing,,Multi-Family (2-4 Unit),65 Elm St,Windham,CT,06226,144000,7,3.0,Willimantic,1848,17424,1945,160,78,,Active,,,http://www.redfin.com/CT/Willimantic/65-Elm-St-06226/home/54365490,Smart MLS,170255366,N,Y,41.7159341,-72.2007552
MLS Listing,,Multi-Family (2-4 Unit),441 Main St,Windham,CT,06226,169900,6,3.5,Willimantic,3577,7405,1900,218,47,,Active,,,http://www.redfin.com/CT/Willimantic/441-Main-St-06226/home/144535554,Smart MLS,170240897,N,Y,41.7106091,-72.2070453
MLS Listing,,Single Family Residential,195 Quarry St,Windham,CT,06226,124000,3,2.0,Willimantic,2100,16552,1979,225,59,,Active,,,http://www.redfin.com/CT/Willimantic/195-Quarry-St-06226/home/54366543,Smart MLS,170239131,N,Y,41.7240491,-72.2311279
MLS Listing,,Vacant Land,17 Zoldak Dr,Windham,CT,06256,39900,,,North Windham,,123274,,271,,,Active,,,http://www.redfin.com/CT/North-Windham/17-Zoldak-Dr-06256/home/106837715,Smart MLS,170225118,N,Y,41.7395987,-72.1170898
MLS Listing,,Single Family Residential,5 Walcott St,Windham,CT,06226,119900,3,1.0,Willimantic,1040,14374,1920,284,115,,Active,,,http://www.redfin.com/CT/Willimantic/5-Walcott-St-06226/home/54364281,Smart MLS,170220522,N,Y,41.7024771,-72.2079479
MLS Listing,,Vacant Land,260 Ballamahack Rd,Windham,CT,06280,45000,,,Windham,,230868,,333,,,Active,,,http://www.redfin.com/CT/Windham/260-Ballamahack-Rd-06280/home/106835440,Smart MLS,170204862,N,Y,41.7174411,-72.1536139
MLS Listing,,Vacant Land,19.5R Card St,Windham,CT,06226,30000,,,Willimantic,,22651,,344,,,Active,,,http://www.redfin.com/CT/Willimantic/19-5R-Card-St-06226/home/166916329,Smart MLS,170200618,N,Y,41.709727,-72.227719
MLS Listing,,Vacant Land,1157 Windham Rd,Windham,CT,06266,45000,,,Windham,,52707,,449,,,Active,,,http://www.redfin.com/CT/South-Windham/1157-Windham-Rd-06266/home/106839905,Smart MLS,170164210,N,Y,41.6596513,-72.1598217
MLS Listing,,Vacant Land,1153 Windham Rd,Windham,CT,06266,45000,,,Windham,,55321,,449,,,Active,,,http://www.redfin.com/CT/South-Windham/1153-Windham-Rd-06266/home/106838863,Smart MLS,170164202,N,Y,41.6601486,-72.1602038
MLS Listing,,Vacant Land,1145 Windham Rd,Windham,CT,06266,46000,,,Windham,,69696,,449,,,Active,,,http://www.redfin.com/CT/South-Windham/1145-Windham-Rd-06266/home/106838868,Smart MLS,170164194,N,Y,41.6605493,-72.1606066
MLS Listing,,Vacant Land,200 Old Bush Hill Rd,Windham,CT,06226,46000,,,Windham,,77536,,449,,,Active,,,http://www.redfin.com/CT/Willimantic/200-Old-Bush-Hill-Rd-06226/home/106838852,Smart MLS,170164183,N,Y,41.689297,-72.2020087
MLS Listing,,Multi-Family (2-4 Unit),24 Windham St,Windham,CT,06226,299024,2,1.0,Willimantic,1836,8712,1917,618,163,,Active,,,http://www.redfin.com/CT/Windham/24-Windham-St-06226/home/146891292,Smart MLS,170119772,N,Y,41.7138413,-72.2196076
MLS Listing,,Vacant Land,240 N Windham Rd,Windham,CT,06256,55000,,,North Windham,,185565,,672,,,Active,,,http://www.redfin.com/CT/North-Windham/240-N-Windham-Rd-06256/home/106835482,Smart MLS,170102835,N,Y,41.7211469,-72.1665727
MLS Listing,,Vacant Land,"122 /144 Beacon, 349 Ballamahack",Windham,CT,06280,300000,,,Windham,,7187400,,684,,,Active,,,http://www.redfin.com/CT/Windham/349-Ballamahack-Rd-06280/home/106836526,Smart MLS,170098833,N,Y,41.7278529,-72.1498319
MLS Listing,,Single Family Residential,14 Windham Center Rd,Windham,CT,06280,156750,3,2.0,North Windham,1440,6969,1750,737,109,,Active,,,http://www.redfin.com/CT/Windham/14-06280/home/171385645,Smart MLS,170076797,N,Y,41.698889,-72.156941
MLS Listing,,Vacant Land,0 RT 32 & ABBE St,Windham,CT,06226,57500,,,Windham,,130680,,870,,,Active,,,http://www.redfin.com/CT/Windham/Unknown-06226/home/144538519,Smart MLS,G10225212,N,Y,41.698492,-72.184587
MLS Listing,,Vacant Land,12 Abbe St,Windham,CT,06226,29500,,,Windham,,58370,,870,,,Active,,,http://www.redfin.com/CT/Willimantic/12-Abbe-St-06226/home/106837698,Smart MLS,G10224870,N,Y,41.6988849,-72.184529
For-Sale-by-Owner Listing,,Multi-Family (2-4 Unit),126 Ives St,Willimantic,CT,06226,124999,3,2.0,Willimantic,1728,,1900,224,72,,Active,,,http://www.redfin.com/CT/Willimantic/126-Ives-St-06226/home/54365875,Fizber.com,5033380,N,Y,41.7122756,-72.2043389
For-Sale-by-Owner Listing,,Single Family Residential,77 Roanoak Ave,Willimantic,CT,06226,179900,3,2.0,Willimantic,1363,,1965,298,132,,Active,,,http://www.redfin.com/CT/Willimantic/77-Roanoak-Ave-06226/home/54362091,FSBO.com,512557,N,Y,41.7279454,-72.2300175
