SALE TYPE,SOLD DATE,PROPERTY TYPE,ADDRESS,CITY,STATE OR PROVINCE,ZIP OR POSTAL CODE,PRICE,BEDS,BATHS,LOCATION,SQUARE FEET,LOT SIZE,YEAR BUILT,DAYS ON MARKET,$/SQUARE FEET,HOA/MONTH,STATUS,NEXT OPEN HOUSE START TIME,NEXT OPEN HOUSE END TIME,URL (SEE http://www.redfin.com/buy-a-home/comparative-market-analysis FOR INFO ON PRICING),SOURCE,MLS#,FAVORITE,INTERESTED,LATITUDE,LONGITUDE
MLS Listing,,Single Family Residential,23 Bassett Hill Rd,Woodstock,CT,06281,269900,3,2.0,Woodstock,1613,65340,1950,1,167,,Active,,,http://www.redfin.com/CT/Woodstock/23-Bassett-Hill-Rd-06281/home/53655585,Smart MLS,170292891,N,Y,41.9388493,-71.9858167
MLS Listing,,Single Family Residential,640 County Rd,Woodstock,CT,06281,305000,4,3.0,East Woodstock,2718,89733,1981,4,112,,Active,,,http://www.redfin.com/CT/Woodstock/640-County-Rd-06281/home/53653905,Smart MLS,170292188,N,Y,41.9831331,-71.9967906
MLS Listing,,Vacant Land,00 Route 197,Woodstock,CT,06281,45000,,,Woodstock,,379843,,10,,,Active,,,http://www.redfin.com/CT/Woodstock/Unknown-06281/home/145395004,Smart MLS,170290707,N,Y,41.981385,-72.089681
MLS Listing,,Single Family Residential,57 Child Rd,Woodstock,CT,06281,499900,3,2.5,Woodstock,3867,484387,2006,14,129,,Active,,,http://www.redfin.com/CT/Woodstock/57-Child-Rd-06281/home/53653387,Smart MLS,170290107,N,Y,41.973132,-72.052644
MLS Listing,,Single Family Residential,106 Route 169,Woodstock,CT,06281,339000,4,2.0,South Woodstock,2798,113256,1840,19,121,,Active,,,http://www.redfin.com/CT/Woodstock/106-CT-169-06281/home/53653533,Smart MLS,170288284,N,Y,41.9238886,-71.9571529
MLS Listing,,Single Family Residential,880 Route 171,Woodstock,CT,06281,510000,5,5.0,Woodstock,3762,209959,1795,22,136,,Active,,,http://www.redfin.com/CT/Woodstock/880-CT-171-06281/home/53653190,MLS PIN,72644679,N,Y,41.9487984,-72.0112545
MLS Listing,,Single Family Residential,46 Beaver Dam Rd,Woodstock,CT,06282,274900,2,1.0,Woodstock Valley,1033,8712,1957,23,266,67,Active,,,http://www.redfin.com/CT/Woodstock-Valley/46-Beaver-Dam-Rd-06282/home/53655987,Smart MLS,170288147,N,Y,41.957422,-72.068457
MLS Listing,,Single Family Residential,475 Route 198,Woodstock,CT,06282,219000,2,1.0,East Woodstock,1003,26136,1800,30,218,,Active,,,http://www.redfin.com/CT/Woodstock-Valley/475-CT-198-06282/home/53653892,Smart MLS,170287149,N,Y,41.9448795,-72.0757784
MLS Listing,,Single Family Residential,1696 Route 171,Woodstock,CT,06282,239900,3,2.0,Woodstock Valley,1539,49222,1940,39,156,,Active,,,http://www.redfin.com/CT/Woodstock-Valley/1696-CT-171-06282/home/53655950,Smart MLS,170284239,N,Y,41.9299171,-72.0844171
MLS Listing,,Single Family Residential,28 Fairfield Dr,Woodstock,CT,06281,342000,4,3.5,Woodstock,3527,37026,1985,42,97,,Active,,,http://www.redfin.com/CT/Woodstock/28-Fairfield-Dr-06281/home/53654623,Smart MLS,170279888,N,Y,41.9752446,-71.9887107
MLS Listing,,Single Family Residential,40 Herindeen Lndg,Woodstock,CT,06281,538800,3,2.5,West Woodstock,3200,219978,2004,43,168,,Active,,,http://www.redfin.com/CT/Woodstock/40-Herindeen-Lndg-06281/home/52449803,Smart MLS,170275746,N,Y,41.988067,-72.0896999
MLS Listing,,Vacant Land,0 Shields Rd,Woodstock,CT,06281,170000,,,Woodstock,,216057,,46,,,Active,,,http://www.redfin.com/CT/WOODSTOCK/SHIELDS-RD-06281/home/53654651,Smart MLS,170283659,N,Y,41.947602,-72.012744
MLS Listing,,Single Family Residential,39 Grey Fox Lndg,Woodstock,CT,06281,475000,3,3.5,Woodstock,3078,79714,2002,50,154,,Active,,,http://www.redfin.com/CT/Woodstock/39-Grey-Fox-Lndg-06281/home/53655249,MLS PIN,72635836,N,Y,41.9219832,-71.9310337
MLS Listing,,Single Family Residential,1535 Route 171,Woodstock,CT,06282,149900,3,1.0,Woodstock Valley,1056,21780,1977,51,142,,Active,,,http://www.redfin.com/CT/Woodstock-Valley/1535-CT-171-06282/home/53655209,Smart MLS,170282678,N,Y,41.9468924,-72.0624406
MLS Listing,,Single Family Residential,114 Prospect St,Woodstock,CT,06281,629000,4,3.5,East Woodstock,3430,1842587,1984,51,183,,Active,,,http://www.redfin.com/CT/Woodstock/114-Prospect-St-06281/home/168784197,Smart MLS,170281210,N,Y,41.9921387,-71.9786163
MLS Listing,,Single Family Residential,40 Indian Spring Rd,Woodstock,CT,06281,519000,3,2.5,Woodstock Valley,2374,13068,1987,51,219,,Active,,,http://www.redfin.com/CT/Woodstock/40-Indian-Spring-Rd-06281/home/53655013,Smart MLS,170282549,N,Y,41.9451637,-72.0696621
MLS Listing,,Single Family Residential,62 English Neighborhood Rd,Woodstock,CT,06281,249999,3,2.0,North Woodstock,941,77101,1947,52,266,,Active,,,http://www.redfin.com/CT/Woodstock/62-English-Neighborhood-Rd-06281/home/53654366,Smart MLS,170282460,N,Y,41.9954081,-72.0038285
MLS Listing,,Single Family Residential,283A Prospect St,Woodstock,CT,06281,399900,4,2.5,East Woodstock,3062,54885,2008,52,131,,Active,,,http://www.redfin.com/CT/Woodstock/283A-Prospect-St-06281/home/53653262,Smart MLS,170282436,N,Y,42.0046761,-71.9788246
MLS Listing,,Single Family Residential,95 Rocky Hill Rd,Woodstock,CT,06281,284900,3,2.0,Woodstock,1856,103237,1987,56,154,,Active,,,http://www.redfin.com/CT/Woodstock/95-Rocky-Hill-Rd-06281/home/53655726,Smart MLS,170281213,N,Y,41.9414044,-72.0076715
MLS Listing,,Single Family Residential,393 Barlow Cemetery Rd,Woodstock,CT,06281,279500,3,2.0,South Woodstock,1929,325828,2008,60,145,,Active,,,http://www.redfin.com/CT/Woodstock/393-Barlow-Cemetery-Rd-06281/home/53654975,Smart MLS,170279707,N,Y,41.922583,-72.0632738
MLS Listing,,Single Family Residential,43 Herindeen Lndg,Woodstock,CT,06281,485000,4,2.5,Woodstock,2769,107593,2008,63,175,,Active,,,http://www.redfin.com/CT/Woodstock/43-Herindeen-Lndg-06281/home/52271834,Smart MLS,170277259,N,Y,41.9864142,-72.0868588
MLS Listing,,Vacant Land,00 Red Cedar Rd,Woodstock,CT,06281,40000,,,Woodstock Valley,,17424,,65,,,Active,,,http://www.redfin.com/CT/Woodstock/Red-Cedar-Rd-06282/home/53653765,Smart MLS,170278170,N,Y,41.952431,-72.062186
MLS Listing,,Single Family Residential,43 Sunrise Dr,Woodstock,CT,06281,454000,3,2.5,Woodstock,2760,39204,1973,67,164,,Active,,,http://www.redfin.com/CT/Woodstock/43-Sunrise-Dr-06281/home/53653836,Smart MLS,170276733,N,Y,41.960221,-71.9736384
MLS Listing,,Single Family Residential,11 Red Cedar Rd,Woodstock,CT,06282,269900,3,1.5,Woodstock Valley,1800,20037,1978,67,150,,Active,,,http://www.redfin.com/CT/Woodstock-Valley/11-Red-Cedar-Rd-06282/home/53655985,Smart MLS,170277191,N,Y,41.9502493,-72.0616073
MLS Listing,,Vacant Land,0 Walnut Rd,Woodstock,CT,06281,22500,,,Woodstock Valley,,12632,,72,,27,Active,,,http://www.redfin.com/CT/WOODSTOCK/WALNUT-RD-06281/home/53653060,Smart MLS,170276103,N,Y,41.959492,-72.068422
MLS Listing,,Vacant Land,13 LEBANON HILL Rd E #13,Woodstock,CT,06281,89900,,,Woodstock,,387684,,72,,,Active,,,http://www.redfin.com/CT/Woodstock/13-Lebanon-Hill-Rd-06281/unit-13/home/148029836,Smart MLS,170274910,N,Y,42.0161799,-72.0387648
MLS Listing,,Condo/Co-op,34 Woodstock Mdws #34,Woodstock,CT,06281,169900,3,2.5,South Woodstock,1080,,1986,81,157,250,Active,,,http://www.redfin.com/CT/Woodstock/34-Woodstock-Meadows-Dr-06281/unit-34/home/148692089,Smart MLS,170273043,N,Y,41.9574156,-71.9633099
MLS Listing,,Vacant Land,0 Rocky Hill Rd,Woodstock,CT,06281,74900,,,Woodstock,,326700,,87,,,Active,,,http://www.redfin.com/CT/WOODSTOCK/ROCKY-HILL-RD-06281/home/53654428,Smart MLS,170271182,N,Y,41.931265,-72.036599
MLS Listing,,Vacant Land,1/14 Route 198,Woodstock,CT,06281,280000,,,North Woodstock,,1306800,,95,,,Active,,,http://www.redfin.com/CT/Woodstock/1-14-06281/home/170489146,Smart MLS,170269037,N,Y,41.941978,-72.074058
MLS Listing,,Single Family Residential,39 Rocky Hill Rd,Woodstock,CT,06281,305000,4,2.5,Woodstock,2104,87120,2005,113,145,,Active,,,http://www.redfin.com/CT/Woodstock/39-Rocky-Hill-Rd-06281/home/52221154,Smart MLS,170262231,N,Y,41.9395284,-72.0064561
MLS Listing,,Vacant Land,00 Brickyard Rd,Woodstock,CT,06281,73000,,,Woodstock,,479160,,121,,,Active,,,http://www.redfin.com/CT/WOODSTOCK/BRICKYARD-RD-06281/home/53654263,Smart MLS,170262188,N,Y,41.981604,-72.043144
MLS Listing,,Single Family Residential,6 Liljegren Rd,Woodstock,CT,06281,325000,7,4.5,South Woodstock,4571,383328,1920,123,71,,Active,,,http://www.redfin.com/CT/Woodstock/6-Liljegren-Rd-06281/home/161472063,Smart MLS,170261225,N,Y,41.9256521,-71.953505
MLS Listing,,Vacant Land,Lot 4 Olde Meadow Rd,Woodstock,CT,06281,38500,,,Woodstock,,83635,,127,,50,Active,,,http://www.redfin.com/CT/Woodstock/4-Olde-Meadow-Rd-06281/home/144532662,Smart MLS,170260321,N,Y,41.9981803,-71.982211
MLS Listing,,Vacant Land,Lot 115 Loyola Rd,Woodstock,CT,06281,59900,,,South Woodstock,,12196,,129,,76,Active,,,http://www.redfin.com/CT/Woodstock/115-Loyola-Rd-06281/home/53653115,Smart MLS,170260116,N,Y,41.9213804,-71.981239
MLS Listing,,Vacant Land,0 Oak Dr,Woodstock,CT,06281,34900,,,Woodstock Valley,,30927,,177,,,Active,,,http://www.redfin.com/CT/Woodstock/Oak-Dr-06282/home/144529650,Smart MLS,170251375,N,Y,41.9573803,-72.0579052
MLS Listing,,Single Family Residential,701 English Neighborhood Rd,Woodstock,CT,06281,699000,3,2.5,North Woodstock,3261,3088839,1998,182,214,,Active,,,http://www.redfin.com/CT/Woodstock/701-English-Neighborhood-Rd-06281/home/53654314,Smart MLS,170248916,N,Y,42.0175425,-72.0467234
MLS Listing,,Vacant Land,0 Brickyard Rd,Woodstock,CT,06281,135000,,,English Neigborhood,,1650924,,200,,,Active,,,http://www.redfin.com/CT/WOODSTOCK/BRICKYARD-RD-06281/home/53653134,Smart MLS,170246002,N,Y,41.973371,-72.042583
MLS Listing,,Single Family Residential,158 W Quasset Rd,Woodstock,CT,06281,999000,4,4.5,Woodstock,4978,239580,1989,228,201,,Active,,,http://www.redfin.com/CT/Woodstock/158-W-Quasset-Rd-06281/home/53656002,Smart MLS,170236365,N,Y,41.924148,-71.986281
MLS Listing,,Vacant Land,OC89 Hemlock Dr,Woodstock,CT,06281,60000,,,Woodstock Valley,,39204,,259,,17,Active,,,http://www.redfin.com/CT/Woodstock/OC89-Hemlock-Dr-06282/home/168720311,Smart MLS,170228750,N,Y,41.951488,-72.062892
MLS Listing,,Vacant Land,Lot 12 Barlow Cemetery Rd,Woodstock,CT,06281,45000,,,Fox Run,,145490,,274,,,Active,,,http://www.redfin.com/CT/Woodstock/Lot-12-Barlow-Cemetery-Rd-06281/home/148352907,Smart MLS,170224375,N,Y,41.932005,-72.061262
MLS Listing,,Vacant Land,12C Barlow Cemetery Rd,Woodstock,CT,06281,45000,,,Fox Run,,95396,,274,,,Active,,,http://www.redfin.com/CT/Woodstock/12C-Barlow-Cemetery-Rd-06281/home/148352834,Smart MLS,170224372,N,Y,41.933765,-72.060848
MLS Listing,,Vacant Land,36 Jeans Ct,Woodstock,CT,06281,45000,,,Fox Run,,87991,,274,,,Active,,,http://www.redfin.com/CT/Woodstock/36-Jeans-CT-06281/home/171436420,Smart MLS,170224368,N,Y,41.93272,-72.058796
MLS Listing,,Vacant Land,26 Jeans Ct,Woodstock,CT,06281,45000,,,Fox Run Est,,87991,,274,,,Active,,,http://www.redfin.com/CT/Woodstock/26-Jeans-CT-06281/home/171436153,Smart MLS,170224346,N,Y,41.933634,-72.058733
MLS Listing,,Vacant Land,10A Redhead Hl,Woodstock,CT,06281,79900,,,Woodstock,,96703,,303,,,Active,,,http://www.redfin.com/CT/Woodstock/10-Redhead-Hill-Rd-06281/home/144537312,Smart MLS,170214723,N,Y,42.0012719,-72.0281314
MLS Listing,,Vacant Land,00 Child Rd,Woodstock,CT,06281,115000,,,Woodstock,,103237,,311,,,Active,,,http://www.redfin.com/CT/WOODSTOCK/CHILD-RD-06281/home/53655733,Smart MLS,170207661,N,Y,41.977399,-72.05596
MLS Listing,,Single Family Residential,670 Brickyard Rd,Woodstock,CT,06281,379900,3,2.0,Woodstock,2208,435600,1990,353,172,,Active,,,http://www.redfin.com/CT/Woodstock/670-Brickyard-Rd-06281/home/53656308,Smart MLS,170194977,N,Y,42.0090451,-72.0524835
MLS Listing,,Single Family Residential,480 Route 197,Woodstock,CT,06281,650000,4,2.5,Woodstock,2688,919116,1973,380,242,,Active,,,http://www.redfin.com/CT/Woodstock/480-CT-197-06281/home/53654753,MLS PIN,72487179,N,Y,41.99457,-71.989103
MLS Listing,,Vacant Land,20 Indian Spg,Woodstock,CT,06281,53900,,,Woodstock,,13068,,387,,,Active,,,http://www.redfin.com/CT/Woodstock/20-Indian-Spring-Rd-06281/home/52283618,Smart MLS,170184635,N,Y,41.9440937,-72.070246
MLS Listing,,Single Family Residential,67 East Quasset Rd,Woodstock,CT,06281,524500,5,3.5,Woodstock,3188,139392,1981,414,165,,Active,,,http://www.redfin.com/CT/Woodstock/67-E-Quasset-Rd-06281/home/53653766,Smart MLS,170173724,N,Y,41.9326651,-71.9819271
MLS Listing,,Single Family Residential,378 Route 171,Woodstock,CT,06281,399000,5,4.0,South Woodstock,3919,731808,1750,433,102,,Active,,,http://www.redfin.com/CT/Woodstock/378-CT-171-06281/home/53656046,RIS,1216363,N,Y,41.9371613,-71.9711025
MLS Listing,,Vacant Land,XO RT 169,Woodstock,CT,06281,49900,,,Woodstock,,108900,,546,,,Active,,,http://www.redfin.com/CT/Woodstock/XO-06281/home/148049925,MLS PIN,72422214,N,Y,41.9683175,-71.9879042
MLS Listing,,Vacant Land,0X Pole Bridge Rd,Woodstock,CT,06281,179900,,,Woodstock,,1568160,,546,,,Active,,,http://www.redfin.com/CT/Woodstock/0X-Pole-Bridge-Rd-06281/home/171545775,MLS PIN,72422191,N,Y,41.9965671,-72.0660725
MLS Listing,,Vacant Land,XO Pole Bridge Rd,Woodstock,CT,06281,179900,,,Woodstock,,1568160,,606,,,Active,,,http://www.redfin.com/CT/Woodstock/XO-Pole-Bridge-Rd-06281/home/147018299,Smart MLS,170123748,N,Y,42.001205,-72.060743
MLS Listing,,Vacant Land,00 Route 169,Woodstock,CT,06281,49900,,,Woodstock,,108900,,870,,,Active,,,http://www.redfin.com/CT/Woodstock/Unknown-06281/home/169779835,Smart MLS,G10122662,N,Y,41.916176,-71.956147
MLS Listing,,Vacant Land,6A Route 171 Rd,Woodstock,CT,06281,59900,,,Woodstock,,442569,,870,,,Active,,,http://www.redfin.com/CT/Woodstock/6A-06281/home/144532097,Smart MLS,170014933,N,Y,41.947975,-72.021938
MLS Listing,,Single Family Residential,112 Dugg Hill Rd,Woodstock,CT,06281,1300000,3,2.5,Woodstock,2904,7488399,1790,870,448,,Active,,,http://www.redfin.com/CT/Woodstock/112-Dugg-Hill-Rd-06281/home/53654827,Smart MLS,G10226736,N,Y,41.9768924,-71.9674796
