SALE TYPE,SOLD DATE,PROPERTY TYPE,ADDRESS,CITY,STATE OR PROVINCE,ZIP OR POSTAL CODE,PRICE,BEDS,BATHS,LOCATION,SQUARE FEET,LOT SIZE,YEAR BUILT,DAYS ON MARKET,$/SQUARE FEET,HOA/MONTH,STATUS,NEXT OPEN HOUSE START TIME,NEXT OPEN HOUSE END TIME,URL (SEE http://www.redfin.com/buy-a-home/comparative-market-analysis FOR INFO ON PRICING),SOURCE,MLS#,FAVORITE,INTERESTED,LATITUDE,LONGITUDE
MLS Listing,,Single Family Residential,1 Cooper Hill Rd,Burrillville,RI,02839,274900,3,2.0,Burrillville,1448,11326,1890,1,190,,Active,,,http://www.redfin.com/RI/Mapleville/1-Cooper-Hill-Rd-02839/home/51742180,RIS,1253611,N,Y,41.9481187,-71.6434876
MLS Listing,,Vacant Land,4 Braided Brook Ln,Burrillville,RI,02830,150000,,,NS Line,,293158,,2,,75,Active,,,http://www.redfin.com/RI/Burrillville/4-Brook-Rd-02830/home/51738896,RIS,1253459,N,Y,42.0030969,-71.681423
MLS Listing,,Single Family Residential,344 Camp Dixie Rd,Burrillville,RI,02859,307900,2,1.0,Pascoag Reservoir,800,23479,1946,2,385,4,Active,,,http://www.redfin.com/RI/Pascoag/344-Camp-Dixie-Rd-02859/home/51739154,RIS,1253376,N,Y,41.944103,-71.709556
MLS Listing,,Single Family Residential,1584 Round Top Rd,Burrillville,RI,02830,149900,3,2.5,Burrillville,2640,34412,1975,5,57,,Active,,,http://www.redfin.com/RI/Burrillville/1584-Round-Top-Rd-02830/home/51738064,RIS,1253267,N,Y,42.006878,-71.707133
MLS Listing,,Single Family Residential,95 Crystal View Dr,Burrillville,RI,02830,539900,4,2.5,Burrillville,3474,24829,2018,10,155,,Active,,,http://www.redfin.com/RI/BURRILLVILLE/95-CRYSTAL-VIEW-DR-02830/home/146813840,RIS,1252848,N,Y,41.939937,-71.674959
MLS Listing,,Single Family Residential,565 Reservoir Rd,Burrillville,RI,02859,499900,3,2.0,PASCOAG RESERVOIR,2396,11325,1950,10,209,4,Active,,,http://www.redfin.com/RI/Pascoag/565-Reservoir-Rd-02859/home/51739288,RIS,1252808,N,Y,41.938774,-71.704831
MLS Listing,,Single Family Residential,47 Shea Ln,Burrillville,RI,02859,349900,3,2.0,Burrillville,1873,10900,2020,11,187,,Active,May-16-2020 12:00 PM,May-16-2020 03:00 PM,http://www.redfin.com/RI/Burrillville/47-Shea-Ln-02859/home/171532588,RIS,1252813,N,Y,41.964303,-71.701861
MLS Listing,,Single Family Residential,451 Church St,Burrillville,RI,02859,249900,4,1.0,BRIDGETON,1872,6970,1890,14,133,,Active,,,http://www.redfin.com/RI/Pascoag/451-Church-St-02859/home/51743071,RIS,1252578,N,Y,41.9647282,-71.7137987
MLS Listing,,Single Family Residential,345 Steere Farm Rd,Burrillville,RI,02830,479000,4,3.0,Steere Farm,3038,44344,1975,32,158,,Active,,,http://www.redfin.com/RI/Burrillville/345-Steere-Farm-Rd-02830/home/51738708,RIS,1251475,N,Y,41.95355,-71.67356
MLS Listing,,Single Family Residential,201 Lake Shore Dr,Burrillville,RI,02859,365000,4,3.0,Burrillville,2298,22216,1973,35,159,,Active,,,http://www.redfin.com/RI/Pascoag/201-Lake-Shore-Dr-02859/home/51738170,RIS,1251323,N,Y,41.9494088,-71.7096509
MLS Listing,,Multi-Family (2-4 Unit),761 & 763 Central St,Burrillville,RI,02839,243900,4,2.0,Mapleville,2528,4791,1900,44,96,,Active,,,http://www.redfin.com/RI/Mapleville/763-Central-St-02839/home/51738726,Smart MLS,170284729,N,Y,41.9537961,-71.6500997
MLS Listing,,Single Family Residential,132 Brouillard Ln,Burrillville,RI,02859,450000,3,2.5,Rose Garden Association,1660,9351,1940,47,271,17,Active,,,http://www.redfin.com/RI/Pascoag/132-Brouillard-Ln-02859/home/51742862,RIS,1250638,N,Y,41.970172,-71.730472
MLS Listing,,Single Family Residential,27 Callahan School St,Burrillville,RI,02830,369000,5,3.0,Harrisville,3471,20909,1920,48,106,,Active,,,http://www.redfin.com/RI/Burrillville/27-Callahan-School-St-02830/home/51740617,RIS,1250434,N,Y,41.9697661,-71.6844111
MLS Listing,,Condo/Co-op,121 Graniteville Rd,Burrillville,RI,02830,259000,2,2.5,Burrillville,1584,,2020,57,164,130,Active,,,http://www.redfin.com/RI/Burrillville/121-Graniteville-Rd-02830/home/147317938,RIS,1249990,N,Y,41.969741,-71.685598
MLS Listing,,Condo/Co-op,131 Graniteville Rd,Burrillville,RI,02830,269000,2,2.5,Harrisville,1584,,2020,57,170,130,Active,,,http://www.redfin.com/RI/Burrillville/131-Graniteville-Rd-02830/home/147317951,RIS,1249989,N,Y,41.969741,-71.685598
MLS Listing,,Single Family Residential,545 Camp Dixie Rd,Burrillville,RI,02859,769000,4,2.0,pascoag Reservoir/Echo Lake,2641,33933,2000,57,291,,Active,,,http://www.redfin.com/RI/Pascoag/545-Camp-Dixie-Rd-02859/home/51738733,MLS PIN,72634789,N,Y,41.938317,-71.71086
MLS Listing,,Single Family Residential,901 Colwell Rd,Burrillville,RI,02830,719000,4,3.5,country view,3047,788436,2005,60,236,,Active,,,http://www.redfin.com/RI/Burrillville/901-Colwell-Rd-02830/home/51740624,RIS,1249769,N,Y,41.9344429,-71.6026
MLS Listing,,Multi-Family (2-4 Unit),160 Pascoag Main St,Burrillville,RI,02859,279000,7,3.0,Pascoag Center,5139,3485,1900,61,54,,Active,,,http://www.redfin.com/RI/Pascoag/160-Pascoag-Main-St-02859/home/51743026,RIS,1249747,N,Y,41.9584175,-71.7016443
MLS Listing,,Vacant Land,10 Alanna Ln,Burrillville,RI,02830,124900,,,Burrillville,,129825,,66,,50,Active,,,http://www.redfin.com/RI/Burrillville/10-Alanna-LN-02830/home/171037771,RIS,1249171,N,Y,41.999716,-71.627047
MLS Listing,,Vacant Land,35 Alanna Ln,Burrillville,RI,02830,124900,,,Mount Pleasant Estates,,172582,,66,,50,Active,,,http://www.redfin.com/RI/Burrillville/35-Alanna-LN-02830/home/171037704,RIS,1249164,N,Y,41.999684,-71.626956
MLS Listing,,Single Family Residential,290 Lynne Ln,Burrillville,RI,02839,385000,3,2.0,Burrillville,2302,20038,1995,68,167,,Active,,,http://www.redfin.com/RI/Mapleville/290-Lynne-Ln-02839/home/51740527,RIS,1248166,N,Y,41.9555859,-71.658351
MLS Listing,,Multi-Family (2-4 Unit),761 Central St,Burrillville,RI,02839,243900,4,2.0,Burrillville,4020,4792,1900,71,61,,Active,,,http://www.redfin.com/RI/Mapleville/761-Central-St-02839/home/52237904,RIS,1248798,N,Y,41.9538151,-71.6501438
MLS Listing,,Vacant Land,0 Stag Head Dr,Burrillville,RI,02859,30000,,,Buck Hill,,9583,,76,,,Active,,,http://www.redfin.com/RI/Burrillville/Staghead-Dr-02859/home/51742552,RIS,1248418,N,Y,41.970014,-71.774111
MLS Listing,,Vacant Land,0 Victory Hwy,Burrillville,RI,02858,130000,,,Oakland Village,,37462,,77,,,Active,,,http://www.redfin.com/RI/Oakland/Victory-Hwy-02858/home/171469217,RIS,1248266,N,Y,41.961551,-71.644324
MLS Listing,,Vacant Land,0 Victory Hwy,Burrillville,RI,02830,239000,,,Nasonville,,126759,,93,,,Active,,,http://www.redfin.com/RI/BURRILLVILLE/VICTORY-HWY-02830/home/51738517,RIS,1246782,N,Y,41.947615,-71.65153
MLS Listing,,Single Family Residential,115 Crystal  View Dr,Burrillville,RI,02859,449900,3,2.5,CRYSTAL LAKE,2100,20344,2020,107,214,8,Active,,,http://www.redfin.com/RI/Burrillville/115-Crystal-View-Dr-02859/home/170442415,RIS,1245853,N,Y,41.939789,-71.676537
MLS Listing,,Vacant Land,0 Thomas Ave,Burrillville,RI,02830,295000,,,Burrillville,,457380,,107,,,Active,,,http://www.redfin.com/RI/BURRILLVILLE/THOMAS-AVE-02830/home/51737905,RIS,1245848,N,Y,41.952655,-71.646216
MLS Listing,,Vacant Land,500 Victory Hwy,Burrillville,RI,02839,25000,,,Burrillville,,103237,,107,,,Active,,,http://www.redfin.com/RI/Burrillville/500-Victory-HWY-02859/home/52261665,RIS,1245800,N,Y,41.944446,-71.654988
MLS Listing,,Single Family Residential,55 Alan Ave,Burrillville,RI,02859,369900,1,2.0,Burrillville,1560,23522,1974,295,237,4,Active,,,http://www.redfin.com/RI/Pascoag/55-Alan-Ave-02859/home/51737599,RIS,1230230,N,Y,41.945493,-71.71372
MLS Listing,,Single Family Residential,726 Reservoir Rd,Burrillville,RI,02859,299000,3,1.5,Burrillville,1956,81022,1707,307,153,,Active,,,http://www.redfin.com/RI/Pascoag/726-Reservoir-Rd-02859/home/51738950,RIS,1229216,N,Y,41.934814,-71.701849
MLS Listing,,Vacant Land,0 Knibb Rd,Burrillville,RI,02859,125000,,,Pascoag,,827640,,321,,,Active,,,http://www.redfin.com/RI/BURRILLVILLE/KNIBB-RD-02830/home/51743096,RIS,1227988,N,Y,41.953973,-71.729398
MLS Listing,,Vacant Land,0 Wallum Lake Rd,Burrillville,RI,02830,45000,,,WILSON'S RESERVOIR,,60548,,1185,,,Active,,,http://www.redfin.com/RI/Burrillville/0-Wallum-Lake-Rd-02830/home/148125664,RIS,1151952,N,Y,42.004329,-71.686636
