SALE TYPE,SOLD DATE,PROPERTY TYPE,ADDRESS,CITY,STATE OR PROVINCE,ZIP OR POSTAL CODE,PRICE,BEDS,BATHS,LOCATION,SQUARE FEET,LOT SIZE,YEAR BUILT,DAYS ON MARKET,$/SQUARE FEET,HOA/MONTH,STATUS,NEXT OPEN HOUSE START TIME,NEXT OPEN HOUSE END TIME,URL (SEE http://www.redfin.com/buy-a-home/comparative-market-analysis FOR INFO ON PRICING),SOURCE,MLS#,FAVORITE,INTERESTED,LATITUDE,LONGITUDE
MLS Listing,,Multi-Family (2-4 Unit),27 Phoenix St,Central Falls,RI,02863,389900,8,4.0,Lincoln Line,3225,5001,1910,1,121,,Active,,,http://www.redfin.com/RI/Central-Falls/27-Phoenix-St-02863/home/51806587,RIS,1253573,N,Y,41.8919413,-71.4006909
MLS Listing,,Multi-Family (2-4 Unit),16 New Haven Ave,Central Falls,RI,02863,244900,6,2.0,OFF SAMOSET AVE,2200,9016,1920,1,111,,Active,,,http://www.redfin.com/RI/Central-Falls/16-New-Haven-St-02863/home/51806122,RIS,1253551,N,Y,41.896493,-71.384419
MLS Listing,,Multi-Family (2-4 Unit),70 Washington St,Central Falls,RI,02863,319000,8,4.0,Central Falls,3140,5009,1900,1,102,,Active,,,http://www.redfin.com/RI/Central-Falls/70-Washington-St-02863/home/51805205,RIS,1253519,N,Y,41.8882419,-71.3909032
MLS Listing,,Multi-Family (2-4 Unit),65 Watson St,Central Falls,RI,02863,290000,9,3.0,Central Falls,3120,4051,1900,2,93,,Active,,,http://www.redfin.com/RI/Central-Falls/65-Watson-St-02863/home/51806142,RIS,1253481,N,Y,41.8840028,-71.3994515
MLS Listing,,Single Family Residential,15 Echo St,Central Falls,RI,02863,192500,3,1.0,Central Falls,2648,5009,1952,9,73,,Active,,,http://www.redfin.com/RI/Central-Falls/15-Echo-St-02863/home/51806666,RIS,1252919,N,Y,41.892984,-71.401796
MLS Listing,,Multi-Family (2-4 Unit),399 Central St,Central Falls,RI,02863,349900,9,4.0,Central Falls,3408,3528,1900,35,103,,Active,,,http://www.redfin.com/RI/Central-Falls/399-Central-St-02863/home/51806217,RIS,1251312,N,Y,41.8843653,-71.3938885
MLS Listing,,Multi-Family (2-4 Unit),52 Sumner Ave,Central Falls,RI,02863,199900,6,2.0,Central Falls,2221,6251,1860,35,90,,Active,,,http://www.redfin.com/RI/Central-Falls/52-Sumner-Ave-02863/home/51806194,RIS,1251308,N,Y,41.8882674,-71.3944106
MLS Listing,,Condo/Co-op,396 Roosevelt Ave #7,Central Falls,RI,02863,369000,4,2.0,Pawtucket /CF Loft District,1942,5700,1900,36,190,370,Active,,,http://www.redfin.com/RI/Central-Falls/396-Roosevelt-Ave-02863/unit-7/home/171290110,RIS,1251229,N,Y,41.884082,-71.382645
MLS Listing,,Multi-Family (2-4 Unit),180 Cottage St,Central Falls,RI,02863,299000,5,2.0,Central Falls,1800,7500,1900,44,166,,Active,,,http://www.redfin.com/RI/Central-Falls/180-Cottage-St-02863/home/51805267,RIS,1249784,N,Y,41.8941702,-71.3931762
MLS Listing,,Multi-Family (2-4 Unit),109 Cross St,Central Falls,RI,02863,215000,7,4.0,Central Falls,4293,5052,1900,52,50,,Active,,,http://www.redfin.com/RI/Central-Falls/109-Cross-St-02863/home/51806036,RIS,1250288,N,Y,41.8851354,-71.387659
MLS Listing,,Multi-Family (2-4 Unit),152 Washington St,Central Falls,RI,02863,269900,8,4.0,Central Falls,2963,3476,1900,61,91,,Active,,,http://www.redfin.com/RI/Central-Falls/152-Washington-St-02863/home/51805773,RIS,1249698,N,Y,41.8906623,-71.3924337
MLS Listing,,Single Family Residential,74 Valley St,Central Falls,RI,02863,215000,3,2.0,Central Falls,1760,5400,1958,62,122,,Active,,,http://www.redfin.com/RI/Central-Falls/74-Valley-St-02863/home/51805288,RIS,1249661,N,Y,41.8905216,-71.3962378
MLS Listing,,Single Family Residential,25 Butler Ave,Central Falls,RI,02863,222500,2,1.0,Central Falls,1014,8982,1960,70,219,,Active,May-17-2020 10:00 AM,May-17-2020 11:30 AM,http://www.redfin.com/RI/Central-Falls/25-Butler-Ave-02863/home/51805449,RIS,1248481,N,Y,41.8905169,-71.3953357
