SALE TYPE,SOLD DATE,PROPERTY TYPE,ADDRESS,CITY,STATE OR PROVINCE,ZIP OR POSTAL CODE,PRICE,BEDS,BATHS,LOCATION,SQUARE FEET,LOT SIZE,YEAR BUILT,DAYS ON MARKET,$/SQUARE FEET,HOA/MONTH,STATUS,NEXT OPEN HOUSE START TIME,NEXT OPEN HOUSE END TIME,URL (SEE http://www.redfin.com/buy-a-home/comparative-market-analysis FOR INFO ON PRICING),SOURCE,MLS#,FAVORITE,INTERESTED,LATITUDE,LONGITUDE
MLS Listing,,Single Family Residential,7 Chandler Dr,Coventry,RI,02816,309900,3,2.0,Chandler Plat,2238,30492,1974,1,138,,Active,,,http://www.redfin.com/RI/Coventry/7-Chandler-Dr-02816/home/51873598,RIS,1253425,N,Y,41.7063132,-71.5777228
MLS Listing,,Single Family Residential,1 Jessica Lee Ct,Coventry,RI,02816,479900,4,2.5,Forest Ridge,2160,30000,2019,1,222,,Active,,,http://www.redfin.com/RI/Coventry/Unknown-02816/home/147925142,RIS,1253605,N,Y,41.70985,-71.599546
MLS Listing,,Single Family Residential,5 Maplewood Dr,Coventry,RI,02816,299900,3,2.0,High Wood,2100,21675,1962,2,143,,Active,,,http://www.redfin.com/RI/Coventry/5-Maplewood-Dr-02816/home/51867110,RIS,1253511,N,Y,41.7053167,-71.5580918
MLS Listing,,Single Family Residential,24 East Shore Dr,Coventry,RI,02816,224900,2,1.0,Coventry,1120,3920,1940,3,201,,Active,,,http://www.redfin.com/RI/Coventry/24-E-Shore-Dr-02816/home/51874022,RIS,1253319,N,Y,41.6834837,-71.546732
MLS Listing,,Single Family Residential,416 Harkney Hill Rd,Coventry,RI,02816,259900,2,1.0,Coventry,776,91476,1940,5,335,,Active,,,http://www.redfin.com/RI/Coventry/416-Harkney-Hill-Rd-02816/home/51866877,RIS,1253255,N,Y,41.667017,-71.61418
MLS Listing,,Single Family Residential,21 Kilton Ln,Coventry,RI,02816,310000,3,2.0,"Central, South Main",2455,15246,1778,6,126,,Active,,,http://www.redfin.com/RI/Coventry/21-Kilton-Ln-02816/home/51871224,RIS,1252141,N,Y,41.6877989,-71.5655102
MLS Listing,,Single Family Residential,25 Lane B,Coventry,RI,02816,45000,2,1.0,Ramblewood Estates,924,,1976,7,49,409,Active,,,http://www.redfin.com/RI/Coventry/25-Lane-B-02816/home/51876663,RIS,1253043,N,Y,41.6747375,-71.5769158
MLS Listing,,Single Family Residential,9 Torch Ln,Coventry,RI,02816,59900,2,1.5,Westwood Estates,1848,,1976,8,32,457,Active,,,http://www.redfin.com/RI/Coventry/9-Torch-Ln-02816/home/51876424,RIS,1253012,N,Y,41.6884507,-71.5829313
MLS Listing,,Single Family Residential,123 Read Ave,Coventry,RI,02816,189900,3,1.0,Quidnick,1410,3518,1880,9,135,,Active,,,http://www.redfin.com/RI/Coventry/123-Read-Ave-02816/home/51871799,RIS,1252883,N,Y,41.7031894,-71.5346415
MLS Listing,,Single Family Residential,409 Shady Valley Rd,Coventry,RI,02816,219900,3,1.0,Johnson's Pond,1207,5227,1948,9,182,,Active,,,http://www.redfin.com/RI/Coventry/409-Shady-Valley-Rd-02816/home/51870686,RIS,1252918,N,Y,41.6941672,-71.6170176
MLS Listing,,Condo/Co-op,1740 Nooseneck Hill Rd #22,Coventry,RI,02816,204900,2,2.0,Coventry,1200,,2004,9,171,258,Active,,,http://www.redfin.com/RI/Coventry/1740-Nooseneck-Hill-Rd-02816/unit-22/home/51877241,RIS,1252604,N,Y,41.6733485,-71.5952677
MLS Listing,,Single Family Residential,591 Fish Hill Rd,Coventry,RI,02816,380000,3,2.5,Coventry,2808,217800,1989,9,135,,Active,,,http://www.redfin.com/RI/Coventry/591-Fish-Hill-Rd-02816/home/51869596,RIS,1252828,N,Y,41.659721,-71.637611
MLS Listing,,Single Family Residential,19 Kelly Ln,Coventry,RI,02816,139900,3,2.0,Westwood Estates,1296,,2000,12,108,473,Active,,,http://www.redfin.com/RI/Coventry/19-Kelly-Ln-02816/home/51876225,RIS,1252767,N,Y,41.68715,-71.581352
MLS Listing,,Single Family Residential,9 Sugar Maple Dr,Coventry,RI,02816,629900,4,3.5,Wood Estates,4489,20038,1988,13,140,4,Active,,,http://www.redfin.com/RI/Coventry/9-Sugar-Maple-Dr-02816/home/51868939,RIS,1252426,N,Y,41.6817171,-71.5943015
MLS Listing,,Single Family Residential,6 Evergreen Ct,Coventry,RI,02816,410000,3,2.5,Summerfield,2838,39640,2000,16,144,,Active,,,http://www.redfin.com/RI/Coventry/6-Evergreen-Ct-02816/home/51867558,RIS,1252365,N,Y,41.7179142,-71.5526011
MLS Listing,,Single Family Residential,2350 Harkney Hill Rd,Coventry,RI,02816,329900,3,2.0,Western Coventry,2244,409464,1992,16,147,,Active,,,http://www.redfin.com/RI/Coventry/2350-Harkney-Hill-Rd-02816/home/51875416,RIS,1252340,N,Y,41.6860893,-71.6751138
MLS Listing,,Single Family Residential,1986 New London Tpke,Warwick,RI,02816,375000,3,2.5,"Exit 7, Centre of NE , WW Line",1952,36447,2020,16,192,,Active,,,http://www.redfin.com/RI/Coventry/1986-New-London-Tpke-02816/home/171555989,RIS,1252372,N,Y,41.6703691,-71.5337838
MLS Listing,,Single Family Residential,55 Twin Lakes Ave,Coventry,RI,02816,265000,4,1.0,Coventry,1440,6543,1958,18,184,,Active,,,http://www.redfin.com/RI/Coventry/55-Twin-Lakes-Ave-02816/home/51869866,RIS,1252285,N,Y,41.6778919,-71.5593436
MLS Listing,,Single Family Residential,36 Meeting St,Coventry,RI,02816,349000,3,2.0,Anthony,2863,47916,1960,19,122,,Active,,,http://www.redfin.com/RI/Coventry/36-Meeting-St-02816/home/51865684,RIS,1252251,N,Y,41.6985848,-71.5506268
MLS Listing,,Single Family Residential,1 Dumont Farm Rd,Coventry,RI,02816,369900,3,2.5,Flat River/ Old Main,2182,20038,2001,20,170,,Active,,,http://www.redfin.com/RI/Coventry/1-Dumont-Farm-Rd-02816/home/51872452,RIS,1252177,N,Y,41.70057,-71.581335
MLS Listing,,Single Family Residential,29 Bates Ave,Coventry,RI,02816,199900,3,1.0,Coventry,1001,4791,1890,25,200,,Active,,,http://www.redfin.com/RI/Coventry/29-Bates-Ave-02816/home/51865635,RIS,1251810,N,Y,41.6972361,-71.535963
MLS Listing,,Single Family Residential,14 Cynthia Dr,Coventry,RI,02816,289000,3,1.5,Highland Acres,1708,10019,1964,27,169,,Active,,,http://www.redfin.com/RI/Coventry/14-Cynthia-Dr-02816/home/51875196,RIS,1251779,N,Y,41.6980732,-71.574134
MLS Listing,,Single Family Residential,18 Edward St,Coventry,RI,02816,255000,3,1.5,Anthony,1380,15681,1920,29,185,,Active,,,http://www.redfin.com/RI/Coventry/18-Edward-St-02816/home/51866707,RIS,1251623,N,Y,41.6970733,-71.5408476
MLS Listing,,Single Family Residential,9 Rebecca St,Coventry,RI,02816,244900,4,1.0,Blackrock,1392,7400,1960,36,176,,Active,,,http://www.redfin.com/RI/Coventry/9-Rebecca-St-02816/home/51870613,RIS,1251252,N,Y,41.7241775,-71.547242
MLS Listing,,Single Family Residential,11 Three M Rd,Coventry,RI,02816,369900,3,1.0,Johnson's Pond,1256,8276,1967,38,295,,Active,,,http://www.redfin.com/RI/Coventry/11-3-M-Rd-02816/home/51870546,RIS,1251148,N,Y,41.667391,-71.6159398
MLS Listing,,Vacant Land,2144 Flat River Rd,Coventry,RI,02816,89800,,,Central Coventry,,10890,,44,,,Active,,,http://www.redfin.com/RI/Coventry/2144-Flat-River-Rd-02816/home/51871790,RIS,1250803,N,Y,41.7036494,-71.6121964
MLS Listing,,Vacant Land,0 Gibson Hill Rd,Coventry,RI,02816,95000,,,WESTERN COVENTRY - RI/CT STATE LINE,,1611720,,44,,,Active,,,http://www.redfin.com/RI/Coventry/0-Gibson-Hill-RD-02816/home/169138554,RIS,1250800,N,Y,41.715905,-71.788401
MLS Listing,,Single Family Residential,44 Sharon Dr,Coventry,RI,02816,484900,4,3.5,Wood Estates,2984,20211,1986,46,163,,Active,,,http://www.redfin.com/RI/Coventry/44-Sharon-Dr-02816/home/51868409,RIS,1250714,N,Y,41.6938819,-71.604949
MLS Listing,,Single Family Residential,21 Stone Gate Dr,Coventry,RI,02816,350000,3,2.0,STONE GATE ESTATES,1889,89298,1985,46,185,,Active,,,http://www.redfin.com/RI/Coventry/21-Stone-Gate-Dr-02816/home/51867729,RIS,1250469,N,Y,41.7015351,-71.6457119
MLS Listing,,Single Family Residential,5 Vera Rd,Coventry,RI,02816,210000,3,1.0,Coventry,2016,12197,1960,47,104,,Active,,,http://www.redfin.com/RI/Coventry/5-Vera-Rd-02816/home/51866488,RIS,1250644,N,Y,41.6719172,-71.5562371
MLS Listing,,Single Family Residential,62 Wright Way,Coventry,RI,02816,59000,2,1.0,Westwood Estates,784,,1986,49,75,473,Active,,,http://www.redfin.com/RI/Coventry/62-Wright-Way-02816/home/51875527,RIS,1250509,N,Y,41.6892479,-71.5851335
MLS Listing,,Single Family Residential,43 Lane A Ln,Coventry,RI,02816,119900,2,2.0,Ramblewood Estates,1124,,1978,49,107,410,Active,,,http://www.redfin.com/RI/Coventry/43-Lane-A-02816/home/51876702,RIS,1250490,N,Y,41.675104,-71.576064
MLS Listing,,Single Family Residential,32 Ironwood Dr,Coventry,RI,02816,407454,3,2.0,The Oaks II,1558,15198,2019,51,262,13,Active,,,http://www.redfin.com/RI/Coventry/32-Ironwood-Dr-02816/home/171174435,RIS,1250386,N,Y,41.7128636,-71.5784044
MLS Listing,,Single Family Residential,522 Fish Hill Rd,West Greenwich,RI,02817,499900,4,2.5,West Greenwich,2476,88427,2013,55,202,,Active,,,http://www.redfin.com/RI/West-Greenwich/522-Fish-Hill-Rd-02817/home/52025904,RIS,1250089,N,Y,41.659447,-71.6333885
MLS Listing,,Single Family Residential,174 Rock Hill Rd,Coventry,RI,02816,499900,3,2.5,Hidden Reserve Estates,1800,86000,2020,56,278,,Active,,,http://www.redfin.com/RI/Coventry/174-Rock-Hill-Rd-02816/home/171149250,RIS,1250054,N,Y,41.6896834,-71.6272528
MLS Listing,,Single Family Residential,10 Paul Sprague Dr,Coventry,RI,02816,469900,4,2.5,Lake Tiogue,2463,20199,2020,56,191,,Active,,,http://www.redfin.com/RI/Coventry/Paul-Sprague-Dr-02816/home/168781834,RIS,1250037,N,Y,41.679675,-71.542164
MLS Listing,,Single Family Residential,1 Scenic Ridge Ct,Coventry,RI,02816,589900,4,4.5,Deer Ridge Estates,5028,87120,2005,62,117,100,Active,,,http://www.redfin.com/RI/Coventry/1-Scenic-Ridge-Ct-02816/home/51875947,RIS,1249030,N,Y,41.662787,-71.642795
MLS Listing,,Single Family Residential,629 Whaley Hollow Rd,Coventry,RI,02816,329900,3,2.5,Harkney Hill,2018,178596,1988,63,163,,Active,,,http://www.redfin.com/RI/Coventry/629-Whaley-Hollow-Rd-02816/home/51874389,RIS,1249541,N,Y,41.6864519,-71.6602203
MLS Listing,,Single Family Residential,690 Matteson Rd,Coventry,RI,02816,519900,4,2.5,Coventry,2600,172060,2020,64,200,,Active,,,http://www.redfin.com/RI/Coventry/690-Matteson-Rd-02816/home/167881339,RIS,1249342,N,Y,41.7229891,-71.6489035
MLS Listing,,Vacant Land,0 Barbs Hill Rd,Coventry,RI,02827,59000,,,Western Coventry/near Foster line,,409464,,67,,,Active,,,http://www.redfin.com/RI/Coventry/Barbs-Hill-Rd-02827/home/171245473,RIS,1249123,N,Y,41.723303,-71.767357
MLS Listing,,Single Family Residential,460 Fairview Ave,Coventry,RI,02816,279900,3,2.0,Coventry,1686,11325,1880,68,166,,Active,,,http://www.redfin.com/RI/Coventry/460-Fairview-Ave-02816/home/51874645,RIS,1249076,N,Y,41.6995622,-71.543579
MLS Listing,,Single Family Residential,148 Windsor Park Dr,Coventry,RI,02816,226900,3,1.0,Coventry,1088,7841,1950,68,209,,Active,,,http://www.redfin.com/RI/Coventry/148-Windsor-Park-Dr-02816/home/51864746,RIS,1249051,N,Y,41.6876094,-71.5355109
MLS Listing,,Single Family Residential,250 Shippee Plat Rd,Coventry,RI,02816,479000,3,3.0,Johnson's Pond,1902,47916,1968,72,252,,Active,,,http://www.redfin.com/RI/Coventry/250-Shippee-Plat-Rd-02816/home/51872042,RIS,1248649,N,Y,41.699488,-71.622333
MLS Listing,,Vacant Land,0 Maple Valley Rd,Coventry,RI,02816,110000,,,Coventry,,304920,,79,,,Active,,,http://www.redfin.com/RI/COVENTRY/MAPLE-VALLEY-RD-02816/home/51866064,RIS,1247591,N,Y,41.715088,-71.653829
MLS Listing,,Single Family Residential,3 Cantaberry Ln,Coventry,RI,02816,70000,2,1.0,SHERWOOD VALLEY,924,,1985,79,76,470,Active,,,http://www.redfin.com/RI/Coventry/3-Cantaberry-Ln-02816/home/51876858,RIS,1248020,N,Y,41.671792,-71.619002
MLS Listing,,Vacant Land,0 Perry Hill Rd,Coventry,RI,02816,169900,,,Greene,,1136044,,82,,,Active,,,http://www.redfin.com/RI/COVENTRY/PERRY-HILL-RD-02816/home/51874223,RIS,1247901,N,Y,41.686327,-71.717129
MLS Listing,,Single Family Residential,70 Leuba Rd,Coventry,RI,02816,379900,3,2.5,Central Coventry/COLVINTOWN,3140,25265,1988,86,121,,Active,,,http://www.redfin.com/RI/Coventry/70-Leuba-Rd-02816/home/51872159,RIS,1247438,N,Y,41.7072351,-71.5840093
MLS Listing,,Single Family Residential,187 Ayoho Rd,Coventry,RI,02816,150000,2,1.0,JOHNSON'S POND,731,,1950,86,205,125,Active,,,http://www.redfin.com/RI/Coventry/187-Ayoho-Rd-02816/home/51877341,RIS,1246416,N,Y,41.69848,-71.601324
MLS Listing,,Single Family Residential,1 Osprey Dr,Coventry,RI,02816,599000,3,3.5,JOHNSON`S POND,3090,34848,1972,89,194,,Active,,,http://www.redfin.com/RI/Coventry/1-Osprey-Dr-02816/home/51869647,RIS,1247350,N,Y,41.6850292,-71.6018119
MLS Listing,,Single Family Residential,81 Linda Dr,Coventry,RI,02816,79900,2,1.0,Mapleroot Village,728,,2011,90,110,392,Active,,,http://www.redfin.com/RI/Coventry/81-Linda-Dr-02816/home/51876953,RIS,1247271,N,Y,41.6619699,-71.60653
MLS Listing,,Single Family Residential,36 Lane Ln E,Coventry,RI,02816,94900,2,2.0,RAMBLEWOOD ESTATES,924,,1987,92,103,424,Active,,,http://www.redfin.com/RI/Coventry/36-Lane-E-02816/home/51876215,RIS,1246985,N,Y,41.673684,-71.579311
MLS Listing,,Vacant Land,0 Chase Rd,Coventry,RI,02816,50000,,,Coventry,,84071,,101,,,Active,,,http://www.redfin.com/RI/COVENTRY/CHASE-RD-02816/home/51867318,RIS,1246292,N,Y,41.72934,-71.564099
MLS Listing,,Single Family Residential,275 Read School House Rd,Coventry,RI,02816,534900,4,2.5,Coventry,2160,93654,2020,103,248,,Active,,,http://www.redfin.com/RI/Coventry/275-Read-School-House-Rd-02816/home/51874170,RIS,1246151,N,Y,41.7112876,-71.6002705
MLS Listing,,Single Family Residential,1949 Flat River Rd,Coventry,RI,02816,499000,5,2.0,Coventry,2740,780595,1756,105,182,,Active,,,http://www.redfin.com/RI/Coventry/1949-Flat-River-Rd-02816/home/169176849,RIS,1245917,N,Y,41.704731,-71.605748
MLS Listing,,Vacant Land,204 Colvintown Rd,Coventry,RI,02816,109900,,,Hope Furnace Road,,47916,,110,,,Active,,,http://www.redfin.com/RI/Coventry/204-Colvintown-Rd-02816/home/51871298,RIS,1245737,N,Y,41.7231768,-71.5747529
MLS Listing,,Vacant Land,928 Main St,Coventry,RI,02816,399900,,,Coventry,,21779,,153,,,Active,,,http://www.redfin.com/RI/Coventry/928-Main-St-02816/home/170069780,RIS,1243085,N,Y,41.6899474,-71.5596915
MLS Listing,,Single Family Residential,301 Richardson Rd,Coventry,RI,02816,210000,2,1.0,QUIDNICK RESEVOIR,968,5663,1950,270,217,,Active,,,http://www.redfin.com/RI/Coventry/301-Richardson-Rd-02816/home/51865020,RIS,1232433,N,Y,41.675433,-71.676237
MLS Listing,,Single Family Residential,46 Ironwood Dr,Coventry,RI,02816,394900,3,2.0,THE OAKS II,1558,15006,2019,280,253,13,Active,,,http://www.redfin.com/RI/Coventry/46-Ironwood-Dr-02816/unit-2/home/168606377,RIS,1231617,N,Y,41.7130151,-71.5783241
MLS Listing,,Single Family Residential,48 Ironwood Dr,Coventry,RI,02816,386900,3,2.5,THE OAKS II,1782,16999,2020,280,217,13,Active,,,http://www.redfin.com/RI/Coventry/48-Ironwood-Dr-02816/home/168606375,RIS,1231604,N,Y,41.7130368,-71.5783126
MLS Listing,,Vacant Land,323 Hopkins Hollow Rd,Coventry,RI,02827,399900,,,Greene,,1742400,,313,,,Active,,,http://www.redfin.com/RI/Coventry/323-Hopkins-Hollow-Rd-02827/home/52257270,RIS,1228603,N,Y,41.685021,-71.75224
MLS Listing,,Condo/Co-op,28 River's Edge Dr,Coventry,RI,02816,319900,2,2.0,Coventry,1500,,2019,323,213,200,Active,,,http://www.redfin.com/RI/COVENTRY/28-RIVERS-EDGE-DR-02816/home/167815826,RIS,1227739,N,Y,41.692839,-71.571894
MLS Listing,,Single Family Residential,32 Lane B Ln,Coventry,RI,02816,43500,1,1.0,Coventry,648,,1977,347,67,385,Active,,,http://www.redfin.com/RI/Coventry/32-Lane-B-02816/home/51876689,RIS,1225326,N,Y,41.6744,-71.577254
MLS Listing,,Single Family Residential,460 Hammet Rd,Coventry,RI,02816,749900,3,2.0,Western Coventry,1914,892980,2003,349,392,,Active,,,http://www.redfin.com/RI/Coventry/460-Hammet-Rd-02816/home/52220713,RIS,1219000,N,Y,41.717142,-71.66097
MLS Listing,,Vacant Land,21 Montana Ave,Coventry,RI,02816,49900,,,Coventry,,9148,,376,,,Active,,,http://www.redfin.com/RI/Coventry/21-Montana-Ave-02816/home/51866771,RIS,1222361,N,Y,41.682086,-71.555815
MLS Listing,,Vacant Land,527 Washington St,Coventry,RI,02816,59900,,,washington,,17895,,384,,,Active,,,http://www.redfin.com/RI/Coventry/527-Washington-St-02816/home/52239048,RIS,1221440,N,Y,41.69639,-71.541649
MLS Listing,,Multi-Family (2-4 Unit),548 Tiogue Ave,Coventry,RI,02816,265000,4,3.0,LAKE TIOGUE,2363,47046,1930,2211,112,,Active,,,http://www.redfin.com/RI/Coventry/548-Tiogue-Ave-02816/home/51869346,RIS,1065830,N,Y,41.684529,-71.5518058
MLS Listing,,Single Family Residential,2011 New London Tpke,Coventry,RI,02816,650000,3,2.0,NEW LONDON TURNPIKE,6180,50000,1983,2384,105,,Active,,,http://www.redfin.com/RI/Coventry/2011-New-London-Tpke-02816/home/51867552,RIS,1033552,N,Y,41.6684724,-71.537041
