SALE TYPE,SOLD DATE,PROPERTY TYPE,ADDRESS,CITY,STATE OR PROVINCE,ZIP OR POSTAL CODE,PRICE,BEDS,BATHS,LOCATION,SQUARE FEET,LOT SIZE,YEAR BUILT,DAYS ON MARKET,$/SQUARE FEET,HOA/MONTH,STATUS,NEXT OPEN HOUSE START TIME,NEXT OPEN HOUSE END TIME,URL (SEE http://www.redfin.com/buy-a-home/comparative-market-analysis FOR INFO ON PRICING),SOURCE,MLS#,FAVORITE,INTERESTED,LATITUDE,LONGITUDE
MLS Listing,,Single Family Residential,102 Willow St,Acton,MA,01720,599000,4,1.5,West Acton,2340,45738,1860,1,256,,Active,,,http://www.redfin.com/MA/Acton/102-Willow-St-01720/home/11367141,MLS PIN,72647429,N,Y,42.4678494,-71.4790291
MLS Listing,,Single Family Residential,105 Canterbury Hill Rd,Acton,MA,01720,1175000,4,3.5,Robbins Mill,4119,39564,2008,1,285,13,Active,,,http://www.redfin.com/MA/Acton/105-Canterbury-Hill-Rd-01720/home/18585050,MLS PIN,72654991,N,Y,42.5173983,-71.3961218
MLS Listing,,Single Family Residential,132 Prospect St,Acton,MA,01720,845000,4,4.0,Acton,3745,46140,1995,1,226,,Active,,,http://www.redfin.com/MA/Acton/132-Prospect-St-01720/home/11362967,MLS PIN,72654879,N,Y,42.4728738,-71.4601302
MLS Listing,,Single Family Residential,1 Ledgerock Way,Acton,MA,01720,610000,3,2.5,North Acton,1704,10797,2006,5,358,150,Active,,,http://www.redfin.com/MA/Acton/1-Ledge-Rock-Way-01720/home/11379384,MLS PIN,72653716,N,Y,42.5134446,-71.4110376
MLS Listing,,Single Family Residential,106 Nagog Hill Rd,Acton,MA,01720,589900,3,2.0,North Acton,1528,18730,1951,5,386,,Active,,,http://www.redfin.com/MA/Acton/106-Nagog-Hill-Rd-01720/home/11359711,MLS PIN,72653563,N,Y,42.4903096,-71.4334382
MLS Listing,,Condo/Co-op,11 Wampus Ave #10,Acton,MA,01720,165000,2,1.0,Acton,730,,1968,5,226,359,Active,,,http://www.redfin.com/MA/Acton/11-Wampus-Ave-01720/unit-10/home/11356642,MLS PIN,72653523,N,Y,42.5034751,-71.4189569
MLS Listing,,Single Family Residential,21 Cherokee Rd,Acton,MA,01720,570000,3,2.0,Indian Village,1858,20236,1968,5,307,,Active,,,http://www.redfin.com/MA/Acton/21-Cherokee-Rd-01720/home/11355005,MLS PIN,72653509,N,Y,42.4933144,-71.4673884
MLS Listing,,Townhouse,403 Great Rd #2,Acton,MA,01720,300000,2,1.5,Acton,1087,,1969,8,276,487,Active,,,http://www.redfin.com/MA/Acton/403-Great-Rd-01720/unit-2/home/11354318,MLS PIN,72651953,N,Y,42.5096468,-71.419414
MLS Listing,,Condo/Co-op,2 Drummer Rd Unit D5,Acton,MA,01720,216000,2,1.0,Acton,842,,1968,8,257,488,Active,,,http://www.redfin.com/MA/Acton/2-Drummer-Rd-01720/unit-5D/home/11375888,MLS PIN,72651855,N,Y,42.4518859,-71.4339518
MLS Listing,,Single Family Residential,615 Mass Ave,Acton,MA,01720,439000,5,2.0,Acton,3500,23958,1827,10,125,,Active,,,http://www.redfin.com/MA/Acton/615-Massachusetts-Ave-01720/home/11363402,MLS PIN,72650756,N,Y,42.4766635,-71.4769421
MLS Listing,,Vacant Land,16 Mead Ter,Acton,MA,01720,249000,,,Acton,,20267,,10,,,Active,,,http://www.redfin.com/MA/Acton/16-Massachusetts-Ave-01720/home/145198971,MLS PIN,72650749,N,Y,42.4697441,-71.4103991
MLS Listing,,Single Family Residential,52 Hosmer St,Acton,MA,01720,449000,4,1.5,Robbins Park,1470,20140,1969,14,305,,Active,,,http://www.redfin.com/MA/Acton/52-Hosmer-St-01720/home/11370581,MLS PIN,72649292,N,Y,42.4723846,-71.4264808
MLS Listing,,Single Family Residential,6 Captain Forbush Ln,Acton,MA,01720,699000,4,2.5,Minuteman Ridge,3288,20050,1972,15,213,75,Active,,,http://www.redfin.com/MA/Acton/6-Captain-Forbush-Ln-01720/home/11362679,MLS PIN,72648625,N,Y,42.478588,-71.462318
MLS Listing,,Single Family Residential,415 Main St,Acton,MA,01720,650000,4,2.5,Acton Center,2318,43560,1970,15,280,,Active,,,http://www.redfin.com/MA/Acton/415-Main-St-01720/home/11364551,MLS PIN,72648620,N,Y,42.4820549,-71.4391308
MLS Listing,,Condo/Co-op,380A Great Rd #202,Acton,MA,01720,163500,1,1.0,Acton,770,,1971,16,212,525,Active,,,http://www.redfin.com/MA/Acton/380a-Great-Rd-01720/unit-202/home/171428379,MLS PIN,72648164,N,Y,42.5085896,-71.4212811
MLS Listing,,Condo/Co-op,388 Great Rd Unit A12,Acton,MA,01720,169900,1,1.5,Acton,770,,1971,16,221,531,Active,,,http://www.redfin.com/MA/Acton/388-Great-Rd-01720/unit-A12/home/11377284,MLS PIN,72648142,N,Y,42.5075557,-71.4217848
MLS Listing,,Townhouse,24 Hartland Way #24,Acton,MA,01720,499900,2,2.5,Acton,1957,,2001,20,255,525,Active,,,http://www.redfin.com/MA/Acton/24-Hartland-Way-01720/unit-24/home/137006951,MLS PIN,72647219,N,Y,42.5200875,-71.4057637
MLS Listing,,Condo/Co-op,19 Davis Rd Unit B12,Acton,MA,01720,179000,1,1.0,Acton,681,,1976,21,263,335,Active,,,http://www.redfin.com/MA/Acton/19-Davis-Rd-01720/unit-B12/home/11360803,MLS PIN,72646637,N,Y,42.4994201,-71.4160141
MLS Listing,,Single Family Residential,385 Central St,Acton,MA,01720,449500,3,1.0,West - Acton Village,1000,33176,1948,27,450,,Active,May-17-2020 01:30 PM,May-17-2020 03:00 PM,http://www.redfin.com/MA/Acton/385-Central-St-01720/home/11357083,MLS PIN,72644817,N,Y,42.4868967,-71.4775914
MLS Listing,,Single Family Residential,4 Rose Ct,Acton,MA,01720,619000,5,2.5,Acton,3062,33200,1967,43,202,,Active,,,http://www.redfin.com/MA/Acton/4-Rose-Ct-01720/home/11371203,MLS PIN,72639445,N,Y,42.4771057,-71.4063964
MLS Listing,,Condo/Co-op,205 Great Rd Unit B2,Acton,MA,01720,215000,2,1.0,Acton,783,,1972,45,275,468,Active,,,http://www.redfin.com/MA/Acton/205-Great-Rd-01720/unit-B2/home/11366164,MLS PIN,72638965,N,Y,42.4892373,-71.4153375
MLS Listing,,Single Family Residential,61 Stoneymeade Way,Acton,MA,01720,999000,4,3.5,Acton,4067,33575,1992,54,246,,Active,,,http://www.redfin.com/MA/Acton/61-Stoneymeade-Way-01720/home/11366467,MLS PIN,72636250,N,Y,42.4857148,-71.4034509
MLS Listing,,Single Family Residential,12 Parkland Ln #131,Acton,MA,01720,739900,2,2.5,Acton,2439,,2015,60,303,483,Active,,,http://www.redfin.com/MA/Acton/12-Parkland-Ln-01720/unit-131/home/85726486,MLS PIN,72633635,N,Y,42.507245,-71.430615
MLS Listing,,Single Family Residential,6 Partridge Pond Rd,Acton,MA,01720,739900,3,3.0,Acton,4172,84157,1968,61,177,,Active,,,http://www.redfin.com/MA/Acton/6-Partridge-Pond-Rd-01720/home/11364631,MLS PIN,72633222,N,Y,42.4777743,-71.4401868
MLS Listing,,Single Family Residential,2 Bulette Rd,Acton,MA,01720,879500,4,2.5,Acton,3600,194563,1980,62,244,,Active,,,http://www.redfin.com/MA/Acton/2-Bulette-Rd-01720/home/11354653,MLS PIN,72632480,N,Y,42.5004174,-71.4672957
MLS Listing,,Single Family Residential,257 Central St,Acton,MA,01720,795000,4,2.5,Acton,2850,17816,1799,63,279,,Active,,,http://www.redfin.com/MA/Acton/257-Central-St-01720/home/11363653,MLS PIN,72632001,N,Y,42.4748654,-71.4743914
MLS Listing,,Single Family Residential,4 Independence Rd,Acton,MA,01720,949000,4,4.0,Acton,4001,20629,1999,65,237,,Active,,,http://www.redfin.com/MA/Acton/4-Independence-Rd-01720/home/11376200,MLS PIN,72630471,N,Y,42.4496719,-71.4341804
MLS Listing,,Single Family Residential,445 Main St,Acton,MA,01720,1099000,4,2.5,Acton Center- Historical,3316,134886,1864,65,331,,Active,,,http://www.redfin.com/MA/Acton/445-Main-St-01720/home/11365253,MLS PIN,72630298,N,Y,42.4842055,-71.4352935
MLS Listing,,Single Family Residential,Lot 24 Connor Dr,Acton,MA,01720,850000,4,3.5,Anthem Village,3600,522720,2020,68,236,250,Active,,,http://www.redfin.com/MA/Acton/Lot-24-Connor-Dr-01720/home/171029578,MLS PIN,72629649,N,Y,42.4593018,-71.4633093
MLS Listing,,Single Family Residential,18 Canterbury Hl,Acton,MA,01720,1195000,4,4.5,Robbins Mill,5291,34018,2006,75,226,,Active,,,http://www.redfin.com/MA/Acton/18-Canterbury-Hill-Rd-01720/home/12403458,MLS PIN,72625587,N,Y,42.5166984,-71.3994616
MLS Listing,,Single Family Residential,11 Alexandra Way,Acton,MA,01720,945000,4,4.0,North Acton Woods,4552,29702,2001,77,208,100,Active,,,http://www.redfin.com/MA/Acton/11-Alexandra-Way-01720/home/11377847,MLS PIN,72624415,N,Y,42.5146665,-71.4192914
MLS Listing,,Single Family Residential,508 Main St,Acton,MA,01720,995000,3,2.0,Acton,3990,21780,1830,82,249,,Active,,,http://www.redfin.com/MA/Acton/508-Main-St-01720/home/11365032,MLS PIN,72622328,N,Y,42.487493,-71.431676
MLS Listing,,Single Family Residential,6 Shiraz Lane (29 Great Road),Acton,MA,01720,769000,3,3.0,Acton,2668,,2019,82,288,256,Active,,,http://www.redfin.com/MA/Acton/29-Great-Rd-01720/home/160975471,MLS PIN,72622274,N,Y,42.4744171,-71.4070972
MLS Listing,,Single Family Residential,204 Newtown Rd,Acton,MA,01720,709000,4,2.5,North Acton,2976,80000,1986,84,238,,Active,,,http://www.redfin.com/MA/Acton/204-Newtown-Rd-01720/home/11355405,MLS PIN,72621527,N,Y,42.5002779,-71.4612433
MLS Listing,,Single Family Residential,1 Aspen Ln Unit A,Acton,MA,01720,600000,4,2.5,North Acton,2295,5865,2013,98,261,,Active,,,http://www.redfin.com/MA/Acton/1-Aspen-Ln-01720/unit-A/home/170266525,MLS PIN,72616136,N,Y,42.5166644,-71.4295305
MLS Listing,,Single Family Residential,89 Taylor Rd,Acton,MA,01720,630000,3,2.0,Acton,2100,126609,1968,105,300,,Active,,,http://www.redfin.com/MA/Acton/89-Taylor-Rd-01720/home/11369405,MLS PIN,72613066,N,Y,42.4747738,-71.4396534
MLS Listing,,Single Family Residential,5 Duston Ln,Acton,MA,01720,1550000,5,4.5,Acton,6547,397702,1988,117,237,100,Active,,,http://www.redfin.com/MA/Acton/5-Duston-Ln-01720/home/11361018,MLS PIN,72609195,N,Y,42.4977403,-71.396189
MLS Listing,,Townhouse,526 Tumbling Hawk #526,Acton,MA,01718,359000,3,2.5,North Acton,1594,,1972,121,225,546,Active,,,http://www.redfin.com/MA/Acton/526-Tumbling-Hawk-01718/unit-526/home/113229215,MLS PIN,72607529,N,Y,42.5203533,-71.4298995
MLS Listing,,Single Family Residential,281 Pope Rd,Acton,MA,01720,999000,5,3.5,Acton,4114,95246,1991,128,243,,Active,,,http://www.redfin.com/MA/ACTON/281-POPE-RD-01720/home/11361475,MLS PIN,72604930,N,Y,42.495263,-71.391589
MLS Listing,,Condo/Co-op,388 Great Rd Unit B14,Acton,MA,01720,230000,2,1.0,Acton,920,,1971,139,250,582,Active,,,http://www.redfin.com/MA/Acton/388-Great-Rd-01720/unit-B14/home/11377292,MLS PIN,72602478,N,Y,42.5075557,-71.4217848
MLS Listing,,Single Family Residential,67 Central St,Acton,MA,01720,559900,3,2.5,Acton,2915,15067,1939,163,192,,Active,,,http://www.redfin.com/MA/Acton/67-Central-St-01720/home/11368824,MLS PIN,72597222,N,Y,42.4636796,-71.4640492
MLS Listing,,Single Family Residential,15 Jackson Dr,Acton,MA,01720,1198000,5,4.0,Patriot's Hill,5026,64706,2003,203,238,,Active,,,http://www.redfin.com/MA/Acton/15-Jackson-Dr-01720/home/11378297,MLS PIN,72583969,N,Y,42.4906343,-71.4483498
MLS Listing,,Condo/Co-op,130 Parker St Unit L4,Acton,MA,01720,199900,2,1.0,Acton,842,,1968,204,237,477,Active,,,http://www.redfin.com/MA/Acton/130-Parker-St-01720/unit-L4/home/11375637,MLS PIN,72583067,N,Y,42.4528954,-71.43447
MLS Listing,,Single Family Residential,51 Hosmer St,Acton,MA,01720,520000,3,1.5,Robbins Park,1954,30154,1991,217,266,,Active,,,http://www.redfin.com/MA/Acton/51-Hosmer-St-01720/home/11370770,MLS PIN,72577889,N,Y,42.4734809,-71.4272694
MLS Listing,,Condo/Co-op,388 Great Rd Unit A7,Acton,MA,01720,184900,2,1.0,Acton,920,,1971,346,201,599,Active,,,http://www.redfin.com/MA/Acton/388-Great-Rd-01720/unit-A7/home/11378060,MLS PIN,72510941,N,Y,42.5075557,-71.4217848
For-Sale-by-Owner Listing,,Condo/Co-op,382 Great Rd Apt 101,Acton,MA,01720,236000,2,1.0,Acton,920,,1971,221,257,,Active,,,http://www.redfin.com/MA/Acton/382-Great-Rd-01720/unit-101/home/169288245,Fizber.com,5034528,N,Y,42.5072037,-71.4206858
