SALE TYPE,SOLD DATE,PROPERTY TYPE,ADDRESS,CITY,STATE OR PROVINCE,ZIP OR POSTAL CODE,PRICE,BEDS,BATHS,LOCATION,SQUARE FEET,LOT SIZE,YEAR BUILT,DAYS ON MARKET,$/SQUARE FEET,HOA/MONTH,STATUS,NEXT OPEN HOUSE START TIME,NEXT OPEN HOUSE END TIME,URL (SEE http://www.redfin.com/buy-a-home/comparative-market-analysis FOR INFO ON PRICING),SOURCE,MLS#,FAVORITE,INTERESTED,LATITUDE,LONGITUDE
MLS Listing,,Single Family Residential,18 Corey Hill Rd,Ashburnham,MA,01430,244900,3,1.0,Ashburnham,960,21900,1966,1,255,,Active,,,http://www.redfin.com/MA/Ashburnham/18-Corey-Hill-Rd-01430/home/16459686,MLS PIN,72655488,N,Y,42.6345413,-71.9254299
MLS Listing,,Single Family Residential,145 Stodge Meadow Rd,Ashburnham,MA,01430,359900,3,2.0,Ashburnham,1848,401510,2002,1,195,6,Active,,,http://www.redfin.com/MA/Ashburnham/145-Stodge-Meadow-Rd-01430/home/16459448,MLS PIN,72655135,N,Y,42.6578006,-71.8796554
MLS Listing,,Single Family Residential,181 Sherbert Rd,Ashburnham,MA,01430,269900,4,2.0,Ashburnham,1456,87007,1995,1,185,,Active,,,http://www.redfin.com/MA/Ashburnham/181-Sherbert-Rd-01430/home/16460331,MLS PIN,72654988,N,Y,42.659346,-71.962726
MLS Listing,,Single Family Residential,300 Ashby Rd,Ashburnham,MA,01430,649900,4,3.0,Ashburnham,3750,182404,2009,6,173,,Active,,,http://www.redfin.com/MA/Ashburnham/300-Ashby-Rd-01430/home/26841113,MLS PIN,72653103,N,Y,42.6717779,-71.8914802
MLS Listing,,Single Family Residential,7 S High St,Ashburnham,MA,01430,243500,2,1.0,Ashburnham,970,23800,1953,6,251,,Active,,,http://www.redfin.com/MA/Ashburnham/7-S-High-St-01430/home/16458521,MLS PIN,72653038,N,Y,42.6081746,-71.9423801
MLS Listing,,Single Family Residential,14 Central St,Ashburnham,MA,01430,279900,4,2.0,Ashburnham,2191,,1900,7,128,,Active,,,http://www.redfin.com/MA/Ashburnham/14-Central-St-01430/home/16458176,MLS PIN,72652156,N,Y,42.6345212,-71.9100534
MLS Listing,,Single Family Residential,67 S Main St,Ashburnham,MA,01430,309000,3,2.5,South Ashburnham,1650,37026,2020,11,187,,Active,,,http://www.redfin.com/MA/Ashburnham/67-S-Main-St-01430/home/16458470,MLS PIN,72650620,N,Y,42.6070623,-71.9316011
MLS Listing,,Single Family Residential,32 Winding Cove Rd,Ashburnham,MA,01430,449000,3,3.0,Far Hills - Sunset Lake,1717,16200,1985,11,262,100,Active,,,http://www.redfin.com/MA/Ashburnham/32-Winding-Cove-Rd-01430/home/16459249,MLS PIN,72650509,N,Y,42.673403,-71.970795
MLS Listing,,Townhouse,48 Howes Ct #48,Ashburnham,MA,01430,275000,2,2.0,Ashburnham,1422,,2015,13,193,300,Active,,,http://www.redfin.com/MA/Ashburnham/48-Howes-Ct-01430/unit-48/home/68419540,MLS PIN,72649606,N,Y,42.6608069,-71.9574664
MLS Listing,,Single Family Residential,119 W Shore Dr,Ashburnham,MA,01430,262000,3,2.0,Ashburnham,1120,25731,1974,13,234,100,Active,,,http://www.redfin.com/MA/Ashburnham/119-W-Shore-Dr-01430/home/16459400,MLS PIN,72649560,N,Y,42.688798,-71.977753
MLS Listing,,Multi-Family (2-4 Unit),88 Main St,Ashburnham,MA,01430,549900,10,5.0,Ashburnham,4700,24394,1900,14,117,,Active,,,http://www.redfin.com/MA/Ashburnham/88-Main-St-01430/home/16458412,MLS PIN,72648947,N,Y,42.6363829,-71.9135271
MLS Listing,,Single Family Residential,123 A Winchendon Rd,Ashburnham,MA,01430,299900,3,1.5,Ashburnham,1400,219865,2020,15,214,,Active,,,http://www.redfin.com/MA/Ashburnham/123-Winchendon-Rd-01430/home/166802593,MLS PIN,72648658,N,Y,42.6392629,-71.9320035
MLS Listing,,Single Family Residential,30 Lake View Dr,Ashburnham,MA,01430,415000,3,2.0,Ashburnham,1736,68824,1988,15,239,100,Active,,,http://www.redfin.com/MA/Ashburnham/30-Lake-View-Dr-01430/home/16459833,MLS PIN,72648542,N,Y,42.67897,-71.979614
MLS Listing,,Single Family Residential,174 Dunn Rd,Ashburnham,MA,01430,334900,3,2.5,Ashburnham,1535,43560,2020,18,218,100,Active,,,http://www.redfin.com/MA/Ashburnham/174-Dunn-Rd-01430/home/131755995,MLS PIN,72647788,N,Y,42.68698,-71.966097
MLS Listing,,Vacant Land,155 Tuckerman Rd,Ashburnham,MA,01430,55000,,,Ashburnham,,144506,,19,,,Active,,,http://www.redfin.com/MA/Ashburnham/155-Tuckerman-Rd-01430/home/40237802,MLS PIN,72647362,N,Y,42.6887101,-71.968383
MLS Listing,,Vacant Land,151 Tuckerman Rd,Ashburnham,MA,01430,45000,,,Ashburnham,,60871,,19,,,Active,,,http://www.redfin.com/MA/Ashburnham/151-Tuckerman-Rd-01430/home/40237798,MLS PIN,72647360,N,Y,42.6885178,-71.9674021
MLS Listing,,Single Family Residential,189 ASHBY Rd,Ashburnham,MA,01430,425000,3,2.5,Ashburnham,969,4000,2008,24,439,,Active,,,http://www.redfin.com/MA/Ashburnham/189-Ashby-Rd-01430/home/16458141,MLS PIN,72645501,N,Y,42.6610772,-71.8973626
MLS Listing,,Single Family Residential,2 Bray Ave,Ashburnham,MA,01430,379900,3,2.5,Ashburnham,2016,38877,2020,26,188,,Active,,,http://www.redfin.com/MA/Ashburnham/2-Bray-AVE-01430/home/171365799,MLS PIN,72644987,N,Y,42.6682004,-71.9282781
MLS Listing,,Vacant Land,lot 8 rindge Tpke,Ashburnham,MA,01430,27400,,,Ashburnham,,640219,,27,,,Active,,,http://www.redfin.com/MA/Ashburnham/Lot-8-Rindge-Tpke-01430/home/147239986,MLS PIN,72644571,N,Y,42.6682004,-71.9282781
MLS Listing,,Single Family Residential,122 Ashby Rd,Ashburnham,MA,01430,475000,7,4.5,Ashburnham,3808,60871,2006,30,125,,Active,,,http://www.redfin.com/MA/Ashburnham/122-Ashby-Rd-01430/home/16459126,MLS PIN,72638677,N,Y,42.6546236,-71.9020932
MLS Listing,,Vacant Land,108 W Shore Rd,Ashburnham,MA,01430,125000,,,Ashburnham,,43000,,57,,600,Active,,,http://www.redfin.com/MA/Ashburnham/108-W-Shore-Dr-01430/home/171321191,MLS PIN,72634516,N,Y,42.687027,-71.9786427
MLS Listing,,Single Family Residential,82 Main St,Ashburnham,MA,01430,550000,7,5.0,Village Center District,5750,28740,1906,60,96,,Active,,,http://www.redfin.com/MA/Ashburnham/82-Main-St-01430/home/16458396,MLS PIN,72633619,N,Y,42.636268,-71.912565
MLS Listing,,Vacant Land,0 Bush Hill Rd,Ashburnham,MA,01430,20000,,,Ashburnham,,496471,,67,,,Active,,,http://www.redfin.com/MA/ASHBURNHAM/BUSH-HILL-RD-01430/home/16460259,MLS PIN,72629814,N,Y,42.656,-71.9269
MLS Listing,,Single Family Residential,39 Proctor St,Ashburnham,MA,01430,420000,5,2.0,Ashburnham,1800,24962,2006,68,233,,Active,,,http://www.redfin.com/MA/Ashburnham/39-Proctor-St-01430/home/16458220,MLS PIN,72629703,N,Y,42.6382808,-71.9063018
MLS Listing,,Single Family Residential,lot3 High St,Ashburnham,MA,01430,389000,3,2.5,Ashburnham,1800,31363,2020,68,216,,Active,,,http://www.redfin.com/MA/Ashburnham/3-High-St-01430/home/16459654,MLS PIN,72629629,N,Y,42.636116,-71.917526
MLS Listing,,Vacant Land,8 Dunn Rd,Ashburnham,MA,01430,59900,,,North Ashburnham,,63559,,70,,,Active,,,http://www.redfin.com/MA/Ashburnham/8-Dunn-Rd-01430/home/170954476,MLS PIN,72628342,N,Y,42.6692775,-71.9679279
MLS Listing,,Vacant Land,57 Westminster St,Ashburnham,MA,01430,49900,,,Ashburnham,,63049,,70,,,Active,,,http://www.redfin.com/MA/Ashburnham/57-Westminster-St-01430/home/67982003,MLS PIN,72627787,N,Y,42.6067935,-71.9166275
MLS Listing,,Single Family Residential,15 Chapel St,Ashburnham,MA,01430,295000,4,1.0,Ashburnham,2088,8712,1800,73,141,,Active,,,http://www.redfin.com/MA/Ashburnham/15-Chapel-St-01430/home/16458408,MLS PIN,72626134,N,Y,42.637621,-71.911841
MLS Listing,,Single Family Residential,172 Jewell Hill Rd,Ashburnham,MA,01430,689000,4,2.5,Ashburnham,2572,2143039,1900,75,268,,Active,,,http://www.redfin.com/MA/Ashburnham/172-Jewell-Hill-Rd-01430/home/16459488,MLS PIN,72625675,N,Y,42.631291,-71.860349
MLS Listing,,Condo/Co-op,27 Howes Ct #27,Ashburnham,MA,01430,269900,2,2.0,Ashburnham,1568,,2017,83,172,300,Active,,,http://www.redfin.com/MA/Ashburnham/27-Howes-Ct-01430/unit-27/home/112970947,MLS PIN,72622213,N,Y,42.660052,-71.957027
MLS Listing,,Single Family Residential,145 Dunn Rd,Ashburnham,MA,01430,284900,3,1.5,Ashburnham,1488,33427,1985,87,191,100,Active,,,http://www.redfin.com/MA/Ashburnham/145-Dunn-Rd-01430/home/16459321,MLS PIN,72616415,N,Y,42.683739,-71.967697
MLS Listing,,Vacant Land,32 Bluefield Rd,Ashburnham,MA,01430,154200,,,Ashburnham,,137592,,108,,,Active,,,http://www.redfin.com/MA/Ashburnham/32-Bluefield-Rd-01430/home/67982385,MLS PIN,72612016,N,Y,42.687372,-71.971172
MLS Listing,,Vacant Land,0 Winchendon Rd,Ashburnham,MA,01430,400000,,,Ashburnham,,1815580,,118,,,Active,,,http://www.redfin.com/MA/ASHBURNHAM/WINCHENDON-RD-01430/home/67982026,MLS PIN,72608599,N,Y,42.651408,-71.981836
MLS Listing,,Condo/Co-op,25 Howes Ct #25,Ashburnham,MA,01430,269500,2,2.0,Ashburnham,1354,,2017,120,199,300,Active,,,http://www.redfin.com/MA/Ashburnham/25-Howes-Ct-01430/unit-25/home/170284481,MLS PIN,72607799,N,Y,42.6600764,-71.9569558
MLS Listing,,Vacant Land,Lot 0 Central,Ashburnham,MA,01430,29000,,,Ashburnham,,52272,,189,,,Active,,,http://www.redfin.com/MA/Ashburnham/Lot-0-Central-St-01430/home/169662352,MLS PIN,72589206,N,Y,42.6283282,-71.9158037
MLS Listing,,Vacant Land,Lot 1 Wilker Rd,Ashburnham,MA,01430,174900,,,Ashburnham,,166181,,195,,,Active,,,http://www.redfin.com/MA/Ashburnham/1-Wilker-Rd-01430/home/21785002,MLS PIN,72586857,N,Y,42.6473439,-71.862227
MLS Listing,,Vacant Land,Lot 2 Wilker Rd,Ashburnham,MA,01430,174900,,,Ashburnham,,159342,,195,,,Active,,,http://www.redfin.com/MA/Ashburnham/2-Wilker-Rd-01430/home/169621612,MLS PIN,72586856,N,Y,42.6463463,-71.8609799
MLS Listing,,Vacant Land,12 Hilltop Dr,Ashburnham,MA,01430,54900,,,Ashburnham,,60436,,227,,,Active,,,http://www.redfin.com/MA/Ashburnham/12-Hilltop-Dr-01430/home/59259041,MLS PIN,72572226,N,Y,42.6863459,-71.9304172
MLS Listing,,Single Family Residential,70 Heather Dunn Rd,Ashburnham,MA,01430,550000,3,1.0,Ashburnham,921,41977,1969,272,597,13,Active,,,http://www.redfin.com/MA/Ashburnham/Dunn-Rd-01430/home/16458969,MLS PIN,72550189,N,Y,42.671141,-71.96105
MLS Listing,,Vacant Land,60 Stowell Rd,Ashburnham,MA,01430,299000,,,Ashburnham,,330943,,279,,,Active,,,http://www.redfin.com/MA/Ashburnham/60-Stowell-Rd-01430/home/67982514,MLS PIN,72546769,N,Y,42.657116,-71.904903
MLS Listing,,Vacant Land,0 Wagg Hill Rd,Ashburnham,MA,01430,54900,,,Ashburnham,,211589,,344,,,Active,,,http://www.redfin.com/MA/Ashburnham/Wagg-Rd-01430/home/143209924,MLS PIN,72512540,N,Y,42.67192,-71.86935
MLS Listing,,Vacant Land,26 Pearl Rd,Ashburnham,MA,01430,39900,,,Ashburnham,,88750,,360,,,Active,,,http://www.redfin.com/MA/Ashburnham/26-Pearl-Rd-01430/home/28464684,MLS PIN,72503224,N,Y,42.6863674,-71.9451482
MLS Listing,,Vacant Land,20 Pearl Rd,Ashburnham,MA,01430,39900,,,Ashburnham,,75246,,360,,,Active,,,http://www.redfin.com/MA/Ashburnham/20-Pearl-Rd-01430/home/28464539,MLS PIN,72503219,N,Y,42.6862568,-71.9451443
MLS Listing,,Single Family Residential,75 - 79 Packard Hill Rd,Ashburnham,MA,01430,595000,3,1.5,Ashburnham,2297,1697533,1750,668,259,,Active,,,http://www.redfin.com/MA/Ashburnham/75-Packard-Hill-Rd-01430/home/16459239,MLS PIN,72362416,N,Y,42.6499541,-71.9319532
