SALE TYPE,SOLD DATE,PROPERTY TYPE,ADDRESS,CITY,STATE OR PROVINCE,ZIP OR POSTAL CODE,PRICE,BEDS,BATHS,LOCATION,SQUARE FEET,LOT SIZE,YEAR BUILT,DAYS ON MARKET,$/SQUARE FEET,HOA/MONTH,STATUS,NEXT OPEN HOUSE START TIME,NEXT OPEN HOUSE END TIME,URL (SEE http://www.redfin.com/buy-a-home/comparative-market-analysis FOR INFO ON PRICING),SOURCE,MLS#,FAVORITE,INTERESTED,LATITUDE,LONGITUDE
MLS Listing,,Single Family Residential,1065 Turnpike Rd,Ashby,MA,01431,223500,3,1.0,Ashby,1040,34848,1965,7,215,,Active,,,http://www.redfin.com/MA/Ashby/1065-Turnpike-Rd-01431/home/8405226,MLS PIN,72652384,N,Y,42.6742677,-71.7751214
MLS Listing,,Single Family Residential,1479 Greenville Rd,Ashby,MA,01431,599000,4,2.5,Ashby,3766,592416,2003,7,159,,Active,,,http://www.redfin.com/MA/Ashby/1479-Greenville-Rd-01431/home/11774696,MLS PIN,72652097,N,Y,42.6989545,-71.7881921
MLS Listing,,Single Family Residential,113 Nourse Rd,Ashby,MA,01431,159000,3,2.0,Ashby,1203,87120,1877,12,132,,Active,,,http://www.redfin.com/MA/Ashby/113-Nourse-Rd-01431/home/8406466,MLS PIN,72650144,N,Y,42.6711979,-71.81948
MLS Listing,,Single Family Residential,102 Mayo Rd,Ashby,MA,01431,399900,3,2.5,Ashby,2000,126874,2020,18,200,,Active,May-16-2020 11:00 AM,May-16-2020 01:00 PM,http://www.redfin.com/MA/Ashby/102-Mayo-Rd-01431/home/76490535,MLS PIN,72647816,N,Y,42.652593,-71.834781
MLS Listing,,Single Family Residential,12 Ingerson Rd,Ashby,MA,01431,247000,3,1.0,Ashby,1865,83635,1735,24,132,,Active,,,http://www.redfin.com/MA/Ashby/12-Ingerson-Rd-01431/home/11774716,MLS PIN,72645473,N,Y,42.670265,-71.815423
MLS Listing,,Single Family Residential,195 Erickson Rd,Ashby,MA,01431,179900,1,1.5,Ashby,1362,426452,1775,84,132,,Active,,,http://www.redfin.com/MA/Ashby/195-Erickson-Rd-01431/home/8406020,MLS PIN,72621265,N,Y,42.673633,-71.8408583
MLS Listing,,Vacant Land,149 Bennett Rd,Ashby,MA,01431,149999,,,Ashby,,435600,,88,,,Active,,,http://www.redfin.com/MA/Ashby/149-Bennett-Rd-01431/home/8403471,MLS PIN,72620019,N,Y,42.7054724,-71.8753146
MLS Listing,,Single Family Residential,369 Davis Rd,Ashby,MA,01431,489000,4,4.0,Ashby,3716,152024,2001,104,132,,Active,,,http://www.redfin.com/MA/Ashby/369-Davis-Rd-01431/home/11774735,MLS PIN,72613833,N,Y,42.6913026,-71.7767282
MLS Listing,,Vacant Land,0 Fitchburg State Rd,Ashby,MA,01431,85000,,,Ashby,,1045440,,110,,,Active,,,http://www.redfin.com/MA/ASHBY/FITCHBURG-STATE-RD-01431/home/23456175,MLS PIN,72611714,N,Y,42.654954,-71.795015
MLS Listing,,Single Family Residential,355 Wares Rd,Ashby,MA,01431,249900,3,2.0,Ashby,1632,44431,1980,136,153,,Active,,,http://www.redfin.com/MA/Ashby/355-Wares-Rd-01431/home/8408877,MLS PIN,72602872,N,Y,42.644887,-71.784965
MLS Listing,,Single Family Residential,236 Kendall Hill Rd,Ashby,MA,01431,540000,3,1.0,Ashby,1420,3409006,1845,156,380,,Active,,,http://www.redfin.com/MA/Ashby/236-Kendall-Hill-Rd-01431/home/8408460,MLS PIN,72599330,N,Y,42.652067,-71.805074
MLS Listing,,Single Family Residential,74 Wright Rd,Ashby,MA,01431,1499000,4,3.0,Ashby,3718,2657160,1850,208,403,,Active,,,http://www.redfin.com/MA/Ashby/74-Wright-Rd-01431/home/8404324,MLS PIN,72582149,N,Y,42.705491,-71.803164
MLS Listing,,Single Family Residential,1535 Greenville Rd,Ashby,MA,01431,750000,3,2.5,Ashby,2708,213444,1997,210,277,,Active,,,http://www.redfin.com/MA/Ashby/1535-Greenville-Rd-01431/home/8404549,MLS PIN,72580653,N,Y,42.7011082,-71.7865743
MLS Listing,,Vacant Land,Lot 1 Greenville Rd,Ashby,MA,01431,55900,,,Ashby,,80017,,224,,,Active,,,http://www.redfin.com/MA/Ashby/1-Greenville-Rd-01431/home/131746352,MLS PIN,72574218,N,Y,42.6629825,-71.798338
MLS Listing,,Single Family Residential,650 Main St,Ashby,MA,01431,118000,3,1.0,Ashby,1248,21780,1790,230,95,,Active,,,http://www.redfin.com/MA/Ashby/650-Main-St-01431/home/8406520,MLS PIN,72571416,N,Y,42.675069,-71.814322
MLS Listing,,Vacant Land,0 Whitney Rd,Ashby,MA,01431,11000,,,Ashby,,126324,,298,,,Active,,,http://www.redfin.com/MA/ASHBY/WHITNEY-RD-01431/home/76490540,MLS PIN,72537594,N,Y,42.678054,-71.844838
MLS Listing,,Vacant Land,0 Carrs Mill Rd,Ashby,MA,01431,45000,,,Ashby,,216928,,385,,,Active,,,http://www.redfin.com/MA/Ashby/Mill-Creek-Dr-01431/home/139692051,MLS PIN,72486882,N,Y,42.644521,-71.7879548
MLS Listing,,Vacant Land,Lot 2 W State Rd,Ashby,MA,01431,25000,,,Ashby,,243064,,576,,,Active,,,http://www.redfin.com/MA/Ashby/1431-W-State-Rd-01431/home/131513379,MLS PIN,72410683,N,Y,42.6858178,-71.8390094
For-Sale-by-Owner Listing,,Single Family Residential,864 South Rd,Ashby,MA,01431,244999,1,1.0,Ashby,840,4356,2011,103,292,,Active,,,http://www.redfin.com/MA/Ashby/864-South-Rd-01431/home/45440649,Fizber.com,5045707,N,Y,42.657658,-71.830976
