SALE TYPE,SOLD DATE,PROPERTY TYPE,ADDRESS,CITY,STATE OR PROVINCE,ZIP OR POSTAL CODE,PRICE,BEDS,BATHS,LOCATION,SQUARE FEET,LOT SIZE,YEAR BUILT,DAYS ON MARKET,$/SQUARE FEET,HOA/MONTH,STATUS,NEXT OPEN HOUSE START TIME,NEXT OPEN HOUSE END TIME,URL (SEE http://www.redfin.com/buy-a-home/comparative-market-analysis FOR INFO ON PRICING),SOURCE,MLS#,FAVORITE,INTERESTED,LATITUDE,LONGITUDE
MLS Listing,,Townhouse,10 Fuller Ave #13,Attleboro,MA,02703,269000,3,1.5,Attleboro,1579,,2002,5,170,200,Active,,,http://www.redfin.com/MA/Attleboro/10-Fuller-Ave-02703/unit-13/home/15977245,MLS PIN,72653329,N,Y,41.9064191,-71.3168974
MLS Listing,,Single Family Residential,115 Ellis St,Attleboro,MA,02703,329900,4,2.0,Attleboro,1400,7567,1940,1,236,,Active,,,http://www.redfin.com/MA/Attleboro/115-Ellis-St-02703/home/15973817,MLS PIN,72654907,N,Y,41.932334,-71.2866553
MLS Listing,,Multi-Family (2-4 Unit),492-494 Newport Ave,Attleboro,MA,02703,349000,3,2.0,Attleboro,2400,6958,1900,2,145,,Active,,,http://www.redfin.com/MA/Attleboro/492-Newport-Ave-02703/home/171581705,MLS PIN,72654431,N,Y,41.9239916,-71.3511004
MLS Listing,,Single Family Residential,3 Snow St,Pawtucket,RI,02861,259000,3,1.5,Pawtucket,1708,4536,1999,2,152,,Active,,,http://www.redfin.com/RI/Pawtucket/3-Snow-St-02861/home/52020672,RIS,1252684,N,Y,41.8961536,-71.3584768
MLS Listing,,Single Family Residential,11 Lord St,Attleboro,MA,02703,309900,3,1.0,Attleboro,1162,6139,1910,3,267,,Active,May-13-2020 05:00 PM,May-13-2020 07:00 PM,http://www.redfin.com/MA/Attleboro/11-Lord-St-02703/home/15977837,MLS PIN,72654148,N,Y,41.8983091,-71.3774245
MLS Listing,,Townhouse,20 Riverbank Rd #8,Attleboro,MA,02703,259900,2,2.5,Attleboro,1400,,2007,5,186,345,Active,,,http://www.redfin.com/MA/Attleboro/20-Riverbank-Rd-02703/unit-8/home/15976509,MLS PIN,72653718,N,Y,41.9440504,-71.2863829
MLS Listing,,Single Family Residential,123 Knott St,Attleboro,MA,02703,299000,3,1.0,Briggs Corner,1212,12000,1963,5,247,,Active,,,http://www.redfin.com/MA/Attleboro/123-Knott-St-02703/home/15966693,MLS PIN,72653565,N,Y,41.9422472,-71.2615053
MLS Listing,,Single Family Residential,435 Thacher St,Attleboro,MA,02703,289900,2,1.0,Attleboro,840,10000,1951,5,345,,Active,,,http://www.redfin.com/MA/Attleboro/435-Thacher-St-02703/home/15973673,MLS PIN,72645045,N,Y,41.9338842,-71.3013769
MLS Listing,,Single Family Residential,15 Dorchester Ave,Attleboro,MA,02703,312500,2,1.0,Attleboro,1099,13500,1951,6,284,,Active,,,http://www.redfin.com/MA/Attleboro/15-Dorchester-Ave-02703/home/15969374,MLS PIN,72653250,N,Y,41.953594,-71.261623
MLS Listing,,Single Family Residential,1 Bittersweet Ln,Attleboro,MA,02703,499000,4,2.5,Attleboro,2761,23049,1990,7,181,,Active,May-17-2020 12:00 PM,May-17-2020 03:00 PM,http://www.redfin.com/MA/Attleboro/1-Bittersweet-Ln-02703/home/15970099,MLS PIN,72652622,N,Y,41.9197107,-71.2511229
MLS Listing,,Single Family Residential,12 Sagewood Cir,Attleboro,MA,02703,429900,3,2.0,Attleboro,2180,16200,1985,9,197,,Active,,,http://www.redfin.com/MA/Attleboro/12-Sagewood-Cir-02703/home/15967933,MLS PIN,72651360,N,Y,41.9050597,-71.3255835
MLS Listing,,Single Family Residential,471 Thacher St,Attleboro,MA,02703,390000,3,2.5,Dodgeville/Capron Park,1594,16000,1930,10,245,,Active,,,http://www.redfin.com/MA/Attleboro/471-Thacher-St-02703/home/15973687,RIS,1252830,N,Y,41.9341974,-71.3032316
MLS Listing,,Single Family Residential,72 Dickens St,Pawtucket,RI,02861,249900,3,1.0,Pawtucket,1204,2103,1888,12,208,,Active,May-17-2020 10:00 AM,May-17-2020 11:30 AM,http://www.redfin.com/RI/Pawtucket/72-Dickens-St-02861/home/52014338,RIS,1252704,N,Y,41.8949827,-71.3687753
MLS Listing,,Single Family Residential,80 Mary Rocha Way,Attleboro,MA,02703,579900,4,2.5,Attleboro,2400,21780,2019,12,242,,Active,,,http://www.redfin.com/MA/Attleboro/80-Mary-Rocha-Way-02703/home/171498224,MLS PIN,72650326,N,Y,41.9088835,-71.2842955
MLS Listing,,Mobile/Manufactured Home,14 Debra Cir,Attleboro,MA,02703,99900,2,1.0,Birchwood Mobile Home Park,768,,1974,12,130,435,Active,,,http://www.redfin.com/MA/Attleboro/14-Debra-Cir-02703/home/21800604,MLS PIN,72650105,N,Y,41.916558,-71.3200164
MLS Listing,,Single Family Residential,Lot 25 Cooper Farm,Attleboro,MA,02703,559900,3,2.0,Cooper Farm,1880,22449,2020,15,298,,Active,,,http://www.redfin.com/MA/South-Attleboro/Lot-25-Cooper-Farm-02703/home/171441544,MLS PIN,72648779,N,Y,41.925494,-71.2992993
MLS Listing,,Townhouse,74 Orange Unit B,Attleboro,MA,02703,369900,4,2.5,Attleboro,1964,7500,2020,15,188,75,Active,,,http://www.redfin.com/MA/Attleboro/74-Orange-St-02703/unit-B/home/171441406,MLS PIN,72648775,N,Y,41.9340801,-71.2783495
MLS Listing,,Vacant Land,0 Brochu St,Attleboro,MA,02703,189900,,,COUNTY ST,,195315,,20,,,Active,,,http://www.redfin.com/MA/ATTLEBORO/BROCHU-DR-02703/home/109533714,RIS,1252167,N,Y,41.919437,-71.337626
MLS Listing,,Townhouse,1400 Commerce Way #9,Attleboro,MA,02703,379900,3,2.5,Attleboro,1594,,2015,22,238,250,Active,,,http://www.redfin.com/MA/Attleboro/1400-Commerce-Way-02703/unit-9/home/79712835,MLS PIN,72646136,N,Y,41.9230299,-71.3174174
MLS Listing,,Multi-Family (5+ Unit),26 Emory,Attleboro,MA,02703,634000,8,2.0,Attleboro,1632,,1910,22,388,,Active,,,http://www.redfin.com/MA/Attleboro/26-Emory-St-02703/home/15974727,MLS PIN,72646013,N,Y,41.9444445,-71.2787818
MLS Listing,,Single Family Residential,109 Knight Ave,Attleboro,MA,02703,255000,4,1.0,Attleboro,1370,5564,1820,23,186,,Active,,,http://www.redfin.com/MA/Attleboro/109-Knight-Ave-02703/home/15974676,MLS PIN,72645888,N,Y,41.9061382,-71.3186241
MLS Listing,,Single Family Residential,11 Kingsley Cir,Attleboro,MA,02703,509900,4,2.5,Attleboro,2812,20200,2000,33,181,,Active,,,http://www.redfin.com/MA/Attleboro/11-Kingsley-Cir-02703/home/15970067,MLS PIN,72642765,N,Y,41.9151117,-71.2515747
MLS Listing,,Townhouse,11 Mendon Rd Unit E,Attleboro,MA,02703,325000,3,2.5,Attleboro,1568,71874,2019,36,207,250,Active,,,http://www.redfin.com/MA/Attleboro/11-Mendon-Rd-02703/unit-E/home/171289397,MLS PIN,72641767,N,Y,41.8965962,-71.3653049
MLS Listing,,Vacant Land,22 Semple Village Rd,Attleboro,MA,02703,99000,,,Attleboro,,47001,,36,,,Active,,,http://www.redfin.com/MA/Attleboro/22-Semple-Village-Rd-02703/home/148372999,MLS PIN,72641683,N,Y,41.9632856,-71.2841505
MLS Listing,,Single Family Residential,8 Phillips St,Attleboro,MA,02703,131000,3,1.5,Attleboro,1047,41338,1850,37,125,,Active,,,http://www.redfin.com/MA/Attleboro/8-Phillips-St-02703/home/15974685,MLS PIN,72641486,N,Y,41.9057187,-71.3203556
MLS Listing,,Single Family Residential,21 Tanager Rd,Attleboro,MA,02703,354000,2,1.5,Mortgage Hill,1426,8625,1945,43,248,,Active,,,http://www.redfin.com/MA/Attleboro/21-Tanager-Rd-02703/home/15972324,MLS PIN,72633476,N,Y,41.9530316,-71.2881285
MLS Listing,,Single Family Residential,11 CALVIN St,Attleboro,MA,02703,399900,3,2.5,Attleboro,1584,12100,2019,44,252,,Active,,,http://www.redfin.com/MA/Attleboro/11-Calvin-St-02703/home/17541669,MLS PIN,72639135,N,Y,41.9158425,-71.2981363
MLS Listing,,Single Family Residential,Lot 16 Cooper Farm,Attleboro,MA,02703,549900,3,2.5,Cooper Farm Homes,2060,20734,2020,44,267,,Active,,,http://www.redfin.com/MA/South-Attleboro/Lot-16-Cooper-Farm-02703/home/171223803,MLS PIN,72639016,N,Y,41.925494,-71.2992993
MLS Listing,,Townhouse,438 S Main St #2,Attleboro,MA,02703,219900,3,1.5,Attleboro,1064,,1900,47,207,,Active,,,http://www.redfin.com/MA/Attleboro/438-S-Main-St-02703/unit-2/home/21488281,MLS PIN,72638458,N,Y,41.9210619,-71.2959926
MLS Listing,,Townhouse,438 S Main St #1,Attleboro,MA,02703,219900,3,1.5,Attleboro,1064,,1900,48,207,,Active,,,http://www.redfin.com/MA/Attleboro/438-S-Main-St-02703/unit-1/home/21488285,MLS PIN,72638299,N,Y,41.9210619,-71.2959926
MLS Listing,,Single Family Residential,30 Holman St,Attleboro,MA,02703,329000,3,2.0,Attleboro,1787,5000,1910,49,184,,Active,,,http://www.redfin.com/MA/Attleboro/30-Holman-St-02703/home/15974742,MLS PIN,72638038,N,Y,41.9449586,-71.2782567
MLS Listing,,Single Family Residential,64 Bank St,Attleboro,MA,02703,399999,4,2.5,Attleboro,2243,3625,1910,50,178,,Active,,,http://www.redfin.com/MA/Attleboro/64-Bank-St-02703/home/15974637,MLS PIN,72637650,N,Y,41.9471258,-71.2840105
MLS Listing,,Townhouse,1284 County St #12,Attleboro,MA,02703,344900,3,2.5,Attleboro,1632,,2007,55,211,225,Active,,,http://www.redfin.com/MA/Attleboro/1284-County-St-02703/unit-12/home/15976654,MLS PIN,72635613,N,Y,41.9171714,-71.3185487
MLS Listing,,Single Family Residential,21 Mawney St,Attleboro,MA,02703,265000,3,1.5,Attleboro,754,23920,1920,57,351,,Active,,,http://www.redfin.com/MA/Attleboro/21-Mawney-St-02703/home/15971367,MLS PIN,72634860,N,Y,41.9226706,-71.3407009
MLS Listing,,Condo/Co-op,26 Pine St Unit B,Attleboro,MA,02703,95000,1,1.0,Attleboro,663,,1900,58,143,243,Active,,,http://www.redfin.com/MA/Attleboro/26-Pine-St-02703/unit-B/home/15977250,MLS PIN,72634274,N,Y,41.943086,-71.280432
MLS Listing,,Single Family Residential,Lot 312 Pass Farm Ln,Attleboro,MA,02703,569900,4,2.5,Attleboro,2336,32000,2020,59,244,,Active,,,http://www.redfin.com/MA/Attleboro/Lot-312-Pass-Farm-Rd-02703/home/171124666,MLS PIN,72633936,N,Y,41.9122609,-71.2270656
MLS Listing,,Single Family Residential,43 Horton St,Attleboro,MA,02703,299900,4,1.0,Attleboro,1630,11055,1790,62,184,,Active,,,http://www.redfin.com/MA/Attleboro/43-Horton-St-02703/home/15972261,MLS PIN,72632877,N,Y,41.9494924,-71.2736745
MLS Listing,,Single Family Residential,90 Curtis Ave,Attleboro,MA,02703,185000,4,2.0,South Attleboro,1433,5000,1925,62,129,,Active,,,http://www.redfin.com/MA/Attleboro/90-Curtis-Ave-02703/home/15975201,MLS PIN,72632656,N,Y,41.9038049,-71.3659537
MLS Listing,,Condo/Co-op,28 Pine St Unit C,Attleboro,MA,02703,144000,3,1.0,Attleboro,1461,,1900,63,99,330,Active,,,http://www.redfin.com/MA/Attleboro/28-Pine-St-02703/unit-C/home/15977289,MLS PIN,72631572,N,Y,41.94308,-71.2804376
MLS Listing,,Single Family Residential,144 Wilmarth St,Attleboro,MA,02703,379900,4,2.0,Briggs Corner,1800,21307,1952,66,211,,Active,May-16-2020 12:00 PM,May-16-2020 03:00 PM,http://www.redfin.com/MA/Attleboro/144-Wilmarth-St-02703/home/15970100,MLS PIN,72630179,N,Y,41.9189118,-71.2510869
MLS Listing,,Single Family Residential,132 Brown St,Attleboro,MA,02703,329900,3,1.0,Attleboro,1397,13335,1954,69,236,,Active,,,http://www.redfin.com/MA/Attleboro/132-Brown-St-02703/home/15976230,MLS PIN,72629080,N,Y,41.9087417,-71.3690192
MLS Listing,,Multi-Family (2-4 Unit),881 Washington St,Attleboro,MA,02703,285000,3,2.0,Attleboro,1440,8015,1920,69,198,,Active,,,http://www.redfin.com/MA/Attleboro/881-Washington-St-02703/home/15976278,MLS PIN,72628757,N,Y,41.9028702,-71.3672447
MLS Listing,,Multi-Family (2-4 Unit),82 Leedham St,Attleboro,MA,02703,275000,2,2.0,Attleboro,984,13440,1949,69,279,,Active,,,http://www.redfin.com/MA/Attleboro/82-Leedham-St-02703/home/15976839,MLS PIN,72628714,N,Y,41.9035349,-71.3779759
MLS Listing,,Multi-Family (2-4 Unit),335 Brown St,Attleboro,MA,02703,315000,5,2.0,Attleboro,1008,8800,1971,69,313,,Active,,,http://www.redfin.com/MA/Attleboro/335-Brown-St-02703/home/15976343,MLS PIN,72628706,N,Y,41.9069325,-71.3750721
MLS Listing,,Single Family Residential,1039 Washington St,Attleboro,MA,02703,399900,4,1.5,Attleboro,1920,10183,1910,75,208,,Active,,,http://www.redfin.com/MA/Attleboro/1039-Washington-St-02703/home/15976799,MLS PIN,72625757,N,Y,41.8979222,-71.3696741
MLS Listing,,Single Family Residential,131 Pike Ave,Attleboro,MA,02703,539900,3,2.5,Briggs Corner,1950,30539,2020,75,277,,Active,,,http://www.redfin.com/MA/Attleboro/131-Pike-Ave-02703/home/170684754,MLS PIN,72625560,N,Y,41.9504551,-71.2487509
MLS Listing,,Vacant Land,0 Garden Ave,Attleboro,MA,02703,90000,,,Attleboro,,1,,77,,,Active,,,http://www.redfin.com/MA/ATTLEBORO/GARDEN-AVE-02703/home/109535146,MLS PIN,72624725,N,Y,41.922353,-71.336266
MLS Listing,,Vacant Land,0 Fox Dan Ln,Attleboro,MA,02703,40000,,,Attleboro,,20473,,77,,,Active,,,http://www.redfin.com/MA/South-Attleboro/Fox-Dan-LN-02703/home/170672598,MLS PIN,72624724,N,Y,41.925494,-71.2992993
MLS Listing,,Multi-Family (2-4 Unit),401 S Main St,Attleboro,MA,02703,429000,8,3.5,Attleboro,2986,20871,1900,78,144,,Active,,,http://www.redfin.com/MA/Attleboro/401-S-Main-St-02703/home/15974241,MLS PIN,72623895,N,Y,41.9229335,-71.2921578
MLS Listing,,Vacant Land,0 Bonneau Ave,Attleboro,MA,02703,195000,,,Attleboro,,49404,,79,,,Active,,,http://www.redfin.com/MA/ATTLEBORO/BONNEAU-AVE-02703/home/109533836,MLS PIN,72623328,N,Y,41.90702,-71.376496
MLS Listing,,Vacant Land,102 Adamsdale Ave,Attleboro,MA,02703,95000,,,Attleboro,,8354,,82,,,Active,,,http://www.redfin.com/MA/Attleboro/102-Adamsdale-Ave-02703/home/15976562,MLS PIN,72622479,N,Y,41.906187,-71.366239
MLS Listing,,Single Family Residential,14 Bayberry Hl,Attleboro,MA,02703,929000,6,6.0,Attleboro,5453,51836,1920,85,170,,Active,,,http://www.redfin.com/MA/Attleboro/14-Bayberry-Hill-Rd-02703/home/15976499,MLS PIN,72620782,N,Y,41.9210655,-71.2881637
MLS Listing,,Multi-Family (5+ Unit),7 6th St,Attleboro,MA,02703,810000,10,1.0,Attleboro,4225,6136,1900,85,192,,Active,,,http://www.redfin.com/MA/Attleboro/7-6th-St-02703/home/15974408,MLS PIN,72620681,N,Y,41.939338,-71.2902281
MLS Listing,,Multi-Family (2-4 Unit),5 6th St,Attleboro,MA,02703,399900,6,3.0,Attleboro,2535,4519,1900,86,158,,Active,,,http://www.redfin.com/MA/Attleboro/5-6th-St-02703/home/15974407,MLS PIN,72620496,N,Y,41.9393911,-71.2903209
MLS Listing,,Single Family Residential,200 Whalen,Attleboro,MA,02703,869500,3,3.0,Attleboro,4001,390733,2004,87,217,,Active,,,http://www.redfin.com/MA/Attleboro/200-Whalen-Dr-02703/home/15966888,MLS PIN,72620100,N,Y,41.9841394,-71.2693923
MLS Listing,,Mobile/Manufactured Home,28 Colvin St,Attleboro,MA,02703,54900,2,1.5,Attleboro,910,,1976,89,60,425,Active,,,http://www.redfin.com/MA/Attleboro/28-Colvin-St-02703/home/52211154,MLS PIN,72619797,N,Y,41.8960095,-71.3633056
MLS Listing,,Vacant Land,0 Locust St,Attleboro,MA,02703,185000,,,Attleboro,,20028,,90,,,Active,,,http://www.redfin.com/MA/ATTLEBORO/LOCUST-ST-02703/home/109533705,MLS PIN,72619312,N,Y,41.920322,-71.286519
MLS Listing,,Single Family Residential,Lot 2 Highland Ave,Attleboro,MA,02703,489900,3,2.5,Attleboro,1963,12160,2020,103,250,,Active,,,http://www.redfin.com/MA/Attleboro/2-Highland-Ave-02703/unit-2/home/131378716,MLS PIN,72614248,N,Y,41.919945,-71.3581314
MLS Listing,,Single Family Residential,27 Peckham St,Attleboro,MA,02703,320000,3,2.0,Attleboro,996,16508,1976,104,321,,Active,,,http://www.redfin.com/MA/Attleboro/27-Peckham-St-02703/home/15968380,MLS PIN,72613707,N,Y,41.9372024,-71.2464701
MLS Listing,,Mobile/Manufactured Home,44 Colvin St,Attleboro,MA,02703,99900,2,1.5,Attleboro,900,,1978,124,111,425,Active,,,http://www.redfin.com/MA/Attleboro/44-Colvin-St-02703/home/52214335,MLS PIN,72606712,N,Y,41.8962003,-71.3622034
MLS Listing,,Townhouse,1251 S Main St Unit B,Attleboro,MA,02703,389900,3,1.5,Attleboro,1712,466092,2019,131,228,,Active,,,http://www.redfin.com/MA/Attleboro/1251-S-Main-St-02703/unit-B/home/170200549,MLS PIN,72604076,N,Y,41.9019651,-71.320819
MLS Listing,,Townhouse,1251 S Main St Unit A,Attleboro,MA,02703,429900,3,2.5,Attleboro,2076,466092,2019,131,207,,Active,,,http://www.redfin.com/MA/Attleboro/1251-S-Main-St-02703/unit-A/home/170200548,MLS PIN,72604075,N,Y,41.9019651,-71.320819
MLS Listing,,Townhouse,11 Mendon Rd Unit A,Attleboro,MA,02703,322500,3,2.5,Attleboro,1560,71874,2019,182,207,250,Active,,,http://www.redfin.com/MA/Attleboro/11-Mendon-RD-02703/unit-A/home/169785796,MLS PIN,72591739,N,Y,41.925494,-71.2992993
MLS Listing,,Condo/Co-op,90 Maple St #2,Attleboro,MA,02703,449900,3,2.5,Attleboro,2400,14400,2019,196,187,,Active,,,http://www.redfin.com/MA/Attleboro/90-Maple-St-02703/unit-2/home/169606053,MLS PIN,72586635,N,Y,41.9352178,-71.2767138
MLS Listing,,Condo/Co-op,90 Maple St #1,Attleboro,MA,02703,449900,3,2.5,Attleboro,2400,14400,2019,196,187,,Active,,,http://www.redfin.com/MA/Attleboro/90-Maple-St-02703/unit-1/home/167973643,MLS PIN,72586634,N,Y,41.9352178,-71.2767138
MLS Listing,,Multi-Family (2-4 Unit),171-173 Pleasant,Attleboro,MA,02703,229900,8,3.0,Attleboro,2954,3958,1910,197,78,,Active,,,http://www.redfin.com/MA/Attleboro/171-Pleasant-St-02703/home/15972270,MLS PIN,72586152,N,Y,41.9501741,-71.2747765
MLS Listing,,Vacant Land,0 Orchard Ave,Attleboro,MA,02703,109900,,,Attleboro,,56628,,240,,,Active,,,http://www.redfin.com/MA/ATTLEBORO/ORCHARD-LN-02703/home/109535339,MLS PIN,72565774,N,Y,41.926719,-71.319494
MLS Listing,,Vacant Land,0 Martin St,Attleboro,MA,02703,49900,,,Attleboro,,8349,,240,,,Active,,,http://www.redfin.com/MA/ATTLEBORO/MARTIN-ST-02703/home/109534788,MLS PIN,72565773,N,Y,41.930773,-71.277912
MLS Listing,,Vacant Land,0 Brownell St,Attleboro,MA,02703,69900,,,Attleboro,,47878,,240,,,Active,,,http://www.redfin.com/MA/ATTLEBORO/BROWNELL-ST-02703/home/109534639,MLS PIN,72565771,N,Y,41.932925,-71.284004
MLS Listing,,Single Family Residential,41 Bayberry Hill Rd,Attleboro,MA,02703,439900,4,2.5,Attleboro,2949,38390,1952,243,149,,Active,,,http://www.redfin.com/MA/Attleboro/41-Bayberry-Hill-Rd-02703/home/15970271,MLS PIN,72564859,N,Y,41.922459,-71.28951
MLS Listing,,Multi-Family (2-4 Unit),11 Robert St,Attleboro,MA,02703,415000,7,3.5,Attleboro,3468,11192,1900,258,120,,Active,,,http://www.redfin.com/MA/Attleboro/11-Robert-St-02703/home/145698487,MLS PIN,72556247,N,Y,41.9382727,-71.2912747
MLS Listing,,Vacant Land,485 OakHill,Attleboro,MA,02703,750000,,,Attleboro,,393129,,307,,,Active,,,http://www.redfin.com/MA/Attleboro/485-Oak-Hill-Ave-02703/home/132013553,MLS PIN,72532798,N,Y,41.908471,-71.286475
MLS Listing,,Vacant Land,0 Joseph St,Attleboro,MA,02703,46000,,,Attleboro,,14418,,318,,,Active,,,http://www.redfin.com/MA/ATTLEBORO/JOSEPH-ST-02703/home/40095107,MLS PIN,72527688,N,Y,41.934799,-71.31382
MLS Listing,,Vacant Land,0 Thurber Ave,Attleboro,MA,02703,59000,,,Attleboro,,47872,,318,,,Active,,,http://www.redfin.com/MA/ATTLEBORO/THURBER-AVE-02703/home/109535559,MLS PIN,72527677,N,Y,41.912284,-71.304611
MLS Listing,,Vacant Land,0 Edgewood Rd,Attleboro,MA,02703,45000,,,Attleboro,,17000,,331,,,Active,,,http://www.redfin.com/MA/ATTLEBORO/EDGEWOOD-AVE-02703/home/109534999,MLS PIN,72519904,N,Y,41.906071,-71.344107
MLS Listing,,Multi-Family (2-4 Unit),89 Holman St,Attleboro,MA,02703,290000,8,3.0,Attleboro,2535,4543,1910,344,114,,Active,,,http://www.redfin.com/MA/Attleboro/89-Holman-St-02703/home/15971756,MLS PIN,72512060,N,Y,41.9440113,-71.273273
MLS Listing,,Vacant Land,Lot 1 West St,Attleboro,MA,02703,168900,,,Attleboro,,20000,,376,,,Active,,,http://www.redfin.com/MA/Attleboro/1-West-St-02703/home/146218512,MLS PIN,72493490,N,Y,41.9520081,-71.289907
MLS Listing,,Vacant Land,55 Leedham St,Attleboro,MA,02703,150000,,,Attleboro,,,,644,,,Active,,,http://www.redfin.com/MA/Attleboro/55-Leedham-St-02703/unit-2-2/home/15976803,MLS PIN,72375627,N,Y,41.9037045,-71.3767037
MLS Listing,,Multi-Family (2-4 Unit),7 Elbow St,Attleboro,MA,02703,236000,5,3.0,Attleboro,1795,6186,1910,998,131,,Active,,,http://www.redfin.com/MA/Attleboro/7-Elbow-St-02703/home/15973299,MLS PIN,72216348,N,Y,41.9388497,-71.2826005
MLS Listing,,Vacant Land,Lot 0001 Mendon Road Across from 550,Attleboro,MA,02703,525000,,,Attleboro,,130642,,1581,,,Active,,,http://www.redfin.com/MA/Attleboro/Lot-0001-Mendon-Road-Across-from-550-02703/home/102832203,MLS PIN,71949008,N,Y,41.9445441,-71.2856082
