SALE TYPE,SOLD DATE,PROPERTY TYPE,ADDRESS,CITY,STATE OR PROVINCE,ZIP OR POSTAL CODE,PRICE,BEDS,BATHS,LOCATION,SQUARE FEET,LOT SIZE,YEAR BUILT,DAYS ON MARKET,$/SQUARE FEET,HOA/MONTH,STATUS,NEXT OPEN HOUSE START TIME,NEXT OPEN HOUSE END TIME,URL (SEE http://www.redfin.com/buy-a-home/comparative-market-analysis FOR INFO ON PRICING),SOURCE,MLS#,FAVORITE,INTERESTED,LATITUDE,LONGITUDE
MLS Listing,,Single Family Residential,255 Harvest Ln,Bridgewater,MA,02324,669900,4,2.5,Bridgewater,3531,21782,2001,2,190,,Active,,,http://www.redfin.com/MA/Bridgewater/255-Harvest-Ln-02324/home/16315681,MLS PIN,72654528,N,Y,41.9676083,-70.9877666
MLS Listing,,Condo/Co-op,180 Main St #5207,Bridgewater,MA,02324,169900,2,1.0,Bridgewater,969,,1970,7,175,336,Active,,,http://www.redfin.com/MA/Bridgewater/180-Main-St-02324/unit-5207/home/16310137,MLS PIN,72652473,N,Y,41.9937888,-70.979446
MLS Listing,,Single Family Residential,2 Vernon St,Bridgewater,MA,02324,389900,3,2.0,Bridgewater,1552,20100,1950,8,251,,Active,,,http://www.redfin.com/MA/Bridgewater/2-Vernon-St-02324/home/16313496,MLS PIN,72651192,N,Y,41.971819,-71.0025329
MLS Listing,,Condo/Co-op,180 Main St Unit A8,Bridgewater,MA,02324,189900,2,1.5,Bridgewater,969,,1970,9,196,350,Active,,,http://www.redfin.com/MA/Bridgewater/180-Main-St-02324/unit-A8/home/16310100,MLS PIN,72651251,N,Y,41.9937888,-70.979446
MLS Listing,,Single Family Residential,411 Hayward St,Bridgewater,MA,02324,549900,4,2.5,Bridgewater,2696,31999,2010,9,204,,Active,,,http://www.redfin.com/MA/Bridgewater/411-Hayward-St-02324/home/16310561,MLS PIN,72651152,N,Y,42.0024919,-70.9519633
MLS Listing,,Single Family Residential,15 Partridge Trl,Bridgewater,MA,02324,415000,3,2.0,Bridgewater,1178,22592,1978,10,352,,Active,,,http://www.redfin.com/MA/Bridgewater/15-Partridge-Trl-02324/home/16309702,MLS PIN,72650847,N,Y,41.9958642,-70.9218694
MLS Listing,,Single Family Residential,10 Dundee Dr,Bridgewater,MA,02324,559000,3,3.0,Bridgewater,2583,22500,1974,13,216,,Active,,,http://www.redfin.com/MA/Bridgewater/10-Dundee-Dr-02324/home/16312523,MLS PIN,72649524,N,Y,41.9588425,-71.0075711
MLS Listing,,Single Family Residential,Lot 11 Quail Run Rd,Bridgewater,MA,02324,679900,4,2.5,Oldfield Estates Phase 1,2935,43560,2020,13,232,,Active,,,http://www.redfin.com/MA/Bridgewater/Unknown-02324/home/113390157,MLS PIN,72649421,N,Y,41.987516,-70.9746251
MLS Listing,,Single Family Residential,74 Pearl St,Bridgewater,MA,02324,389900,3,2.0,Bridgewater,1738,18785,1800,14,224,,Active,,,http://www.redfin.com/MA/Bridgewater/74-Pearl-St-02324/home/16310374,MLS PIN,72649116,N,Y,41.9940725,-70.9767496
MLS Listing,,Condo/Co-op,180 Main St #5202,Bridgewater,MA,02324,130000,1,1.0,Bridgewater,708,,1970,22,184,278,Active,,,http://www.redfin.com/MA/Bridgewater/180-Main-St-02324/unit-5202/home/16310169,MLS PIN,72646159,N,Y,41.9937888,-70.979446
MLS Listing,,Single Family Residential,234 Cross St,Bridgewater,MA,02324,539000,4,2.0,Bridgewater,2255,18710,1974,29,239,,Active,,,http://www.redfin.com/MA/Bridgewater/234-Cross-St-02324/home/16311915,MLS PIN,72643899,N,Y,41.9520517,-70.9879524
MLS Listing,,Single Family Residential,216 Plain St,Bridgewater,MA,02324,489900,6,2.0,Bridgewater,2128,43561,1860,32,230,,Active,,,http://www.redfin.com/MA/Bridgewater/216-Plain-St-02324/home/16309530,MLS PIN,72643157,N,Y,42.0020226,-70.9316223
MLS Listing,,Single Family Residential,63 Paddock Rd,Bridgewater,MA,02324,399000,3,1.5,Bridgewater,1248,31168,1971,34,320,,Active,,,http://www.redfin.com/MA/Bridgewater/63-Paddock-Rd-02324/home/16313983,MLS PIN,72642623,N,Y,41.9694303,-71.0327139
MLS Listing,,Single Family Residential,123 Spring St,Bridgewater,MA,02324,459900,3,2.5,Bridgewater,2041,9000,1930,34,225,,Active,,,http://www.redfin.com/MA/Bridgewater/123-1-2-Spring-St-02324/home/16310766,MLS PIN,72642445,N,Y,41.9920296,-70.9704458
MLS Listing,,Single Family Residential,Lot 8 Crimson Way,Bridgewater,MA,02324,619900,3,2.5,Crimson Heights,2588,43884,2020,35,240,,Active,,,http://www.redfin.com/MA/Bridgewater/Lot-8-Crimson-WAY-02324/home/171293610,MLS PIN,72642010,N,Y,41.9903519,-70.9750541
MLS Listing,,Single Family Residential,Lot 5 Crimson Way,Bridgewater,MA,02324,614900,4,2.5,Crimson Heights,2600,43573,2020,35,237,,Active,,,http://www.redfin.com/MA/Bridgewater/Lot-5-Crimson-WAY-02324/home/171293609,MLS PIN,72642008,N,Y,41.9903519,-70.9750541
MLS Listing,,Single Family Residential,Lot 2 Crimson Way,Bridgewater,MA,02324,599900,2,2.5,Crimson Heights,2042,43810,2020,35,294,,Active,,,http://www.redfin.com/MA/Bridgewater/Lot-2-Crimson-WAY-02324/home/171293590,MLS PIN,72642006,N,Y,41.9903519,-70.9750541
MLS Listing,,Single Family Residential,Lot 1 Crimson Way,Bridgewater,MA,02324,594900,3,2.5,Crimson Heights,2088,43693,2020,35,285,,Active,,,http://www.redfin.com/MA/Bridgewater/Unknown-02324/home/160574783,MLS PIN,72642003,N,Y,41.9871923,-70.9747529
MLS Listing,,Single Family Residential,509 Elm St,Bridgewater,MA,02324,425000,4,2.0,Bridgewater,2355,61785,1870,42,180,,Active,,,http://www.redfin.com/MA/Bridgewater/509-Elm-St-02324/home/16314457,MLS PIN,72639685,N,Y,41.9823864,-71.0208275
MLS Listing,,Single Family Residential,33 Brimstone Dr,Bridgewater,MA,02324,314900,2,2.0,"Stone Meadow ""The Heights""",1490,,2006,49,211,775,Active,,,http://www.redfin.com/MA/Bridgewater/33-Brimstone-Dr-02324/home/171194393,MLS PIN,72637830,N,Y,42.0037456,-70.9222509
MLS Listing,,Single Family Residential,509 Summer St,Bridgewater,MA,02324,375000,3,2.0,Bridgewater,1350,32700,1910,55,278,,Active,,,http://www.redfin.com/MA/Bridgewater/509-Summer-St-02324/home/16314694,MLS PIN,72636027,N,Y,41.9798075,-70.9631411
MLS Listing,,Single Family Residential,11 Knollwood,Bridgewater,MA,02324,168000,2,2.0,High Pond Estates,1350,6500,1992,57,124,675,Active,,,http://www.redfin.com/MA/Bridgewater/11-Knollwood-Dr-02324/home/171137854,MLS PIN,72634465,N,Y,42.0001642,-70.9241271
MLS Listing,,Single Family Residential,3 Country Dr,Bridgewater,MA,02324,184900,2,2.0,High Pond Estates,1344,,1993,60,138,675,Active,,,http://www.redfin.com/MA/Bridgewater/3-Country-Dr-02324/home/171120104,MLS PIN,72633724,N,Y,41.9978448,-70.9252076
MLS Listing,,Single Family Residential,106 Prospect St,Bridgewater,MA,02324,369900,3,2.0,Bridgewater,1652,29579,1900,64,224,,Active,,,http://www.redfin.com/MA/Bridgewater/106-Prospect-St-02324/home/16313935,MLS PIN,72631160,N,Y,41.968974,-71.0057833
MLS Listing,,Single Family Residential,75 Bayberry Cir,Bridgewater,MA,02324,359900,3,1.5,Bridgewater,1600,22500,1978,72,225,,Active,,,http://www.redfin.com/MA/Bridgewater/75-Bayberry-Cir-02324/home/16311876,MLS PIN,72626530,N,Y,41.9539497,-70.9907385
MLS Listing,,Single Family Residential,121 Whitman St,Bridgewater,MA,02324,395900,3,1.5,Bridgewater,1132,37444,1972,73,350,,Active,,,http://www.redfin.com/MA/Bridgewater/121-Whitman-St-02324/home/16309871,MLS PIN,72626245,N,Y,41.9935289,-70.9458796
MLS Listing,,Single Family Residential,120 Auburn St,Bridgewater,MA,02324,205000,3,1.5,Bridgewater,1391,49184,1900,81,147,,Active,,,http://www.redfin.com/MA/Bridgewater/120-Auburn-St-02324/home/16313280,MLS PIN,72622707,N,Y,41.9731274,-70.9497806
MLS Listing,,Single Family Residential,446 East St,Bridgewater,MA,02324,320000,3,2.0,Bridgewater,1580,1,1942,100,203,,Active,,,http://www.redfin.com/MA/Bridgewater/446-East-St-02324/home/16314779,MLS PIN,72615012,N,Y,41.9860634,-70.9091903
MLS Listing,,Single Family Residential,530 Pleasant St,Bridgewater,MA,02324,319900,4,2.0,Mixed Used,1720,25630,1940,104,186,,Active,,,http://www.redfin.com/MA/Bridgewater/530-Pleasant-St-02324/home/16314435,MLS PIN,72613663,N,Y,41.9812211,-70.9937103
MLS Listing,,Single Family Residential,41 Trailwood,Bridgewater,MA,02324,218000,3,2.0,High Pond Estates,1680,6500,1997,117,130,675,Active,,,http://www.redfin.com/MA/Bridgewater/41-Trailwood-Dr-02324/home/170334722,MLS PIN,72609228,N,Y,41.9991387,-70.9248471
MLS Listing,,Single Family Residential,398 Plymouth St,Bridgewater,MA,02324,230000,3,2.0,Bridgewater,1588,18200,1920,122,145,,Active,,,http://www.redfin.com/MA/Bridgewater/398-Plymouth-St-02324/home/16309965,MLS PIN,72607104,N,Y,41.9932849,-70.9592542
MLS Listing,,Vacant Land,200 & 210 Bayberry Cir,Bridgewater,MA,02324,99900,,,Bridgewater,,45302,,125,,,Active,,,http://www.redfin.com/MA/Bridgewater/210-Bayberry-Cir-02324/home/148725701,MLS PIN,72606255,N,Y,41.9560633,-70.9898612
MLS Listing,,Single Family Residential,190 Bradley Ln,Bridgewater,MA,02324,589900,4,2.5,Bridgewater,2750,,1998,176,215,,Active,,,http://www.redfin.com/MA/Bridgewater/190-Bradley-Ln-02324/home/16311953,MLS PIN,72594251,N,Y,41.9723299,-70.9653841
MLS Listing,,Single Family Residential,7 Trinity Cir,Bridgewater,MA,02324,584900,4,3.0,Bridgewater,2308,43648,2019,181,253,,Active,,,http://www.redfin.com/MA/Bridgewater/7-Trinity-CIR-02324/home/171534165,MLS PIN,72592757,N,Y,41.9903519,-70.9750541
MLS Listing,,Single Family Residential,884 South St,Bridgewater,MA,02324,725000,4,3.0,Bridgewater,3078,89569,1895,252,236,,Active,,,http://www.redfin.com/MA/Bridgewater/884-South-St-02324/home/16313754,MLS PIN,72558927,N,Y,41.9674645,-70.9803833
MLS Listing,,Single Family Residential,15 Hunters Dr,Bridgewater,MA,02324,569900,5,3.5,Bridgewater,3536,43668,1987,343,161,,Active,,,http://www.redfin.com/MA/Bridgewater/15-Hunters-Dr-02324/home/16313436,MLS PIN,72512743,N,Y,41.9718525,-71.0014185
MLS Listing,,Single Family Residential,Lot 14 Prattown Ln,Bridgewater,MA,02324,410000,3,2.5,Prattown Meadows,1900,5200,2019,371,216,100,Active,,,http://www.redfin.com/MA/Bridgewater/Lot-14-Prattown-Ln-02324/home/165525568,MLS PIN,72495763,N,Y,41.9910204,-70.9478471
MLS Listing,,Single Family Residential,Lot 12 Prattown Ln,Bridgewater,MA,02324,410000,3,2.5,Prattown Meadows,1900,5200,2019,371,216,100,Active,,,http://www.redfin.com/MA/Bridgewater/Lot-12-Prattown-Ln-02324/home/165520484,MLS PIN,72495728,N,Y,41.9910204,-70.9478471
