SALE TYPE,SOLD DATE,PROPERTY TYPE,ADDRESS,CITY,STATE OR PROVINCE,ZIP OR POSTAL CODE,PRICE,BEDS,BATHS,LOCATION,SQUARE FEET,LOT SIZE,YEAR BUILT,DAYS ON MARKET,$/SQUARE FEET,HOA/MONTH,STATUS,NEXT OPEN HOUSE START TIME,NEXT OPEN HOUSE END TIME,URL (SEE http://www.redfin.com/buy-a-home/comparative-market-analysis FOR INFO ON PRICING),SOURCE,MLS#,FAVORITE,INTERESTED,LATITUDE,LONGITUDE
MLS Listing,,Single Family Residential,20 Connecticut Pl,Brockton,MA,02301,285000,3,1.0,Brockton,1270,5419,1971,7,224,,Active,,,http://www.redfin.com/MA/Brockton/20-Connecticut-Pl-02301/home/16318737,MLS PIN,72652051,N,Y,42.0760574,-71.0293128
MLS Listing,,Single Family Residential,123 Brookside Ave,Brockton,MA,02301,389900,4,2.0,Brockton,1400,6969,1927,1,279,,Active,,,http://www.redfin.com/MA/Brockton/123-Brookside-Ave-02301/home/16323619,MLS PIN,72655283,N,Y,42.0556676,-71.0186916
MLS Listing,,Single Family Residential,45 N Leyden,Brockton,MA,02302,235000,2,1.5,Brockton,672,7200,1950,1,350,,Active,,,http://www.redfin.com/MA/Brockton/45-N-Leyden-St-02302/home/16320203,MLS PIN,72655277,N,Y,42.0667083,-71.0078147
MLS Listing,,Single Family Residential,40 Orchard Ave,Brockton,MA,02301,389900,2,1.0,Brockton,1200,14362,1955,1,325,,Active,,,http://www.redfin.com/MA/Brockton/40-Orchard-Ave-02301/home/16317355,MLS PIN,72655234,N,Y,42.1034391,-71.0257957
MLS Listing,,Single Family Residential,64 Crestfield Ter,Brockton,MA,02302,359900,3,2.0,Brockton,1696,10001,1964,1,212,,Active,,,http://www.redfin.com/MA/Brockton/64-Crestfield-Ter-02302/home/16336108,MLS PIN,72655193,N,Y,42.0824064,-70.9780569
MLS Listing,,Single Family Residential,200 Healey Ter,Brockton,MA,02301,349900,2,1.0,Brockton Heights,1114,12001,1955,1,314,,Active,May-16-2020 11:00 AM,May-16-2020 02:00 PM,http://www.redfin.com/MA/Brockton/200-Healey-Ter-02301/home/16334346,MLS PIN,72654939,N,Y,42.0950393,-71.0637284
MLS Listing,,Single Family Residential,52 Rutland St,Brockton,MA,02301,249900,2,1.0,Brockton,986,7331,1930,1,253,,Active,,,http://www.redfin.com/MA/Brockton/52-Rutland-St-02301/home/16322712,MLS PIN,72654923,N,Y,42.1017141,-71.024867
MLS Listing,,Single Family Residential,12 Satucket Ave,Brockton,MA,02301,325500,3,1.5,Brockton,1428,6987,1991,1,228,,Active,May-16-2020 12:00 PM,May-16-2020 02:00 PM,http://www.redfin.com/MA/Brockton/12-Satucket-Ave-02301/home/16322236,MLS PIN,72654869,N,Y,42.1020841,-71.025668
MLS Listing,,Single Family Residential,32 Scott,Brockton,MA,02302,339900,3,1.5,Brockton,1452,11840,1958,2,234,,Active,,,http://www.redfin.com/MA/Brockton/32-Scott-Rd-02302/home/16316316,MLS PIN,72654704,N,Y,42.1225108,-71.0087086
MLS Listing,,Single Family Residential,193 Perkins Ave,Brockton,MA,02302,289900,3,1.5,Brockton,972,10890,1890,2,298,,Active,,,http://www.redfin.com/MA/Brockton/193-Perkins-Ave-02302/home/16317142,MLS PIN,72654669,N,Y,42.0631125,-71.0067449
MLS Listing,,Multi-Family (2-4 Unit),216 Market St,Brockton,MA,02301,499900,4,2.0,Brockton,2047,7418,1900,2,244,,Active,,,http://www.redfin.com/MA/Brockton/216-Market-St-02301/home/16323873,MLS PIN,72654649,N,Y,42.0605416,-71.0244956
MLS Listing,,Single Family Residential,332 Lisa Dr,Brockton,MA,02302,319900,3,1.0,Brockton,1216,10080,1960,2,263,,Active,May-16-2020 01:00 PM,May-16-2020 02:30 PM,http://www.redfin.com/MA/Brockton/332-Lisa-Dr-02302/home/16326226,MLS PIN,72654626,N,Y,42.1206057,-71.0021717
MLS Listing,,Condo/Co-op,146 Court St #104,Brockton,MA,02302,205000,2,2.0,Brockton,965,,2006,2,212,335,Active,,,http://www.redfin.com/MA/Brockton/146-Court-St-02302/unit-104/home/18864043,MLS PIN,72654603,N,Y,42.0865335,-71.0152702
MLS Listing,,Condo/Co-op,221 Oak Unit 18-22,Brockton,MA,02301,239900,2,2.0,Brockton,1155,,1982,2,208,411,Active,,,http://www.redfin.com/MA/Brockton/221-Oak-St-02301/unit-18-22/home/16328275,MLS PIN,72654570,N,Y,42.1011482,-71.0346962
MLS Listing,,Single Family Residential,121 Ettrick St,Brockton,MA,02301,354500,3,1.0,Brockton,1498,6050,1950,2,237,,Active,,,http://www.redfin.com/MA/Brockton/121-Ettrick-St-02301/home/16319813,MLS PIN,72654561,N,Y,42.0649446,-71.0328416
MLS Listing,,Single Family Residential,311 Court St,Brockton,MA,02302,152000,3,1.0,Brockton,960,20286,1987,2,158,,Active,,,http://www.redfin.com/MA/Brockton/311-Court-St-02302/home/16335346,MLS PIN,72654434,N,Y,42.0866345,-71.007629
MLS Listing,,Single Family Residential,417 N Cary St,Brockton,MA,02302,325000,3,1.5,Brockton,1146,8564,1900,2,284,,Active,,,http://www.redfin.com/MA/Brockton/417-N-Cary-St-02302/home/16333841,MLS PIN,72654353,N,Y,42.1015365,-71.0072691
MLS Listing,,Single Family Residential,336 Quincy St,Brockton,MA,02302,349900,3,1.5,Brockton,1664,10402,1910,2,210,,Active,,,http://www.redfin.com/MA/Brockton/336-Quincy-St-02302/home/16335858,MLS PIN,72654258,N,Y,42.0841187,-70.9867915
MLS Listing,,Multi-Family (2-4 Unit),96-98 Walnut St,Brockton,MA,02301,549900,9,4.0,Brockton,2948,6085,1925,2,187,,Active,May-16-2020 12:00 PM,May-16-2020 02:00 PM,http://www.redfin.com/MA/Brockton/96-Walnut-St-02301/home/16327093,MLS PIN,72652084,N,Y,42.089766,-71.0238872
MLS Listing,,Single Family Residential,11 Brett St,Brockton,MA,02301,289900,4,3.5,Brockton,2819,8385,1890,3,103,,Active,,,http://www.redfin.com/MA/Brockton/11-Brett-St-02301/home/16325583,MLS PIN,72654107,N,Y,42.0810035,-71.029603
MLS Listing,,Single Family Residential,31 Hall St,Brockton,MA,02302,449900,4,2.5,Brockton,1900,5702,1876,4,237,,Active,,,http://www.redfin.com/MA/Brockton/31-Hall-St-02302/home/16316257,MLS PIN,72654036,N,Y,42.0815045,-70.9809521
MLS Listing,,Condo/Co-op,147 Centre St #208,Brockton,MA,02302,249900,2,2.0,Brockton,1010,,2004,6,247,346,Active,,,http://www.redfin.com/MA/Brockton/147-Centre-St-02302/unit-208/home/16337656,MLS PIN,72652855,N,Y,42.0839073,-71.0151868
MLS Listing,,Condo/Co-op,685 Oak St Unit 8-10,Brockton,MA,02301,215000,2,1.0,Brockton,1046,,1985,7,206,420,Active,,,http://www.redfin.com/MA/Brockton/685-Oak-St-02301/unit-8-10/home/16332681,MLS PIN,72652620,N,Y,42.1029951,-71.0556016
MLS Listing,,Single Family Residential,20 Standish St,Brockton,MA,02302,399900,4,3.0,Brockton,2037,7018,1925,7,196,,Active,,,http://www.redfin.com/MA/Brockton/20-Standish-St-02302/home/16335414,MLS PIN,72652581,N,Y,42.0856599,-71.0077101
MLS Listing,,Single Family Residential,124 Southworth St,Brockton,MA,02301,379900,3,1.5,Brockton,1370,10123,1962,7,277,,Active,,,http://www.redfin.com/MA/Brockton/124-Southworth-St-02301/home/16317852,MLS PIN,72652511,N,Y,42.0554319,-71.02626
MLS Listing,,Single Family Residential,27 DUNBAR,Brockton,MA,02302,319000,4,1.0,Brockton,1382,9252,1989,7,231,,Active,,,http://www.redfin.com/MA/Brockton/27-Dunbar-St-02302/home/16316962,MLS PIN,72652158,N,Y,42.0614477,-70.9997004
MLS Listing,,Single Family Residential,107 Carroll Ave,Brockton,MA,02301,399999,4,2.5,Brockton,1700,7065,1926,8,235,,Active,,,http://www.redfin.com/MA/Brockton/107-Carroll-Ave-02301/home/16324290,MLS PIN,72651840,N,Y,42.0649887,-71.0258421
MLS Listing,,Single Family Residential,270 Boylston St,Brockton,MA,02301,339900,5,2.0,Brockton,1860,7527,1940,8,183,,Active,May-14-2020 05:00 PM,May-14-2020 06:30 PM,http://www.redfin.com/MA/Brockton/270-Boylston-St-02301/home/16325254,MLS PIN,72651538,N,Y,42.0755186,-71.0346175
MLS Listing,,Single Family Residential,200 Myrtle St,Brockton,MA,02301,269900,3,1.5,Brockton,1675,8612,1958,9,161,,Active,,,http://www.redfin.com/MA/Brockton/200-Myrtle-St-02301/home/16331121,MLS PIN,72651441,N,Y,42.0686169,-71.029603
MLS Listing,,Multi-Family (2-4 Unit),86 Summer St,Brockton,MA,02302,650000,7,2.0,Brockton,3438,9396,2020,9,189,,Active,,,http://www.redfin.com/MA/Brockton/86-Summer-St-02302/home/16320371,MLS PIN,72651401,N,Y,42.0776704,-71.0075593
MLS Listing,,Condo/Co-op,227 W Elm St #5,Brockton,MA,02301,199900,2,2.0,Brockton,1025,,2000,9,195,335,Active,,,http://www.redfin.com/MA/Brockton/227-W-Elm-St-02301/unit-5/home/16338037,MLS PIN,72651374,N,Y,42.0818751,-71.0287845
MLS Listing,,Single Family Residential,201 W Chestnut St,Brockton,MA,02301,399900,3,1.5,Brockton,1672,8220,1993,9,239,,Active,,,http://www.redfin.com/MA/Brockton/201-W-Chestnut-St-02301/home/16324478,MLS PIN,72651328,N,Y,42.0624257,-71.0248206
MLS Listing,,Single Family Residential,160 Algonquin St,Brockton,MA,02302,309000,2,1.0,Brockton,1048,7349,1950,9,295,,Active,,,http://www.redfin.com/MA/Brockton/160-Algonquin-St-02302/home/16316466,MLS PIN,72651147,N,Y,42.0960821,-70.9979011
MLS Listing,,Vacant Land,755 N Montello St,Brockton,MA,02301,350000,,,Brockton,,9283,,9,,,Active,,,http://www.redfin.com/MA/Brockton/755-N-Montello-St-02301/home/21784580,MLS PIN,72651124,N,Y,42.1034093,-71.0201714
MLS Listing,,Single Family Residential,6 Russell Rd,Brockton,MA,02302,319900,3,2.0,Brockton,1116,11417,1949,9,287,,Active,,,http://www.redfin.com/MA/Brockton/6-Russell-Rd-02302/home/16315968,MLS PIN,72651090,N,Y,42.0882809,-70.9840402
MLS Listing,,Single Family Residential,29 Menlo Ave,Brockton,MA,02301,359900,3,1.5,Brockton,1260,4996,1907,9,286,,Active,,,http://www.redfin.com/MA/Brockton/29-Menlo-Ave-02301/home/16331071,MLS PIN,72650989,N,Y,42.0654928,-71.0298816
MLS Listing,,Single Family Residential,106 Lester Rd,Brockton,MA,02302,315000,3,1.0,Brockton,1200,11452,1960,9,263,,Active,,,http://www.redfin.com/MA/Brockton/106-Lester-Rd-02302/home/16328409,MLS PIN,72650922,N,Y,42.11428,-71.0030901
MLS Listing,,Multi-Family (2-4 Unit),117 Cross St,Brockton,MA,02301,750000,8,3.0,Brockton,4050,5336,1925,11,185,,Active,,,http://www.redfin.com/MA/Brockton/117-Cross-St-02301/home/16327457,MLS PIN,72650590,N,Y,42.0946039,-71.0325746
MLS Listing,,Single Family Residential,41 Shaw Rd,Brockton,MA,02301,339900,3,1.5,Brockton,1428,7200,1959,12,238,,Active,,,http://www.redfin.com/MA/Brockton/41-Shaw-Rd-02301/home/16331994,MLS PIN,72649928,N,Y,42.0670036,-71.0549419
MLS Listing,,Vacant Land,0 Charlotte St,Brockton,MA,02301,145000,,,Brockton,,11250,,13,,,Active,,,http://www.redfin.com/MA/Brockton/Charlotte-St-02302/home/160912263,MLS PIN,72649552,N,Y,42.0828,-71.0164
MLS Listing,,Single Family Residential,771 SUMMER St,Brockton,MA,02302,299000,4,1.0,Brockton,1150,6382,1962,14,260,,Active,,,http://www.redfin.com/MA/Brockton/771-Summer-St-02302/home/16321119,MLS PIN,72649308,N,Y,42.0574051,-71.0063289
MLS Listing,,Single Family Residential,30 Westfield Dr,Brockton,MA,02301,395000,3,1.5,West Side Neighborhood,1428,10916,1965,14,277,,Active,,,http://www.redfin.com/MA/Brockton/30-Westfield-Dr-02301/home/16336176,MLS PIN,72649108,N,Y,42.0681059,-71.0663747
MLS Listing,,Condo/Co-op,112 Oak Ln #9,Brockton,MA,02301,169996,2,1.0,Brockton,890,,1981,14,191,455,Active,,,http://www.redfin.com/MA/Brockton/112-Oak-Ln-02301/unit-9/home/16327970,MLS PIN,72648831,N,Y,42.1009757,-71.0474726
MLS Listing,,Single Family Residential,8 Churchill Ave,Brockton,MA,02301,314900,3,1.0,Brockton,1183,7410,1949,16,266,,Active,,,http://www.redfin.com/MA/Brockton/8-Churchill-Ave-02301/home/16317822,MLS PIN,72648214,N,Y,42.0588511,-71.0187032
MLS Listing,,Condo/Co-op,100 Oak Ln #4,Brockton,MA,02301,149000,2,1.0,Brockton,890,,1981,19,167,395,Active,,,http://www.redfin.com/MA/Brockton/100-Oak-Ln-02301/unit-4/home/16328562,MLS PIN,72647394,N,Y,42.1010658,-71.0474921
MLS Listing,,Townhouse,260 N Warren Ave Unit B10,Brockton,MA,02301,217000,2,1.5,Brockton,1750,,1988,19,124,303,Active,,,http://www.redfin.com/MA/Brockton/260-Warren-Ave-02301/unit-B10/home/16327120,MLS PIN,72647357,N,Y,42.0806199,-71.0228353
MLS Listing,,Single Family Residential,96 Sunset Ave,Brockton,MA,02301,375900,3,1.0,Brockton,1344,6930,1961,20,280,,Active,,,http://www.redfin.com/MA/Brockton/96-Sunset-Ave-02301/home/16331094,MLS PIN,72647233,N,Y,42.0674456,-71.0321915
MLS Listing,,Single Family Residential,11 Rodwell St,Brockton,MA,02302,334900,3,1.0,Brookfield,1056,11495,1960,21,317,,Active,,,http://www.redfin.com/MA/Brockton/11-Rodwell-St-02302/home/16328499,MLS PIN,72646806,N,Y,42.1143301,-71.0070834
MLS Listing,,Single Family Residential,249 W Elm St,Brockton,MA,02301,364900,6,2.5,Brockton,3195,10341,1929,21,114,,Active,,,http://www.redfin.com/MA/Brockton/249-W-Elm-St-02301/home/16325713,MLS PIN,72646751,N,Y,42.0817067,-71.0297887
MLS Listing,,Single Family Residential,266 East St,Brockton,MA,02302,344000,3,2.0,East Brockton,1492,28828,1955,21,231,,Active,,,http://www.redfin.com/MA/Brockton/266-East-St-02302/home/16319665,MLS PIN,72646749,N,Y,42.0680057,-70.994639
MLS Listing,,Single Family Residential,728 N CARY St,Brockton,MA,02302,559900,5,3.0,Brockton,2508,55063,2020,21,223,,Active,May-16-2020 12:00 PM,May-16-2020 03:00 PM,http://www.redfin.com/MA/Brockton/728-N-Cary-St-02302/home/171395207,MLS PIN,72646536,N,Y,42.1079057,-70.9992084
MLS Listing,,Single Family Residential,147 Coe Rd,Brockton,MA,02302,449900,5,2.0,Brockton,2712,11400,1970,22,166,,Active,,,http://www.redfin.com/MA/Brockton/147-Coe-Rd-02302/home/16329531,MLS PIN,72646349,N,Y,42.1026267,-70.9997004
MLS Listing,,Single Family Residential,621 W Chestnut St,Brockton,MA,02301,479900,4,3.0,Brockton,2252,13800,1976,22,213,,Active,,,http://www.redfin.com/MA/Brockton/621-W-Chestnut-St-02301/home/16332929,MLS PIN,72645976,N,Y,42.0561763,-71.0400034
MLS Listing,,Condo/Co-op,502 Oak St #9,Brockton,MA,02301,179900,2,1.0,Brockton,890,,1981,23,202,455,Active,,,http://www.redfin.com/MA/Brockton/502-Oak-St-02301/unit-9/home/16327923,MLS PIN,72645960,N,Y,42.1016128,-71.0473392
MLS Listing,,Single Family Residential,22 Pineview Ter,Brockton,MA,02301,334900,3,1.0,Brockton,1275,11212,1950,23,263,,Active,,,http://www.redfin.com/MA/Brockton/22-Pineview-Ter-02301/home/16334823,MLS PIN,72645657,N,Y,42.0727045,-71.0574607
MLS Listing,,Multi-Family (2-4 Unit),87 Ford St,Brockton,MA,02301,499900,6,2.0,Brockton,3419,3184,1903,24,146,,Active,,,http://www.redfin.com/MA/Brockton/87-Ford-St-02301/home/16317955,MLS PIN,72645605,N,Y,42.0945398,-71.0234741
MLS Listing,,Single Family Residential,162 Clifton Ave,Brockton,MA,02301,389900,4,1.0,Brockton,1715,10803,1900,24,227,,Active,,,http://www.redfin.com/MA/Brockton/162-Clifton-Ave-02301/home/16323636,MLS PIN,72645571,N,Y,42.0580767,-71.0210807
MLS Listing,,Single Family Residential,663 N Cary St,Brockton,MA,02302,339995,3,1.0,Montello,1278,22142,1925,25,266,,Active,,,http://www.redfin.com/MA/Brockton/663-N-Cary-St-02302/home/16329485,MLS PIN,72645315,N,Y,42.1066914,-71.001982
MLS Listing,,Multi-Family (2-4 Unit),3 Bryant St,Brockton,MA,02302,474900,2,2.0,Brockton,1800,3650,,26,264,,Active,,,http://www.redfin.com/MA/Brockton/3-Bryant-St-02302/home/16335426,MLS PIN,72645102,N,Y,42.0865798,-71.0098694
MLS Listing,,Single Family Residential,36 Otis St,Brockton,MA,02302,354900,4,2.0,Brockton,1358,7902,1889,26,261,,Active,,,http://www.redfin.com/MA/Brockton/36-Otis-St-02302/home/16337124,MLS PIN,72645036,N,Y,42.0792808,-71.0138626
MLS Listing,,Single Family Residential,347 Forest Ave,Brockton,MA,02301,299921,2,2.0,Brockton,1518,6177,1956,26,198,,Active,,,http://www.redfin.com/MA/Brockton/347-Forest-Ave-02301/home/16325122,MLS PIN,72644902,N,Y,42.0705324,-71.0344782
MLS Listing,,Single Family Residential,51 IRVING St,Brockton,MA,02302,460000,4,2.0,Brockton,2399,15324,1950,27,192,,Active,,,http://www.redfin.com/MA/Brockton/51-Irving-St-02302/home/16317070,MLS PIN,72644669,N,Y,42.0754657,-71.0079192
MLS Listing,,Single Family Residential,51 Edward St,Brockton,MA,02302,293900,2,2.0,Brockton,1748,8682,1962,27,168,,Active,,,http://www.redfin.com/MA/Brockton/51-Edward-St-02302/home/16334287,MLS PIN,72644596,N,Y,42.0899442,-70.9792224
MLS Listing,,Single Family Residential,66 Cairn Rd,Brockton,MA,02302,334900,3,1.0,Brockton,1172,10711,1957,27,286,,Active,,,http://www.redfin.com/MA/Brockton/66-Cairn-Rd-02302/home/16333577,MLS PIN,72644587,N,Y,42.0960616,-70.9959857
MLS Listing,,Single Family Residential,69 Auburn St,Brockton,MA,02302,285000,2,1.5,Brockton,1118,8163,1890,28,255,,Active,,,http://www.redfin.com/MA/Brockton/69-Auburn-St-02302/home/16321437,MLS PIN,72644247,N,Y,42.0612614,-71.0082558
MLS Listing,,Single Family Residential,19 Albert Ave,Brockton,MA,02302,329900,3,2.0,Brockton,984,8072,1970,28,335,,Active,,,http://www.redfin.com/MA/Brockton/19-Albert-Ave-02302/home/16335349,RIS,1251346,N,Y,42.0862994,-71.0069789
MLS Listing,,Single Family Residential,100 Fitzpatrick Ave,Brockton,MA,02301,319999,3,1.0,Brockton,1128,7222,1949,28,284,,Active,,,http://www.redfin.com/MA/Brockton/100-Fitzpatrick-Ave-02301/home/16327431,MLS PIN,72644152,N,Y,42.0934023,-71.0321451
MLS Listing,,Multi-Family (2-4 Unit),22 Arlington St,Brockton,MA,02301,459900,4,3.0,Brockton,2718,5998,1880,29,169,,Active,,,http://www.redfin.com/MA/Brockton/22-Arlington-St-02301/home/16325457,MLS PIN,72643784,N,Y,42.0809906,-71.02691
MLS Listing,,Single Family Residential,142 Carroll Ave,Brockton,MA,02301,359900,3,2.0,Brockton,1554,7200,1966,30,232,,Active,,,http://www.redfin.com/MA/Brockton/142-Carroll-Ave-02301/home/16318058,MLS PIN,72643621,N,Y,42.0643681,-71.0269374
MLS Listing,,Single Family Residential,3 Lorraine Ave,Brockton,MA,02301,405000,3,1.5,Brockton,2044,5994,1960,34,198,,Active,,,http://www.redfin.com/MA/Brockton/3-Lorraine-Ave-02301/home/16331860,MLS PIN,72642542,N,Y,42.0685441,-71.0518893
MLS Listing,,Single Family Residential,194 Prospect St,Brockton,MA,02302,299900,3,1.0,Brockton,912,6199,1991,35,329,,Active,,,http://www.redfin.com/MA/Brockton/194-Prospect-St-02301/home/16327165,MLS PIN,72642087,N,Y,42.0910011,-71.0282449
MLS Listing,,Single Family Residential,61 Cairn Rd,Brockton,MA,02302,319900,3,1.0,Brockton,1032,11853,1957,36,310,,Active,,,http://www.redfin.com/MA/Brockton/61-Cairn-Rd-02302/home/16334273,MLS PIN,72641834,N,Y,42.0958329,-70.9955213
MLS Listing,,Single Family Residential,87 Rockland St,Brockton,MA,02301,339900,3,1.0,Brockton,1008,10001,1957,36,337,,Active,,,http://www.redfin.com/MA/Brockton/87-Rockland-St-02301/home/16334393,MLS PIN,72641725,N,Y,42.0851701,-71.0609435
MLS Listing,,Multi-Family (2-4 Unit),40 Richmond St,Brockton,MA,02301,439900,4,2.0,Brockton,2188,11021,1893,37,201,,Active,May-17-2020 12:00 PM,May-17-2020 03:00 PM,http://www.redfin.com/MA/Brockton/40-Richmond-St-02301/home/16322493,MLS PIN,72641524,N,Y,42.096532,-71.0235668
MLS Listing,,Single Family Residential,302 N Warren St,Brockton,MA,02301,419900,3,2.5,Brockton Heights,1930,5615,1925,39,218,,Active,,,http://www.redfin.com/MA/Brockton/302-N-Warren-Ave-02301/home/16326758,MLS PIN,72641128,N,Y,42.0918321,-71.0260162
MLS Listing,,Multi-Family (2-4 Unit),98 Forest Ave,Brockton,MA,02301,599000,6,3.0,Brockton,2994,3049,1925,39,200,,Active,,,http://www.redfin.com/MA/Brockton/98-Forest-Ave-02301/home/16318117,MLS PIN,72641050,N,Y,42.072097,-71.0233348
MLS Listing,,Single Family Residential,3 Jordan St,Brockton,MA,02302,249900,2,1.0,Brockton,1075,7675,1960,40,232,,Active,,,http://www.redfin.com/MA/Brockton/3-Jordan-St-02302/home/16329981,MLS PIN,72640732,N,Y,42.1101561,-71.0138975
MLS Listing,,Single Family Residential,107 Ferris Ave,Brockton,MA,02302,369900,3,1.5,Brockton,1508,7667,1964,41,245,,Active,,,http://www.redfin.com/MA/Brockton/107-Ferris-Ave-02302/home/16320401,MLS PIN,72640584,N,Y,42.0679614,-71.00244
MLS Listing,,Single Family Residential,1161 N Main St,Brockton,MA,02301,499900,3,2.0,Brockton,3022,8577,1925,41,165,,Active,May-16-2020 11:00 AM,May-16-2020 01:00 PM,http://www.redfin.com/MA/Brockton/1161-N-Main-St-02301/home/16317269,MLS PIN,72640325,N,Y,42.1139998,-71.03369
MLS Listing,,Multi-Family (2-4 Unit),3 hamilton,Brockton,MA,02301,519900,4,2.0,Brockton,1447,4900,1884,41,359,,Active,,,http://www.redfin.com/MA/Brockton/3-Hamilton-St-02301/home/16325565,MLS PIN,72640292,N,Y,42.079955,-71.0306709
MLS Listing,,Single Family Residential,145 Linwood St,Brockton,MA,02301,399900,3,2.0,Brockton,1780,36303,1979,42,225,,Active,,,http://www.redfin.com/MA/Brockton/145-Linwood-St-02301/home/16331730,MLS PIN,72639849,N,Y,42.0630758,-71.0481256
MLS Listing,,Single Family Residential,26 Anawan St,Brockton,MA,02302,340000,3,1.0,Brockton,1483,,1969,43,229,,Active,,,http://www.redfin.com/MA/Brockton/26-Anawan-St-02302/home/16333373,MLS PIN,72639624,N,Y,42.0945228,-71.0048546
MLS Listing,,Condo/Co-op,75-77 Colonel Bell Dr #11,Brockton,MA,02301,239900,3,1.5,Brockton,1301,,1985,43,184,425,Active,,,http://www.redfin.com/MA/Brockton/75-Colonel-Bell-Dr-02301/unit-11/home/16871078,MLS PIN,72639599,N,Y,42.0926687,-71.0386545
MLS Listing,,Single Family Residential,160 Manomet St,Brockton,MA,02301,339900,3,1.5,Brockton,1344,6774,1950,44,253,,Active,,,http://www.redfin.com/MA/Brockton/160-Manomet-St-02301/home/16324871,MLS PIN,72639329,N,Y,42.0726958,-71.0307638
MLS Listing,,Single Family Residential,15 Beacon Park,Brockton,MA,02302,339900,3,2.0,Brockton,1650,6504,1900,44,206,,Active,,,http://www.redfin.com/MA/Brockton/15-Beacon-Park-02302/home/16332768,MLS PIN,72639304,N,Y,42.099921,-71.0089407
MLS Listing,,Single Family Residential,52 Galen,Brockton,MA,02302,289900,4,1.0,Brockton,1105,6808,1925,46,262,,Active,,,http://www.redfin.com/MA/Brockton/52-Galen-St-02302/home/16335636,MLS PIN,72638730,N,Y,42.0840954,-70.9929674
MLS Listing,,Condo/Co-op,221 Oak St Unit 14-31,Brockton,MA,02301,209900,2,2.0,Brockton,1155,,1982,46,182,238,Active,,,http://www.redfin.com/MA/Brockton/221-Oak-St-02301/unit-14-31/home/16328305,MLS PIN,72638711,N,Y,42.1011482,-71.0346962
MLS Listing,,Multi-Family (2-4 Unit),70 Calmar St,Brockton,MA,02301,599000,9,4.5,Brockton,3717,6599,1905,48,161,,Active,,,http://www.redfin.com/MA/Brockton/70-Calmar-St-02301/home/16317591,MLS PIN,72638340,N,Y,42.0655345,-71.0194345
MLS Listing,,Single Family Residential,28 Dutchland Ave,Brockton,MA,02301,314900,2,1.0,Brockton,1225,5998,1955,48,257,,Active,May-16-2020 11:00 AM,May-16-2020 01:00 PM,http://www.redfin.com/MA/Brockton/28-Dutchland-Ave-02301/home/16327595,MLS PIN,72638220,N,Y,42.1019303,-71.0363819
MLS Listing,,Multi-Family (2-4 Unit),230 Belmont St,Brockton,MA,02301,630000,3,3.5,Brockton,3332,2801,1900,49,189,,Active,,,http://www.redfin.com/MA/Brockton/230-Belmont-St-02301/home/16325511,MLS PIN,72637806,N,Y,42.0784672,-71.028937
MLS Listing,,Single Family Residential,48 Bates St,Brockton,MA,02302,290000,3,1.5,Brockton,1418,5149,1963,51,205,,Active,,,http://www.redfin.com/MA/Brockton/48-Bates-St-02302/home/16316667,MLS PIN,72637234,N,Y,42.077397,-71.0056904
MLS Listing,,Single Family Residential,17 Chamberlain Ct,Brockton,MA,02301,250000,3,1.0,Brockton,924,11696,1845,53,271,,Active,,,http://www.redfin.com/MA/Brockton/17-Chamberlain-Ct-02301/home/16325512,MLS PIN,72636843,N,Y,42.0780333,-71.0288137
MLS Listing,,Multi-Family (2-4 Unit),10 Day Ave,Brockton,MA,02301,650000,6,4.0,Brockton,3165,4940,1913,53,205,,Active,,,http://www.redfin.com/MA/Brockton/10-Day-Ave-02301/home/16325510,MLS PIN,72636841,N,Y,42.0781555,-71.0290923
MLS Listing,,Multi-Family (2-4 Unit),25-27-29 Grafton St,Brockton,MA,02301,575000,9,4.5,Brockton,3504,4204,1900,55,164,,Active,,,http://www.redfin.com/MA/Brockton/25-Grafton-St-02301/home/16337876,MLS PIN,72635766,N,Y,42.0773177,-71.0307419
MLS Listing,,Single Family Residential,11 Annella Rd,Brockton,MA,02302,299900,3,1.0,Brockton,1248,13068,1960,56,240,,Active,,,http://www.redfin.com/MA/Brockton/11-Annella-Rd-02302/home/16328948,MLS PIN,72635015,N,Y,42.1014196,-70.9935246
MLS Listing,,Multi-Family (2-4 Unit),34 Spring Ave,Brockton,MA,02302,475000,7,3.0,Campello,3329,6961,1899,57,143,,Active,,,http://www.redfin.com/MA/Brockton/34-Spring-Ave-02302/home/16319856,MLS PIN,72634959,N,Y,42.0717861,-71.0127947
MLS Listing,,Single Family Residential,47 Lewiston St,Brockton,MA,02302,379900,3,2.0,Brockton,1420,7200,1978,57,268,,Active,,,http://www.redfin.com/MA/Brockton/47-Lewiston-St-02302/home/16335985,MLS PIN,72634855,N,Y,42.0786554,-70.9816835
MLS Listing,,Single Family Residential,40 Willey St,Brockton,MA,02301,439900,4,3.0,Brockton,2565,12480,1959,57,172,,Active,,,http://www.redfin.com/MA/Brockton/40-Willey-St-02301/home/16324050,MLS PIN,72634528,N,Y,42.065238,-71.0290458
MLS Listing,,Single Family Residential,49 Falconer Ave,Brockton,MA,02301,329500,3,2.0,Brockton,1066,5502,1965,58,309,,Active,,,http://www.redfin.com/MA/Brockton/49-Falconer-Ave-02301/home/16319803,MLS PIN,72634216,N,Y,42.0674044,-71.0336425
MLS Listing,,Single Family Residential,140 Foster St,Brockton,MA,02301,328900,4,1.0,Brockton,1392,7802,1949,60,236,,Active,,,http://www.redfin.com/MA/Brockton/140-Foster-St-02301/home/16324791,MLS PIN,72633813,N,Y,42.0722636,-71.0276493
MLS Listing,,Single Family Residential,44 Westlea Ter,Brockton,MA,02301,359900,3,2.0,Brockton,1507,8686,1963,60,239,,Active,,,http://www.redfin.com/MA/Brockton/44-Thorny-Lea-Ter-02301/home/16319248,MLS PIN,72633808,N,Y,42.0832959,-71.0471963
MLS Listing,,Single Family Residential,29 Newton,Brockton,MA,02301,390000,5,2.5,Brockton,3250,8080,1885,60,120,,Active,,,http://www.redfin.com/MA/Brockton/29-Newton-St-02301/home/16318473,MLS PIN,72633797,N,Y,42.078076,-71.0264457
MLS Listing,,Single Family Residential,165 Moncrief St,Brockton,MA,02302,419900,5,2.0,Brockton,2160,10359,1970,61,194,,Active,,,http://www.redfin.com/MA/Brockton/165-Moncrief-St-02302/home/16316746,MLS PIN,72633329,N,Y,42.093052,-70.9990968
MLS Listing,,Single Family Residential,241 Rockland St,Brockton,MA,02301,629000,4,3.5,West Side,3316,15002,2010,61,190,,Active,,,http://www.redfin.com/MA/Brockton/241-Rockland-St-02301/home/40329417,MLS PIN,72633236,N,Y,42.0799282,-71.0619641
MLS Listing,,Single Family Residential,33 Mellen St,Brockton,MA,02301,304500,2,1.0,Brockton,1428,5950,1925,61,213,,Active,,,http://www.redfin.com/MA/Brockton/33-Mellen-St-02301/home/16322154,MLS PIN,72633210,N,Y,42.108945,-71.0324817
MLS Listing,,Single Family Residential,45 Rockland Dr,Brockton,MA,02301,445000,5,2.0,Brockton,2000,15628,1973,62,223,,Active,,,http://www.redfin.com/MA/Brockton/45-Rockland-Dr-02301/home/16319218,MLS PIN,72632964,N,Y,42.0846905,-71.0600625
MLS Listing,,Single Family Residential,35 Hemlock Ave,Brockton,MA,02302,479000,5,3.0,Brockton,2900,6969,1985,64,165,,Active,,,http://www.redfin.com/MA/Brockton/35-Hemlock-Ave-02302/home/16316863,MLS PIN,72630891,N,Y,42.0700667,-71.0132126
MLS Listing,,Single Family Residential,114 Laureston St,Brockton,MA,02301,143900,3,1.0,Brockton,948,2727,1960,65,152,,Active,,,http://www.redfin.com/MA/Brockton/114-Laureston-St-02301/home/16322930,MLS PIN,72630509,N,Y,42.0684232,-71.0192532
MLS Listing,,Single Family Residential,93 West St,Brockton,MA,02301,329900,3,1.5,Brockton,1159,7200,1925,65,285,,Active,,,http://www.redfin.com/MA/Brockton/93-West-St-02301/home/16332130,MLS PIN,72630388,N,Y,42.0855285,-71.0460392
MLS Listing,,Single Family Residential,27 Marion Ave,Brockton,MA,02301,349000,3,1.5,Brockton,1184,6382,1915,66,295,,Active,,,http://www.redfin.com/MA/Brockton/27-Marion-Ave-02301/home/16323903,MLS PIN,72630075,N,Y,42.0634069,-71.0240661
MLS Listing,,Single Family Residential,256 Copeland St,Brockton,MA,02301,419000,3,1.5,Brockton,2040,27073,1950,69,205,,Active,,,http://www.redfin.com/MA/Brockton/256-Copeland-St-02301/home/40292980,MLS PIN,72629240,N,Y,42.0528397,-71.0200178
MLS Listing,,Single Family Residential,331 No Cary,Brockton,MA,02302,309900,3,1.0,Brockton,980,10363,1925,71,316,,Active,,,http://www.redfin.com/MA/Brockton/331-N-Cary-St-02302/home/16333102,MLS PIN,72627220,N,Y,42.0984673,-71.0082907
MLS Listing,,Single Family Residential,71 KATHLEEN Rd,Brockton,MA,02302,338900,3,1.0,Brockton,1031,7687,1958,72,329,,Active,,,http://www.redfin.com/MA/Brockton/71-Kathleen-Rd-02302/home/16336309,MLS PIN,72626847,N,Y,42.0903685,-70.9978546
MLS Listing,,Single Family Residential,134 Spring St,Brockton,MA,02301,449900,5,1.5,Brockton,2077,8808,1892,74,217,,Active,,,http://www.redfin.com/MA/Brockton/134-Spring-St-02301/home/16318175,MLS PIN,72626071,N,Y,42.0858494,-71.0256564
MLS Listing,,Single Family Residential,133 Prospect Ave,Brockton,MA,02301,370000,4,1.5,Brockton,1872,12650,1923,75,198,,Active,,,http://www.redfin.com/MA/Brockton/133-Prospect-Ave-02301/home/16327201,MLS PIN,72625822,N,Y,42.0892593,-71.0320884
MLS Listing,,Single Family Residential,3 N Bassett Rd,Brockton,MA,02301,330000,3,1.5,Brockton,1232,9601,1955,76,268,,Active,,,http://www.redfin.com/MA/Brockton/3-N-Bassett-Rd-02301/home/16329747,MLS PIN,72625360,N,Y,42.084717,-71.0410713
MLS Listing,,Multi-Family (2-4 Unit),52 Plain St,Brockton,MA,02301,429000,5,3.0,Brockton,2000,3698,1900,76,215,,Active,,,http://www.redfin.com/MA/Brockton/52-Plain-St-02301/home/16321466,MLS PIN,72625198,N,Y,42.0603052,-71.012656
MLS Listing,,Single Family Residential,8 Shaw Rd,Brockton,MA,02301,359900,3,1.5,Brockton,1436,7405,1962,77,251,,Active,,,http://www.redfin.com/MA/Brockton/8-Shaw-Rd-02301/home/16332002,MLS PIN,72624007,N,Y,42.0673266,-71.0532821
MLS Listing,,Multi-Family (2-4 Unit),50 Farrington St,Brockton,MA,02301,499000,10,4.0,Brockton,2160,15499,1950,78,231,,Active,,,http://www.redfin.com/MA/Brockton/50-Farrington-St-02301/home/16322819,MLS PIN,72623462,N,Y,42.0922078,-71.0216168
MLS Listing,,Single Family Residential,12 James St,Brockton,MA,02302,370000,3,2.0,Brockton,1407,8259,1957,83,263,,Active,,,http://www.redfin.com/MA/Brockton/12-James-St-02302/home/14804831,MLS PIN,72622158,N,Y,42.0678758,-71.0134912
MLS Listing,,Single Family Residential,12 Woodbine St,Brockton,MA,02301,304900,3,1.5,Brockton,1295,7200,1880,86,235,,Active,May-17-2020 11:00 AM,May-17-2020 02:00 PM,http://www.redfin.com/MA/Brockton/12-Woodbine-St-02301/home/16323981,MLS PIN,72620318,N,Y,42.0575473,-71.0229169
MLS Listing,,Multi-Family (2-4 Unit),47 Kingman St,Brockton,MA,02302,310000,4,2.0,Brockton,1536,6242,1900,87,202,,Active,,,http://www.redfin.com/MA/Brockton/47-Kingman-St-02302/home/16335805,MLS PIN,72620089,N,Y,42.08258,-71.0019757
MLS Listing,,Condo/Co-op,146 Court St #801,Brockton,MA,02302,192500,1,1.0,Brockton,599,,2006,89,321,259,Active,,,http://www.redfin.com/MA/Brockton/146-Court-St-02302/unit-801/home/18864098,MLS PIN,72619589,N,Y,42.0865335,-71.0152702
MLS Listing,,Multi-Family (2-4 Unit),395 Belmont St,Brockton,MA,02301,607000,7,3.0,Brockton,2773,7331,1905,90,219,,Active,May-16-2020 12:00 PM,May-16-2020 01:00 PM,http://www.redfin.com/MA/Brockton/395-Belmont-St-02301/home/16318546,MLS PIN,72619339,N,Y,42.0770942,-71.0361962
MLS Listing,,Single Family Residential,161 N Pearl St,Brockton,MA,02301,339800,2,1.5,Brockton Heights,1394,10803,1952,90,244,,Active,,,http://www.redfin.com/MA/Brockton/161-N-Pearl-St-02301/home/16334343,MLS PIN,72619133,N,Y,42.0947954,-71.0647033
MLS Listing,,Vacant Land,Lot 2A Briarcliff,Brockton,MA,02301,325000,,,Brockton,,56628,,91,,,Active,,,http://www.redfin.com/MA/Brockton/2-Briarcliff-Rd-02301/home/28925228,MLS PIN,72618891,N,Y,42.076943,-71.053032
MLS Listing,,Condo/Co-op,685 Oak St Unit 19-11,Brockton,MA,02301,209900,2,1.5,Brockton,1105,,1972,91,190,454,Active,,,http://www.redfin.com/MA/Brockton/685-Oak-St-02301/unit-19-11/home/16332457,MLS PIN,72618538,N,Y,42.1029951,-71.0556016
MLS Listing,,Multi-Family (2-4 Unit),138 Forest Ave,Brockton,MA,02301,539900,4,2.0,Brockton,2089,6652,1924,94,258,,Active,,,http://www.redfin.com/MA/Brockton/138-Forest-Ave-02301/home/16324591,MLS PIN,72617471,N,Y,42.0719058,-71.0250528
MLS Listing,,Multi-Family (2-4 Unit),148 N Warren Ave,Brockton,MA,02301,729000,10,4.0,Brockton,3416,10450,1925,102,213,,Active,,,http://www.redfin.com/MA/Brockton/148-N-Warren-Ave-02301/home/16318218,MLS PIN,72614425,N,Y,42.0888559,-71.0247054
MLS Listing,,Single Family Residential,114 Ford St,Brockton,MA,02301,259900,3,1.5,Brockton,1820,4670,1925,105,143,,Active,,,http://www.redfin.com/MA/Brockton/114-Ford-St-02301/home/16326711,MLS PIN,72613182,N,Y,42.0941719,-71.0246788
MLS Listing,,Multi-Family (2-4 Unit),10 Main St Pl,Brockton,MA,02301,630000,7,4.0,Brockton,2610,3866,1935,105,241,,Active,,,http://www.redfin.com/MA/Brockton/10-Main-St-Pl-02301/home/16321400,MLS PIN,72612998,N,Y,42.072021,-71.018036
MLS Listing,,Condo/Co-op,10 Longworth Ave #8,Brockton,MA,02301,170000,2,1.0,Brockton,928,,1988,106,183,288,Active,,,http://www.redfin.com/MA/Brockton/10-Longworth-Ave-02301/unit-8/home/16323746,MLS PIN,72612673,N,Y,42.0524297,-71.0138996
MLS Listing,,Single Family Residential,172 Southworth,Brockton,MA,02301,350000,4,1.5,Brockton,1402,10123,1967,118,250,,Active,,,http://www.redfin.com/MA/Brockton/172-Southworth-St-02301/home/16323695,MLS PIN,72608942,N,Y,42.0566857,-71.0276993
MLS Listing,,Single Family Residential,23 Macy Ave,Brockton,MA,02302,281900,2,1.0,Brockton,768,6922,1957,121,367,,Active,,,http://www.redfin.com/MA/Brockton/23-Macy-Ave-02302/home/16337035,MLS PIN,72607469,N,Y,42.0791821,-71.0058761
MLS Listing,,Single Family Residential,71 Royal Rd,Brockton,MA,02302,249900,3,1.0,Brockton,,,,130,,,Active,,,http://www.redfin.com/MA/Brockton/71-Royal-Rd-02302/home/16334433,MLS PIN,72604458,N,Y,42.0967301,-70.9846554
MLS Listing,,Multi-Family (2-4 Unit),205 Pleasant St,Brockton,MA,02301,849900,9,6.0,Brockton,3900,14532,2020,132,218,,Active,,,http://www.redfin.com/MA/Brockton/205-Pleasant-St-02301/home/16318226,MLS PIN,72603977,N,Y,42.0868013,-71.0268055
MLS Listing,,Single Family Residential,85 Goldfinch Dr,Brockton,MA,02301,630000,4,2.5,Brockton,2261,30056,2014,132,279,,Active,May-16-2020 02:30 PM,May-16-2020 04:30 PM,http://www.redfin.com/MA/Brockton/85-Goldfinch-Dr-02301/home/45117235,MLS PIN,72603701,N,Y,42.07993,-71.0757528
MLS Listing,,Multi-Family (2-4 Unit),45 Fulton St,Brockton,MA,02301,535000,7,4.0,Brockton,3066,5950,1871,140,174,,Active,,,http://www.redfin.com/MA/Brockton/45-Fulton-St-02301/home/16323256,MLS PIN,72602474,N,Y,42.0642403,-71.018413
MLS Listing,,Multi-Family (5+ Unit),94 N warren Ave,Brockton,MA,02301,550000,7,5.0,Brockton,2800,9644,1925,149,196,,Active,,,http://www.redfin.com/MA/Brockton/94-N-Warren-Ave-02301/home/16325982,MLS PIN,72601069,N,Y,42.0876571,-71.0244492
MLS Listing,,Single Family Residential,64 Bassett Rd,Brockton,MA,02301,500000,4,2.5,Brockton,3057,11543,1925,162,164,,Active,,,http://www.redfin.com/MA/Brockton/64-Bassett-Rd-02301/home/16319416,MLS PIN,72597558,N,Y,42.0774798,-71.0388891
MLS Listing,,Multi-Family (2-4 Unit),26 Lilly Ave,Brockton,MA,02301,639000,9,4.0,Brockton,3500,6560,1925,169,183,,Active,,,http://www.redfin.com/MA/Brockton/26-Lilly-Ave-02301/home/16323818,MLS PIN,72596130,N,Y,42.0621985,-71.0208739
MLS Listing,,Single Family Residential,47 Richmond,Brockton,MA,02301,357000,3,2.0,Brockton,1401,7065,1988,178,255,,Active,,,http://www.redfin.com/MA/Brockton/47-Richmond-St-02301/home/16322388,MLS PIN,72593441,N,Y,42.0968351,-71.0240313
MLS Listing,,Single Family Residential,406 Centre St,Brockton,MA,02302,128340,1,1.0,Brockton,600,3132,1920,201,214,,Active,,,http://www.redfin.com/MA/Brockton/406-Centre-St-02302/home/16335294,MLS PIN,72585038,N,Y,42.0845295,-71.0031767
MLS Listing,,Townhouse,419 Main St #5,Brockton,MA,02301,189900,2,2.0,Brockton,999,,1920,208,190,300,Active,,,http://www.redfin.com/MA/Brockton/419-Main-St-02301/unit-5/home/16337567,MLS PIN,72582150,N,Y,42.0768946,-71.0199447
MLS Listing,,Single Family Residential,117 Alger St,Brockton,MA,02302,599900,4,2.5,Brockton,3500,551470,2020,225,171,,Active,,,http://www.redfin.com/MA/Brockton/117-Alger-St-02302/home/169250360,MLS PIN,72573083,N,Y,42.078392,-70.9782195
MLS Listing,,Vacant Land,0 Waverly Park Ave Lot 203,Brockton,MA,02302,250000,,,Brockton,,131551,,259,,,Active,,,http://www.redfin.com/MA/Brockton/Waverly-Park-Ave-02302/unit-203/home/168799738,MLS PIN,72555714,N,Y,42.047611,-70.9894311
MLS Listing,,Single Family Residential,14 Heritage Ct Lot 22,Brockton,MA,02302,539900,4,2.5,Woodland Park,2200,10890,2019,267,245,45,Active,,,http://www.redfin.com/MA/Brockton/14-Heritage-Ct-02302/unit-22/home/168689892,MLS PIN,72552343,N,Y,42.1109231,-70.9921126
MLS Listing,,Single Family Residential,22 Heritage Ct #23,Brockton,MA,02302,565000,4,2.5,Woodland Park,2540,11325,2019,267,222,45,Active,,,http://www.redfin.com/MA/Brockton/22-Heritage-Ct-02302/unit-23/home/168688833,MLS PIN,72552233,N,Y,42.1109231,-70.9921126
MLS Listing,,Single Family Residential,78 Bouve Ave,Brockton,MA,02301,439000,5,3.5,West side,1216,8276,1940,312,361,,Active,,,http://www.redfin.com/MA/Brockton/78-Bouve-Ave-02301/home/16330949,MLS PIN,72529730,N,Y,42.0684089,-71.0296959
MLS Listing,,Multi-Family (5+ Unit),99 warren Ave,Brockton,MA,02301,1800000,2,10.0,Brockton,10845,7405,1905,420,166,,Active,,,http://www.redfin.com/MA/Brockton/99-Warren-Ave-02301/home/16318161,MLS PIN,72468127,N,Y,42.0838178,-71.0232651
MLS Listing,,Vacant Land,0 Waverly Park Ave Lot 211R,Brockton,MA,02302,150000,,,Brockton,,78843,,432,,,Active,,,http://www.redfin.com/MA/Brockton/Waverly-Park-Ave-02302/unit-211R/home/160629010,MLS PIN,72462797,N,Y,42.047611,-70.9894311
MLS Listing,,Single Family Residential,130 Riverview,Brockton,MA,02302,269900,3,1.0,Brockton,1441,7144,1925,460,187,,Active,,,http://www.redfin.com/MA/Brockton/130-Riverview-St-02302/home/16319890,MLS PIN,72451163,N,Y,42.066113,-71.0040652
