SALE TYPE,SOLD DATE,PROPERTY TYPE,ADDRESS,CITY,STATE OR PROVINCE,ZIP OR POSTAL CODE,PRICE,BEDS,BATHS,LOCATION,SQUARE FEET,LOT SIZE,YEAR BUILT,DAYS ON MARKET,$/SQUARE FEET,HOA/MONTH,STATUS,NEXT OPEN HOUSE START TIME,NEXT OPEN HOUSE END TIME,URL (SEE http://www.redfin.com/buy-a-home/comparative-market-analysis FOR INFO ON PRICING),SOURCE,MLS#,FAVORITE,INTERESTED,LATITUDE,LONGITUDE
MLS Listing,,Single Family Residential,120 Peter Hans Rd,Carlisle,MA,01741,1100000,4,3.5,Carlisle,3078,87120,1965,1,357,,Active,May-14-2020 11:00 AM,May-14-2020 12:30 PM,http://www.redfin.com/MA/Carlisle/120-Peter-Hans-Rd-01741/home/8465005,MLS PIN,72655411,N,Y,42.5274297,-71.3240988
MLS Listing,,Single Family Residential,266 East St,Carlisle,MA,01741,950000,4,3.0,Carlisle,3721,139392,1984,7,255,,Active,May-16-2020 12:00 PM,May-16-2020 01:30 PM,http://www.redfin.com/MA/Carlisle/266-East-St-01741/home/8466955,MLS PIN,72652339,N,Y,42.5345502,-71.3406619
MLS Listing,,Single Family Residential,480 Rutland St,Carlisle,MA,01741,825000,4,4.0,Carlisle,3232,95832,1972,7,255,,Active,May-16-2020 03:00 PM,May-16-2020 04:30 PM,http://www.redfin.com/MA/Carlisle/480-Rutland-St-01741/home/8469228,MLS PIN,72652144,N,Y,42.5528514,-71.3257691
MLS Listing,,Vacant Land,0 RUTLAND St,Carlisle,MA,01741,465000,,,Carlisle,,100188,,8,,,Active,,,http://www.redfin.com/MA/CARLISLE/RUTLAND-ST-01741/home/85686473,MLS PIN,72651666,N,Y,42.550132,-71.32939
MLS Listing,,Single Family Residential,190 Bingham Rd,Carlisle,MA,01741,699900,3,2.0,Carlisle,1732,87120,1969,14,404,,Active,May-15-2020 11:00 AM,May-15-2020 12:30 PM,http://www.redfin.com/MA/Carlisle/190-Bingham-Rd-01741/home/11775216,MLS PIN,72649073,N,Y,42.5239639,-71.3660386
MLS Listing,,Single Family Residential,965 Bedford Rd,Carlisle,MA,01741,1799000,5,4.5,Carlisle,6040,90169,2007,19,298,,Active,,,http://www.redfin.com/MA/Carlisle/965-Bedford-Rd-01741/home/8469545,MLS PIN,72647466,N,Y,42.5154702,-71.3211527
MLS Listing,,Single Family Residential,94 Long Ridge Rd,Carlisle,MA,01741,1260000,4,3.5,Carlisle,3037,13777,2020,20,415,60,Active,,,http://www.redfin.com/MA/Carlisle/94-Long-Ridge-Rd-01741/home/171407783,MLS PIN,72647063,N,Y,42.511119,-71.3333909
MLS Listing,,Single Family Residential,48 Bingham Rd,Carlisle,MA,01741,925000,4,1.0,Carlisle,1400,283140,1958,22,661,,Active,,,http://www.redfin.com/MA/Carlisle/48-Bingham-Rd-01741/home/8460664,MLS PIN,72646009,N,Y,42.524803,-71.360426
MLS Listing,,Single Family Residential,357 Brook St,Carlisle,MA,01741,499999,3,1.0,Carlisle,1185,87120,,46,422,,Active,,,http://www.redfin.com/MA/Carlisle/357-Brook-St-01741/home/8461177,MLS PIN,72638710,N,Y,42.5299153,-71.3254443
MLS Listing,,Single Family Residential,88 Forest Park Dr,Carlisle,MA,01741,740000,3,2.0,Carlisle,2588,108900,1959,49,286,,Active,,,http://www.redfin.com/MA/Carlisle/88-Forest-Park-Dr-01741/home/8466323,MLS PIN,72638015,N,Y,42.5407883,-71.37977
MLS Listing,,Single Family Residential,89 Davis Rd,Carlisle,MA,01741,1559000,5,5.5,Carlisle,6100,87556,2000,55,256,,Active,,,http://www.redfin.com/MA/Carlisle/89-Davis-Rd-01741/home/8460095,MLS PIN,72635848,N,Y,42.5229219,-71.3270218
MLS Listing,,Single Family Residential,133 Hutchins Rd,Carlisle,MA,01741,1300000,5,4.5,Tall Pines,4800,87242,1999,56,271,,Active,,,http://www.redfin.com/MA/Carlisle/133-Hutchins-Rd-01741/home/8460072,MLS PIN,72635353,N,Y,42.5421101,-71.3783783
MLS Listing,,Vacant Land,0 Munroe Hl,Carlisle,MA,01741,450000,,,Carlisle,,87120,,63,,,Active,,,http://www.redfin.com/MA/CARLISLE/MUNROE-HILL-RD-01741/home/85686454,MLS PIN,72631963,N,Y,42.533243,-71.363968
MLS Listing,,Single Family Residential,523 Bedford Rd,Carlisle,MA,01741,1295000,4,3.5,Carlisle,4233,210830,1986,64,306,,Active,,,http://www.redfin.com/MA/Carlisle/523-Bedford-Rd-01741/home/8464825,MLS PIN,72630976,N,Y,42.5237612,-71.332218
MLS Listing,,Single Family Residential,180 Hemlock Hill Rd,Carlisle,MA,01741,1225000,4,3.5,Carlisle,5052,94961,1987,77,242,,Active,,,http://www.redfin.com/MA/Carlisle/180-Hemlock-Hill-Rd-01741/home/8467929,MLS PIN,72624768,N,Y,42.5421137,-71.3213615
MLS Listing,,Single Family Residential,49 Milne Cove Rd,Carlisle,MA,01741,999900,4,3.5,Carlisle,4548,95832,1975,77,220,,Active,May-17-2020 03:00 PM,May-17-2020 04:30 PM,http://www.redfin.com/MA/Carlisle/49-Milne-Cove-Rd-01741/home/8467874,MLS PIN,72624096,N,Y,42.5367793,-71.3193664
MLS Listing,,Single Family Residential,43 Prospect St,Carlisle,MA,01741,1299000,4,4.5,Carlisle,4375,87555,2002,95,297,,Active,,,http://www.redfin.com/MA/Carlisle/43-Prospect-St-01741/home/8462360,MLS PIN,72617296,N,Y,42.5031224,-71.3327516
MLS Listing,,Vacant Land,A-1 Curve St,Carlisle,MA,01741,450000,,,Carlisle,,551469,,152,,,Active,,,http://www.redfin.com/MA/Carlisle/A-1-Curve-St-01741/home/170072861,MLS PIN,72600477,N,Y,42.546829,-71.371379
MLS Listing,,Single Family Residential,75 Hartwell Rd,Carlisle,MA,01741,1250000,5,4.5,Carlisle,5647,87129,1995,152,221,260,Active,,,http://www.redfin.com/MA/Carlisle/75-Hartwell-Rd-01741/home/8463375,MLS PIN,72600446,N,Y,42.5059428,-71.3759893
MLS Listing,,Single Family Residential,30 Virginia Farme Ln,Carlisle,MA,01741,1379000,4,3.5,Carlisle,4264,89167,2020,184,323,,Active,,,http://www.redfin.com/MA/Carlisle/30-Virginia-Farme-Ln-01741/home/169776366,MLS PIN,72591196,N,Y,42.5323974,-71.3654622
MLS Listing,,Single Family Residential,91 Carleton Rd,Carlisle,MA,01741,775000,4,3.5,Carlisle,2984,87120,1974,188,260,,Active,,,http://www.redfin.com/MA/Carlisle/91-Carleton-Rd-01741/home/8467260,MLS PIN,72589734,N,Y,42.5332394,-71.3355121
MLS Listing,,Townhouse,8 Garrison Way #8,Carlisle,MA,01741,899900,2,2.5,Carlisle,2330,,2019,189,386,475,Active,,,http://www.redfin.com/MA/Carlisle/81-Russell-St-01741/unit-8/home/145243344,MLS PIN,72589172,N,Y,42.5167837,-71.3590214
MLS Listing,,Single Family Residential,1140 Concord St,Carlisle,MA,01741,699000,3,2.0,Carlisle,1631,103237,1930,198,429,,Active,,,http://www.redfin.com/MA/Carlisle/1140-Concord-St-01741/home/8463261,MLS PIN,72585396,N,Y,42.504235,-71.370519
MLS Listing,,Single Family Residential,13 Garrison Way #13,Carlisle,MA,01741,899900,2,2.5,Garrison Place,2330,,2019,216,386,,Active,,,http://www.redfin.com/MA/Carlisle/81-Russell-St-01741/unit-13/home/169385050,MLS PIN,72578045,N,Y,42.516749,-71.359013
MLS Listing,,Single Family Residential,5 Garrison Way #5,Carlisle,MA,01741,889900,2,2.5,Carlisle,2690,,2019,246,331,,Active,,,http://www.redfin.com/MA/Carlisle/81-Russell-St-01741/unit-5/home/168963206,MLS PIN,72562002,N,Y,42.516749,-71.359013
MLS Listing,,Single Family Residential,76 Sorli Way,Carlisle,MA,01741,3275000,4,4.5,Hanover Hill,6020,182516,2010,340,544,33,Active,,,http://www.redfin.com/MA/Carlisle/76-Sorli-Way-01741/home/39890771,MLS PIN,72515329,N,Y,42.5331168,-71.371907
MLS Listing,,Townhouse,4 Garrison Way #4,Carlisle,MA,01741,899900,2,2.5,Carlisle,2330,,2019,439,386,450,Active,,,http://www.redfin.com/MA/Carlisle/81-Russell-St-01741/unit-4/home/146195821,MLS PIN,72459385,N,Y,42.5167837,-71.3590214
MLS Listing,,Single Family Residential,4 Garrison Way,Carlisle,MA,01741,899900,2,2.5,Carlisle,2330,,2018,439,386,,Active,,,http://www.redfin.com/MA/Carlisle/Garrison-Way-01741/home/167719745,MLS PIN,72459381,N,Y,42.5298,-71.3511
