SALE TYPE,SOLD DATE,PROPERTY TYPE,ADDRESS,CITY,STATE OR PROVINCE,ZIP OR POSTAL CODE,PRICE,BEDS,BATHS,LOCATION,SQUARE FEET,LOT SIZE,YEAR BUILT,DAYS ON MARKET,$/SQUARE FEET,HOA/MONTH,STATUS,NEXT OPEN HOUSE START TIME,NEXT OPEN HOUSE END TIME,URL (SEE http://www.redfin.com/buy-a-home/comparative-market-analysis FOR INFO ON PRICING),SOURCE,MLS#,FAVORITE,INTERESTED,LATITUDE,LONGITUDE
MLS Listing,,Single Family Residential,16 Bisbee Dr,Carver,MA,02330,249900,2,3.0,Carver,1400,154202,1984,2,179,,Active,,,http://www.redfin.com/MA/Carver/16-Bisbee-Dr-02330/home/16339780,MLS PIN,72654455,N,Y,41.8847867,-70.7550619
MLS Listing,,Vacant Land,6 Crescent Rd,Carver,MA,02330,219900,,,Carver,,246549,,13,,,Active,,,http://www.redfin.com/MA/Carver/6-Crescent-Rd-02330/home/16339772,MLS PIN,72649443,N,Y,41.8816643,-70.7620788
MLS Listing,,Mobile/Manufactured Home,24 Adams Cir,Carver,MA,02330,220000,3,2.0,Cranberry Village,1344,5000,2020,13,164,510,Active,,,http://www.redfin.com/MA/Carver/24-Adams-Cir-02330/home/148534013,MLS PIN,72649410,N,Y,41.8400136,-70.7232222
MLS Listing,,Vacant Land,129 Center St,Carver,MA,02330,99900,,,Carver,,30927,,27,,,Active,,,http://www.redfin.com/MA/Carver/129-Center-St-02330/unit-A/home/16338902,MLS PIN,72644803,N,Y,41.913789,-70.7730385
MLS Listing,,Single Family Residential,19 Everett St,Carver,MA,02330,234900,2,1.0,South Carver,560,10890,1970,28,419,,Active,,,http://www.redfin.com/MA/Carver/19-Everett-St-02330/home/16338279,MLS PIN,72644238,N,Y,41.8384643,-70.7757827
MLS Listing,,Single Family Residential,3 Everett St,Carver,MA,02330,319000,3,1.0,Carver,985,10890,1968,36,324,,Active,,,http://www.redfin.com/MA/Carver/3-Everett-St-02330/home/16338605,MLS PIN,72641639,N,Y,41.8393596,-70.7739824
MLS Listing,,Single Family Residential,1 Linbias Path,Carver,MA,02330,574900,3,2.5,Linbia's Path,3500,30044,2020,42,164,,Active,,,http://www.redfin.com/MA/Carver/1-Linbias-PATH-02330/home/171240284,MLS PIN,72639721,N,Y,41.8587338,-70.7406358
MLS Listing,,Mobile/Manufactured Home,34 Marks Way,Carver,MA,02330,129000,3,2.0,Carver,1512,,2004,52,85,552,Active,,,http://www.redfin.com/MA/Carver/34-Marks-Way-02330/home/171171248,MLS PIN,72636845,N,Y,41.8268502,-70.7326885
MLS Listing,,Single Family Residential,6 Kestrel Way,Carver,MA,02330,659000,4,2.5,Kingsbury Hollow,2458,43269,2009,53,268,95,Active,,,http://www.redfin.com/MA/Carver/6-Kestrel-Way-02330/home/28465820,MLS PIN,72636748,N,Y,41.9280364,-70.7617057
MLS Listing,,Single Family Residential,62 Great Meadow Rd,Carver,MA,02330,429900,3,2.0,Carver,1900,25196,2020,54,226,,Active,,,http://www.redfin.com/MA/Carver/62-Great-Meadow-Dr-02330/home/171164911,MLS PIN,72636502,N,Y,41.9036745,-70.7994039
MLS Listing,,Townhouse,28 Santana Way #28,Carver,MA,02330,429000,2,2.5,North Carver,1863,,2020,61,230,210,Active,May-16-2020 01:00 PM,May-16-2020 03:00 PM,http://www.redfin.com/MA/Carver/28-Santana-WAY-02330/unit-28/home/171099634,MLS PIN,72633140,N,Y,41.8587338,-70.7406358
MLS Listing,,Townhouse,29 Santana Way #29,Carver,MA,02330,429000,2,2.5,North Carver,1780,,2020,63,241,210,Active,May-16-2020 01:00 PM,May-16-2020 03:00 PM,http://www.redfin.com/MA/Carver/29-Santana-WAY-02330/unit-29/home/171057105,MLS PIN,72631992,N,Y,41.8587338,-70.7406358
MLS Listing,,Townhouse,27 Santana Way #27,Carver,MA,02330,429000,2,2.5,North Carver,1780,,2020,63,241,210,Active,May-16-2020 01:00 PM,May-16-2020 03:00 PM,http://www.redfin.com/MA/Carver/27-Santana-WAY-02330/unit-27/home/171056146,MLS PIN,72631887,N,Y,41.8587338,-70.7406358
MLS Listing,,Single Family Residential,lot 9 Ewell St,Carver,MA,02330,500000,3,2.5,Carver,1802,34621,2020,65,277,,Active,,,http://www.redfin.com/MA/Carver/lot-9-Ewell-ST-02330/home/171041121,MLS PIN,72630507,N,Y,41.8587338,-70.7406358
MLS Listing,,Mobile/Manufactured Home,22 Kennedy Dr,Carver,MA,02330,144900,2,2.0,"Cranberry Village, a Resident Owned Community 55+ pk",1320,,1979,66,110,510,Active,,,http://www.redfin.com/MA/Carver/22-Kennedy-Dr-02330/home/84790553,MLS PIN,72630187,N,Y,41.8377533,-70.7217676
MLS Listing,,Townhouse,22 Santana Way #22,Carver,MA,02330,429000,2,2.5,North Carver,1863,,2020,81,230,210,Active,May-16-2020 01:00 PM,May-16-2020 03:00 PM,http://www.redfin.com/MA/Carver/22-Santana-WAY-02330/unit-22/home/170634525,MLS PIN,72622766,N,Y,41.8587338,-70.7406358
MLS Listing,,Townhouse,23 Santana Way #23,Carver,MA,02330,429000,2,2.5,North Carver,1780,,2020,81,241,210,Active,May-16-2020 01:00 PM,May-16-2020 03:00 PM,http://www.redfin.com/MA/Carver/23-Santana-WAY-02330/unit-23/home/170634133,MLS PIN,72622750,N,Y,41.8587338,-70.7406358
MLS Listing,,Townhouse,21 Santana Way #21,Carver,MA,02330,429000,2,2.5,North Carver,1780,,2020,81,241,210,Active,May-16-2020 01:00 PM,May-16-2020 03:00 PM,http://www.redfin.com/MA/Carver/21-Santana-WAY-02330/unit-21/home/170633356,MLS PIN,72622710,N,Y,41.8587338,-70.7406358
MLS Listing,,Mobile/Manufactured Home,7 Cheryl Ln,Carver,MA,02330,159900,2,1.5,Pine Tree Village Residents Association,784,5000,2020,91,204,552,Active,,,http://www.redfin.com/MA/Carver/7-Cheryl-Ln-02330/home/138488263,MLS PIN,72618940,N,Y,41.8266539,-70.7362896
MLS Listing,,Single Family Residential,14 Commons Dr,Carver,MA,02330,729900,4,2.5,Tofftree Commons,3600,70959,2004,111,203,,Active,,,http://www.redfin.com/MA/Carver/14-Commons-Dr-02330/home/16341317,MLS PIN,72611028,N,Y,41.9238777,-70.7597079
MLS Listing,,Single Family Residential,66 Purchase St,Carver,MA,02330,374900,3,2.0,Carver,1428,22651,1977,113,263,,Active,,,http://www.redfin.com/MA/Carver/66-Purchase-St-02330/home/16338978,MLS PIN,72610141,N,Y,41.8920273,-70.7994292
MLS Listing,,Mobile/Manufactured Home,41-7 So Meadow Vlg,Carver,MA,02330,144900,2,2.0,Carver,1100,,1979,116,132,,Active,,,http://www.redfin.com/MA/Carver/41-S-Meadow-Rd-02330/home/113968897,CCIMLS,22000346,N,Y,41.8888355,-70.7560843
MLS Listing,,Mobile/Manufactured Home,41-7 S Meadow Vlg Unit 41-7,Carver,MA,02330,144900,2,2.0,Carver,1100,,1979,120,132,335,Active,,,http://www.redfin.com/MA/Carver/41-S-Meadow-Rd-02330/unit-41-7/home/170280110,MLS PIN,72607671,N,Y,41.8888355,-70.7560843
MLS Listing,,Vacant Land,0 Meadow [4 Lot see info],Carver,MA,02330,225700,,,Carver,,1723669,,170,,,Active,,,http://www.redfin.com/MA/Carver/96-N-Main-St-02330/unit-see-info/home/169940839,MLS PIN,72595974,N,Y,41.9214947,-70.8044329
MLS Listing,,Vacant Land,0 Meadow St. [81-4-0-R],Carver,MA,02330,73700,,,Carver,,254391,,170,,,Active,,,http://www.redfin.com/MA/Carver/81-Meadow-St-02330/home/169940838,MLS PIN,72595972,N,Y,41.8706106,-70.7799164
MLS Listing,,Vacant Land,0 Meadow St. [Lot 87-4-0-R],Carver,MA,02330,2500,,,Carver,,17424,,170,,,Active,,,http://www.redfin.com/MA/Carver/96-N-Main-St-02330/home/144315284,MLS PIN,72595971,N,Y,41.9214254,-70.804798
MLS Listing,,Townhouse,19 Santana Way #19,Carver,MA,02330,419000,2,2.5,North Carver,1863,,2020,240,225,210,Active,May-16-2020 01:00 PM,May-16-2020 03:00 PM,http://www.redfin.com/MA/Carver/19-Santana-WAY-02330/unit-19/home/169074892,MLS PIN,72565617,N,Y,41.8587338,-70.7406358
MLS Listing,,Single Family Residential,17 Pleasant St,Carver,MA,02330,489900,3,2.5,Carver,1820,68282,2019,265,269,,Active,,,http://www.redfin.com/MA/Carver/17-Pleasant-St-02330/home/169802534,MLS PIN,72553782,N,Y,41.9378347,-70.7848791
