SALE TYPE,SOLD DATE,PROPERTY TYPE,ADDRESS,CITY,STATE OR PROVINCE,ZIP OR POSTAL CODE,PRICE,BEDS,BATHS,LOCATION,SQUARE FEET,LOT SIZE,YEAR BUILT,DAYS ON MARKET,$/SQUARE FEET,HOA/MONTH,STATUS,NEXT OPEN HOUSE START TIME,NEXT OPEN HOUSE END TIME,URL (SEE http://www.redfin.com/buy-a-home/comparative-market-analysis FOR INFO ON PRICING),SOURCE,MLS#,FAVORITE,INTERESTED,LATITUDE,LONGITUDE
MLS Listing,,Townhouse,15 Gay St #15,Chelmsford,MA,01863,299900,3,2.0,Chelmsford,1785,,1831,35,168,215,Active,,,http://www.redfin.com/MA/Chelmsford/15-Gay-St-01863/unit-15/home/148117957,MLS PIN,72642131,N,Y,42.6377254,-71.3799389
MLS Listing,,Single Family Residential,21 Lamplighter Ln,Chelmsford,MA,01863,425000,3,1.5,Chelmsford,1826,5723,1994,2,233,40,Active,,,http://www.redfin.com/MA/North-Chelmsford/21-Lamplighter-Ln-01863/home/11565218,MLS PIN,72654195,N,Y,42.625282,-71.3825069
MLS Listing,,Single Family Residential,8 Whippletree Rd,Chelmsford,MA,01824,668000,4,2.0,Hitchingpost,2711,43560,1963,6,246,,Active,,,http://www.redfin.com/MA/Chelmsford/8-Whippletree-Rd-01824/home/11578053,MLS PIN,72652870,N,Y,42.5965054,-71.4008745
MLS Listing,,Single Family Residential,3 Natalie Rd,Chelmsford,MA,01824,749900,3,2.5,Chelmsford,2138,40007,2006,6,351,,Active,,,http://www.redfin.com/MA/Chelmsford/3-Natalie-Rd-01824/home/11589889,MLS PIN,72652847,N,Y,42.5620542,-71.3797294
MLS Listing,,Single Family Residential,182 High St,Chelmsford,MA,01824,799900,4,3.5,Chelmsford,3300,101930,2020,7,242,,Active,,,http://www.redfin.com/MA/Chelmsford/182-High-St-01824/home/11582864,MLS PIN,72652454,N,Y,42.5866735,-71.3752702
MLS Listing,,Single Family Residential,137 Groton Rd,Chelmsford,MA,01863,519900,4,3.0,North Chelmsford,2493,51401,1925,7,209,,Active,,,http://www.redfin.com/MA/North-Chelmsford/137-Groton-Rd-01863/home/11562929,MLS PIN,72652003,N,Y,42.635416,-71.3970727
MLS Listing,,Townhouse,311 Littleton Rd #11,Chelmsford,MA,01824,335000,2,1.5,Chelmsford,1050,,2016,11,319,214,Active,,,http://www.redfin.com/MA/Chelmsford/311-Littleton-Rd-01824/unit-11/home/108977880,MLS PIN,72650675,N,Y,42.583474,-71.386281
MLS Listing,,Single Family Residential,13 Gary Rd,Chelmsford,MA,01824,455999,4,1.5,Chelmsford,2570,23264,1961,20,177,,Active,,,http://www.redfin.com/MA/Chelmsford/13-Gary-Rd-01824/home/11589007,MLS PIN,72647111,N,Y,42.5649017,-71.3442574
MLS Listing,,Single Family Residential,51 Saint Andrews Way #51,Chelmsford,MA,01863,599000,3,2.5,Village at Meadow Wood,3245,436,1999,20,185,400,Active,,,http://www.redfin.com/MA/North-Chelmsford/51-St-Andrews-Way-01863/unit-51/home/138202570,MLS PIN,72644686,N,Y,42.6304538,-71.3645089
MLS Listing,,Single Family Residential,22 Brian Rd,Chelmsford,MA,01824,839900,5,3.0,Chelmsford,3707,19125,1965,21,227,,Active,May-16-2020 02:00 PM,May-16-2020 03:30 PM,http://www.redfin.com/MA/Chelmsford/22-Brian-Rd-01824/home/11583218,MLS PIN,72646667,N,Y,42.5838406,-71.3493839
MLS Listing,,Single Family Residential,3 Marshall St,Chelmsford,MA,01824,769000,4,2.5,Chelmsford,2304,16621,2020,26,334,,Active,,,http://www.redfin.com/MA/Chelmsford/3-Marshall-St-01824/home/11573229,MLS PIN,72645173,N,Y,42.6083329,-71.3054935
MLS Listing,,Single Family Residential,212 Groton Rd,Chelmsford,MA,01863,439900,3,2.0,Chelmsford,1719,50094,1925,28,256,,Active,,,http://www.redfin.com/MA/North-Chelmsford/212-Groton-Rd-01863/home/11562851,MLS PIN,72637841,N,Y,42.6319719,-71.4042315
MLS Listing,,Mobile/Manufactured Home,247 Mason Ave,Chelmsford,MA,01824,80000,2,2.0,Chelmsford,1128,2000,2001,33,71,972,Active,,,http://www.redfin.com/MA/Chelmsford/247-Mason-Ave-01824/home/171436878,MLS PIN,72642856,N,Y,42.5822882,-71.3837041
MLS Listing,,Single Family Residential,25 Moore St,Chelmsford,MA,01824,559000,4,2.5,Chelmsford,2688,67954,1922,43,208,,Active,,,http://www.redfin.com/MA/Chelmsford/25-Moore-St-01824/home/11577885,MLS PIN,72639653,N,Y,42.6017303,-71.3064679
MLS Listing,,Condo/Co-op,7 Gorham St #46,Chelmsford,MA,01824,279900,2,1.0,Chelmsford,1090,,2020,44,257,242,Active,,,http://www.redfin.com/MA/Chelmsford/7-Gorham-St-01824/unit-46/home/171224219,MLS PIN,72639103,N,Y,42.6137583,-71.3044496
MLS Listing,,Townhouse,7 Gorham St #58,Chelmsford,MA,01824,379900,2,1.5,Chelmsford,1440,,2020,62,264,242,Active,,,http://www.redfin.com/MA/Chelmsford/7-Gorham-St-01824/unit-58/home/171077191,MLS PIN,72632441,N,Y,42.6137583,-71.3044496
MLS Listing,,Condo/Co-op,16 Middlesex St #4,Chelmsford,MA,01863,189900,1,1.5,North Chelmsford,1287,58238,1930,63,148,466,Active,,,http://www.redfin.com/MA/North-Chelmsford/16-Middlesex-St-01863/unit-4/home/11561813,MLS PIN,72632081,N,Y,42.6389803,-71.3822545
MLS Listing,,Condo/Co-op,152 Turnpike Rd #1,Chelmsford,MA,01824,549900,3,2.5,Chelmsford,1653,,2020,63,333,190,Active,,,http://www.redfin.com/MA/Chelmsford/152-Turnpike-Rd-01824/unit-1/home/171054909,MLS PIN,72631722,N,Y,42.5891055,-71.3279613
MLS Listing,,Mobile/Manufactured Home,151 Morocco Ave,Chelmsford,MA,01824,63900,2,1.0,Chelmsford Commons,780,,1976,65,82,,Active,,,http://www.redfin.com/MA/Chelmsford/151-Morocco-Ave-01824/home/171041230,MLS PIN,72630513,N,Y,42.582332,-71.3848507
MLS Listing,,Vacant Land,243 RIVERNECK Rd,Chelmsford,MA,01824,1250000,,,Chelmsford,,409464,,65,,,Active,,,http://www.redfin.com/MA/Chelmsford/243-Riverneck-Rd-01824/home/11577603,MLS PIN,72630499,N,Y,42.6010042,-71.3333316
MLS Listing,,Townhouse,7 Gorham St #42,Chelmsford,MA,01824,424900,3,2.5,Chelmsford,1980,,2020,65,215,242,Active,,,http://www.redfin.com/MA/Chelmsford/7-Gorham-St-01824/unit-42/home/171038633,MLS PIN,72630236,N,Y,42.6137583,-71.3044496
MLS Listing,,Single Family Residential,1 Rosemary Ln,Chelmsford,MA,01824,565000,4,2.5,Chelmsford,2413,20493,1996,68,234,,Active,,,http://www.redfin.com/MA/Chelmsford/1-Rosemary-Ln-01824/home/11583311,MLS PIN,72629502,N,Y,42.5825484,-71.3454404
MLS Listing,,Townhouse,7 Gorham St #21,Chelmsford,MA,01824,424900,3,2.5,Chelmsford,1980,,2020,69,215,242,Active,,,http://www.redfin.com/MA/Chelmsford/7-Gorham-St-01824/unit-21/home/170956064,MLS PIN,72628651,N,Y,42.6137583,-71.3044496
MLS Listing,,Townhouse,7 Gorham St #59,Chelmsford,MA,01824,379900,2,1.5,Chelmsford,1440,,2020,72,264,242,Active,,,http://www.redfin.com/MA/Chelmsford/7-Gorham-St-01824/unit-59/home/170935587,MLS PIN,72626504,N,Y,42.6137583,-71.3044496
MLS Listing,,Townhouse,255 North Rd #77,Chelmsford,MA,01824,349000,2,2.5,Chelmsford,1998,,1978,77,175,635,Active,,,http://www.redfin.com/MA/Chelmsford/255-North-Rd-01824/unit-77/home/11567164,MLS PIN,72624721,N,Y,42.6210843,-71.3657369
MLS Listing,,Single Family Residential,11 Beech St,Chelmsford,MA,01863,489900,4,2.0,Chelmsford,2128,7500,1940,83,230,,Active,,,http://www.redfin.com/MA/North-Chelmsford/11-Beech-St-01863/home/11564281,MLS PIN,72621908,N,Y,42.6325967,-71.3714663
MLS Listing,,Single Family Residential,14 Pearson St,Chelmsford,MA,01824,479000,3,2.0,Chelmsford,1344,25263,1961,90,356,,Active,,,http://www.redfin.com/MA/Chelmsford/14-Pearson-St-01824/home/11581670,MLS PIN,72619065,N,Y,42.5892933,-71.3349554
MLS Listing,,Townhouse,7 Gorham St #54,Chelmsford,MA,01824,379900,2,1.5,Chelmsford,1400,,2020,92,271,242,Active,,,http://www.redfin.com/MA/Chelmsford/7-Gorham-St-01824/unit-54/home/170555342,MLS PIN,72618147,N,Y,42.6137583,-71.3044496
MLS Listing,,Single Family Residential,24 Perham St,Chelmsford,MA,01824,599000,3,2.5,Chelmsford,2172,17758,1912,105,276,,Active,,,http://www.redfin.com/MA/Chelmsford/24-Perham-St-01824/home/11579137,MLS PIN,72613052,N,Y,42.5969407,-71.3449009
MLS Listing,,Townhouse,175 Littleton Rd #14,Chelmsford,MA,01824,319900,2,2.5,Chelmsford,1750,,1994,116,183,490,Active,,,http://www.redfin.com/MA/Chelmsford/175-Littleton-Rd-01824/unit-14/home/170349083,MLS PIN,72609382,N,Y,42.5882087,-71.3766371
MLS Listing,,Single Family Residential,5 Stonegate Rd #3,Chelmsford,MA,01824,509000,3,2.5,Chelmsford,1700,2924,1992,125,299,,Active,May-16-2020 11:00 AM,May-16-2020 12:00 PM,http://www.redfin.com/MA/Chelmsford/5-Stonegate-Rd-01824/unit-3/home/167114066,MLS PIN,72606246,N,Y,42.588074,-71.3259547
MLS Listing,,Single Family Residential,18 Parlee Rd,Chelmsford,MA,01824,539900,3,1.5,Farms,1415,22651,1960,175,382,,Active,,,http://www.redfin.com/MA/Chelmsford/18-Parlee-Rd-01824/home/11587395,MLS PIN,72594643,N,Y,42.5751373,-71.3416362
MLS Listing,,Single Family Residential,41-43 First St #2,Chelmsford,MA,01824,489900,4,2.0,Chelmsford,2966,,1930,274,165,125,Active,,,http://www.redfin.com/MA/Chelmsford/41-1st-St-01824/unit-2/home/170654889,MLS PIN,72548831,N,Y,42.5923276,-71.3477137
MLS Listing,,Vacant Land,6 2nd Ln,Chelmsford,MA,01824,399900,,,Chelmsford,,22630,,315,,,Active,,,http://www.redfin.com/MA/Chelmsford/6-2nd-Ln-01824/home/11588046,MLS PIN,72528775,N,Y,42.5694124,-71.3874615
For-Sale-by-Owner Listing,,Single Family Residential,238 Dunstable Rd,Tyngsborough,MA,01863,499900,4,2.0,North Chelmsford,1700,,1900,8,294,,Active,,,http://www.redfin.com/MA/Tyngsborough/238-Dunstable-Rd-01863/home/11560404,FSBO.com,515956,N,Y,42.647061,-71.4047629
