SALE TYPE,SOLD DATE,PROPERTY TYPE,ADDRESS,CITY,STATE OR PROVINCE,ZIP OR POSTAL CODE,PRICE,BEDS,BATHS,LOCATION,SQUARE FEET,LOT SIZE,YEAR BUILT,DAYS ON MARKET,$/SQUARE FEET,HOA/MONTH,STATUS,NEXT OPEN HOUSE START TIME,NEXT OPEN HOUSE END TIME,URL (SEE http://www.redfin.com/buy-a-home/comparative-market-analysis FOR INFO ON PRICING),SOURCE,MLS#,FAVORITE,INTERESTED,LATITUDE,LONGITUDE
MLS Listing,,Vacant Land,43 Old Farm Rd,Douglas,MA,01516,49900,,,Douglas,,89995,,1,,,Active,,,http://www.redfin.com/MA/Douglas/43-Old-Farm-Rd-01516/home/69070178,MLS PIN,72655550,N,Y,42.0412848,-71.7440186
MLS Listing,,Single Family Residential,15 Hilltop Dr,Douglas,MA,01516,489900,4,2.5,Douglas,2534,90605,2003,1,193,,Active,,,http://www.redfin.com/MA/Douglas/15-Hilltop-Dr-01516/home/16488912,MLS PIN,72655334,N,Y,42.0321471,-71.8054039
MLS Listing,,Single Family Residential,129 Monroe St,Douglas,MA,01516,439900,4,2.5,Douglas,2432,90170,2004,1,181,,Active,May-17-2020 11:00 AM,May-17-2020 01:00 PM,http://www.redfin.com/MA/Douglas/129-Monroe-St-01516/home/16488664,MLS PIN,72655003,N,Y,42.0584166,-71.6951967
MLS Listing,,Single Family Residential,55 & 56 Lakeshore Dr,Douglas,MA,01516,1200000,4,3.0,Douglas,2022,206910,1977,1,593,,Active,,,http://www.redfin.com/MA/Douglas/56-Lakeshore-Dr-01516/home/16490136,MLS PIN,72654746,N,Y,42.091012,-71.781382
MLS Listing,,Single Family Residential,15 Gilboa St,Douglas,MA,01516,319000,3,2.0,Douglas,1419,8275,1880,2,225,,Active,,,http://www.redfin.com/MA/Douglas/15-Gilboa-St-01516/home/16487638,MLS PIN,72654682,N,Y,42.0766558,-71.714181
MLS Listing,,Single Family Residential,25 Richie Rd,Douglas,MA,01516,65000,2,1.0,Douglas,672,5000,1945,2,97,,Active,,,http://www.redfin.com/MA/Douglas/25-Richie-Rd-01516/home/16488529,MLS PIN,72654272,N,Y,42.0160534,-71.7631053
MLS Listing,,Multi-Family (2-4 Unit),18 North St,Douglas,MA,01516,320000,7,3.0,Douglas,3072,10842,1900,5,104,,Active,,,http://www.redfin.com/MA/Douglas/18-North-St-01516/home/16489062,MLS PIN,72653666,N,Y,42.0749168,-71.7104851
MLS Listing,,Single Family Residential,58 Chestnut,Douglas,MA,01516,425000,3,2.5,Douglas,1753,114994,2020,5,242,,Active,,,http://www.redfin.com/MA/Douglas/58-Chestnut-St-01516/home/69070208,MLS PIN,72653631,N,Y,42.0205579,-71.727874
MLS Listing,,Single Family Residential,32 Maple St,Douglas,MA,01516,325000,3,1.0,Douglas,1868,130245,1815,5,174,,Active,,,http://www.redfin.com/MA/Douglas/32-Maple-St-01516/home/16490086,MLS PIN,72653368,N,Y,42.060724,-71.709991
MLS Listing,,Vacant Land,Lot 3 Ledgestone Rd,Douglas,MA,01516,115000,,,Douglas,,128417,,15,,,Active,,,http://www.redfin.com/MA/Douglas/3-Ledgestone-Rd-01516/home/171440664,MLS PIN,72648738,N,Y,42.090541,-71.7902621
MLS Listing,,Vacant Land,Lot 2 Ledgestone Rd,Douglas,MA,01516,130000,,,Douglas,,116788,,15,,,Active,,,http://www.redfin.com/MA/Douglas/2-Ledgestone-Rd-01516/home/171440663,MLS PIN,72648737,N,Y,42.0916841,-71.7907987
MLS Listing,,Vacant Land,Lot 4 Lakeshore Dr,Douglas,MA,01516,130000,,,Douglas,,90196,,15,,,Active,,,http://www.redfin.com/MA/Douglas/4-Lakeshore-Dr-01516/home/171440645,MLS PIN,72648736,N,Y,42.0904975,-71.7898217
MLS Listing,,Vacant Land,Lot 2 Lakeshore Dr,Douglas,MA,01516,130000,,,Douglas,,90235,,15,,,Active,,,http://www.redfin.com/MA/Douglas/2-Lakeshore-Dr-01516/home/171440566,MLS PIN,72648733,N,Y,42.0904574,-71.7899634
MLS Listing,,Vacant Land,23 Cobblestone,Douglas,MA,01516,138000,,,Douglas,,90169,,21,,,Active,,,http://www.redfin.com/MA/Douglas/23-Cobblestone-Ln-01516/home/69069944,MLS PIN,72646727,N,Y,42.057352,-71.720057
MLS Listing,,Single Family Residential,821 NW Main St,Douglas,MA,01516,594900,3,2.5,Douglas,2336,854648,1994,27,255,,Active,,,http://www.redfin.com/MA/Douglas/821-N-W-Main-St-01516/home/16488718,MLS PIN,72638240,N,Y,42.0984392,-71.7919349
MLS Listing,,Single Family Residential,12 Hough Rd,Douglas,MA,01516,259900,3,2.0,Douglas,1680,9717,1950,30,155,,Active,,,http://www.redfin.com/MA/Douglas/12-Hough-Rd-01516/home/16487893,MLS PIN,72643326,N,Y,42.091175,-71.7732067
MLS Listing,,Single Family Residential,31 Webster St,Douglas,MA,01516,465000,3,2.5,Douglas,3420,32857,2005,35,136,,Active,,,http://www.redfin.com/MA/Douglas/31-Webster-St-01516/home/16488615,RIS,1251261,N,Y,42.053544,-71.7453723
MLS Listing,,Single Family Residential,131 Franklin,Douglas,MA,01516,415000,3,2.5,Douglas,1992,90604,2020,36,208,,Active,,,http://www.redfin.com/MA/Douglas/131-Franklin-St-01516/home/16489244,MLS PIN,72641872,N,Y,42.0543653,-71.7059664
MLS Listing,,Vacant Land,0 Perry St,Douglas,MA,01506,2100000,,,Douglas,,22302720,,37,,,Active,,,http://www.redfin.com/MA/Douglas/Perry-St-01516/home/17044702,MLS PIN,72641345,N,Y,42.027097,-71.685659
MLS Listing,,Single Family Residential,13 Martin Rd,Douglas,MA,01516,347900,4,2.0,Douglas,1696,7050,1948,40,205,,Active,,,http://www.redfin.com/MA/Douglas/13-Martin-Rd-01516/home/16488787,MLS PIN,72640621,N,Y,42.0677829,-71.7098626
MLS Listing,,Vacant Land,Lot 2 Shore Rd,Douglas,MA,01516,299500,,,Douglas,,157659,,46,,,Active,,,http://www.redfin.com/MA/Douglas/Lot-2-Shore-Rd-01516/home/167026415,MLS PIN,72638805,N,Y,42.0145886,-71.7656193
MLS Listing,,Vacant Land,0 Grove St,Douglas,MA,01516,75000,,,Douglas,,517145,,51,,,Active,,,http://www.redfin.com/MA/Douglas/Grove-St-01516/home/109840421,MLS PIN,72637030,N,Y,42.074448,-71.733399
MLS Listing,,Single Family Residential,"lot 1,  77 Maple St",Douglas,MA,01516,417900,3,2.5,Douglas,1728,31798,2019,61,242,,Active,,,http://www.redfin.com/MA/Douglas/77-Maple-St-01516/home/52202963,MLS PIN,72633106,N,Y,42.0592022,-71.7023491
MLS Listing,,Single Family Residential,Lot 3R Webster St,Douglas,MA,01516,389000,3,2.0,Douglas,1640,31074,2020,71,237,,Active,,,http://www.redfin.com/MA/Douglas/3-Webster-St-01516/home/16489220,MLS PIN,72627470,N,Y,42.053189,-71.740521
MLS Listing,,Single Family Residential,Lot 1R Webster St,Douglas,MA,01516,374000,3,2.0,Douglas,1400,40626,2020,71,267,,Active,,,http://www.redfin.com/MA/Douglas/1-Webster-St-01516/home/21781651,MLS PIN,72627468,N,Y,42.0528576,-71.7418671
MLS Listing,,Vacant Land,75 Old Farm Rd,Douglas,MA,01516,100000,,,Douglas,,215187,,71,,,Active,,,http://www.redfin.com/MA/Douglas/75-Old-Farm-Rd-01516/home/69070184,MLS PIN,72627089,N,Y,42.0378386,-71.7481876
MLS Listing,,Vacant Land,64 Woodland Rd,Douglas,MA,01516,130000,,,Douglas,,121968,,79,,,Active,,,http://www.redfin.com/MA/Douglas/64-Woodland-Rd-01516/home/69070171,MLS PIN,72623279,N,Y,42.0357165,-71.7453383
MLS Listing,,Vacant Land,48 Woodland Rd,Douglas,MA,01516,125000,,,Douglas,,245113,,79,,,Active,,,http://www.redfin.com/MA/Douglas/48-Woodland-Rd-01516/home/40122999,MLS PIN,72623276,N,Y,42.0365268,-71.7440271
MLS Listing,,Vacant Land,15 Cobblestone Ln,Douglas,MA,01516,115000,,,Douglas,,104108,,79,,,Active,,,http://www.redfin.com/MA/Douglas/15-Cobblestone-Ln-01516/home/104172965,MLS PIN,72623234,N,Y,42.058438,-71.719014
MLS Listing,,Vacant Land,"0 Monroe St Unit 194-10, 193-6",Douglas,MA,01516,495000,,,Douglas,,1896602,,83,,,Active,,,http://www.redfin.com/MA/Douglas/194-Monroe-St-01516/unit-194-10-193-6/home/170606938,NEREN,4794818,N,Y,42.053829,-71.6934387
MLS Listing,,Single Family Residential,114 South St,Douglas,MA,01516,477900,3,2.0,Douglas,1500,213444,2020,96,319,,Active,,,http://www.redfin.com/MA/Douglas/114-South-St-01516/home/69070180,MLS PIN,72616888,N,Y,42.0373288,-71.7307922
MLS Listing,,Single Family Residential,0 West St,Douglas,MA,01516,449900,3,2.0,Douglas,1801,262231,2019,117,250,,Active,,,http://www.redfin.com/MA/Douglas/West-St-01516/home/69069869,MLS PIN,72609024,N,Y,42.073649,-71.749515
MLS Listing,,Condo/Co-op,V1A Compass Point Dr Unit V1,Douglas,MA,01516,369900,3,2.5,Douglas,1705,,2019,119,217,250,Active,,,http://www.redfin.com/MA/Douglas/V1A-Compass-Point-DR-01516/unit-V1/home/170302878,MLS PIN,72608148,N,Y,42.0543449,-71.739379
MLS Listing,,Single Family Residential,146 MONROE St,Douglas,MA,01516,479900,4,2.5,Douglas,2288,95396,2020,128,210,,Active,,,http://www.redfin.com/MA/Douglas/146-Monroe-St-01516/home/160388328,MLS PIN,72604988,N,Y,42.0573526,-71.6944184
MLS Listing,,Vacant Land,0 Winter St,Douglas,MA,01516,7500000,,,Douglas,,2401898,,142,,,Active,,,http://www.redfin.com/MA/Douglas/Winter-St-01516/home/69070218,MLS PIN,72602253,N,Y,42.019948,-71.753066
MLS Listing,,Vacant Land,Lot 6 Vine St,Douglas,MA,01516,80000,,,Douglas,,90002,,153,,,Active,,,http://www.redfin.com/MA/Douglas/6-Vine-St-01516/home/170067032,MLS PIN,72600223,N,Y,42.0400768,-71.7165477
MLS Listing,,Vacant Land,Lot 5 Vine St,Douglas,MA,01516,80000,,,Douglas,,90004,,153,,,Active,,,http://www.redfin.com/MA/Douglas/5-Vine-St-01516/home/170066984,MLS PIN,72600217,N,Y,42.039951,-71.7165839
MLS Listing,,Vacant Land,Lot 4 Vine St,Douglas,MA,01516,85000,,,Douglas,,90002,,153,,,Active,,,http://www.redfin.com/MA/Douglas/4-Vine-St-01516/home/170066876,MLS PIN,72600208,N,Y,42.0404179,-71.716503
MLS Listing,,Vacant Land,LOT 3 WALNUT St,Douglas,MA,01516,64900,,,Douglas,,90499,,160,,,Active,,,http://www.redfin.com/MA/Douglas/3-Walnut-St-01516/home/16489171,MLS PIN,72598227,N,Y,42.0336693,-71.7330774
MLS Listing,,Vacant Land,280 Yew St,Douglas,MA,01516,160000,,,Douglas,,348480,,168,,,Active,,,http://www.redfin.com/MA/Douglas/280-Yew-St-01516/home/69070046,MLS PIN,72596432,N,Y,42.0465644,-71.6934999
MLS Listing,,Single Family Residential,191 Yew St,Douglas,MA,01516,544200,3,2.0,Douglas,1801,1508395,2019,187,302,,Active,,,http://www.redfin.com/MA/Douglas/191-Yew-St-01516/home/69070166,MLS PIN,72590246,N,Y,42.0422996,-71.7110302
MLS Listing,,Vacant Land,20 Birch St,Douglas,MA,01516,72000,,,Douglas,,147799,,204,,,Active,,,http://www.redfin.com/MA/Douglas/20-Birch-St-01516/home/69070078,MLS PIN,72583118,N,Y,42.0756457,-71.7595569
MLS Listing,,Single Family Residential,207 Main St,Douglas,MA,01516,275000,4,2.0,Douglas,2628,17620,1845,205,105,,Active,,,http://www.redfin.com/MA/Douglas/207-Main-St-01516/home/16489970,MLS PIN,72583007,N,Y,42.0698795,-71.7156632
MLS Listing,,Townhouse,Lot 3 William Dr Unit B,Douglas,MA,01516,353900,3,2.5,Douglas,2493,,2020,218,142,,Active,,,http://www.redfin.com/MA/Douglas/Lot-3-William-DR-01516/unit-B/home/169300896,MLS PIN,72576924,N,Y,42.0543449,-71.739379
MLS Listing,,Townhouse,Lot 3 R William Dr Unit B,Douglas,MA,01516,334900,3,2.5,Douglas,1565,20383,2020,250,214,,Active,,,http://www.redfin.com/MA/Douglas/Lot-3-R-William-DR-01516/unit-B/home/168929723,MLS PIN,72560476,N,Y,42.0543449,-71.739379
MLS Listing,,Townhouse,Lot 3 R William Dr Unit A,Douglas,MA,01516,334900,3,2.5,Douglas,1565,20383,2019,250,214,,Active,,,http://www.redfin.com/MA/Douglas/Lot-3-R-William-DR-01516/unit-A/home/168929651,MLS PIN,72560466,N,Y,42.0543449,-71.739379
MLS Listing,,Vacant Land,0 Yew St,Douglas,MA,01516,275000,,,Douglas,,470448,,264,,,Active,,,http://www.redfin.com/MA/Douglas/Yew-St-01516/home/16489855,MLS PIN,72554127,N,Y,42.047179,-71.689612
MLS Listing,,Vacant Land,0 White Ct,Douglas,MA,01516,250000,,,Douglas,,374181,,264,,,Active,,,http://www.redfin.com/MA/Douglas/White-Ct-01516/home/69070156,MLS PIN,72554126,N,Y,42.042025,-71.685614
MLS Listing,,Vacant Land,342 Maple St,Douglas,MA,01516,375000,,,Douglas,,1680110,,264,,,Active,,,http://www.redfin.com/MA/Douglas/342-Maple-St-01516/home/160379498,MLS PIN,72554123,N,Y,42.0469906,-71.6848044
MLS Listing,,Condo/Co-op,V2 Compass Point Dr Unit V2,Douglas,MA,01516,334900,3,2.5,Douglas,1605,,2019,391,209,250,Active,,,http://www.redfin.com/MA/Douglas/V2-Compass-Point-DR-01516/unit-V2/home/162575302,MLS PIN,72484067,N,Y,42.0543449,-71.739379
MLS Listing,,Condo/Co-op,V1 Compass Point Dr Unit V1,Douglas,MA,01516,344900,3,2.5,Douglas,1705,,2019,392,202,250,Active,,,http://www.redfin.com/MA/Douglas/V1-Compass-Point-DR-01516/unit-V1/home/162432292,MLS PIN,72483536,N,Y,42.0543449,-71.739379
MLS Listing,,Vacant Land,Lot 2- 48 Glen,Douglas,MA,01516,99000,,,Douglas,,175112,,659,,,Active,,,http://www.redfin.com/MA/Douglas/48-Glen-St-01516/home/69070105,MLS PIN,72367444,N,Y,42.0571872,-71.7262258
MLS Listing,,Vacant Land,3 lots Glen St,Douglas,MA,01516,350000,,,Douglas,,530560,,659,,,Active,,,http://www.redfin.com/MA/Douglas/3-lots-Glen-St-01516/home/171436937,MLS PIN,72367434,N,Y,42.0581664,-71.7270912
MLS Listing,,Vacant Land,45-Lot 3 Hemlock St,Douglas,MA,01516,105000,,,Douglas,,273121,,728,,,Active,,,http://www.redfin.com/MA/Douglas/3-Hemlock-St-01516/home/16488767,MLS PIN,72328132,N,Y,42.0193663,-71.7178452
MLS Listing,,Vacant Land,Lot 7 Yew St,Douglas,MA,01516,159000,,,Douglas,,295445,,770,,,Active,,,http://www.redfin.com/MA/Douglas/7-Yew-St-01516/home/39949035,MLS PIN,72302619,N,Y,42.0516533,-71.7340144
MLS Listing,,Vacant Land,Lot 1 Makowski Dr,Douglas,MA,01516,99000,,,Douglas,,449103,,1125,,,Active,,,http://www.redfin.com/MA/Douglas/1-Makowski-Dr-01516/home/56656074,MLS PIN,72145843,N,Y,42.0203312,-71.6834948
For-Sale-by-Owner Listing,,Condo/Co-op,,Douglas,MA,01516,340000,3,2.5,Douglas,1632,,2017,112,208,,Active,,,http://www.redfin.com/MA/Douglas/Unknown-01516/home/144772577,Fizber.com,5044966,N,Y,42.0542641,-71.7395172
