SALE TYPE,SOLD DATE,PROPERTY TYPE,ADDRESS,CITY,STATE OR PROVINCE,ZIP OR POSTAL CODE,PRICE,BEDS,BATHS,LOCATION,SQUARE FEET,LOT SIZE,YEAR BUILT,DAYS ON MARKET,$/SQUARE FEET,HOA/MONTH,STATUS,NEXT OPEN HOUSE START TIME,NEXT OPEN HOUSE END TIME,URL (SEE http://www.redfin.com/buy-a-home/comparative-market-analysis FOR INFO ON PRICING),SOURCE,MLS#,FAVORITE,INTERESTED,LATITUDE,LONGITUDE
MLS Listing,,Single Family Residential,41 Lincoln St,Easton,MA,02356,349900,3,1.0,Easton,1663,11062,1850,23,210,,Active,,,http://www.redfin.com/MA/North-Easton/41-Lincoln-St-02356/home/15994623,MLS PIN,72645670,N,Y,42.0658754,-71.1075996
MLS Listing,,Single Family Residential,1 Sierra Dr,Easton,MA,02375,600000,4,2.5,Easton,2348,40200,1994,1,256,,Active,,,http://www.redfin.com/MA/South-Easton/1-Sierra-Dr-02375/home/15994903,MLS PIN,72654801,N,Y,42.0144344,-71.1461745
MLS Listing,,Single Family Residential,18 Highland St,Easton,MA,02375,318800,3,1.0,South Easton,1266,176854,1920,2,252,,Active,,,http://www.redfin.com/MA/South-Easton/18-Highland-St-02375/home/15991617,MLS PIN,72654520,N,Y,42.0188358,-71.1252396
MLS Listing,,Townhouse,33 Greenwood Village St #33,Easton,MA,02356,249900,1,1.5,Easton,965,,1983,2,259,465,Active,,,http://www.redfin.com/MA/Easton/33-Greenwood-Village-St-02356/unit-33/home/137011039,MLS PIN,72650967,N,Y,42.021411,-71.1195785
MLS Listing,,Vacant Land,9 Hobart Way,Easton,MA,02356,450000,,,North Easton,,148104,,4,,,Active,,,http://www.redfin.com/MA/North-Easton/9-Hobart-WAY-02356/home/168622371,MLS PIN,72653948,N,Y,42.0656067,-71.1092012
MLS Listing,,Single Family Residential,72 Washington St,Easton,MA,02356,200000,4,1.0,Easton,1443,13309,1900,5,139,,Active,,,http://www.redfin.com/MA/North-Easton/72-Washington-St-02356/home/15997354,MLS PIN,72653612,N,Y,42.0847757,-71.0906088
MLS Listing,,Single Family Residential,61 Central St,Easton,MA,02375,349800,3,1.5,South Easton,1296,12600,1930,5,270,,Active,,,http://www.redfin.com/MA/South-Easton/61-Central-St-02375/home/15992684,MLS PIN,72653598,N,Y,42.044464,-71.085565
MLS Listing,,Single Family Residential,66 Washington St,Easton,MA,02356,619900,5,4.0,Easton,3538,12948,1975,5,175,,Active,,,http://www.redfin.com/MA/North-Easton/66-Washington-St-02356/home/15996856,MLS PIN,72653328,N,Y,42.0853286,-71.0908368
MLS Listing,,Condo/Co-op,18 Lenox Ln #18,Easton,MA,02375,379900,1,1.5,Easton,1032,,2020,8,368,240,Active,May-16-2020 12:00 PM,May-16-2020 02:00 PM,http://www.redfin.com/MA/Easton/18-Lenox-LN-02375/unit-18/home/171546820,MLS PIN,72651644,N,Y,42.0041954,-71.0854325
MLS Listing,,Mobile/Manufactured Home,305 Turnpike St #5,Easton,MA,02375,40000,2,1.0,Easton Mobile Home Park,580,1160,1966,8,69,468,Active,,,http://www.redfin.com/MA/South-Easton/305-Turnpike-St-02375/unit-5/home/171545052,MLS PIN,72651512,N,Y,42.022889,-71.069625
MLS Listing,,Single Family Residential,64 Black Brook Rd,Easton,MA,02375,459900,4,1.0,Easton,2348,30000,1973,10,196,,Active,,,http://www.redfin.com/MA/South-Easton/64-Black-Brook-Rd-02375/home/15995840,MLS PIN,72650814,N,Y,42.039068,-71.114243
MLS Listing,,Single Family Residential,29 Sqauntum Ave,Easton,MA,02356,825000,6,3.5,North Easton,4461,40000,1984,11,185,,Active,,,http://www.redfin.com/MA/North-Easton/29-Squantum-Ave-02356/home/15997080,MLS PIN,72650556,N,Y,42.0601183,-71.1448748
MLS Listing,,Single Family Residential,89 Kennedy,Easton,MA,02375,699900,4,2.5,Easton,3300,50965,1979,14,212,,Active,,,http://www.redfin.com/MA/South-Easton/89-Kennedy-Cir-02375/home/15992244,MLS PIN,72649251,N,Y,42.0291853,-71.0923265
MLS Listing,,Single Family Residential,5 Wallace Dr,Easton,MA,02375,675000,4,2.5,Easton,3137,66211,1992,20,215,,Active,May-17-2020 12:00 PM,May-17-2020 02:00 PM,http://www.redfin.com/MA/South-Easton/5-Wallace-Dr-02375/home/15994734,MLS PIN,72646941,N,Y,42.0157868,-71.1503985
MLS Listing,,Single Family Residential,22 Shannon Marie Way,Easton,MA,02356,479900,2,2.0,Golden Oaks,1548,9674,2005,27,310,325,Active,,,http://www.redfin.com/MA/North-Easton/22-Shannonmarie-Way-02356/home/15997864,MLS PIN,72644795,N,Y,42.0318756,-71.1530675
MLS Listing,,Single Family Residential,199 Purchase,Easton,MA,02375,659000,4,2.5,Easton,2450,56192,2020,34,269,,Active,,,http://www.redfin.com/MA/South-Easton/199-Purchase-St-02375/home/15992060,MLS PIN,72642310,N,Y,42.0275045,-71.0844515
MLS Listing,,Single Family Residential,19 Riverside Ter,Easton,MA,02356,1000000,5,3.5,Easton,5224,42592,1993,34,191,,Active,,,http://www.redfin.com/MA/North-Easton/19-Riverside-Ter-02356/home/15997775,MLS PIN,72636040,N,Y,42.0854657,-71.1034216
MLS Listing,,Vacant Land,Lot 4 Randall St,Easton,MA,02256,355000,,,Easton,,44400,,36,,,Active,,,http://www.redfin.com/MA/Easton/Lot-4-Randall-ST-02256/home/171289864,MLS PIN,72641794,N,Y,42.0245442,-71.1286594
MLS Listing,,Single Family Residential,167 Massapoag,Easton,MA,02356,490000,5,3.0,Easton,2344,106772,1987,36,209,,Active,,,http://www.redfin.com/MA/North-Easton/167-Massapoag-Ave-02356/home/15996919,MLS PIN,72641722,N,Y,42.0500702,-71.159589
MLS Listing,,Single Family Residential,2 Spring St,Easton,MA,02356,1049000,4,4.5,Easton,5370,40000,1986,43,195,,Active,,,http://www.redfin.com/MA/North-Easton/2-Spring-St-02356/home/15997079,MLS PIN,72639372,N,Y,42.0595709,-71.1446195
MLS Listing,,Single Family Residential,65 Gilmore Rd,Easton,MA,02356,689000,4,3.0,North Easton,3742,47480,1994,45,184,,Active,,,http://www.redfin.com/MA/North-Easton/65-Gilmore-Rd-02356/home/15995796,MLS PIN,72638974,N,Y,42.0399769,-71.1074833
MLS Listing,,Single Family Residential,141 Howard St,Easton,MA,02375,699900,4,4.0,Easton,4708,58806,1920,55,149,,Active,,,http://www.redfin.com/MA/South-Easton/141-Howard-St-02375/home/15994155,MLS PIN,72635639,N,Y,41.997802,-71.100768
MLS Listing,,Single Family Residential,0 Windchime Rd Lot 4,Easton,MA,02375,484900,2,2.5,Meadowview Commons,2025,,2019,56,239,285,Active,,,http://www.redfin.com/MA/Easton/0-Windchime-RD-02375/unit-4/home/171150457,MLS PIN,72635466,N,Y,42.0041954,-71.0854325
MLS Listing,,Single Family Residential,176 Turnpike St,Easton,MA,02375,534900,3,2.5,Easton,2100,36405,1994,56,255,,Active,,,http://www.redfin.com/MA/South-Easton/176-Turnpike-St-02375/home/15992727,MLS PIN,72634987,N,Y,42.0311159,-71.066189
MLS Listing,,Single Family Residential,38 Preston Pl,Easton,MA,02356,535000,2,2.5,Easton,2338,12015,2004,60,229,360,Active,,,http://www.redfin.com/MA/North-Easton/38-Preston-Pl-02356/home/15997733,MLS PIN,72633716,N,Y,42.0378504,-71.1302994
MLS Listing,,Condo/Co-op,8 Island Ct #201,Easton,MA,02375,465000,1,1.5,South Easton,1231,,2017,68,378,419,Active,,,http://www.redfin.com/MA/SOUTH-EASTON/8-ISLAND-CT-02375/unit-201/home/170659535,MLS PIN,72629745,N,Y,42.0469,-71.0768
MLS Listing,,Single Family Residential,57 Wedgewood Dr,Easton,MA,02356,1129000,4,5.0,Chestnut Knoll,5148,40383,1987,70,219,,Active,,,http://www.redfin.com/MA/North-Easton/57-Wedgewood-Dr-02356/home/15997792,MLS PIN,72628341,N,Y,42.0828957,-71.1031199
MLS Listing,,Single Family Residential,10 Avery Way,Easton,MA,02356,899000,4,2.5,North Easton,2600,122842,2020,70,346,,Active,,,http://www.redfin.com/MA/North-Easton/10-Avery-WAY-02356/home/169589652,MLS PIN,72628102,N,Y,42.0656067,-71.1092012
MLS Listing,,Single Family Residential,LOT 6 BARON Dr,Easton,MA,02356,899900,5,3.5,Baron Estates,3600,44790,2020,70,250,,Active,,,http://www.redfin.com/MA/North-Easton/LOT-6-BARON-DR-02356/home/170951798,MLS PIN,72627837,N,Y,42.0656067,-71.1092012
MLS Listing,,Single Family Residential,44 Oldfield Dr,Easton,MA,02375,969800,4,3.0,Sierra Hills,4200,60562,1995,70,231,,Active,,,http://www.redfin.com/MA/South-Easton/44-Oldfield-Dr-02375/home/15995022,MLS PIN,72627575,N,Y,42.0155346,-71.1523248
MLS Listing,,Vacant Land,0 Hobart Way,Easton,MA,02356,1300000,,,Easton,,500940,,73,,,Active,,,http://www.redfin.com/MA/North-Easton/Hobart-WAY-02356/home/169222444,MLS PIN,72626115,N,Y,42.0656067,-71.1092012
MLS Listing,,Single Family Residential,222 Center St,Easton,MA,02356,789900,4,2.5,STILL TIME TO CUSTOMIZE TO YOUR TASTE!,2600,42000,2020,75,304,,Active,,,http://www.redfin.com/MA/North-Easton/222-Center-St-02356/home/15993201,MLS PIN,72625798,N,Y,42.0504948,-71.1003577
MLS Listing,,Single Family Residential,11 Beaver Dam Rd,Easton,MA,02356,814800,4,2.5,Parkview,3000,33286,2020,77,272,,Active,,,http://www.redfin.com/MA/North-Easton/11-Beaver-Dam-Rd-02356/home/85688369,MLS PIN,72624488,N,Y,42.032957,-71.122246
MLS Listing,,Condo/Co-op,10 Lenox Ln #10,Easton,MA,02375,439900,2,2.0,Easton,1330,,2020,83,331,288,Active,May-16-2020 12:00 PM,May-16-2020 02:00 PM,http://www.redfin.com/MA/South-Easton/10-Lenox-LN-02375/unit-10/home/170606924,MLS PIN,72622221,N,Y,42.0041954,-71.0854325
MLS Listing,,Single Family Residential,2 Pout Rock Rd,Easton,MA,02356,1195000,5,4.5,Easton,5610,43996,1997,84,213,,Active,,,http://www.redfin.com/MA/North-Easton/2-Pout-Rock-Rd-02356/home/15996047,MLS PIN,72621500,N,Y,42.0705009,-71.1176731
MLS Listing,,Vacant Land,4 Hobart Way,Easton,MA,02356,150000,,,North Easton,,60983,,92,,,Active,,,http://www.redfin.com/MA/North-Easton/4-Hobart-WAY-02356/home/170186293,MLS PIN,72617994,N,Y,42.0656067,-71.1092012
MLS Listing,,Mobile/Manufactured Home,305 Turnpike St #217,Easton,MA,02375,73950,2,1.0,Easton,980,,1987,93,75,468,Active,,,http://www.redfin.com/MA/South-Easton/305-Turnpike-St-02375/unit-217/home/170547661,MLS PIN,72617671,N,Y,42.022889,-71.069625
MLS Listing,,Multi-Family (2-4 Unit),38-42 Elm St,Easton,MA,02356,1275000,10,6.0,Easton,4480,16117,2018,100,285,,Active,,,http://www.redfin.com/MA/North-Easton/38-Elm-St-02356/home/15995571,MLS PIN,72615031,N,Y,42.072325,-71.102941
MLS Listing,,Single Family Residential,6 Canton St,Easton,MA,02356,649900,4,2.5,North Easton,2667,40212,2002,100,244,,Active,,,http://www.redfin.com/MA/North-Easton/6-Canton-St-02356/home/15997703,MLS PIN,72614864,N,Y,42.0714143,-71.1068104
MLS Listing,,Single Family Residential,19 Oak Leaf Ln,Easton,MA,02356,975000,4,3.5,Lone Oak Farms,5225,25265,2004,102,187,36,Active,,,http://www.redfin.com/MA/North-Easton/19-Oak-Leaf-Ln-02356/home/15998178,MLS PIN,72614408,N,Y,42.0362912,-71.1556436
MLS Listing,,Single Family Residential,21 Justin,Easton,MA,02375,850000,5,3.0,Easton,4140,232610,1989,112,205,,Active,May-16-2020 12:00 PM,May-16-2020 01:30 PM,http://www.redfin.com/MA/South-Easton/21-Justin-Dr-02375/home/15995544,MLS PIN,72610734,N,Y,42.021402,-71.089429
MLS Listing,,Vacant Land,48 Oldfield Dr,Easton,MA,02375,379900,,,Easton,,64102,,123,,,Active,,,http://www.redfin.com/MA/South-Easton/48-Oldfield-Dr-02375/home/170270585,MLS PIN,72607032,N,Y,42.0156203,-71.1518581
MLS Listing,,Vacant Land,Lot 1 Gary Ln,Easton,MA,02356,319900,,,Easton,,40060,,124,,,Active,,,http://www.redfin.com/MA/North-Easton/1-Gary-Ln-02356/home/169076162,MLS PIN,72606622,N,Y,42.0495492,-71.1004803
MLS Listing,,Single Family Residential,16 Lullaby Ln,Easton,MA,02356,1230000,5,4.0,Tanglewood Estates,4160,20000,2020,125,296,42,Active,,,http://www.redfin.com/MA/North-Easton/16-Lullaby-Ln-02356/home/61656474,MLS PIN,72606268,N,Y,42.01222,-71.1091019
MLS Listing,,Single Family Residential,Lot 26 Lullaby Ln,Easton,MA,02356,1048000,4,3.5,North Easton,3668,17586,2020,125,286,42,Active,,,http://www.redfin.com/MA/North-Easton/26-Lullaby-Ln-02356/home/170241221,MLS PIN,72606266,N,Y,42.0119043,-71.1093504
MLS Listing,,Single Family Residential,1 Newell Cir,Easton,MA,02375,899900,4,3.5,Easton,3964,49223,2019,127,227,,Active,,,http://www.redfin.com/MA/South-Easton/1-Newell-Cir-02375/home/85688368,MLS PIN,72605242,N,Y,42.031296,-71.111156
MLS Listing,,Single Family Residential,69 South St,Easton,MA,02375,500000,5,3.5,Furnace Brook Village,3854,86249,1974,132,130,,Active,,,http://www.redfin.com/MA/South-Easton/69-South-St-02375/home/15993030,MLS PIN,72603873,N,Y,42.0217309,-71.1280944
MLS Listing,,Single Family Residential,212(h) POQUANTICUT Ave,Easton,MA,02356,515000,3,2.0,North Easton,1200,84265,2020,132,429,,Active,,,http://www.redfin.com/MA/North-Easton/212-Poquanticut-Ave-02356/home/85688226,MLS PIN,72603777,N,Y,42.0463603,-71.1432321
MLS Listing,,Single Family Residential,5 Cranberry Ln,Easton,MA,02375,524800,3,1.5,South Easton,1746,54450,1978,154,301,,Active,,,http://www.redfin.com/MA/South-Easton/5-Cranberry-Ln-02375/home/15994021,MLS PIN,72599999,N,Y,41.9971951,-71.1173017
MLS Listing,,Vacant Land,lot 18 Cooper Ln,Easton,MA,02356,285000,,,Easton,,40000,,177,,,Active,,,http://www.redfin.com/MA/North-Easton/lot-18-Cooper-LN-02356/home/169878020,MLS PIN,72593510,N,Y,42.0656067,-71.1092012
MLS Listing,,Vacant Land,lot 13 Baron Dr,Easton,MA,02356,325000,,,Easton,,40000,,177,,,Active,,,http://www.redfin.com/MA/North-Easton/lot-13-Baron-DR-02356/home/169878019,MLS PIN,72593508,N,Y,42.0656067,-71.1092012
MLS Listing,,Vacant Land,lot 16 Cooper Ln,Easton,MA,02356,285000,,,Easton,,40000,,177,,,Active,,,http://www.redfin.com/MA/North-Easton/lot-16-Cooper-LN-02356/home/169877983,MLS PIN,72593506,N,Y,42.0656067,-71.1092012
MLS Listing,,Vacant Land,lot 4 Baron Dr,Easton,MA,02356,295000,,,Easton,,40000,,177,,,Active,,,http://www.redfin.com/MA/North-Easton/lot-4-Baron-DR-02356/home/169877956,MLS PIN,72593503,N,Y,42.0656067,-71.1092012
MLS Listing,,Vacant Land,lot 2 Baron Dr,Easton,MA,02356,290000,,,Easton,,40000,,177,,,Active,,,http://www.redfin.com/MA/North-Easton/lot-2-Baron-DR-02356/home/169877955,MLS PIN,72593501,N,Y,42.0656067,-71.1092012
MLS Listing,,Vacant Land,Lot 21 Baron Dr,Easton,MA,02356,285000,,,Easton,,40000,,180,,,Active,,,http://www.redfin.com/MA/North-Easton/Lot-21-Baron-DR-02356/home/169840939,MLS PIN,72593063,N,Y,42.0656067,-71.1092012
MLS Listing,,Vacant Land,Lot 17 Cooper Ln,Easton,MA,02356,300000,,,Easton,,40000,,180,,,Active,,,http://www.redfin.com/MA/North-Easton/Lot-17-Cooper-LN-02356/home/168728477,MLS PIN,72593062,N,Y,42.0656067,-71.1092012
MLS Listing,,Vacant Land,Lot 12 Baron Dr,Easton,MA,02356,325000,,,Easton,,40000,,180,,,Active,,,http://www.redfin.com/MA/North-Easton/Lot-12-Baron-DR-02356/home/169840937,MLS PIN,72593061,N,Y,42.0656067,-71.1092012
MLS Listing,,Single Family Residential,31 Driftwood Dr,Easton,MA,02375,459900,3,1.5,Meadowview Commons,1790,4464,2019,190,257,285,Active,,,http://www.redfin.com/MA/South-Easton/31-Driftwood-DR-02375/home/169650968,MLS PIN,72588709,N,Y,42.0041954,-71.0854325
MLS Listing,,Vacant Land,Lot 1 Baron Dr,Easton,MA,02356,275000,,,Easton,,40000,,191,,,Active,,,http://www.redfin.com/MA/North-Easton/Lot-1-Baron-DR-02356/home/169647647,MLS PIN,72588386,N,Y,42.0656067,-71.1092012
MLS Listing,,Vacant Land,lot 26 Baron Dr,Easton,MA,02356,275000,,,Easton,,40000,,191,,,Active,,,http://www.redfin.com/MA/North-Easton/lot-26-Baron-DR-02356/home/169646591,MLS PIN,72588341,N,Y,42.0656067,-71.1092012
MLS Listing,,Single Family Residential,6 Deborah Lee Ln,Easton,MA,02356,568000,4,3.0,Easton,2420,30084,1972,210,235,,Active,,,http://www.redfin.com/MA/North-Easton/6-Deborah-Lee-Ln-02356/home/15997745,MLS PIN,72580636,N,Y,42.0497013,-71.131692
MLS Listing,,Condo/Co-op,"8 Island Court ""The Jefferson"" #303",Easton,MA,02375,620000,2,2.0,South Easton,1830,,2019,215,339,629,Active,,,http://www.redfin.com/MA/SOUTH-EASTON/8-ISLAND-CT-02375/unit-303/home/169400934,MLS PIN,72578847,N,Y,42.0469,-71.0768
MLS Listing,,Single Family Residential,48 Wedgewood Dr,Easton,MA,02356,869900,5,5.0,Easton,4061,44866,1988,215,214,,Active,,,http://www.redfin.com/MA/North-Easton/48-Wedgewood-Dr-02356/home/15997797,MLS PIN,72578734,N,Y,42.0818421,-71.1040863
MLS Listing,,Vacant Land,1-8 Goodspeed Ln,Easton,MA,02356,275000,,,Easton,,1187010,,345,,,Active,,,http://www.redfin.com/MA/North-Easton/1-8-Goodspeed-LN-02356/home/167018564,MLS PIN,72511049,N,Y,42.0656067,-71.1092012
MLS Listing,,Single Family Residential,1 Driftwood Dr,Easton,MA,02375,569900,2,2.5,Meadowview Commons,2090,5416,2019,410,273,285,Active,,,http://www.redfin.com/MA/Easton/1-Driftwood-DR-02375/home/160916122,MLS PIN,72473494,N,Y,42.0041954,-71.0854325
MLS Listing,,Single Family Residential,2 Driftwood Dr,Easton,MA,02375,519900,2,2.5,Meadowview Commons,2100,5001,2019,410,248,285,Active,,,http://www.redfin.com/MA/Easton/2-Driftwood-DR-02375/home/170362553,MLS PIN,72473493,N,Y,42.0041954,-71.0854325
MLS Listing,,Single Family Residential,5 Hobart Way,Easton,MA,02356,590000,2,1.0,Hobart Meadows,1344,52272,1998,691,439,,Active,,,http://www.redfin.com/MA/North-Easton/5-Hobart-WAY-02356/home/169929952,MLS PIN,72351353,N,Y,42.0656067,-71.1092012
New Construction Home,,Single Family Residential,15 Lullaby Ln,North Easton,MA,02356,998000,4,3.5,Tanglewood Estates,3512,,2019,173,284,,Active,,,http://www.redfin.com/MA/North-Easton/15-Lullaby-Ln-02356/home/61656476,NewHomeSource.com,1766975,N,Y,42.012233,-71.109841
