SALE TYPE,SOLD DATE,PROPERTY TYPE,ADDRESS,CITY,STATE OR PROVINCE,ZIP OR POSTAL CODE,PRICE,BEDS,BATHS,LOCATION,SQUARE FEET,LOT SIZE,YEAR BUILT,DAYS ON MARKET,$/SQUARE FEET,HOA/MONTH,STATUS,NEXT OPEN HOUSE START TIME,NEXT OPEN HOUSE END TIME,URL (SEE http://www.redfin.com/buy-a-home/comparative-market-analysis FOR INFO ON PRICING),SOURCE,MLS#,FAVORITE,INTERESTED,LATITUDE,LONGITUDE
MLS Listing,,Single Family Residential,394 Podunk Rd,East Brookfield,MA,01515,185000,5,2.0,East Brookfield,1680,13068,1950,2,110,,Active,,,http://www.redfin.com/MA/East-Brookfield/394-Podunk-Rd-01515/home/16494140,MLS PIN,72654437,N,Y,42.2035705,-72.0517599
MLS Listing,,Multi-Family (2-4 Unit),291 E Main St,East Brookfield,MA,01515,255000,2,2.0,East Brookfield,2400,7841,,44,106,,Active,,,http://www.redfin.com/MA/East-Brookfield/291-E-Main-St-01515/home/21794903,MLS PIN,72639273,N,Y,42.2262156,-72.0475005
MLS Listing,,Vacant Land,Lot 5 High Rocks Ests,East Brookfield,MA,01515,65000,,,East Brookfield,,59241,,47,,,Active,,,http://www.redfin.com/MA/East-Brookfield/Lot-5-High-Rocks-Rd-01515/home/171203511,MLS PIN,72638541,N,Y,42.1818825,-72.0337486
MLS Listing,,Vacant Land,Lot 13 High Rocks Ests,East Brookfield,MA,01515,75000,,,East Brookfield,,67082,,47,,,Active,,,http://www.redfin.com/MA/East-Brookfield/Lot-13-High-Rocks-Rd-01515/home/171203466,MLS PIN,72638534,N,Y,42.1818825,-72.0337486
MLS Listing,,Single Family Residential,101 Harrington Ln,East Brookfield,MA,01515,254900,3,1.0,East Brookfield,1152,13504,1952,75,221,,Active,,,http://www.redfin.com/MA/East-Brookfield/101-Harrington-Ln-01515/home/16494567,MLS PIN,72625745,N,Y,42.2322054,-72.0342892
MLS Listing,,Single Family Residential,135 Flagg Rd,East Brookfield,MA,01515,599900,4,3.5,East Brookfield,3502,152896,1989,177,171,,Active,,,http://www.redfin.com/MA/East-Brookfield/135-Flagg-Rd-01515/home/16494315,MLS PIN,72593588,N,Y,42.1823057,-72.0280896
MLS Listing,,Single Family Residential,163 W Sturbridge Rd,East Brookfield,MA,01515,109900,5,1.5,East Brookfield,2071,24829,1880,205,53,,Active,,,http://www.redfin.com/MA/East-Brookfield/163-W-Sturbridge-Rd-01515/home/16494064,MLS PIN,72582619,N,Y,42.1943484,-72.0529155
MLS Listing,,Single Family Residential,142 Gleason Ave,East Brookfield,MA,01515,310000,3,2.5,East Brookfield,1876,19166,1940,709,165,,Active,,,http://www.redfin.com/MA/East-Brookfield/142-Gleason-Ave-01515/home/16494510,MLS PIN,72338858,N,Y,42.2299617,-72.0445089
