SALE TYPE,SOLD DATE,PROPERTY TYPE,ADDRESS,CITY,STATE OR PROVINCE,ZIP OR POSTAL CODE,PRICE,BEDS,BATHS,LOCATION,SQUARE FEET,LOT SIZE,YEAR BUILT,DAYS ON MARKET,$/SQUARE FEET,HOA/MONTH,STATUS,NEXT OPEN HOUSE START TIME,NEXT OPEN HOUSE END TIME,URL (SEE http://www.redfin.com/buy-a-home/comparative-market-analysis FOR INFO ON PRICING),SOURCE,MLS#,FAVORITE,INTERESTED,LATITUDE,LONGITUDE
MLS Listing,,Multi-Family (2-4 Unit),36 Shirley St,Everett,MA,02149,795000,7,3.0,Glendale,3090,4295,1930,6,257,,Active,,,http://www.redfin.com/MA/Everett/36-Shirley-St-02149/home/8524932,MLS PIN,72652946,N,Y,42.411466,-71.044078
MLS Listing,,Multi-Family (2-4 Unit),22-A Liberty St,Everett,MA,02149,599000,5,2.0,Everett,2303,1860,1900,5,260,,Active,,,http://www.redfin.com/MA/Everett/22A-Liberty-St-02149/home/171560447,MLS PIN,72653653,N,Y,42.40839,-71.058116
MLS Listing,,Multi-Family (2-4 Unit),48 Ferry St,Everett,MA,02149,599000,3,2.0,Everett,2372,2448,1920,6,253,,Active,,,http://www.redfin.com/MA/Everett/48-Ferry-St-02149/home/8518748,MLS PIN,72652665,N,Y,42.4057612,-71.0476294
MLS Listing,,Single Family Residential,18 Staples Ave,Everett,MA,02149,579900,4,2.5,Everett,2431,3202,1902,7,239,,Active,,,http://www.redfin.com/MA/Everett/18-Staples-Ave-02149/home/8501437,MLS PIN,72652444,N,Y,42.414131,-71.055975
MLS Listing,,Multi-Family (2-4 Unit),195 Chelsea,Everett,MA,02149,889000,5,2.5,Everett,4313,4922,1900,14,206,,Active,,,http://www.redfin.com/MA/Everett/195-Chelsea-St-02149/home/11775682,MLS PIN,72649159,N,Y,42.403525,-71.0479428
MLS Listing,,Single Family Residential,20 Elliott Rd,Everett,MA,02149,539900,2,2.0,Everett,2000,4299,1955,21,270,,Active,,,http://www.redfin.com/MA/Everett/20-Elliott-Rd-02149/home/8494571,MLS PIN,72646812,N,Y,42.4181868,-71.0467357
MLS Listing,,Single Family Residential,84 Dartmouth St,Everett,MA,02149,590000,4,2.5,Everett,2210,3515,1969,22,267,,Active,May-16-2020 02:30 PM,May-16-2020 04:00 PM,http://www.redfin.com/MA/Everett/84-Dartmouth-St-02149/home/8526465,MLS PIN,72646097,N,Y,42.4111405,-71.0374033
MLS Listing,,Single Family Residential,41 Reynolds Ave,Everett,MA,02149,589000,4,1.5,Everett,1750,5304,1914,26,337,,Active,,,http://www.redfin.com/MA/Everett/41-Reynolds-Ave-02149/home/11379933,MLS PIN,72645101,N,Y,42.4035561,-71.039562
MLS Listing,,Single Family Residential,39 Baker Rd,Everett,MA,02149,711980,4,2.5,Everett,2200,2736,1899,29,324,,Active,,,http://www.redfin.com/MA/Everett/39-Baker-Rd-02149/home/8520469,MLS PIN,72643948,N,Y,42.4063227,-71.0421856
MLS Listing,,Townhouse,118 Harvard St #118,Everett,MA,02149,569000,2,2.0,Everett,1521,,,41,374,102,Active,,,http://www.redfin.com/MA/Everett/118-Harvard-St-02149/unit-118/home/160684104,MLS PIN,72640263,N,Y,42.4076166,-71.0382448
MLS Listing,,Single Family Residential,31 Beacon St,Everett,MA,02149,579900,4,1.5,Everett,2140,3960,1902,41,271,,Active,,,http://www.redfin.com/MA/Everett/31-Beacon-St-02149/home/8507923,MLS PIN,72640199,N,Y,42.4109914,-71.0610356
MLS Listing,,Multi-Family (2-4 Unit),49 Pearl St,Everett,MA,02149,1039000,10,3.0,Everett,4158,4099,1910,42,250,,Active,,,http://www.redfin.com/MA/Everett/49-Pearl-St-02149/home/8509074,MLS PIN,72639519,N,Y,42.4125474,-71.0655854
MLS Listing,,Condo/Co-op,227 Hancock St #1,Everett,MA,02149,529900,3,2.0,Everett,1756,,1900,45,302,227,Active,,,http://www.redfin.com/MA/Everett/227-Hancock-St-02149/unit-1/home/170388059,MLS PIN,72638920,N,Y,42.4164555,-71.0595963
MLS Listing,,Multi-Family (2-4 Unit),252 Main St,Everett,MA,02149,879900,4,2.5,Everett,3648,3023,1930,47,241,,Active,,,http://www.redfin.com/MA/Everett/252-Main-St-02149/home/8508731,MLS PIN,72638526,N,Y,42.4094733,-71.0625677
MLS Listing,,Multi-Family (2-4 Unit),58 Central Ave,Everett,MA,02149,778000,7,2.5,Everett,2598,3215,1900,51,299,,Active,,,http://www.redfin.com/MA/Everett/58-Central-Ave-02149/home/8503313,MLS PIN,72637203,N,Y,42.4157696,-71.0550474
MLS Listing,,Condo/Co-op,6 Elm St #3,Everett,MA,02149,424900,4,1.5,Everett,1151,,1900,51,369,150,Active,,,http://www.redfin.com/MA/Everett/6-Elm-St-02149/unit-3/home/11379979,MLS PIN,72637125,N,Y,42.4119954,-71.0469211
MLS Listing,,Single Family Residential,48 Nichols St,Everett,MA,02149,529900,3,2.0,Everett,2849,8581,1885,53,186,,Active,,,http://www.redfin.com/MA/Everett/48-Nichols-St-02149/home/8528520,MLS PIN,72636727,N,Y,42.4084705,-71.0439035
MLS Listing,,Multi-Family (2-4 Unit),147 Elm St,Everett,MA,02149,789000,5,2.0,Everett,2990,3868,1925,55,264,,Active,,,http://www.redfin.com/MA/Everett/147-Elm-St-02149/home/8525585,MLS PIN,72635887,N,Y,42.4131743,-71.0408392
MLS Listing,,Condo/Co-op,77 Floyd St #1,Everett,MA,02149,679000,3,2.0,Everett,2000,4486,1930,63,340,197,Active,,,http://www.redfin.com/MA/Everett/77-Floyd-St-02149/unit-1/home/171056577,MLS PIN,72631930,N,Y,42.4130835,-71.0670396
MLS Listing,,Single Family Residential,3 Hampshire St,Everett,MA,02149,669000,4,2.5,Everett,2846,3454,1900,63,235,,Active,May-16-2020 12:00 PM,May-16-2020 12:30 PM,http://www.redfin.com/MA/Everett/3-Hampshire-St-02149/home/8517800,MLS PIN,72631590,N,Y,42.4094519,-71.0526786
MLS Listing,,Condo/Co-op,75 Floyd St #1,Everett,MA,02149,539000,2,2.0,Everett,1200,4486,1930,64,449,157,Active,,,http://www.redfin.com/MA/Everett/75-Floyd-St-02149/unit-1/home/171047672,MLS PIN,72631109,N,Y,42.4130528,-71.0670247
MLS Listing,,Multi-Family (2-4 Unit),11 FAIRLAWN St,Everett,MA,02149,759900,7,2.0,Everett,2472,3149,1907,65,307,,Active,May-17-2020 12:00 PM,May-17-2020 01:30 PM,http://www.redfin.com/MA/Everett/11-Fairlawn-St-02149/home/8501097,MLS PIN,72630416,N,Y,42.4123283,-71.0519357
MLS Listing,,Condo/Co-op,14 Locust St Unit 2C,Everett,MA,02149,319888,2,2.0,Everett,817,,1920,68,392,338,Active,,,http://www.redfin.com/MA/Everett/14-Locust-St-02149/unit-2C/home/8507613,MLS PIN,72629579,N,Y,42.4126593,-71.0624735
MLS Listing,,Multi-Family (2-4 Unit),9 Jackson Ave,Everett,MA,02149,849000,5,3.0,Everett,2542,4051,1890,86,334,,Active,,,http://www.redfin.com/MA/Everett/9-Jackson-Ave-02149/home/8530011,MLS PIN,72620290,N,Y,42.4141516,-71.0380998
MLS Listing,,Single Family Residential,4 Woodside Ave,Everett,MA,02149,689000,3,2.0,Everett,1593,3202,1930,100,433,,Active,,,http://www.redfin.com/MA/Everett/4-Woodside-Ave-02149/home/8526432,MLS PIN,72614870,N,Y,42.4102639,-71.036614
MLS Listing,,Condo/Co-op,51-53 Rock Valley Ave #2,Everett,MA,02149,420000,3,1.0,Everett,995,,1910,103,422,172,Active,,,http://www.redfin.com/MA/Everett/51-Rock-Valley-Ave-02149/unit-2/home/170479670,MLS PIN,72614286,N,Y,42.4193598,-71.0490737
MLS Listing,,Condo/Co-op,51-53 Rock Valley Ave #1,Everett,MA,02149,420000,3,1.0,Everett,1000,,1910,103,420,276,Active,,,http://www.redfin.com/MA/Everett/51-Rock-Valley-Ave-02149/unit-1/home/170479669,MLS PIN,72614285,N,Y,42.4193598,-71.0490737
MLS Listing,,Condo/Co-op,227 Hancock St #3,Everett,MA,02149,429900,2,1.0,Everett,868,,1900,112,495,200,Active,,,http://www.redfin.com/MA/Everett/227-Hancock-St-02149/unit-3/home/170388089,MLS PIN,72610498,N,Y,42.4164555,-71.0595963
MLS Listing,,Multi-Family (2-4 Unit),18 Luke Rd,Everett,MA,02149,675000,5,2.0,Everett,2112,3332,1900,142,320,,Active,,,http://www.redfin.com/MA/Everett/18-Luke-Rd-02149/home/8522409,MLS PIN,72602281,N,Y,42.403446,-71.044055
MLS Listing,,Townhouse,120 Wyllis Ave #431,Everett,MA,02149,686096,3,2.5,Everett,2192,,2007,173,313,632,Active,,,http://www.redfin.com/MA/Everett/120-Wyllis-Ave-02149/unit-431/home/18981982,MLS PIN,72595386,N,Y,42.4148131,-71.0700778
MLS Listing,,Condo/Co-op,15 Staples Ave #48,Everett,MA,02149,314900,2,1.0,Everett,722,,1960,188,436,311,Active,,,http://www.redfin.com/MA/Everett/15-Staples-Ave-02149/unit-48/home/8502208,MLS PIN,72589804,N,Y,42.4143764,-71.0553894
MLS Listing,,Single Family Residential,15 Russell Pl,Everett,MA,02149,390000,3,1.0,Everett,1258,6098,1965,190,310,,Active,,,http://www.redfin.com/MA/Everett/15-Russell-Pl-02149/home/8495381,MLS PIN,72588614,N,Y,42.4181707,-71.0492428
MLS Listing,,Townhouse,120 Wyllis Ave #428,Everett,MA,02149,559957,2,2.5,Everett,1789,,2007,363,313,515,Active,,,http://www.redfin.com/MA/Everett/120-Wyllis-Ave-02149/unit-428/home/18981985,MLS PIN,72501525,N,Y,42.4148131,-71.0700778
For-Sale-by-Owner Listing,,Multi-Family (2-4 Unit),314 Ferry St #2,Everett,MA,02149,1300000,6,4.0,Everett,3200,,1880,273,406,,Active,,,http://www.redfin.com/MA/Everett/314-Ferry-St-02149/unit-2/home/144250966,Fizber.com,5027587,N,Y,42.4141519,-71.0474398
