SALE TYPE,SOLD DATE,PROPERTY TYPE,ADDRESS,CITY,STATE OR PROVINCE,ZIP OR POSTAL CODE,PRICE,BEDS,BATHS,LOCATION,SQUARE FEET,LOT SIZE,YEAR BUILT,DAYS ON MARKET,$/SQUARE FEET,HOA/MONTH,STATUS,NEXT OPEN HOUSE START TIME,NEXT OPEN HOUSE END TIME,URL (SEE http://www.redfin.com/buy-a-home/comparative-market-analysis FOR INFO ON PRICING),SOURCE,MLS#,FAVORITE,INTERESTED,LATITUDE,LONGITUDE
MLS Listing,,Multi-Family (2-4 Unit),83 Talbot St,Fall River,MA,02723,259000,4,2.0,Fall River,1301,2500,1930,1,199,,Active,,,http://www.redfin.com/MA/Fall-River/83-Talbot-St-02723/home/16005626,MLS PIN,72655448,N,Y,41.6960496,-71.1314134
MLS Listing,,Single Family Residential,25 Forest St,Fall River,MA,02721,221900,4,2.0,Fall River,1771,2322,1900,1,125,,Active,,,http://www.redfin.com/MA/Fall-River/25-Forest-St-02721/home/16009713,MLS PIN,72655079,N,Y,41.6953575,-71.1625549
MLS Listing,,Condo/Co-op,151 Buffinton St #3,Fall River,MA,02721,129900,3,2.0,Fall River,1080,,1987,1,120,,Active,,,http://www.redfin.com/MA/Fall-River/151-Buffinton-St-02721/unit-3/home/16010292,MLS PIN,72654975,N,Y,41.6898503,-71.1557551
MLS Listing,,Multi-Family (5+ Unit),130-132 Hood St,Fall River,MA,02720,459000,6,6.0,Fall River,5445,4652,1900,1,84,,Active,,,http://www.redfin.com/MA/Fall-River/130-Hood-St-02720/home/16017899,MLS PIN,72654808,N,Y,41.7178138,-71.1474061
MLS Listing,,Single Family Residential,0 New Boston Rd,Fall River,MA,02720,395000,4,2.5,Fall River,1850,10154,2020,1,214,,Active,,,http://www.redfin.com/MA/Fall-River/279-New-Boston-Rd-02720/home/18971379,MLS PIN,72654756,N,Y,41.7102177,-71.1406672
MLS Listing,,Multi-Family (2-4 Unit),149 NELSON St,Fall River,MA,02721,425000,8,4.0,Fall River,3945,4791,1900,4,108,,Active,,,http://www.redfin.com/MA/Fall-River/149-Nelson-St-02721/home/16011224,MLS PIN,72650983,N,Y,41.6824496,-71.1493923
MLS Listing,,Single Family Residential,458 Stetson St,Fall River,MA,02720,269900,3,1.0,Highlands,1060,5276,1951,5,255,,Active,,,http://www.redfin.com/MA/Fall-River/458-Stetson-St-02720/home/16004563,MLS PIN,72653709,N,Y,41.712381,-71.1399692
MLS Listing,,Multi-Family (2-4 Unit),464 Birch St,Fall River,MA,02724,350000,9,3.0,Fall River,2956,4693,1900,5,118,,Active,,,http://www.redfin.com/MA/Fall-River/464-Birch-St-02724/home/16008358,MLS PIN,72651091,N,Y,41.684939,-71.1794081
MLS Listing,,Multi-Family (2-4 Unit),1545 Rodman St,Fall River,MA,02721,598000,6,3.0,Fall River,4260,9605,2020,7,140,,Active,,,http://www.redfin.com/MA/Fall-River/1545-Rodman-St-02721/home/16011205,MLS PIN,72652560,N,Y,41.6816486,-71.1506622
MLS Listing,,Condo/Co-op,50 Clark St #6,Fall River,MA,02720,119900,2,1.0,Fall River,723,,1988,8,166,140,Active,,,http://www.redfin.com/MA/Fall-River/50-Clark-St-02720/unit-6/home/137188615,MLS PIN,72651864,N,Y,41.742274,-71.128972
MLS Listing,,Single Family Residential,198 Mcmahon St,Fall River,MA,02721,375000,3,3.0,Fall River,2456,5560,2005,8,153,,Active,,,http://www.redfin.com/MA/Fall-River/198-McMahon-St-02721/home/16021624,MLS PIN,72651729,N,Y,41.6692991,-71.1643234
MLS Listing,,Single Family Residential,130 Broadway,Fall River,MA,02721,179900,3,1.0,Fall River,1710,3000,1921,8,105,,Active,,,http://www.redfin.com/MA/Fall-River/130-Broadway-02721/home/16009527,MLS PIN,72651658,N,Y,41.699129,-71.1670271
MLS Listing,,Single Family Residential,300 Moorland St,Fall River,MA,02724,249900,3,3.0,Fall River,1776,7875,1988,9,141,,Active,,,http://www.redfin.com/MA/Fall-River/300-Moorland-St-02724/home/16015234,MLS PIN,72651421,N,Y,41.6796551,-71.1870663
MLS Listing,,Single Family Residential,329 Walnut St,Fall River,MA,02720,249900,3,1.0,Fall River,1474,,1925,11,170,,Active,May-16-2020 11:00 AM,May-16-2020 12:00 PM,http://www.redfin.com/MA/Fall-River/329-Walnut-St-02720/home/16020355,MLS PIN,72650692,N,Y,41.7070676,-71.1526891
MLS Listing,,Single Family Residential,66 Oxford St,Fall River,MA,02721,269900,3,1.5,Fall River,1870,8793,1930,12,144,,Active,,,http://www.redfin.com/MA/Fall-River/66-Oxford-St-02721/home/16010842,MLS PIN,72650395,N,Y,41.6871106,-71.1538333
MLS Listing,,Multi-Family (5+ Unit),94 Seabury St,Fall River,MA,02720,419000,12,6.0,Fall River,4362,6534,1900,13,96,,Active,,,http://www.redfin.com/MA/Fall-River/94-Seabury-St-02720/home/16020901,MLS PIN,72649528,N,Y,41.7019331,-71.1476225
MLS Listing,,Multi-Family (5+ Unit),27-37 Carver St,Fall River,MA,02721,1800000,12,12.0,Fall River,8298,10794,1900,13,217,,Active,,,http://www.redfin.com/MA/Fall-River/27-Carver-St-02721/home/171474063,MLS PIN,72624977,N,Y,41.6908577,-71.1563867
MLS Listing,,Multi-Family (2-4 Unit),623 Robeson St,Fall River,MA,02720,389900,8,3.0,Fall River,4086,4180,1910,14,95,,Active,,,http://www.redfin.com/MA/Fall-River/623-Robeson-St-02720/home/16004843,MLS PIN,72649109,N,Y,41.708417,-71.1425243
MLS Listing,,Single Family Residential,478 3Rd St,Fall River,MA,02721,275000,4,2.0,Fall River,2155,3547,1900,15,128,,Active,,,http://www.redfin.com/MA/Fall-River/478-Third-St-02721/home/16007790,MLS PIN,72648655,N,Y,41.6957471,-71.1576047
MLS Listing,,Single Family Residential,28 Hathaway St,Fall River,MA,02720,389900,4,2.5,Fall River,2233,7876,1900,16,175,,Active,,,http://www.redfin.com/MA/Fall-River/28-Hathaway-St-02720/home/16020022,MLS PIN,72648400,N,Y,41.7151433,-71.156883
MLS Listing,,Condo/Co-op,191 Glasgow St #12,Fall River,MA,02721,94900,2,1.0,Fall River,704,,1971,16,135,347,Active,,,http://www.redfin.com/MA/Fall-River/191-Glasgow-St-02721/unit-12/home/16021481,MLS PIN,72648154,N,Y,41.6807677,-71.1469197
MLS Listing,,Single Family Residential,29 Beacon St,Fall River,MA,02721,199000,4,1.0,Fall River,1118,4439,1930,17,178,,Active,,,http://www.redfin.com/MA/Fall-River/29-Beacon-St-02721/home/16009961,MLS PIN,72647915,N,Y,41.6976152,-71.173235
MLS Listing,,Multi-Family (2-4 Unit),18 Pear St,Fall River,MA,02720,399900,9,3.0,Fall River,3300,3214,1900,20,121,,Active,,,http://www.redfin.com/MA/Fall-River/18-Pear-St-02720/home/16022443,MLS PIN,72647077,N,Y,41.7060396,-71.1443913
MLS Listing,,Multi-Family (5+ Unit),67 Robeson St,Fall River,MA,02720,549000,16,6.0,Fall River,6117,5643,1900,20,90,,Active,,,http://www.redfin.com/MA/Fall-River/67-Robeson-St-02720/home/171407286,MLS PIN,72647016,N,Y,41.7010481,-71.1449249
MLS Listing,,Single Family Residential,22 Mcclure Pl,Fall River,MA,02720,235900,3,1.5,Fall River,1656,2689,1930,20,142,,Active,,,http://www.redfin.com/MA/Fall-River/22-McClure-Pl-02720/home/16020103,MLS PIN,72646982,N,Y,41.7148418,-71.1477591
MLS Listing,,Multi-Family (2-4 Unit),161 Branch St,Fall River,MA,02721,249900,5,2.0,Fall River,3116,3775,1900,27,80,,Active,,,http://www.redfin.com/MA/Fall-River/161-Branch-St-02721/home/16007738,MLS PIN,72644799,N,Y,41.6941842,-71.1560579
MLS Listing,,Single Family Residential,34 Mate Dr,Fall River,MA,02721,309000,3,2.0,Fall River,1450,9500,1996,27,213,,Active,,,http://www.redfin.com/MA/Fall-River/34-Mate-Dr-02721/home/16014486,RIS,1251782,N,Y,41.6711325,-71.1671547
MLS Listing,,Single Family Residential,321 County St,Fall River,MA,02721,269900,3,1.0,Fall River,1248,6459,2020,29,216,,Active,,,http://www.redfin.com/MA/Fall-River/321-County-St-02723/home/167126865,MLS PIN,72643921,N,Y,41.6942642,-71.1347536
MLS Listing,,Single Family Residential,1901 Bay,Fall River,MA,02724,314900,4,1.5,Also known as 133 Byron St. Fall River (corner lot),1807,8755,1930,29,174,,Active,,,http://www.redfin.com/MA/Fall-River/1901-Bay-02724/home/171422724,MLS PIN,72643912,N,Y,41.6883098,-71.1745579
MLS Listing,,Townhouse,332 Globe St #2,Fall River,MA,02724,289000,2,1.5,Fall River,1200,,2020,29,241,200,Active,,,http://www.redfin.com/MA/Fall-River/332-Globe-St-02724/unit-2/home/171326664,MLS PIN,72643861,N,Y,41.6885051,-71.1748937
MLS Listing,,Single Family Residential,590 Mohawk Dr,Fall River,MA,02722,500000,3,5.0,Fall River,3287,37557,1992,29,152,,Active,,,http://www.redfin.com/MA/Fall-River/590-Mohawk-DR-02722/home/171326598,MLS PIN,72643850,N,Y,41.7013978,-71.1558372
MLS Listing,,Single Family Residential,1154 Watkins St,Fall River,MA,02720,479800,3,2.0,Fall River,2723,129809,2015,35,176,,Active,May-17-2020 02:00 PM,May-17-2020 03:00 PM,http://www.redfin.com/MA/Fall-River/1154-Watkins-St-02720/home/17180831,MLS PIN,72642306,N,Y,41.7176031,-71.1123089
MLS Listing,,Townhouse,1545 Rodman St #1,Fall River,MA,02721,319900,3,2.5,Fall River,2130,9605,2020,36,150,125,Active,,,http://www.redfin.com/MA/Fall-River/1545-Rodman-St-02721/unit-1/home/146652506,MLS PIN,72641870,N,Y,41.6816486,-71.1506622
MLS Listing,,Single Family Residential,51 Francis St,Fall River,MA,02724,289000,3,1.5,Fall River,2541,9308,1950,36,114,,Active,,,http://www.redfin.com/MA/Fall-River/51-Francis-St-02724/home/16010026,MLS PIN,72641753,N,Y,41.6858207,-71.1633022
MLS Listing,,Single Family Residential,122 Broadway,Fall River,MA,02721,249900,3,2.0,Fall River,1650,3000,1921,39,151,,Active,,,http://www.redfin.com/MA/Fall-River/122-Broadway-02721/home/16008408,MLS PIN,72640929,N,Y,41.699268,-71.1670155
MLS Listing,,Multi-Family (2-4 Unit),999 Rodman St,Fall River,MA,02721,225000,9,3.0,Fall River,3168,5013,1900,40,71,,Active,,,http://www.redfin.com/MA/Fall-River/999-Rodman-St-02721/home/14789890,MLS PIN,72640908,N,Y,41.6887148,-71.1480056
MLS Listing,,Single Family Residential,16 Belmont St,Fall River,MA,02720,549000,6,3.0,Hughlands,2745,7802,1923,41,200,,Active,,,http://www.redfin.com/MA/Fall-River/16-Belmont-St-02720/home/16021018,MLS PIN,72640550,N,Y,41.7090998,-71.1491521
MLS Listing,,Townhouse,84 Harvard St #84,Fall River,MA,02720,294900,2,2.0,Fall River,1650,3813,2020,41,179,,Active,,,http://www.redfin.com/MA/Fall-River/84-Harvard-St-02720/unit-84/home/171248650,MLS PIN,72640484,N,Y,41.7244407,-71.1406697
MLS Listing,,Single Family Residential,293 Renaud,Fall River,MA,02721,314900,3,1.0,Fall River,1465,6915,1953,42,215,,Active,,,http://www.redfin.com/MA/Fall-River/293-Renaud-St-02721/home/16012129,MLS PIN,72640068,N,Y,41.6762042,-71.1492068
MLS Listing,,Condo/Co-op,4234 N Main St-Unit 203 Unit 2G3,Fall River,MA,02720,239900,2,2.0,Fall River,1226,,1987,42,196,245,Active,,,http://www.redfin.com/MA/Fall-River/4234-N-Main-St-02720/unit-2G3/home/16015731,MLS PIN,72639686,N,Y,41.7523093,-71.1219419
MLS Listing,,Multi-Family (2-4 Unit),375 Third St,Fall River,MA,02721,469000,12,4.0,Fall River,4000,8000,1988,43,117,,Active,,,http://www.redfin.com/MA/Fall-River/375-Third-St-02721/home/26783588,MLS PIN,72639526,N,Y,41.6971338,-71.1570825
MLS Listing,,Single Family Residential,450 BRADFORD,Fall River,MA,02721,329900,2,2.0,Fall River,1800,8111,2020,43,183,,Active,,,http://www.redfin.com/MA/Fall-River/450-Bradford-Ave-02721/home/160490430,MLS PIN,72639337,N,Y,41.6963975,-71.1664459
MLS Listing,,Single Family Residential,348 Mount Hope Ave,Fall River,MA,02724,265000,2,1.0,Fall River,1399,3893,1930,44,189,,Active,,,http://www.redfin.com/MA/Fall-River/348-Mt-Hope-Ave-02724/home/16015230,MLS PIN,72639284,N,Y,41.6786101,-71.1871127
MLS Listing,,Vacant Land,LOT A Adams St,Fall River,MA,02720,179900,,,Fall River,,,,45,,,Active,,,http://www.redfin.com/MA/Fall-River/LOT-A-Adams-St-02720/home/171223615,MLS PIN,72638985,N,Y,41.7205686,-71.1415166
MLS Listing,,Single Family Residential,35 Hall St,Fall River,MA,02724,194900,2,1.0,Fall River,736,3155,1900,47,265,,Active,,,http://www.redfin.com/MA/Fall-River/35-Hall-St-02724/home/171203905,MLS PIN,72638564,N,Y,41.6869419,-71.1752956
MLS Listing,,Single Family Residential,491 Warren St,Fall River,MA,02723,299900,3,1.5,Fall River,1700,6762,1900,48,176,,Active,May-16-2020 02:00 PM,May-16-2020 03:00 PM,http://www.redfin.com/MA/Fall-River/491-Warren-St-02721/home/16010635,MLS PIN,72638039,N,Y,41.6873473,-71.1508061
MLS Listing,,Single Family Residential,1342 Locust St,Fall River,MA,02723,239000,2,2.0,Fall River,1749,4617,1926,49,137,,Active,,,http://www.redfin.com/MA/Fall-River/1342-Locust-St-02723/home/16005384,MLS PIN,72637686,N,Y,41.7030446,-71.1347611
MLS Listing,,Single Family Residential,229 Sterling St,Fall River,MA,02721,189999,2,1.0,Fall River,553,6846,1900,50,344,,Active,,,http://www.redfin.com/MA/Fall-River/229-Sterling-St-02721/home/16012688,MLS PIN,72637596,N,Y,41.6661203,-71.1555508
MLS Listing,,Multi-Family (5+ Unit),673 WALNUT St,Fall River,MA,02720,450000,11,5.0,Fall River,4910,5056,1900,50,92,,Active,,,http://www.redfin.com/MA/Fall-River/673-Walnut-St-02720/home/16020653,MLS PIN,72637375,N,Y,41.7059303,-71.1465451
MLS Listing,,Single Family Residential,1502 Slade St,Fall River,MA,02721,249900,2,2.0,Fall River,687,5218,1914,51,364,,Active,,,http://www.redfin.com/MA/Fall-River/1502-Slade-St-02721/home/16012274,MLS PIN,72637131,N,Y,41.6828999,-71.1598016
MLS Listing,,Single Family Residential,883 Broadway,Fall River,MA,02724,229900,4,2.0,Fall River,2054,5326,1900,52,112,,Active,,,http://www.redfin.com/MA/Fall-River/883-Broadway-02724/home/16009081,MLS PIN,72636869,N,Y,41.6891761,-71.1706822
MLS Listing,,Condo/Co-op,188 Palmer St Unit B,Fall River,MA,02724,115000,2,1.0,Fall River,720,,1987,54,160,210,Active,,,http://www.redfin.com/MA/Fall-River/188-Palmer-St-02724/unit-B/home/16009454,MLS PIN,72636313,N,Y,41.687422,-71.1663192
MLS Listing,,Single Family Residential,36 Caleb,Fall River,MA,02721,419900,7,3.0,Fall River,3360,9016,2003,57,125,,Active,,,http://www.redfin.com/MA/Fall-River/36-Caleb-St-02721/home/16012518,MLS PIN,72634922,N,Y,41.6634403,-71.1465687
MLS Listing,,Condo/Co-op,5300 N Main St #5,Fall River,MA,02720,159000,2,1.0,Fall River,734,,1987,57,217,200,Active,,,http://www.redfin.com/MA/Fall-River/5300-N-Main-St-02720/unit-5/home/16022209,MLS PIN,72634829,N,Y,41.7625392,-71.1078116
MLS Listing,,Multi-Family (2-4 Unit),506 Durfee St,Fall River,MA,02720,319000,9,3.0,Steep Brook,3077,3624,1900,58,104,,Active,,,http://www.redfin.com/MA/Fall-River/506-Durfee-St-02720/home/16020072,MLS PIN,72634117,N,Y,41.709456,-71.155997
MLS Listing,,Multi-Family (5+ Unit),185 Palmer St,Fall River,MA,02724,569000,6,6.0,Fall River,2917,6292,1900,59,195,,Active,,,http://www.redfin.com/MA/Fall-River/185-Palmer-St-02724/home/16009789,MLS PIN,72633950,N,Y,41.6871449,-71.1664585
MLS Listing,,Multi-Family (2-4 Unit),574-576 New Boston Rd,Fall River,MA,02720,389900,6,2.0,Oak Grove Village,3142,7505,1900,61,124,,Active,,,http://www.redfin.com/MA/Fall-River/574-New-Boston-Rd-02720/home/16019171,MLS PIN,72633596,N,Y,41.7098357,-71.1351945
MLS Listing,,Condo/Co-op,166 Beattie St #3,Fall River,MA,02723,160000,4,2.0,Fall River,1268,,1916,62,126,150,Active,,,http://www.redfin.com/MA/Fall-River/166-Beattie-St-02723/unit-3/home/16021726,MLS PIN,72632675,N,Y,41.6998386,-71.1367163
MLS Listing,,Single Family Residential,131 Harvard St,Fall River,MA,02720,215000,3,2.0,Fall River,1428,9020,1936,64,151,,Active,,,http://www.redfin.com/MA/Fall-River/131-Harvard-St-02720/home/16017748,MLS PIN,72631130,N,Y,41.7239851,-71.1399222
MLS Listing,,Multi-Family (5+ Unit),3-13 Edgemond St,Fall River,MA,02723,479000,12,6.0,Fall River,5824,4777,1900,65,82,,Active,,,http://www.redfin.com/MA/Fall-River/3-Edgemond-St-02723/home/16007867,MLS PIN,72630641,N,Y,41.6844928,-71.1317679
MLS Listing,,Single Family Residential,822 Bay St,Fall River,MA,02724,244999,2,1.0,Fall River,1128,2642,1930,65,217,,Active,,,http://www.redfin.com/MA/Fall-River/822-Bay-St-02724/home/16008515,MLS PIN,72630500,N,Y,41.6898838,-71.1799659
MLS Listing,,Multi-Family (2-4 Unit),163 Barnaby St,Fall River,MA,02720,435000,9,3.5,Fall River,3591,7180,1929,65,121,,Active,,,http://www.redfin.com/MA/Fall-River/163-Barnaby-St-02720/home/16020249,MLS PIN,72630497,N,Y,41.7121953,-71.1523125
MLS Listing,,Single Family Residential,935 Meridian St,Fall River,MA,02720,499000,3,2.5,Fall River,2768,38864,1997,66,180,,Active,,,http://www.redfin.com/MA/Fall-River/935-Meridian-St-02720/home/16014475,MLS PIN,72630147,N,Y,41.7207401,-71.1121954
MLS Listing,,Multi-Family (2-4 Unit),73 Home St,Fall River,MA,02720,478000,10,4.0,Fall River,3510,5000,1900,67,136,,Active,,,http://www.redfin.com/MA/Fall-River/73-Home-St-02720/home/16005113,MLS PIN,72629796,N,Y,41.7053865,-71.1422338
MLS Listing,,Condo/Co-op,980 Wilson Unit 10 A,Fall River,MA,02720,235000,2,2.0,Fall River,1420,,2009,69,165,276,Active,,,http://www.redfin.com/MA/Fall-River/980-Wilson-Rd-02720/unit-10A/home/18971169,MLS PIN,72628798,N,Y,41.738613,-71.113533
MLS Listing,,Multi-Family (5+ Unit),89 Cherry St,Fall River,MA,02720,479000,10,6.0,Fall River,4152,5625,1900,70,115,,Active,,,http://www.redfin.com/MA/Fall-River/89-Cherry-St-02720/home/16020468,MLS PIN,72627723,N,Y,41.7056364,-71.157245
MLS Listing,,Single Family Residential,0 Griffin St,Fall River,MA,02724,389900,3,2.5,Fall River,1920,10000,2020,71,203,,Active,,,http://www.redfin.com/MA/Fall-River/Griffin-St-02724/home/140052701,MLS PIN,72627182,N,Y,41.6891343,-71.171194
MLS Listing,,Condo/Co-op,375 Third St #4,Fall River,MA,02721,114900,3,1.0,Fall River,972,,1988,72,118,333,Active,,,http://www.redfin.com/MA/Fall-River/375-Third-St-02721/unit-4/home/16021797,MLS PIN,72626717,N,Y,41.6971387,-71.1571168
MLS Listing,,Condo/Co-op,375 3Rd St #3,Fall River,MA,02721,114900,3,1.0,Fall River,972,,1988,72,118,333,Active,,,http://www.redfin.com/MA/Fall-River/375-Third-St-02721/unit-3/home/16021818,MLS PIN,72626711,N,Y,41.6971387,-71.1571168
MLS Listing,,Condo/Co-op,375 Third St #2,Fall River,MA,02721,114900,3,1.0,Fall River,972,,1988,72,118,333,Active,,,http://www.redfin.com/MA/Fall-River/375-Third-St-02721/unit-2/home/16021810,MLS PIN,72626703,N,Y,41.6971387,-71.1571168
MLS Listing,,Townhouse,700 Shore Dr #803,Fall River,MA,02721,314900,2,2.5,Fall River,1386,,1987,73,227,481,Active,,,http://www.redfin.com/MA/Fall-River/700-Shore-Dr-02721/unit-803/home/16008440,MLS PIN,72626133,N,Y,41.6984547,-71.1740341
MLS Listing,,Single Family Residential,5075 N Main St,Fall River,MA,02720,399000,7,2.0,Fall River,3566,19847,1894,75,112,,Active,,,http://www.redfin.com/MA/Fall-River/5075-N-Main-St-02720/home/16015690,MLS PIN,72625453,N,Y,41.7601146,-71.1112205
MLS Listing,,Multi-Family (2-4 Unit),263-265 Rodman St,Fall River,MA,02721,399000,8,5.0,Fall River,4122,2723,1900,77,97,,Active,,,http://www.redfin.com/MA/Fall-River/263-Rodman-St-02721/home/16007946,MLS PIN,72624481,N,Y,41.6963519,-71.1544721
MLS Listing,,Multi-Family (2-4 Unit),58 Edgemond St,Fall River,MA,02723,320000,6,4.0,Fall River,2231,3629,1900,78,143,,Active,May-13-2020 04:00 PM,May-13-2020 05:30 PM,http://www.redfin.com/MA/Fall-River/58-Edgemond-St-02723/home/16007871,MLS PIN,72623476,N,Y,41.6847602,-71.1306707
MLS Listing,,Multi-Family (2-4 Unit),1081 Bedford St,Fall River,MA,02723,350000,6,4.0,Fall River,2805,5340,1934,78,125,,Active,May-16-2020 03:00 PM,May-16-2020 04:00 PM,http://www.redfin.com/MA/Fall-River/1081-Bedford-St-02723/home/16005857,MLS PIN,72623474,N,Y,41.6982025,-71.1359958
MLS Listing,,Multi-Family (2-4 Unit),631 Pokross St,Fall River,MA,02724,285000,4,2.0,Fall River,1872,5066,1940,78,152,,Active,,,http://www.redfin.com/MA/Fall-River/631-Pokross-St-02724/home/16014917,MLS PIN,72623433,N,Y,41.6809277,-71.1810326
MLS Listing,,Single Family Residential,24 Evelyns Way,Fall River,MA,02724,369900,5,2.0,Fall River,2268,5215,2007,80,163,,Active,,,http://www.redfin.com/MA/Fall-River/24-Evelyn-s-Way-02724/home/18971249,MLS PIN,72622850,N,Y,41.6908787,-71.1731886
MLS Listing,,Multi-Family (2-4 Unit),424 Division St,Fall River,MA,02721,299900,5,2.0,Fall River,2787,3069,1925,82,108,,Active,,,http://www.redfin.com/MA/Fall-River/424-Division-St-02721/home/16009881,MLS PIN,72622424,N,Y,41.69701,-71.166042
MLS Listing,,Multi-Family (5+ Unit),1768 Pleasant St,Fall River,MA,02723,319900,4,3.0,Fall River,1250,4629,1900,83,256,,Active,,,http://www.redfin.com/MA/Fall-River/1768-Pleasant-St-02723/home/18971408,MLS PIN,72622032,N,Y,41.687204,-71.129776
MLS Listing,,Multi-Family (2-4 Unit),62 Bay St,Fall River,MA,02721,224800,6,3.0,Fall River,2283,2863,1921,83,98,,Active,,,http://www.redfin.com/MA/Fall-River/62-Bay-St-02721/home/16010172,MLS PIN,72621930,N,Y,41.6983058,-71.1730958
MLS Listing,,Single Family Residential,187 Lake Ave Ave,Fall River,MA,02721,524900,3,2.0,Fall River,5728,16560,2001,85,92,,Active,,,http://www.redfin.com/MA/FALL-RIVER/187-LAKE-AVE-02721/home/16012392,RIS,1247592,N,Y,41.658089,-71.132641
MLS Listing,,Single Family Residential,226 Atlantic Blvd,Fall River,MA,02724,399900,4,3.0,Fall River,2682,4136,1930,85,149,,Active,,,http://www.redfin.com/MA/Fall-River/226-Atlantic-Blvd-02724/home/16015016,MLS PIN,72620732,N,Y,41.6790468,-71.1946062
MLS Listing,,Vacant Land,0 Friendship St,Fall River,MA,02724,184500,,,Fall River,,2871,,87,,,Active,,,http://www.redfin.com/MA/Fall-River/Friendship-St-02724/home/171286208,MLS PIN,72620117,N,Y,41.6906928,-71.1813945
MLS Listing,,Condo/Co-op,4234 N Main St #503,Fall River,MA,02720,259000,2,2.0,Fall River,1226,,1987,89,211,304,Active,,,http://www.redfin.com/MA/Fall-River/4234-N-Main-St-02720/unit-503/home/170574237,MLS PIN,72619578,N,Y,41.7523093,-71.1219419
MLS Listing,,Single Family Residential,44 Hancock St,Fall River,MA,02721,179900,3,1.0,Fall River,1482,5934,1991,90,121,,Active,,,http://www.redfin.com/MA/Fall-River/44-Hancock-St-02721/home/16012714,MLS PIN,72619299,N,Y,41.6642077,-71.1527247
MLS Listing,,Townhouse,82 Harvard St #82,Fall River,MA,02721,297900,3,1.5,Fall River,1650,3813,2020,91,181,,Active,,,http://www.redfin.com/MA/Fall-River/82-Harvard-St-02720/unit-82/home/170563515,MLS PIN,72618882,N,Y,41.7244463,-71.1406998
MLS Listing,,Single Family Residential,1841 Highland Ave,Fall River,MA,02720,344000,3,1.5,The Highlands,1512,12600,1939,93,228,,Active,,,http://www.redfin.com/MA/Fall-River/1841-Highland-Ave-02720/home/16017425,MLS PIN,72617874,N,Y,41.7279117,-71.1334095
MLS Listing,,Single Family Residential,56 Stanley St,Fall River,MA,02720,225000,5,2.5,Fall River,1949,2848,1900,93,115,,Active,,,http://www.redfin.com/MA/Fall-River/56-Stanley-St-02720/home/16021276,MLS PIN,72617722,N,Y,41.7155979,-71.1420897
MLS Listing,,Vacant Land,0 cambridge St,Fall River,MA,02721,117000,,,Fall River,,6200,,95,,,Active,,,http://www.redfin.com/MA/FALL-RIVER/CAMBRIDGE-ST-02721/home/86088804,MLS PIN,72617385,N,Y,41.685283,-71.147471
MLS Listing,,Single Family Residential,000 Hall,Fall River,MA,02720,319902,3,2.0,Fall River,1650,6000,2020,98,194,,Active,,,http://www.redfin.com/MA/Fall-River/Hall-02720/home/170500893,MLS PIN,72615949,N,Y,41.7359452,-71.1151431
MLS Listing,,Multi-Family (5+ Unit),73 Nashua St,Fall River,MA,02721,769000,21,8.0,Fall River,7653,5000,1900,99,100,,Active,,,http://www.redfin.com/MA/Fall-River/73-Nashua-St-02721/home/16007220,MLS PIN,72615370,N,Y,41.6935173,-71.1531097
MLS Listing,,Multi-Family (5+ Unit),299 Mulberry St,Fall River,MA,02721,750000,21,6.0,Fall River,6084,5316,1900,99,123,,Active,,,http://www.redfin.com/MA/Fall-River/299-Mulberry-St-02721/home/16009984,MLS PIN,72615274,N,Y,41.6971162,-71.1647411
MLS Listing,,Single Family Residential,503 Highland Ave,Fall River,MA,02720,1099000,6,6.5,Fall River,7860,66211,1928,103,140,,Active,,,http://www.redfin.com/MA/Fall-River/503-Highland-Ave-02720/home/16021212,MLS PIN,72614193,N,Y,41.7121767,-71.1447356
MLS Listing,,Condo/Co-op,1928 N Main St #4,Fall River,MA,02720,139900,3,1.0,Fall River,1008,,1988,104,139,200,Active,,,http://www.redfin.com/MA/Fall-River/1928-N-Main-St-02720/unit-4/home/16022329,MLS PIN,72613645,N,Y,41.7254504,-71.1420613
MLS Listing,,Condo/Co-op,260 Fountain St Unit A3,Fall River,MA,02721,98800,2,1.0,Fall River,827,,1910,104,119,200,Active,,,http://www.redfin.com/MA/Fall-River/260-Fountain-St-02721/unit-A3/home/18971219,MLS PIN,72613554,N,Y,41.6973696,-71.1651691
MLS Listing,,Multi-Family (2-4 Unit),126 Division St,Fall River,MA,02721,399900,8,4.0,Fall River,2917,5968,1900,106,137,,Active,,,http://www.redfin.com/MA/Fall-River/126-Division-St-02721/home/16010512,MLS PIN,72612741,N,Y,41.6979022,-71.1713785
MLS Listing,,Multi-Family (2-4 Unit),250 Harrison St,Fall River,MA,02723,299000,7,2.0,Fall River,2613,4000,1900,110,114,,Active,,,http://www.redfin.com/MA/Fall-River/250-Harrison-St-02723/home/16006550,MLS PIN,72611686,N,Y,41.6912913,-71.136853
MLS Listing,,Single Family Residential,95 7Th St,Fall River,MA,02720,179900,4,1.5,Fall River,1272,7906,1930,112,141,,Active,,,http://www.redfin.com/MA/Fall-River/95-7th-St-02720/home/170386617,MLS PIN,72610419,N,Y,41.6999864,-71.1508319
MLS Listing,,Single Family Residential,274 Walnut,Fall River,MA,02720,359900,3,2.5,Fall River,1680,6316,2019,120,214,,Active,,,http://www.redfin.com/MA/Fall-River/274-Walnut-St-02720/home/166890391,MLS PIN,72607635,N,Y,41.707556,-71.153529
MLS Listing,,Multi-Family (5+ Unit),42 Wooley St,Fall River,MA,02724,399000,9,5.0,Fall River,3841,3810,1900,121,104,,Active,,,http://www.redfin.com/MA/Fall-River/42-Wooley-St-02724/home/16010533,MLS PIN,72607491,N,Y,41.6887848,-71.1635258
MLS Listing,,Multi-Family (5+ Unit),347-351 Alden St,Fall River,MA,02723,450000,5,5.0,Fall River,5416,9292,1921,121,83,,Active,,,http://www.redfin.com/MA/Fall-River/347-Alden-St-02723/home/170272292,MLS PIN,72607227,N,Y,41.6874056,-71.1333617
MLS Listing,,Multi-Family (2-4 Unit),175-179 E Main St,Fall River,MA,02724,179900,6,2.5,Fall River,3648,2756,1915,125,49,,Active,,,http://www.redfin.com/MA/Fall-River/175-E-Main-St-02724/home/16009146,MLS PIN,72606309,N,Y,41.6882802,-71.1668855
MLS Listing,,Multi-Family (2-4 Unit),658-660 Birch St,Fall River,MA,02724,194900,6,2.0,Fall River,2341,5998,1900,128,83,,Active,,,http://www.redfin.com/MA/Fall-River/658-Birch-St-02724/home/16013946,MLS PIN,72604748,N,Y,41.6842803,-71.1759666
MLS Listing,,Single Family Residential,560 Lawton St,Fall River,MA,02721,289900,3,1.5,Fall River,1444,8592,1930,136,201,,Active,,,http://www.redfin.com/MA/Fall-River/560-Lawton-St-02721/home/16012424,MLS PIN,72602943,N,Y,41.6737218,-71.1517439
MLS Listing,,Multi-Family (5+ Unit),273-277 Flint St,Fall River,MA,02723,575000,15,6.0,Fall River,6111,5342,1900,138,94,,Active,,,http://www.redfin.com/MA/Fall-River/273-Flint-St-02723/home/16006521,MLS PIN,72602732,N,Y,41.6911112,-71.1365477
MLS Listing,,Multi-Family (5+ Unit),257 Flint St,Fall River,MA,02723,575000,15,6.0,Fall River,6111,4052,1900,138,94,,Active,,,http://www.redfin.com/MA/Fall-River/257-Flint-St-02723/home/16006173,MLS PIN,72602731,N,Y,41.6911092,-71.1365994
MLS Listing,,Multi-Family (2-4 Unit),511 William St,Fall River,MA,02721,349900,9,3.0,Fall River,3369,4726,1900,138,104,,Active,,,http://www.redfin.com/MA/Fall-River/511-William-St-02721/home/16008048,MLS PIN,72602728,N,Y,41.6972174,-71.1628719
MLS Listing,,Multi-Family (5+ Unit),188-194 Nashua St,Fall River,MA,02721,499900,12,6.0,Fall River,4152,5006,1900,142,120,,Active,,,http://www.redfin.com/MA/Fall-River/188-Nashua-St-02721/home/16007621,MLS PIN,72602352,N,Y,41.6922764,-71.1514113
MLS Listing,,Condo/Co-op,243 Robeson St #3,Fall River,MA,02720,94800,2,1.0,Fall River,725,,1968,154,131,200,Active,,,http://www.redfin.com/MA/Fall-River/243-Robeson-St-02720/unit-3/home/16021555,MLS PIN,72599994,N,Y,41.7034317,-71.1441149
MLS Listing,,Condo/Co-op,243 Robeson St #6,Fall River,MA,02720,94800,2,1.0,Fall River,722,,1968,154,131,250,Active,,,http://www.redfin.com/MA/Fall-River/243-Robeson-St-02720/unit-6/home/16021571,MLS PIN,72599991,N,Y,41.7031462,-71.144187
MLS Listing,,Vacant Land,250 Snell St,Fall River,MA,02721,149900,,,Fall River,,26371,,154,,,Active,,,http://www.redfin.com/MA/Fall-River/250-Snell-St-02721/home/170058359,MLS PIN,72599943,N,Y,41.6910501,-71.1532893
MLS Listing,,Multi-Family (2-4 Unit),47 Bogle St,Fall River,MA,02723,320000,8,3.0,Fall River,2460,1964,1900,156,130,,Active,,,http://www.redfin.com/MA/Fall-River/47-Bogle-St-02723/home/16006816,MLS PIN,72599414,N,Y,41.6885119,-71.1298513
MLS Listing,,Multi-Family (5+ Unit),71 Mulberry St,Fall River,MA,02721,879999,5,2.0,Fall River,2160,2726,1921,161,407,,Active,,,http://www.redfin.com/MA/Fall-River/71-Mulberry-St-02721/home/16008138,MLS PIN,72597993,N,Y,41.7001913,-71.1638128
MLS Listing,,Condo/Co-op,260 Fountain St Unit A1,Fall River,MA,02721,99000,2,1.0,Fall River,815,,1910,165,121,200,Active,,,http://www.redfin.com/MA/Fall-River/260-Fountain-St-02721/unit-A1/home/18971206,MLS PIN,72596814,N,Y,41.6973696,-71.1651691
MLS Listing,,Multi-Family (2-4 Unit),83 Clement St,Fall River,MA,02724,599999,8,4.0,Fall River,4050,8960,1900,168,148,,Active,,,http://www.redfin.com/MA/Fall-River/83-Clement-St-02724/home/16013422,MLS PIN,72596401,N,Y,41.6729125,-71.1823322
MLS Listing,,Multi-Family (2-4 Unit),224 Tripp St,Fall River,MA,02724,349900,4,4.0,Fall River,2184,5757,1900,169,160,,Active,,,http://www.redfin.com/MA/Fall-River/224-Tripp-St-02724/home/16013747,MLS PIN,72596252,N,Y,41.6810101,-71.1737456
MLS Listing,,Condo/Co-op,260 Fountain St Unit C3,Fall River,MA,02721,99000,2,1.0,Fall River,905,,1910,173,109,200,Active,,,http://www.redfin.com/MA/Fall-River/260-Fountain-St-02721/unit-C3/home/18971200,MLS PIN,72595487,N,Y,41.6973696,-71.1651691
MLS Listing,,Multi-Family (2-4 Unit),371 Pine St,Fall River,MA,02720,349900,4,3.0,Fall River,2356,3424,1900,194,149,,Active,,,http://www.redfin.com/MA/Fall-River/371-Pine-St-02720/home/16020475,MLS PIN,72587515,N,Y,41.7038855,-71.152348
MLS Listing,,Single Family Residential,296 Draper St,Fall River,MA,02724,374900,3,2.5,Fall River,1920,5020,2017,196,195,,Active,,,http://www.redfin.com/MA/Fall-River/296-Draper-St-02724/home/109580282,MLS PIN,72586734,N,Y,41.693858,-71.1809157
MLS Listing,,Single Family Residential,41 Danforth St,Fall River,MA,02720,140000,2,1.0,Fall River,753,2163,1925,198,186,,Active,,,http://www.redfin.com/MA/Fall-River/41-Danforth-St-02720/home/16014421,MLS PIN,72585627,N,Y,41.705446,-71.156905
MLS Listing,,Single Family Residential,7 Old Pasture Way Lot 11,Fall River,MA,02720,422500,3,2.5,Highland Farms,1949,12000,2019,203,217,,Active,,,http://www.redfin.com/MA/Fall-River/7-Old-Pasture-WAY-02720/unit-11/home/169526840,MLS PIN,72583864,N,Y,41.7359452,-71.1151431
MLS Listing,,Vacant Land,Lot C Adams St,Fall River,MA,02720,179900,,,Fall River,,12005,,229,,,Active,,,http://www.redfin.com/MA/Fall-River/Lot-C-Adams-St-02720/home/169222185,MLS PIN,72571761,N,Y,41.7205686,-71.1415166
MLS Listing,,Vacant Land,Lot B Adams St,Fall River,MA,02720,169900,,,Fall River,,12031,,229,,,Active,,,http://www.redfin.com/MA/Fall-River/Lot-B-Adams-St-02720/home/169222050,MLS PIN,72571753,N,Y,41.7205686,-71.1415166
MLS Listing,,Vacant Land,Lot D Highland Ave,Fall River,MA,02720,269900,,,Fall River,,21287,,229,,,Active,,,http://www.redfin.com/MA/Fall-River/2720-Highland-Ave-02720/home/169222000,MLS PIN,72571748,N,Y,41.7380983,-71.1253947
MLS Listing,,Single Family Residential,78 Fountain St,Fall River,MA,02721,199999,2,2.0,Fall River,1316,3370,1900,266,152,,Active,,,http://www.redfin.com/MA/Fall-River/78-Fountain-St-02721/home/16009519,MLS PIN,72552924,N,Y,41.699806,-71.1646782
MLS Listing,,Multi-Family (2-4 Unit),129 Baker St,Fall River,MA,02721,339000,9,3.0,Fall River,2865,2915,1900,289,118,,Active,,,http://www.redfin.com/MA/Fall-River/129-Baker-St-02721/home/16011083,MLS PIN,72541595,N,Y,41.6870163,-71.149533
MLS Listing,,Single Family Residential,294 ROBESON St,Fall River,MA,02720,279000,3,1.5,Fall River,1489,5635,2020,306,187,,Active,,,http://www.redfin.com/MA/Fall-River/294-Robeson-St-02720/home/16004738,MLS PIN,72533400,N,Y,41.704179,-71.1442711
MLS Listing,,Single Family Residential,499 Madison St,Fall River,MA,02720,479900,7,4.5,Highland,4026,18054,1900,307,119,,Active,,,http://www.redfin.com/MA/Fall-River/499-Madison-St-02720/home/16018188,MLS PIN,72533104,N,Y,41.7173042,-71.1402903
MLS Listing,,Vacant Land,Lot 42-A Winfred Way,Fall River,MA,02720,189900,,,Steep Brook,,15247,,355,,,Active,,,http://www.redfin.com/MA/Fall-River/Lot-42-A-Winfred-WAY-02720/home/166838924,MLS PIN,72506182,N,Y,41.7359452,-71.1151431
MLS Listing,,Vacant Land,Lot 39 Winfred Way,Fall River,MA,02720,169900,,,Steep Brook,,12076,,355,,,Active,,,http://www.redfin.com/MA/Fall-River/Lot-39-Winfred-WAY-02720/home/166838836,MLS PIN,72506168,N,Y,41.7359452,-71.1151431
MLS Listing,,Vacant Land,Lot 42-B Winfred Way,Fall River,MA,02720,179900,,,Steep Brook,,14734,,355,,,Active,,,http://www.redfin.com/MA/Fall-River/Lot-42-B-Winfred-WAY-02720/home/166838780,MLS PIN,72506167,N,Y,41.7359452,-71.1151431
MLS Listing,,Vacant Land,Lot 36 Winfred Way,Fall River,MA,02720,174900,,,Steep Brook,,12498,,355,,,Active,,,http://www.redfin.com/MA/Fall-River/Lot-36-Winfred-WAY-02720/home/166838743,MLS PIN,72506161,N,Y,41.7359452,-71.1151431
MLS Listing,,Vacant Land,Lot 32 Winfred Way,Fall River,MA,02720,174900,,,Steep Brook,,12316,,355,,,Active,,,http://www.redfin.com/MA/Fall-River/Lot-32-Winfred-WAY-02720/home/166838695,MLS PIN,72506158,N,Y,41.7359452,-71.1151431
MLS Listing,,Single Family Residential,110 Winfred Way #28,Fall River,MA,02720,409900,3,2.0,Steep Brook,1534,12176,2019,355,267,,Active,,,http://www.redfin.com/MA/Fall-River/110-Winifred-Way-02720/unit-28/home/166838425,MLS PIN,72506145,N,Y,41.7297259,-71.1205589
MLS Listing,,Vacant Land,lot 2 Eagle,Fall River,MA,02721,64900,,,Fall River,,6865,,377,,,Active,,,http://www.redfin.com/MA/Fall-River/2-Eagle-St-02721/home/164679186,MLS PIN,72492774,N,Y,41.6995636,-71.1660176
MLS Listing,,Single Family Residential,3775 N Main St,Fall River,MA,02720,96000,3,1.0,Fall River,1586,21780,1900,398,61,,Active,,,http://www.redfin.com/MA/Fall-River/3775-N-Main-St-02720/home/16015887,MLS PIN,72481356,N,Y,41.7470672,-71.1254772
MLS Listing,,Vacant Land,137 County St,Fall River,MA,02723,60000,,,Fall River,,3149,,625,,,Active,,,http://www.redfin.com/MA/Fall-River/137-County-St-02723/home/86088896,MLS PIN,72384870,N,Y,41.695018,-71.13793
MLS Listing,,Single Family Residential,46 Lucille Ln #15,Fall River,MA,02720,449900,3,3.0,Steep Brook,2650,29875,2019,681,170,,Active,,,http://www.redfin.com/MA/Fall-River/Lucille-Ln-02720/unit-15/home/146162791,MLS PIN,72355978,N,Y,41.7300591,-71.1227962
