SALE TYPE,SOLD DATE,PROPERTY TYPE,ADDRESS,CITY,STATE OR PROVINCE,ZIP OR POSTAL CODE,PRICE,BEDS,BATHS,LOCATION,SQUARE FEET,LOT SIZE,YEAR BUILT,DAYS ON MARKET,$/SQUARE FEET,HOA/MONTH,STATUS,NEXT OPEN HOUSE START TIME,NEXT OPEN HOUSE END TIME,URL (SEE http://www.redfin.com/buy-a-home/comparative-market-analysis FOR INFO ON PRICING),SOURCE,MLS#,FAVORITE,INTERESTED,LATITUDE,LONGITUDE
Redfin Data,,Single Family Residential,58 Bourne St,Teaticket,MA,02536,409900,3,1.0,Teaticket,988,4800,1958,1,415,,Pre On-Market,,,http://www.redfin.com/MA/Teaticket/58-Bourne-St-02536/home/132325889,Coming Soon,55483,N,Y,41.5580084,-70.5869395
MLS Listing,,Single Family Residential,2 Bonnie Ln,Falmouth,MA,02536,599000,3,2.5,Waquoit,1814,46739,2020,1,330,,Active,,,http://www.redfin.com/MA/East-Falmouth/2-Bonnie-Ln-02536/home/132605877,MLS PIN,72655131,N,Y,41.590836,-70.521494
MLS Listing,,Single Family Residential,825 W Falmouth Hwy,Falmouth,MA,02574,1175000,4,4.5,West Falmouth,3278,40075,1986,1,358,,Active,May-17-2020 11:00 AM,May-17-2020 01:00 PM,http://www.redfin.com/MA/Falmouth/825-W-Falmouth-Hwy-02540/home/132328987,MLS PIN,72655036,N,Y,41.6115383,-70.6264661
MLS Listing,,Single Family Residential,25 Upland,Falmouth,MA,02540,650000,3,2.5,Falmouth,2254,23522,1979,2,288,,Active,,,http://www.redfin.com/MA/Falmouth/25-Upland-Ave-02540/home/132530884,MLS PIN,72654527,N,Y,41.5636245,-70.6460074
MLS Listing,,Single Family Residential,17 Shorecrest Dr,Falmouth,MA,02536,389000,3,2.0,Falmouth,1224,7501,2000,2,318,50,Active,,,http://www.redfin.com/MA/East-Falmouth/17-Shorecrest-Dr-02536/home/77359587,MLS PIN,72654389,N,Y,41.5695349,-70.5733217
MLS Listing,,Single Family Residential,21 Amherst Ave,Falmouth,MA,02540,919000,4,1.0,Falmouth Heights,1336,3829,1946,2,688,,Active,,,http://www.redfin.com/MA/Falmouth/21-Amherst-Ave-02540/home/132362605,MLS PIN,72654305,N,Y,41.5468077,-70.5919125
MLS Listing,,Townhouse,174 Queen St Unit 5B,Falmouth,MA,02540,589900,2,1.5,Falmouth,1139,,1999,5,518,315,Active,,,http://www.redfin.com/MA/Falmouth/174-Queen-St-02540/unit-5B/home/132500829,MLS PIN,72653708,N,Y,41.5499949,-70.605024
MLS Listing,,Townhouse,1 Chilmark Dr #1,Falmouth,MA,02536,250000,2,2.0,Falmouth,1146,43560,1986,5,218,500,Active,,,http://www.redfin.com/MA/East-Falmouth/1-Chilmark-Dr-02536/unit-1/home/171560855,MLS PIN,72653701,N,Y,41.593967,-70.575991
MLS Listing,,Condo/Co-op,38 Woodrise #38,Falmouth,MA,02540,289900,2,2.0,Falmouth,1308,1089000,1973,5,222,408,Active,,,http://www.redfin.com/MA/Falmouth/38-Woodrise-Rd-02540/unit-38/home/138218419,MLS PIN,72653694,N,Y,41.567691,-70.620889
MLS Listing,,Condo/Co-op,38 Woodrise Rd,Falmouth,MA,02540,289900,2,2.0,Falmouth,1308,1089000,1973,5,222,,Active,,,http://www.redfin.com/MA/Falmouth/38-Woodrise-Rd-02540/home/93585214,CCIMLS,22002657,N,Y,41.567691,-70.620889
MLS Listing,,Single Family Residential,32 Cachalot Ln,Falmouth,MA,02540,569900,4,2.5,Falmouth,2025,29255,1970,5,281,,Active,,,http://www.redfin.com/MA/Falmouth/32-Cachalot-Ln-02540/home/77384657,MLS PIN,72653603,N,Y,41.5777681,-70.6261365
MLS Listing,,Single Family Residential,352 W Falmouth Hwy,Falmouth,MA,02540,1129000,3,2.5,West Falmouth,2216,,2002,5,509,25,Active,,,http://www.redfin.com/MA/Falmouth/352-W-Falmouth-Hwy-02540/home/132500120,MLS PIN,72653599,N,Y,41.589262,-70.635496
MLS Listing,,Single Family Residential,44 Waquoit Landing Rd,Falmouth,MA,02536,1790000,5,3.0,Waquoit,3700,29248,1934,5,484,,Active,,,http://www.redfin.com/MA/East-Falmouth/44-Waquoit-Landing-Rd-02536/home/132378716,MLS PIN,72653536,N,Y,41.5775094,-70.5279111
MLS Listing,,Townhouse,637 Gifford St Unit 17A,Falmouth,MA,02540,479900,3,2.0,Falmouth (Village),1938,492228,2018,5,248,289,Active,,,http://www.redfin.com/MA/Falmouth/637-Gifford-St-02540/unit-17A/home/132490067,MLS PIN,72653502,N,Y,41.577659,-70.602776
MLS Listing,,Single Family Residential,45 Wellwood Cir,Falmouth,MA,02536,1100000,5,4.5,Ballymeade Estates,4268,56758,2002,5,258,113,Active,,,http://www.redfin.com/MA/East-Falmouth/45-Wellwood-Cir-02536/home/132457303,MLS PIN,72653492,N,Y,41.630036,-70.5969086
MLS Listing,,Single Family Residential,15 Ashwood Ln,Falmouth,MA,02536,609000,3,2.5,Antler Shores,1680,23280,1985,6,363,,Active,,,http://www.redfin.com/MA/East-Falmouth/15-Ashwood-Ln-02536/home/77345910,MLS PIN,72653015,N,Y,41.5778904,-70.5386482
MLS Listing,,Single Family Residential,14 Countrywood Ln,Falmouth,MA,02536,429900,3,2.0,East Falmouth,1718,18094,1987,6,250,,Active,,,http://www.redfin.com/MA/East-Falmouth/14-Countrywood-Ln-02536/home/132321859,MLS PIN,72652820,N,Y,41.5904801,-70.5877761
MLS Listing,,Single Family Residential,9 Green Pond Rd,Falmouth,MA,02536,439900,3,3.0,Falmouth,1104,14500,1976,7,398,,Active,,,http://www.redfin.com/MA/East-Falmouth/9-Green-Pond-Rd-02536/home/103938665,MLS PIN,72652615,N,Y,41.5774086,-70.5629106
MLS Listing,,Single Family Residential,16 Strand Way,Falmouth,MA,02536,695000,3,2.0,East Falmouth,1700,35719,1964,7,409,,Active,,,http://www.redfin.com/MA/East-Falmouth/16-Strand-Way-02536/home/132513858,CCIMLS,22002584,N,Y,41.6249818,-70.5761801
MLS Listing,,Single Family Residential,65 Bayshore Dr,Mashpee,MA,02649,1075000,4,3.0,South Mashpee,2734,22215,1993,7,393,35,Active,,,http://www.redfin.com/MA/Mashpee/65-Bayshore-Dr-02649/home/133545898,MLS PIN,72652406,N,Y,41.5783904,-70.5038329
MLS Listing,,Single Family Residential,637 Sandwich,Falmouth,MA,02536,260000,3,1.0,Teaticket,1574,42253,1880,7,165,,Active,,,http://www.redfin.com/MA/East-Falmouth/637-Sandwich-Rd-02536/home/132450040,MLS PIN,72652235,N,Y,41.5975263,-70.5723806
MLS Listing,,Single Family Residential,67 Glen Ave,Falmouth,MA,02556,349900,2,1.0,New Silver Beach/ North Falmouth,560,5026,1954,8,625,,Active,,,http://www.redfin.com/MA/North-Falmouth/67-Glen-Ave-02556/home/132423565,MLS PIN,72651563,N,Y,41.6416713,-70.6354585
MLS Listing,,Single Family Residential,49 Grasmere Dr,Falmouth,MA,02540,399000,3,2.0,Grasmere,1288,19428,1981,9,310,,Active,,,http://www.redfin.com/MA/Falmouth/49-Grasmere-Dr-02540/home/132432731,MLS PIN,72650964,N,Y,41.5640717,-70.6044143
MLS Listing,,Single Family Residential,32 Streeter Hill Rd,Falmouth,MA,02556,579900,3,2.5,North Falmouth,1843,20485,1981,11,315,23,Active,,,http://www.redfin.com/MA/North-Falmouth/32-Streeter-Hill-Rd-02556/home/132381804,MLS PIN,72650670,N,Y,41.6259761,-70.6182636
MLS Listing,,Single Family Residential,17 Suncrest Dr,Falmouth,MA,02536,279000,2,1.0,Falmouth,640,7492,1954,12,436,,Active,,,http://www.redfin.com/MA/East-Falmouth/17-Suncrest-Dr-02536/home/77365587,MLS PIN,72649913,N,Y,41.5714344,-70.5725781
MLS Listing,,Single Family Residential,3 Dove Cottage Rd,Falmouth,MA,02540,599000,4,2.5,Falmouth,1866,21280,1963,12,321,,Active,,,http://www.redfin.com/MA/Falmouth/3-Dove-Cottage-Rd-02540/home/77371724,MLS PIN,72649865,N,Y,41.5611593,-70.6053903
MLS Listing,,Townhouse,850 W W Falmouth Hwy #20,Falmouth,MA,02540,549900,3,2.5,Falmouth,2023,,2011,13,272,,Active,,,http://www.redfin.com/MA/Falmouth/850-W-Falmouth-Hwy-02540/unit-20/home/77409397,CCIMLS,22002454,N,Y,41.6123686,-70.6265463
MLS Listing,,Single Family Residential,10 Katelyn Hills Dr,Falmouth,MA,02540,795000,3,2.0,West Falmouth,1796,30492,1993,13,443,,Active,,,http://www.redfin.com/MA/Falmouth/10-Katelyn-Hills-Dr-02540/home/132356263,CCIMLS,22002344,N,Y,41.5957835,-70.6343664
MLS Listing,,Townhouse,135 Strawberry Mdw Unit 19-3,Falmouth,MA,02536,349000,2,2.5,East Falmouth,1343,,1976,13,260,479,Active,,,http://www.redfin.com/MA/Teaticket/135-Strawberry-Mdw-02536/unit-19-3/home/171472047,MLS PIN,72649409,N,Y,41.5744663,-70.5777659
MLS Listing,,Single Family Residential,24 Stub Toe Ln,Falmouth,MA,02536,275000,3,1.0,Falmouth,864,20055,1965,14,318,,Active,,,http://www.redfin.com/MA/East-Falmouth/24-Stub-Toe-Ln-02536/home/132386120,MLS PIN,72649112,N,Y,41.5993132,-70.5908551
MLS Listing,,Single Family Residential,63 Little Island Rd,Falmouth,MA,02540,1600000,3,3.5,West Falmouth,2492,76155,1982,14,642,,Active,,,http://www.redfin.com/MA/Falmouth/63-Little-Island-Rd-02540/home/132516377,MLS PIN,72649081,N,Y,41.6116939,-70.6444739
MLS Listing,,Single Family Residential,39 Pine St,Falmouth,MA,02556,829900,3,2.5,North Falmouth,2024,35283,2020,18,410,,Active,,,http://www.redfin.com/MA/North-Falmouth/39-Pine-St-02556/home/132320673,MLS PIN,72647759,N,Y,41.646634,-70.617161
MLS Listing,,Vacant Land,375 Sandwich Rd,Falmouth,MA,02540,2000000,,,Falmouth,,1254528,,19,,,Active,,,http://www.redfin.com/MA/Falmouth/375-Sandwich-Rd-02540/home/148337929,CCIMLS,22002357,N,Y,41.586797,-70.584128
MLS Listing,,Single Family Residential,11 Surrey Ln,Falmouth,MA,02536,419900,3,2.0,Falmouth,1642,22750,1976,21,256,,Active,,,http://www.redfin.com/MA/East-Falmouth/11-Surrey-Ln-02536/home/77486916,MLS PIN,72646638,N,Y,41.5917934,-70.5316412
MLS Listing,,Townhouse,129 FALMOUTH HEIGHTS Rd #3,Falmouth,MA,02540,679000,2,2.0,Falmouth Heights,1788,43560,1985,21,380,600,Active,,,http://www.redfin.com/MA/Falmouth/129-Falmouth-Heights-Rd-02540/unit-3/home/171394524,MLS PIN,72646461,N,Y,41.5478665,-70.6002264
MLS Listing,,Single Family Residential,128 BLACKSMITH SHOP Rd,Falmouth,MA,02574,619000,3,2.5,West Falmouth,1506,33149,1998,22,411,,Active,,,http://www.redfin.com/MA/Falmouth/128-Blacksmith-Shop-Rd-02540/home/132331750,CCIMLS,22002317,N,Y,41.6019506,-70.6282553
MLS Listing,,Single Family Residential,291 Menauhant Rd,Falmouth,MA,02536,899900,3,2.0,Acapesket,1928,14989,1964,26,467,,Active,,,http://www.redfin.com/MA/East-Falmouth/291-Menauhant-Rd-02536/home/132479168,MLS PIN,72645083,N,Y,41.5510759,-70.5750414
MLS Listing,,Single Family Residential,80 Bonnie Ln,Falmouth,MA,02536,575000,4,2.5,East Falmouth,3000,50225,2001,27,192,,Active,,,http://www.redfin.com/MA/East-Falmouth/80-Bonnie-Ln-02536/home/132466443,CCIMLS,22002235,N,Y,41.5943013,-70.520195
MLS Listing,,Vacant Land,32 Parker Rd,Falmouth,MA,02536,105000,,,East Falmouth,,28122,,28,,,Active,,,http://www.redfin.com/MA/East-Falmouth/32-Parker-Rd-02536/home/132600414,MLS PIN,72644395,N,Y,41.586058,-70.568546
MLS Listing,,Townhouse,3 Keel De Sac #3,Falmouth,MA,02540,679000,2,2.0,Falmouth Heights,1788,43560,1985,28,380,600,Active,,,http://www.redfin.com/MA/Falmouth/3-Keel-De-Sac-02540/unit-3/home/137380739,MLS PIN,72644069,N,Y,41.54766,-70.600661
MLS Listing,,Single Family Residential,192 Gifford St,Falmouth,MA,02540,320000,1,1.0,Falmouth,392,12632,1940,33,816,,Active,,,http://www.redfin.com/MA/Falmouth/192-Gifford-St-02540/home/132336500,CCIMLS,22002158,N,Y,41.5576219,-70.6107
MLS Listing,,Single Family Residential,47 Crosswinds Way,Falmouth,MA,02536,645000,4,2.5,East Falmouth,2128,50965,2016,33,303,,Active,,,http://www.redfin.com/MA/East-Falmouth/47-Crosswinds-Way-02536/home/132547277,CCIMLS,22001658,N,Y,41.5932996,-70.5406004
MLS Listing,,Single Family Residential,533 Currier Rd,Falmouth,MA,02536,779000,6,5.0,Falmouth,4300,40392,1979,34,181,,Active,,,http://www.redfin.com/MA/East-Falmouth/533-Currier-Rd-02536/home/77358038,MLS PIN,72642454,N,Y,41.6310085,-70.5386947
MLS Listing,,Vacant Land,0 McKenna Ridge Rd,Falmouth,MA,02536,210000,,,East Falmouth,,20255,,37,,,Active,,,http://www.redfin.com/MA/Falmouth/McKenna-Ridge-Dr-02536/home/112240965,MLS PIN,72641548,N,Y,41.597448,-70.613248
MLS Listing,,Vacant Land,0 Gayle Ave,Falmouth,MA,02540,430000,,,Falmouth,,220111,,37,,,Active,,,http://www.redfin.com/MA/Falmouth/Gayle-Ave-02536/home/77398262,MLS PIN,72641286,N,Y,41.563736,-70.556265
MLS Listing,,Single Family Residential,352 Sippewissett Rd,Falmouth,MA,02540,1395000,4,4.5,Sippewissett,5032,126457,1996,39,277,,Active,,,http://www.redfin.com/MA/Falmouth/352-Sippewissett-Rd-02540/home/87574011,MLS PIN,72641007,N,Y,41.5566206,-70.6476804
MLS Listing,,Single Family Residential,18 Tiller Dr,Falmouth,MA,02536,429900,4,3.0,East Falmouth,1600,,1990,39,269,4,Active,,,http://www.redfin.com/MA/East-Falmouth/18-Tiller-Dr-02536/home/77387256,MLS PIN,72641004,N,Y,41.590207,-70.5293985
MLS Listing,,Single Family Residential,133 Old Meeting House Rd,Falmouth,MA,02536,359900,3,2.0,East Falmouth,1270,10200,1958,39,283,,Active,,,http://www.redfin.com/MA/East-Falmouth/133-Old-Meeting-House-Rd-02536/home/132335193,MLS PIN,72640936,N,Y,41.5850559,-70.5615163
MLS Listing,,Single Family Residential,9 Lindsley Dr,Falmouth,MA,02540,875000,5,4.0,Falmouth,1676,36475,1960,40,522,,Active,,,http://www.redfin.com/MA/Falmouth/9-Lindsley-Rd-02540/home/132347778,MLS PIN,72640692,N,Y,41.5993836,-70.6337855
MLS Listing,,Townhouse,54 Pine Valley Dr #54,Falmouth,MA,02540,215000,2,1.5,Falmouth,1200,,1979,42,179,312,Active,,,http://www.redfin.com/MA/Falmouth/54-Pine-Valley-Dr-02540/unit-54/home/169252657,MLS PIN,72639793,N,Y,41.5735414,-70.6039327
MLS Listing,,Single Family Residential,835 Old Barnstable Rd,Falmouth,MA,02536,389000,4,2.0,Falmouth,1588,15000,1985,42,245,,Active,,,http://www.redfin.com/MA/East-Falmouth/835-Old-Barnstable-Rd-02536/home/113808675,MLS PIN,72639709,N,Y,41.6110584,-70.5302816
MLS Listing,,Vacant Land,355 Davisville Rd,Falmouth,MA,02536,310000,,,Falmouth,,,,43,,,Active,,,http://www.redfin.com/MA/East-Falmouth/355-Davisville-Rd-02536/home/132484652,MLS PIN,72639475,N,Y,41.5595292,-70.5638402
MLS Listing,,Single Family Residential,602 Teaticket Hwy,Falmouth,MA,02536,349000,3,1.5,East Falmouth,2143,11325,1945,43,163,,Active,,,http://www.redfin.com/MA/Teaticket/602-Teaticket-Hwy-02536/home/77375906,MLS PIN,72639466,N,Y,41.5728845,-70.5855673
MLS Listing,,Condo/Co-op,597 W Falmouth Hwy Unit 4AU,Falmouth,MA,02574,825000,2,2.5,West Falmouth,1775,78408,2012,43,465,,Active,,,http://www.redfin.com/MA/Falmouth/597-W-Falmouth-Hwy-02540/unit-4AU/home/171235874,CCIMLS,22001993,N,Y,41.602358,-70.635172
MLS Listing,,Single Family Residential,55 Sorrel Cir,Falmouth,MA,02540,898000,4,3.5,East Falmouth,3918,59242,2000,44,229,113,Active,,,http://www.redfin.com/MA/Falmouth/55-Sorrel-CIR-02540/home/171230136,MLS PIN,72639226,N,Y,41.5750249,-70.6276279
MLS Listing,,Single Family Residential,4 Frederick,Falmouth,MA,02574,544000,3,2.0,Falmouth,1456,24001,1974,44,374,,Active,,,http://www.redfin.com/MA/Falmouth/4-Frederick-Rd-02540/home/132428882,MLS PIN,72639113,N,Y,41.6203888,-70.6363879
MLS Listing,,Single Family Residential,78 & 76 Benjamin Nyes Ln,Falmouth,MA,02556,925000,4,1.5,Falmouth,1928,235224,1699,47,480,,Active,,,http://www.redfin.com/MA/North-Falmouth/76-Benjamin-Nyes-Ln-02556/home/171206897,MLS PIN,72638674,N,Y,41.6430446,-70.6227023
MLS Listing,,Condo/Co-op,110 Dillingham Ave Unit 313U,Falmouth,MA,02540,179600,2,2.0,Falmouth,1172,,2005,47,153,,Active,,,http://www.redfin.com/MA/Falmouth/110-Dillingham-Ave-02540/unit-313U/home/171203320,CCIMLS,22001948,N,Y,41.5563117,-70.6085273
MLS Listing,,Single Family Residential,87 Alcott Rd,Falmouth,MA,02536,479000,3,2.5,Great Harbors,1716,11761,1973,48,279,19,Active,,,http://www.redfin.com/MA/East-Falmouth/87-Alcott-Rd-02536/home/132538710,MLS PIN,72638155,N,Y,41.5574625,-70.5735077
MLS Listing,,Townhouse,62 Landfall,Falmouth,MA,02540,649900,3,3.0,Falmouth,2446,1559448,1980,49,266,,Active,,,http://www.redfin.com/MA/Falmouth/62-Landfall-02540/home/132327106,CCIMLS,22001923,N,Y,41.5477979,-70.6400577
MLS Listing,,Single Family Residential,173 Blacksmith Shop Rd,Falmouth,MA,02536,519000,4,2.0,Falmouth,1862,87437,1995,49,279,,Active,,,http://www.redfin.com/MA/East-Falmouth/173-Blacksmith-Shop-Rd-02536/home/132465476,MLS PIN,72637927,N,Y,41.6017019,-70.6229574
MLS Listing,,Townhouse,62 Landfall #62,Falmouth,MA,02540,649900,3,3.0,Quisset,2446,1559448,1980,49,266,570,Active,,,http://www.redfin.com/MA/Falmouth/62-Landfall-02540/unit-62/home/143796306,MLS PIN,72637765,N,Y,41.5477979,-70.6400577
MLS Listing,,Single Family Residential,109 Seapit Rd,Falmouth,MA,02536,529000,3,2.0,Waquoit,1700,15246,1964,50,311,,Active,,,http://www.redfin.com/MA/East-Falmouth/109-Seapit-Rd-02536/home/77393363,MLS PIN,72637627,N,Y,41.5746201,-70.5309324
MLS Listing,,Vacant Land,Lot 75A Airpark Dr,Falmouth,MA,02536,159000,,,East Falmouth,,25918,,50,,1400,Active,,,http://www.redfin.com/MA/East-Falmouth/75-Airpark-Dr-02536/unit-A/home/132681066,MLS PIN,72637300,N,Y,41.5853477,-70.5395224
MLS Listing,,Vacant Land,Lot 74A Airpark Dr,Falmouth,MA,02536,139000,,,East Falmouth,,18905,,51,,1400,Active,,,http://www.redfin.com/MA/East-Falmouth/74-Airpark-Dr-02536/home/113967621,MLS PIN,72637241,N,Y,41.5852871,-70.5385066
MLS Listing,,Condo/Co-op,110 Dillingham Ave Unit 304U,Falmouth,MA,02540,439000,2,2.0,Falmouth,1350,,2005,55,325,,Active,,,http://www.redfin.com/MA/Falmouth/110-Dillingham-Ave-02540/unit-304U/home/160368519,CCIMLS,22001794,N,Y,41.5563117,-70.6085273
MLS Listing,,Single Family Residential,78 Benjamin Nyes,Falmouth,MA,02556,639000,4,1.5,North Falmouth,1928,158558,1708,56,331,,Active,,,http://www.redfin.com/MA/North-Falmouth/78-Benjamin-Nye-Ln-02556/home/132531467,MLS PIN,72635294,N,Y,41.6430835,-70.6227696
MLS Listing,,Single Family Residential,103 Racing Beach Ave,Falmouth,MA,02540,4595000,5,4.0,Falmouth,4275,33307,1937,57,1075,,Active,,,http://www.redfin.com/MA/Falmouth/103-Racing-Beach-Ave-02540/home/77341667,MLS PIN,72634504,N,Y,41.5564355,-70.6539539
MLS Listing,,Single Family Residential,108 Gansett Rd,Falmouth,MA,02543,7750000,9,4.5,Falmouth,6266,3,1920,57,1237,,Active,,,http://www.redfin.com/MA/Woods-Hole/108-Gansett-Rd-02543/home/109292543,MLS PIN,72634496,N,Y,41.5352775,-70.6672441
MLS Listing,,Single Family Residential,10 Melrose Ave,Falmouth,MA,02540,865000,3,2.0,Falmouth,1485,6750,1979,57,582,,Active,,,http://www.redfin.com/MA/Falmouth/10-Melrose-Ave-02540/home/132435177,MLS PIN,72634494,N,Y,41.5434083,-70.6023694
MLS Listing,,Single Family Residential,65 Maravista Ave,Falmouth,MA,02536,387500,2,1.0,Teaticket,969,6098,1965,58,400,,Active,,,http://www.redfin.com/MA/Teaticket/65-Maravista-Ave-02536/home/82021117,CCIMLS,22001710,N,Y,41.563647,-70.5914477
MLS Listing,,Single Family Residential,6 Leonard Dr,Falmouth,MA,02536,269900,3,1.0,Falmouth,864,10518,1971,58,312,,Active,,,http://www.redfin.com/MA/East-Falmouth/6-Leonard-Dr-02536/home/132415119,MLS PIN,72634164,N,Y,41.588005,-70.5299098
MLS Listing,,Single Family Residential,20 Baron Dr,Easton,MA,02536,759900,4,2.5,Baron Estates is a new 26 lot subdivision,2740,53286,2020,59,277,,Active,,,http://www.redfin.com/MA/Hatchville/20-Baron-DR-02536/home/171123910,MLS PIN,72633866,N,Y,41.6068703,-70.5621902
MLS Listing,,Single Family Residential,80 Maravista Ave,Falmouth,MA,02536,489000,3,2.5,Maravista,1416,17424,1968,60,345,,Active,,,http://www.redfin.com/MA/Teaticket/80-Maravista-Ave-02536/home/132536261,MLS PIN,72633820,N,Y,41.5640402,-70.5904717
MLS Listing,,Single Family Residential,50 View Crest Dr,Falmouth,MA,02574,899000,4,3.5,West Falmouth,3116,17860,1995,61,289,,Active,,,http://www.redfin.com/MA/Falmouth/50-View-Crest-Dr-02540/home/101652789,MLS PIN,72633499,N,Y,41.5922359,-70.6320195
MLS Listing,,Condo/Co-op,15 Rebecca Ann Ln Unit A,Falmouth,MA,02536,349900,3,3.0,East Falmouth,1519,,2002,61,230,310,Active,,,http://www.redfin.com/MA/FALMOUTH/15-REBECCA-ANN-LN-02540/unit-A/home/77404245,CCIMLS,22001651,N,Y,41.5667,-70.6217
MLS Listing,,Single Family Residential,321 N Falmouth Hwy,Falmouth,MA,02556,689000,4,2.5,North Falmouth,2776,30736,2000,62,248,,Active,,,http://www.redfin.com/MA/North-Falmouth/321-N-Falmouth-Hwy-02556/home/77482841,MLS PIN,72632987,N,Y,41.6346191,-70.6175432
MLS Listing,,Single Family Residential,44 Thomas Ln,Falmouth,MA,02540,1495000,6,3.0,Falmouth,2728,11690,1987,63,548,,Active,,,http://www.redfin.com/MA/Falmouth/44-Thomas-Ln-02540/home/131370353,MLS PIN,72632202,N,Y,41.5441199,-70.6167764
MLS Listing,,Townhouse,222 Quaker Rd #8,Falmouth,MA,02574,339000,2,1.5,West Falmouth,1056,,1970,63,321,250,Active,,,http://www.redfin.com/MA/Falmouth/222-Quaker-Rd-02540/unit-8/home/77413222,MLS PIN,72631811,N,Y,41.6189738,-70.6384537
MLS Listing,,Single Family Residential,75 King St,Falmouth,MA,02540,769000,3,1.5,Falmouth,1863,8712,1900,63,413,,Active,,,http://www.redfin.com/MA/Falmouth/75-King-St-02540/home/132422914,MLS PIN,72631770,N,Y,41.5502431,-70.6115133
MLS Listing,,Single Family Residential,70 Maravista Avenue Ext,Falmouth,MA,02536,465000,4,1.5,Teaticket,1550,16177,1957,64,300,,Active,,,http://www.redfin.com/MA/Teaticket/70-Maravista-Ave-Ext-02536/home/132411420,MLS PIN,72631310,N,Y,41.5663771,-70.5892168
MLS Listing,,Vacant Land,0 Chester,Falmouth,MA,02556,340000,,,Falmouth,,26300,,64,,,Active,,,http://www.redfin.com/MA/Falmouth/Chester-St-02556/home/144928527,MLS PIN,72631119,N,Y,41.6488435,-70.6244724
MLS Listing,,Single Family Residential,64 Green Harbor Rd,Falmouth,MA,02536,2275000,4,4.0,Davisville,4624,21900,1973,64,492,,Active,,,http://www.redfin.com/MA/East-Falmouth/64-Green-Harbor-Rd-02536/home/77486759,MLS PIN,72630928,N,Y,41.5514946,-70.5686275
MLS Listing,,Single Family Residential,70 Maravista Ave Ext,Falmouth,MA,02540,465000,4,1.5,Falmouth,1550,16117,1957,64,300,,Active,,,http://www.redfin.com/MA/Falmouth/70-Maravista-Ave-EXT-02540/home/171045007,CCIMLS,22001520,N,Y,41.566412,-70.589128
MLS Listing,,Single Family Residential,41 Goodings Way,Falmouth,MA,02540,790000,3,2.5,Sippewissett,2514,50227,1985,64,314,,Active,,,http://www.redfin.com/MA/Falmouth/41-Goodings-Way-02540/home/77393337,MLS PIN,72630894,N,Y,41.5691288,-70.622818
MLS Listing,,Single Family Residential,15 Smilin Jack Ln,Falmouth,MA,02536,769000,5,2.5,East Falmouth,3480,28788,1999,65,221,2550,Active,,,http://www.redfin.com/MA/East-Falmouth/15-Smilin-Jack-Ln-02536/home/132545564,MLS PIN,72630638,N,Y,41.5870954,-70.5413209
MLS Listing,,Single Family Residential,19 Cartway Ln,Falmouth,MA,02574,789900,4,2.5,West Falmouth,2628,22770,1996,68,301,,Active,,,http://www.redfin.com/MA/Falmouth/19-Cartway-Ln-02540/home/132459267,MLS PIN,72629657,N,Y,41.6184193,-70.6362949
MLS Listing,,Single Family Residential,184 Surf Dr,Mashpee,MA,02649,408000,3,2.0,Mashpee,1705,12027,1985,69,239,,Active,,,http://www.redfin.com/MA/Mashpee/184-Surf-Dr-02649/home/133545584,MLS PIN,72628752,N,Y,41.5862308,-70.5003466
MLS Listing,,Single Family Residential,12 Beach St,Falmouth,MA,02536,719900,3,2.0,Menauhant,1736,21111,1978,71,415,13,Active,,,http://www.redfin.com/MA/East-Falmouth/12-Beach-St-02536/home/132520265,MLS PIN,72627357,N,Y,41.5512336,-70.5761569
MLS Listing,,Single Family Residential,37 Whitecaps Dr,Falmouth,MA,02536,525000,4,3.5,Falmouth,1791,10770,1993,71,293,,Active,,,http://www.redfin.com/MA/East-Falmouth/37-Whitecaps-Dr-02536/home/132486653,MLS PIN,72627172,N,Y,41.5975797,-70.5881944
MLS Listing,,Single Family Residential,37 Pine Grove Ave,Falmouth,MA,02536,1199000,4,2.5,East Falmouth,3746,14113,1996,71,320,,Active,,,http://www.redfin.com/MA/East-Falmouth/37-Pine-Grove-Ave-02536/home/132360021,MLS PIN,72627120,N,Y,41.550195,-70.5766681
MLS Listing,,Single Family Residential,333 Mill Rd,Falmouth,MA,02540,3195000,5,5.0,Fa,5182,24829,1890,72,617,,Active,,,http://www.redfin.com/MA/Falmouth/333-Mill-Rd-02540/home/104477397,MLS PIN,72626825,N,Y,41.5432587,-70.6247698
MLS Listing,,Single Family Residential,9 Ironwood Ln,Falmouth,MA,02556,940000,4,3.0,Wild Harbour Estates,3100,18432,1978,72,303,83,Active,,,http://www.redfin.com/MA/North-Falmouth/9-Ironwood-Ln-02556/home/132485296,MLS PIN,72626417,N,Y,41.6368849,-70.6335299
MLS Listing,,Single Family Residential,41 Madeline Rd,Falmouth,MA,02536,769900,3,3.5,East Falmouth,3768,12632,1954,73,204,,Active,,,http://www.redfin.com/MA/East-Falmouth/41-Madeline-Rd-02536/home/132361425,CCIMLS,22001284,N,Y,41.5734282,-70.5432033
MLS Listing,,Single Family Residential,273 Woods Hole Rd,Falmouth,MA,02540,550000,4,2.5,Falmouth,1673,10360,1890,75,329,,Active,,,http://www.redfin.com/MA/Falmouth/273-Woods-Hole-Rd-02540/home/113760903,MLS PIN,72625774,N,Y,41.5408321,-70.649028
MLS Listing,,Single Family Residential,265 Brick Kiln Rd,Falmouth,MA,02536,349000,2,1.0,East Falmouth,960,94350,1950,75,364,,Active,,,http://www.redfin.com/MA/Teaticket/265-Brick-Kiln-Rd-02536/home/132512651,MLS PIN,72625597,N,Y,41.582596,-70.596084
MLS Listing,,Single Family Residential,46 Summit Ln,Falmouth,MA,02536,979000,4,4.0,Ballymeade Estates,2992,56628,1995,76,327,113,Active,,,http://www.redfin.com/MA/East-Falmouth/46-Summit-Ln-02536/home/132475536,MLS PIN,72624964,N,Y,41.6263493,-70.6049255
MLS Listing,,Single Family Residential,Lot  16 Faith's Way,Falmouth,MA,02536,659000,3,2.0,East Falmouth,2100,23000,2020,78,314,42,Active,,,http://www.redfin.com/MA/East-Falmouth/16-Faiths-Way-02536/home/144864256,MLS PIN,72623844,N,Y,41.5806776,-70.5495459
MLS Listing,,Single Family Residential,Lot 6 Faith's Way,Falmouth,MA,02536,659000,3,2.0,East Falmouth,2100,16200,2020,78,314,42,Active,,,http://www.redfin.com/MA/East-Falmouth/6-Faiths-Way-02536/home/144574273,MLS PIN,72623837,N,Y,41.5803314,-70.5486573
MLS Listing,,Single Family Residential,171 Chester St,Falmouth,MA,02556,2695000,4,4.5,Falmouth,3197,61663,1996,79,843,,Active,,,http://www.redfin.com/MA/North-Falmouth/171-Chester-St-02556/home/132318800,MLS PIN,72623301,N,Y,41.6470455,-70.6277441
MLS Listing,,Single Family Residential,638 Brick Kiln Rd,Falmouth,MA,02540,739900,4,4.0,Falmouth,2819,89615,1994,83,262,,Active,,,http://www.redfin.com/MA/Falmouth/638-Brick-Kiln-Rd-02540/home/132525223,MLS PIN,72622009,N,Y,41.5918126,-70.6242122
MLS Listing,,Single Family Residential,172 Antlers Shore Dr,Falmouth,MA,02536,699000,4,2.0,East Falmouth,1344,9600,1958,83,520,,Active,,,http://www.redfin.com/MA/East-Falmouth/172-Antlers-Shore-Dr-02536/home/132522177,MLS PIN,72621940,N,Y,41.569438,-70.5427385
MLS Listing,,Single Family Residential,84 Ryder Rd,Falmouth,MA,02556,469900,3,3.0,Falmouth,2148,14400,1979,85,219,,Active,,,http://www.redfin.com/MA/North-Falmouth/84-Ryder-Rd-02556/home/132480430,MLS PIN,72620840,N,Y,41.647193,-70.6333207
MLS Listing,,Single Family Residential,21 Ridgeview Dr,Falmouth,MA,02540,575000,4,2.5,Craggy Ridge,2372,30030,1985,85,242,75,Active,,,http://www.redfin.com/MA/Falmouth/21-Ridgeview-Dr-02540/home/130894900,MLS PIN,72620809,N,Y,41.6064606,-70.6271864
MLS Listing,,Single Family Residential,8 Grasmere Dr,Falmouth,MA,02540,740000,4,4.5,Falmouth,2436,22450,1980,86,304,,Active,,,http://www.redfin.com/MA/Falmouth/8-Grasmere-Dr-02540/home/132327535,MLS PIN,72620371,N,Y,41.5616775,-70.6053438
MLS Listing,,Vacant Land,,Falmouth,MA,02536,449000,,,,,56399,,86,,,Active,,,http://www.redfin.com/MA/Falmouth/Undisclosed-address-02536/home/171425803,CCIMLS,22000957,N,Y,41.55781,-70.590986
MLS Listing,,Vacant Land,0 Highwood Ln,Falmouth,MA,02540,269000,,,Falmouth,,39679,,89,,113,Active,,,http://www.redfin.com/MA/FALMOUTH/HIGHWOOD-LN-02540/home/132546076,CCIMLS,22000899,N,Y,41.62163,-70.609425
MLS Listing,,Single Family Residential,95 Waterside Dr,Falmouth,MA,02556,899950,4,1.5,Falmouth,1642,14910,1963,89,548,,Active,,,http://www.redfin.com/MA/North-Falmouth/95-Waterside-Dr-02556/home/132406841,MLS PIN,72619555,N,Y,41.6479007,-70.6413022
MLS Listing,,Single Family Residential,15 Pine Bank Rd,Falmouth,MA,02556,1695000,4,3.5,Falmouth,2704,9700,2014,91,627,,Active,,,http://www.redfin.com/MA/North-Falmouth/15-Pine-Bank-Rd-02556/home/77379485,MLS PIN,72618743,N,Y,41.6550957,-70.6226785
MLS Listing,,Single Family Residential,237 Old Main Rd,Falmouth,MA,02556,474900,0,,Falmouth,4353,39894,1812,92,109,,Active,,,http://www.redfin.com/MA/North-Falmouth/237-Old-Main-Rd-02556/home/107389789,MLS PIN,72618304,N,Y,41.6470588,-70.6172876
MLS Listing,,Single Family Residential,67 Nauset Ave E,Falmouth,MA,02556,749900,3,2.5,Falmouth,1952,17598,1985,92,384,29,Active,,,http://www.redfin.com/MA/North-Falmouth/67-Nauset-Ave-E-02556/home/132480754,MLS PIN,72618185,N,Y,41.624571,-70.6338784
MLS Listing,,Single Family Residential,53 Mattapan St,Falmouth,MA,02536,799000,3,2.0,Maravista,1622,11230,1983,93,493,,Active,,,http://www.redfin.com/MA/Teaticket/53-Mattapan-St-02536/home/77470896,MLS PIN,72617545,N,Y,41.5662936,-70.5857311
MLS Listing,,Single Family Residential,55 Sorrel Cir,Falmouth,MA,02536,898000,4,3.5,Ballymeade Estates,3918,59242,2000,96,229,,Active,,,http://www.redfin.com/MA/East-Falmouth/55-Sorrel-Cir-02536/home/132375215,CCIMLS,22000745,N,Y,41.6202011,-70.5955376
MLS Listing,,Single Family Residential,10 Glendon Rd,Falmouth,MA,02543,420000,4,1.5,Woods Hole,1138,8929,1943,97,369,,Active,,,http://www.redfin.com/MA/Woods-Hole/10-Glendon-Rd-02543/home/132446099,MLS PIN,72616294,N,Y,41.5285063,-70.6587751
MLS Listing,,Single Family Residential,4 Robert Rd,Falmouth,MA,02536,749000,5,4.5,Menauhant,1770,25800,1950,99,423,,Active,,,http://www.redfin.com/MA/East-Falmouth/4-Robert-Rd-02536/home/132443490,MLS PIN,72615626,N,Y,41.5520501,-70.5623529
MLS Listing,,Vacant Land,0 Sandwich Rd,Falmouth,MA,02540,159900,,,Falmouth,,44475,,100,,,Active,,,http://www.redfin.com/MA/FALMOUTH/SANDWICH-RD-02540/home/132581057,CCIMLS,22000608,N,Y,41.611664,-70.557664
MLS Listing,,Vacant Land,Lot 6 Highwood Ln,Falmouth,MA,02536,339000,,,Ballymeade Estates,,34369,,102,,113,Active,,,http://www.redfin.com/MA/East-Falmouth/6-Highwood-Ln-02536/home/77477830,CCIMLS,22000509,N,Y,41.6240108,-70.6059634
MLS Listing,,Single Family Residential,80 Southview Way,Falmouth,MA,02536,599000,3,2.0,East Falmouth,1590,23087,2018,103,377,,Active,,,http://www.redfin.com/MA/East-Falmouth/80-Southview-Way-02536/home/132602031,MLS PIN,72614038,N,Y,41.591752,-70.564847
MLS Listing,,Single Family Residential,193 Cairn Ridge Rd,Falmouth,MA,02536,989000,5,3.5,Ballymeade Estates,4413,52708,2005,106,224,,Active,,,http://www.redfin.com/MA/East-Falmouth/193-Cairn-Ridge-Rd-02536/home/132488774,CCIMLS,22000511,N,Y,41.6242953,-70.6120826
MLS Listing,,Single Family Residential,56 Overlook Cir,Falmouth,MA,02536,405000,3,2.0,Falmouth,1713,,1985,107,236,,Active,,,http://www.redfin.com/MA/East-Falmouth/56-Overlook-Cir-02536/home/132444655,MLS PIN,72612347,N,Y,41.5864076,-70.5043443
MLS Listing,,Single Family Residential,26 Associates Rd,Falmouth,MA,02540,6675000,5,4.5,Falmouth,4003,22850,1936,110,1667,,Active,,,http://www.redfin.com/MA/Falmouth/26-Associates-Rd-02540/home/132465612,MLS PIN,72611674,N,Y,41.6050508,-70.6509798
MLS Listing,,Single Family Residential,29 Longshank Cir,Falmouth,MA,02536,639000,3,2.5,Falmouth,1902,23944,1995,115,336,1350,Active,,,http://www.redfin.com/MA/East-Falmouth/29-Longshank-Cir-02536/home/77357476,MLS PIN,72609499,N,Y,41.6314589,-70.6079464
MLS Listing,,Single Family Residential,16 Whittemore Ave,Falmouth,MA,02540,1495000,2,3.0,Falmouth,5572,30246,1991,117,268,40,Active,,,http://www.redfin.com/MA/Falmouth/16-Whittemore-Ave-02540/home/132481788,MLS PIN,72608982,N,Y,41.5553665,-70.652676
MLS Listing,,Single Family Residential,17 Redgate Ln,Falmouth,MA,02540,875000,3,3.0,Quisset,2092,50227,1995,118,418,,Active,,,http://www.redfin.com/MA/Falmouth/17-Redgate-Ln-02540/home/132498643,MLS PIN,72608575,N,Y,41.539406,-70.649832
MLS Listing,,Single Family Residential,28 Nickerson St,Falmouth,MA,02536,550000,4,2.5,East Falmouth,1622,8276,1960,119,339,,Active,,,http://www.redfin.com/MA/Teaticket/28-Nickerson-St-02536/home/77464698,CCIMLS,22000256,N,Y,41.5639111,-70.5869395
MLS Listing,,Single Family Residential,35 Pine Bank Rd,Falmouth,MA,02556,1495000,3,3.0,Megansett,2800,8276,2018,121,534,,Active,,,http://www.redfin.com/MA/North-Falmouth/35-Pine-Bank-Rd-02556/home/132554744,MLS PIN,72607425,N,Y,41.6552194,-70.6212379
MLS Listing,,Single Family Residential,282 Edgewater Dr E,Falmouth,MA,02536,799900,3,2.0,Seacoast Shores,1736,7700,1954,123,461,,Active,,,http://www.redfin.com/MA/East-Falmouth/282-Edgewater-Dr-E-02536/home/132387882,MLS PIN,72606987,N,Y,41.5648171,-70.5373933
MLS Listing,,Single Family Residential,95 Bay Rd,Falmouth,MA,02556,1295000,5,5.5,North Falmouth,5219,38640,1977,124,248,,Active,,,http://www.redfin.com/MA/North-Falmouth/95-Bay-Rd-02556/home/132471271,MLS PIN,72606773,N,Y,41.6477443,-70.6243283
MLS Listing,,Single Family Residential,81 Sandwich Rd,Falmouth,MA,02536,349900,4,2.0,Falmouth,1512,43485,1956,124,231,,Active,,,http://www.redfin.com/MA/Teaticket/81-Sandwich-Rd-02536/home/132530327,MLS PIN,72606656,N,Y,41.572677,-70.593316
MLS Listing,,Single Family Residential,39 Davis Neck Rd,Falmouth,MA,02536,2695000,5,4.5,Falmouth,4431,61332,2000,124,608,,Active,,,http://www.redfin.com/MA/East-Falmouth/39-Davis-Neck-Rd-02536/home/130971064,MLS PIN,72606587,N,Y,41.5500414,-70.5662339
MLS Listing,,Single Family Residential,67 Green Pond Rd,Falmouth,MA,02536,519000,2,1.0,Falmouth,988,10120,1985,125,525,,Active,,,http://www.redfin.com/MA/East-Falmouth/67-Green-Pond-Rd-02536/home/132421653,MLS PIN,72606069,N,Y,41.5745303,-70.5640726
MLS Listing,,Single Family Residential,79 Cranberry Run Rd,Falmouth,MA,02536,989500,3,3.0,Waquoit Meadows,3700,45302,2011,132,267,66,Active,,,http://www.redfin.com/MA/Falmouth/79-Cranberry-Run-Rd-02536/home/171573951,CCIMLS,22000021,N,Y,41.593609,-70.51067
MLS Listing,,Single Family Residential,809 Sandwich Rd,Falmouth,MA,02536,3000000,3,2.0,Falmouth,1650,840272,1981,135,1818,,Active,,,http://www.redfin.com/MA/East-Falmouth/809-Sandwich-Rd-02536/home/132458151,MLS PIN,72603065,N,Y,41.6053719,-70.566931
MLS Listing,,Single Family Residential,151 Surf Dr,Falmouth,MA,02540,950000,3,2.0,Falmouth,1384,10830,1925,146,686,,Active,,,http://www.redfin.com/MA/Falmouth/151-Surf-Dr-02540/home/77474978,MLS PIN,72601729,N,Y,41.5419872,-70.6217956
MLS Listing,,Single Family Residential,56 Carriage Shop Rd #7,Falmouth,MA,02536,430000,2,2.5,Falmouth,1760,,2014,157,244,375,Active,,,http://www.redfin.com/MA/East-Falmouth/56-Carriage-Shop-Rd-02536/unit-7/home/77415849,MLS PIN,72599102,N,Y,41.5885028,-70.5186721
MLS Listing,,Single Family Residential,58 Stanhope Rd,Falmouth,MA,02536,587500,4,2.5,Waquoit Stanhope Association,1796,45000,1991,159,327,,Active,,,http://www.redfin.com/MA/East-Falmouth/58-Stanhope-Rd-02536/home/132332231,MLS PIN,72598594,N,Y,41.5910824,-70.5140593
MLS Listing,,Vacant Land,18 Clear Pond Rd,Falmouth,MA,02540,370000,,,Falmouth,,44649,,160,,,Active,,,http://www.redfin.com/MA/Falmouth/18-Clear-Pond-Rd-02540/home/87937302,CCIMLS,21908403,N,Y,41.570136,-70.640796
MLS Listing,,Vacant Land,0 Evangeline Rd,Falmouth,MA,02540,399000,,,Falmouth,,34412,,162,,,Active,,,http://www.redfin.com/MA/FALMOUTH/EVANGELINE-RD-02540/home/132670319,CCIMLS,21908385,N,Y,41.551285,-70.647889
MLS Listing,,Single Family Residential,102 Fresh River Ln,Falmouth,MA,02540,944000,5,3.0,Falmouth,1698,13300,1957,162,556,,Active,,,http://www.redfin.com/MA/Falmouth/102-Fresh-River-Ln-02540/home/105415749,MLS PIN,72597445,N,Y,41.5446792,-70.6217026
MLS Listing,,Single Family Residential,30 Jericho Path,Falmouth,MA,02540,563000,3,1.0,Falmouth,1568,16740,1949,168,359,,Active,,,http://www.redfin.com/MA/Falmouth/30-Jericho-Path-02540/home/132422153,MLS PIN,72596426,N,Y,41.5519102,-70.598512
MLS Listing,,Single Family Residential,50 Fordham Rd,Falmouth,MA,02536,409900,4,2.0,Falmouth,1344,22335,1974,178,305,,Active,,,http://www.redfin.com/MA/East-Falmouth/50-Fordham-Rd-02536/home/132337617,MLS PIN,72593410,N,Y,41.6234418,-70.5426456
MLS Listing,,Vacant Land,17 Green Pond Rd,Falmouth,MA,02536,140000,,,East Falmouth,,16552,,180,,,Active,,,http://www.redfin.com/MA/East-Falmouth/17-Green-Pond-Rd-02536/home/77398448,CCIMLS,21908157,N,Y,41.576858,-70.563243
MLS Listing,,Single Family Residential,110 Wild Harbor Rd,Falmouth,MA,02556,830000,5,4.0,North Falmouth,3500,53503,1950,180,237,,Active,,,http://www.redfin.com/MA/North-Falmouth/110-Wild-Harbor-Rd-02556/home/77484650,MLS PIN,72592943,N,Y,41.6442982,-70.6260943
MLS Listing,,Single Family Residential,26 Rebecca Ann Ln,Falmouth,MA,02536,435000,4,2.5,Falmouth,2124,12571,2001,181,205,,Active,,,http://www.redfin.com/MA/East-Falmouth/26-Rebecca-Ann-Ln-02536/home/104214653,MLS PIN,72592845,N,Y,41.5793719,-70.547942
MLS Listing,,Single Family Residential,55 Racing Beach Ave,Falmouth,MA,02540,1595000,4,3.0,Racing Beach Association,2468,40000,1969,184,646,40,Active,,,http://www.redfin.com/MA/Falmouth/55-Racing-Beach-Ave-02540/home/77341419,MLS PIN,72591143,N,Y,41.5526229,-70.6534427
MLS Listing,,Single Family Residential,100 Dillingham Ave,Falmouth,MA,02540,1595000,0,,Falmouth,7704,56192,1800,190,207,,Active,,,http://www.redfin.com/MA/Falmouth/100-Dillingham-Ave-02540/home/169652011,CCIMLS,21907992,N,Y,41.5555687,-70.6095074
MLS Listing,,Single Family Residential,40 Bonnie Ln,Falmouth,MA,02536,599000,3,2.5,Waquoit,1842,45108,2018,190,325,,Active,,,http://www.redfin.com/MA/East-Falmouth/40-Bonnie-Ln-02536/home/132605905,MLS PIN,72588590,N,Y,41.592408,-70.521084
MLS Listing,,Single Family Residential,21 Veeder Dr,Falmouth,MA,02536,419900,3,2.0,Shorewood Beach,1300,8712,2019,196,323,,Active,,,http://www.redfin.com/MA/East-Falmouth/21-Veeder-Dr-02536/home/132619358,CCIMLS,21907848,N,Y,41.567661,-70.573586
MLS Listing,,Single Family Residential,100 Carl Landi Cir,Falmouth,MA,02536,395000,3,2.0,Falmouth,1498,22281,1976,197,264,45,Active,,,http://www.redfin.com/MA/East-Falmouth/100-Carl-Landi-Cir-02536/home/132389024,MLS PIN,72586031,N,Y,41.5905724,-70.5034611
MLS Listing,,Single Family Residential,0 Highwood Ln,Falmouth,MA,02536,995000,3,3.5,Ballymeade,2967,,2020,199,335,112,Active,,,http://www.redfin.com/MA/Falmouth/Highwood-Ln-02536/home/77398308,CCIMLS,21907809,N,Y,41.621205,-70.609406
MLS Listing,,Condo/Co-op,550 West Falmouth Hwy #2,Falmouth,MA,02540,495000,2,1.0,West Falmouth,905,33541,1951,201,547,515,Active,,,http://www.redfin.com/MA/Falmouth/550-W-Falmouth-Hwy-02540/unit-2/home/169566480,CCIMLS,21907772,N,Y,41.5999645,-70.6368991
MLS Listing,,Single Family Residential,61 Drumlin Rd,Falmouth,MA,02540,449900,3,2.0,Falmouth,2014,92782,1977,204,223,,Active,,,http://www.redfin.com/MA/Falmouth/61-Drumlin-Rd-02540/home/132531703,MLS PIN,72583390,N,Y,41.5691572,-70.6285806
MLS Listing,,Single Family Residential,55 Braxton Rd,Falmouth,MA,02536,419000,4,1.5,East Falmouth,1872,30096,1994,205,224,,Active,,,http://www.redfin.com/MA/East-Falmouth/55-Braxton-Rd-02536/home/132526531,MLS PIN,72582593,N,Y,41.5836543,-70.5788874
MLS Listing,,Single Family Residential,87 Saddleback Ln,Falmouth,MA,02536,749900,4,5.0,Falmouth,2871,66995,1997,209,261,113,Active,,,http://www.redfin.com/MA/East-Falmouth/87-Saddleback-Ln-02536/home/132457356,MLS PIN,72581331,N,Y,41.6268259,-70.5949799
MLS Listing,,Single Family Residential,14 Lawrence Farm Rd,Falmouth,MA,02543,819000,4,3.5,Falmouth,3383,11000,1969,211,242,,Active,,,http://www.redfin.com/MA/Woods-Hole/14-Lawrence-Farm-Rd-02543/home/132499009,MLS PIN,72579720,N,Y,41.5245292,-70.659112
MLS Listing,,Single Family Residential,54 Gunning Point Ave,Falmouth,MA,02540,2700000,5,3.5,Sippewissett,4215,30630,2020,213,641,,Active,,,http://www.redfin.com/MA/Falmouth/54-Gunning-Point-Rd-02540/home/132349928,MLS PIN,72579326,N,Y,41.5641761,-70.6528386
MLS Listing,,Vacant Land,0 Cairn Rdg,Falmouth,MA,02536,399995,,,East Falmouth,,108464,,220,,,Active,,,http://www.redfin.com/MA/Falmouth/Cairn-Ridge-Rd-02536/home/77396752,MLS PIN,72576141,N,Y,41.6242518,-70.606308
MLS Listing,,Single Family Residential,43 Overlook Cir,Falmouth,MA,02536,425000,3,2.0,Falmouth,1929,20640,1986,222,220,,Active,,,http://www.redfin.com/MA/East-Falmouth/43-Overlook-Cir-02536/home/132395540,MLS PIN,72575666,N,Y,41.585849,-70.5052274
MLS Listing,,Single Family Residential,23 Spencer Baird Rd,Falmouth,MA,02543,2999000,4,2.5,Woods Hole,2431,12397,1920,225,1234,,Active,,,http://www.redfin.com/MA/Woods-Hole/23-Spencer-Baird-Rd-02543/home/132363268,CCIMLS,21907208,N,Y,41.528366,-70.6744467
MLS Listing,,Vacant Land,41 Mary Manuel Way,Falmouth,MA,02536,280000,,,East Falmouth,,66647,,226,,,Active,,,http://www.redfin.com/MA/East-Falmouth/41-Mary-Manuel-Way-02536/home/77398584,MLS PIN,72572816,N,Y,41.56957,-70.551959
MLS Listing,,Single Family Residential,215 Gifford St,Falmouth,MA,02540,600000,5,5.0,Falmouth,2370,13939,1989,226,253,,Active,,,http://www.redfin.com/MA/Falmouth/215-Gifford-St-02540/home/132348496,MLS PIN,72572411,N,Y,41.5580536,-70.6106419
MLS Listing,,Single Family Residential,29 E Nauset Ave,Falmouth,MA,02556,599900,3,1.0,Old Silver Beach Estates,820,12197,1952,236,732,33,Active,,,http://www.redfin.com/MA/North-Falmouth/29-Nauset-Ave-E-02556/home/132521518,MLS PIN,72568294,N,Y,41.6257276,-70.6356095
MLS Listing,,Single Family Residential,139 Seapit Rd,Falmouth,MA,02536,440000,3,2.0,East Falmouth,1470,10019,1968,242,299,,Active,,,http://www.redfin.com/MA/East-Falmouth/139-Seapit-Rd-02536/home/132427306,CCIMLS,21906739,N,Y,41.5732212,-70.531955
MLS Listing,,Condo/Co-op,28 Cape Codder Rd #103,Falmouth,MA,02540,799900,2,2.5,Sippewissett,1838,332798,1999,243,435,943,Active,,,http://www.redfin.com/MA/Falmouth/28-Cape-Codder-Rd-02540/unit-103/home/132501458,MLS PIN,72564607,N,Y,41.5699573,-70.647235
MLS Listing,,Condo/Co-op,28 Cape Codder Rd Unit 103BU,Falmouth,MA,02540,799900,2,2.5,Falmouth,1838,332798,1999,243,435,943,Active,,,http://www.redfin.com/MA/Falmouth/28-Cape-Codder-Rd-02540/unit-103BU/home/169049885,CCIMLS,21906703,N,Y,41.56959,-70.647614
MLS Listing,,Townhouse,41 Old Main Rd Unit 4B,Falmouth,MA,02556,695000,3,3.5,North Falmouth,2616,,2019,258,266,471,Active,,,http://www.redfin.com/MA/North-Falmouth/41-Old-Main-Rd-02556/unit-4B/home/168828432,MLS PIN,72556477,N,Y,41.6364068,-70.619286
MLS Listing,,Townhouse,41 Old Main Rd Unit 4A,Falmouth,MA,02556,649900,3,4.0,North Falmouth,2616,,2019,258,248,471,Active,,,http://www.redfin.com/MA/North-Falmouth/41-Old-Main-Rd-02556/unit-4A/home/168828226,MLS PIN,72556470,N,Y,41.6364068,-70.619286
MLS Listing,,Condo/Co-op,550 W Falmouth Hwy #3,Falmouth,MA,02540,375000,1,1.0,West Falmouth,730,,1951,272,514,444,Active,,,http://www.redfin.com/MA/Falmouth/550-W-Falmouth-Hwy-02540/unit-3/home/168664815,MLS PIN,72550178,N,Y,41.5999645,-70.6368991
MLS Listing,,Condo/Co-op,17 Woodrise #17,Falmouth,MA,02540,360000,2,2.0,Falmouth,1265,,1973,275,285,420,Active,,,http://www.redfin.com/MA/Falmouth/17-Woodrise-02540/unit-17/home/168646759,MLS PIN,72548722,N,Y,41.5692792,-70.6216708
MLS Listing,,Condo/Co-op,17 Woodrise,Falmouth,MA,02540,360000,2,2.0,Falmouth,1265,,1973,275,285,752,Active,,,http://www.redfin.com/MA/Falmouth/17-Woodrise-02540/home/132430987,CCIMLS,21905835,N,Y,41.5692792,-70.6216708
MLS Listing,,Condo/Co-op,35 Woodrise #35,Falmouth,MA,02540,449000,3,2.0,Falmouth (Village),1511,43560,1973,281,297,494,Active,,,http://www.redfin.com/MA/Falmouth/35-Woodrise-Rd-02540/unit-35/home/138285467,MLS PIN,72545603,N,Y,41.567691,-70.620889
MLS Listing,,Single Family Residential,86 Eel River Rd,Falmouth,MA,02536,3250000,5,6.0,East Falmouth,5357,40001,2006,281,607,,Active,,,http://www.redfin.com/MA/East-Falmouth/86-Eel-River-Rd-02536/home/77526947,MLS PIN,72545437,N,Y,41.5604947,-70.5478978
MLS Listing,,Condo/Co-op,35 Woodrise,Falmouth,MA,02540,449000,3,2.0,Falmouth,1511,1089000,1973,282,297,494,Active,,,http://www.redfin.com/MA/Falmouth/35-Woodrise-Rd-02540/home/132433563,CCIMLS,21905650,N,Y,41.567691,-70.620889
MLS Listing,,Single Family Residential,53 Bryant Point Rd,Falmouth,MA,02556,2295000,4,4.0,North Falmouth,3752,20500,1960,284,612,,Active,,,http://www.redfin.com/MA/North-Falmouth/53-Bryant-Point-Rd-02556/home/132446875,MLS PIN,72544464,N,Y,41.6510275,-70.6285109
MLS Listing,,Single Family Residential,82 Meadow Neck Rd,Falmouth,MA,02536,1680000,4,3.5,Hamblin Pond,3956,38899,2003,293,425,78,Active,,,http://www.redfin.com/MA/East-Falmouth/82-Meadow-Neck-Rd-02536/home/77473208,MLS PIN,72540197,N,Y,41.5766457,-70.5117584
MLS Listing,,Single Family Residential,18 Frederick Rd,Falmouth,MA,02540,699900,4,2.5,West Falmouth,2101,45738,1946,300,333,,Active,,,http://www.redfin.com/MA/Falmouth/18-Frederick-Rd-02540/home/132368894,CCIMLS,21905255,N,Y,41.6202693,-70.6352726
MLS Listing,,Vacant Land,0 Leslie St,Falmouth,MA,02543,285000,,,Woods Hole,,9321,,303,,,Active,,,http://www.redfin.com/MA/Falmouth/Leslie-St-02543/home/171425802,MLS PIN,72534547,N,Y,41.525001,-70.659801
MLS Listing,,Single Family Residential,274 Cairn Ridge Rd,Falmouth,MA,02536,899000,4,4.0,Ballymeade Estates,3243,64033,1998,304,277,,Active,,,http://www.redfin.com/MA/East-Falmouth/274-Cairn-Ridge-Rd-02536/home/132489202,CCIMLS,21905135,N,Y,41.6249747,-70.6083414
MLS Listing,,Vacant Land,0 Dawson Way,Falmouth,MA,02536,350000,,,East Falmouth,,27443,,310,,,Active,,,http://www.redfin.com/MA/Falmouth/Dawson-Way-02536/home/144481446,CCIMLS,21904979,N,Y,41.625763,-70.573778
MLS Listing,,Single Family Residential,14 Beechwood Rd,Falmouth,MA,02540,1995000,5,4.5,West Falmouth,4530,36498,1984,316,440,100,Active,,,http://www.redfin.com/MA/Falmouth/14-Beechwood-Rd-02540/home/77381264,MLS PIN,72528571,N,Y,41.5707221,-70.6399197
MLS Listing,,Single Family Residential,279 Jones Rd,Falmouth,MA,02540,464000,4,3.0,Falmouth,1820,14375,1962,316,255,,Active,,,http://www.redfin.com/MA/Falmouth/279-Jones-Rd-02540/home/87386524,CCIMLS,21904833,N,Y,41.5602541,-70.6092477
MLS Listing,,Single Family Residential,46 School St,Falmouth,MA,02543,4495000,6,6.5,Woods Hole,3490,27442,2004,335,1288,,Active,,,http://www.redfin.com/MA/Woods-Hole/46-School-St-02543/home/77374205,MLS PIN,72518583,N,Y,41.5263078,-70.6685685
MLS Listing,,Townhouse,39 Juniper Point Rd Unit South,Falmouth,MA,02543,3300000,4,3.5,Woods Hole,2600,88340,1880,343,1269,,Active,,,http://www.redfin.com/MA/Woods-Hole/39-Juniper-Point-Rd-02543/unit-South/home/167039636,CCIMLS,21904105,N,Y,41.520259,-70.669094
MLS Listing,,Townhouse,12 Woodrise #12,Falmouth,MA,02540,329000,2,1.5,Falmouth,1354,43560,1973,344,243,440,Active,,,http://www.redfin.com/MA/Falmouth/12-Woodrise-02540/unit-12/home/167025995,MLS PIN,72512063,N,Y,41.5695143,-70.6218555
MLS Listing,,Single Family Residential,275 W Falmouth Hwy,Falmouth,MA,02540,1125000,4,3.0,West Falmouth,3252,283936,1870,346,346,,Active,,,http://www.redfin.com/MA/Falmouth/275-W-Falmouth-Hwy-02540/home/132511688,MLS PIN,72510866,N,Y,41.586488,-70.63143
MLS Listing,,Townhouse,12 Woodrise,Falmouth,MA,02540,329000,2,1.5,Falmouth,1354,,1973,348,243,,Active,,,http://www.redfin.com/MA/Falmouth/12-Woodrise-02540/home/132478530,CCIMLS,21903993,N,Y,41.5695143,-70.6218555
MLS Listing,,Vacant Land,18 Rivers Edge Rd,Falmouth,MA,02536,199000,,,East Falmouth,,31800,,364,,350,Active,,,http://www.redfin.com/MA/East-Falmouth/18-Rivers-Edge-Rd-02536/home/77529914,MLS PIN,72500852,N,Y,41.585182,-70.527969
MLS Listing,,Vacant Land,00- 9H Pine Bank Rd,Falmouth,MA,02556,329900,,,North Falmouth,,10999,,371,,,Active,,,http://www.redfin.com/MA/North-Falmouth/9-Pine-Bank-Rd-02556/home/144770248,MLS PIN,72496472,N,Y,41.655133,-70.6229979
MLS Listing,,Single Family Residential,1 Sippewissett Rd,Falmouth,MA,02540,799999,4,3.0,Falmouth,2847,17860,1920,383,281,,Active,,,http://www.redfin.com/MA/Falmouth/1-Sippewissett-Rd-02540/home/132474494,CCIMLS,21902888,N,Y,41.5732646,-70.6275582
MLS Listing,,Single Family Residential,24 Willis Ln,Falmouth,MA,02536,6999000,6,5.5,East Falmouth,8264,301360,1988,405,847,,Active,,,http://www.redfin.com/MA/East-Falmouth/24-Willis-Ln-02536/home/132475476,MLS PIN,72476511,N,Y,41.549192,-70.567134
MLS Listing,,Single Family Residential,9 Sand Point Shores Dr,Falmouth,MA,02536,469000,3,3.0,Falmouth,3054,22639,1977,413,154,8,Active,,,http://www.redfin.com/MA/East-Falmouth/9-Sand-Point-Shores-Dr-02536/home/109050072,MLS PIN,72472007,N,Y,41.597957,-70.5922843
MLS Listing,,Vacant Land,75 Streeter Hill Rd,Falmouth,MA,02556,259000,,,North Falmouth,,23140,,422,,23,Active,,,http://www.redfin.com/MA/North-Falmouth/75-Streeter-Hill-Rd-02556/home/92290230,CCIMLS,21901630,N,Y,41.623909,-70.619236
MLS Listing,,Single Family Residential,188 Gansett Rd,Falmouth,MA,02543,6000000,9,6.5,Woods Hole,8066,174240,1927,429,744,172,Active,,,http://www.redfin.com/MA/Woods-Hole/188-Gansett-Rd-02543/home/132416682,MLS PIN,72463190,N,Y,41.5385176,-70.6657571
MLS Listing,,Single Family Residential,6 Cape Club Rd,Falmouth,MA,02536,795000,3,2.5,The Cape Club Estates,2481,11000,2020,441,320,375,Active,,,http://www.redfin.com/MA/East-Falmouth/125-Falmouth-Woods-Rd-02536/home/160535304,MLS PIN,72457720,N,Y,41.634067,-70.599845
MLS Listing,,Townhouse,41 Old Main Rd Unit 5A,Falmouth,MA,02556,700000,3,3.5,North Falmouth,2616,,2019,457,268,475,Active,,,http://www.redfin.com/MA/North-Falmouth/41-Old-Main-Rd-02556/unit-5A/home/167827095,MLS PIN,72452088,N,Y,41.6364068,-70.619286
MLS Listing,,Multi-Family (2-4 Unit),640 Palmer Ave,Falmouth,MA,02540,330000,4,2.0,Falmouth,1344,18586,1900,517,246,,Active,,,http://www.redfin.com/MA/Falmouth/640-Palmer-Ave-02540/home/132496761,MLS PIN,72432512,N,Y,41.5701967,-70.6184379
MLS Listing,,Multi-Family (2-4 Unit),664 Palmer Ave,Falmouth,MA,02540,429000,4,2.5,Falmouth,1974,20650,1981,517,217,,Active,,,http://www.redfin.com/MA/Falmouth/664-Palmer-Ave-02540/home/132453953,MLS PIN,72432507,N,Y,41.5702812,-70.6188677
MLS Listing,,Single Family Residential,98 Cobblestone Ln,Falmouth,MA,02556,1025000,3,2.5,North Falmouth,2660,16727,2019,574,385,,Active,,,http://www.redfin.com/MA/Falmouth/98-Cobblestone-Ln-02556/unit-l/home/147670380,MLS PIN,72412041,N,Y,41.639121,-70.621161
MLS Listing,,Single Family Residential,114 Quaker Rd,Falmouth,MA,02540,3500000,3,2.0,Falmouth,1330,143748,1950,610,2632,,Active,,,http://www.redfin.com/MA/Falmouth/114-Quaker-Rd-02540/home/132524163,MLS PIN,72393552,N,Y,41.6149456,-70.6461004
MLS Listing,,Vacant Land,01 Rivers End Rd,Falmouth,MA,02536,589500,,,Falmouth,,21780,,937,,,Active,,,http://www.redfin.com/MA/Teaticket/1-Rivers-End-Rd-02536/home/144107867,MLS PIN,72245033,N,Y,41.5714547,-70.5807697
MLS Listing,,Vacant Land,41 Moonpenny Ln,Falmouth,MA,02536,699000,,,East Falmouth,,28314,,952,,,Active,,,http://www.redfin.com/MA/East-Falmouth/41-Moonpenny-Ln-02536/home/132655938,CCIMLS,21716163,N,Y,41.552558,-70.558542
MLS Listing,,Single Family Residential,24 Ocean Ave,Falmouth,MA,02536,1850000,5,4.0,Falmouth,5022,19597,1930,1082,368,25,Active,,,http://www.redfin.com/MA/East-Falmouth/24-Ocean-Ave-02536/home/77338571,MLS PIN,72171608,N,Y,41.5471241,-70.5753435
MLS Listing,,Single Family Residential,24 Ocean Ave,Falmouth,MA,02540,1850000,5,4.0,Falmouth,5021,19602,1930,1082,368,,Active,,,http://www.redfin.com/MA/Falmouth/24-Ocean-Ave-02540/home/148157633,CCIMLS,21712525,N,Y,41.547162,-70.575375
MLS Listing,,Vacant Land,12 Bridge St Lot 39,Falmouth,MA,02536,1500000,,,East Falmouth,,18513,,1150,,,Active,,,http://www.redfin.com/MA/East-Falmouth/12-Bridge-St-02536/unit-39/home/133930305,MLS PIN,72133143,N,Y,41.5528989,-70.5729659
MLS Listing,,Vacant Land,Lot 57 Sippewissett,Falmouth,MA,02540,399000,,,Sippewissett,,36111,,1847,,,Active,,,http://www.redfin.com/MA/Falmouth/57-Sippewissett-Rd-02540/home/77369263,MLS PIN,71739404,N,Y,41.5723434,-70.633282
