SALE TYPE,SOLD DATE,PROPERTY TYPE,ADDRESS,CITY,STATE OR PROVINCE,ZIP OR POSTAL CODE,PRICE,BEDS,BATHS,LOCATION,SQUARE FEET,LOT SIZE,YEAR BUILT,DAYS ON MARKET,$/SQUARE FEET,HOA/MONTH,STATUS,NEXT OPEN HOUSE START TIME,NEXT OPEN HOUSE END TIME,URL (SEE http://www.redfin.com/buy-a-home/comparative-market-analysis FOR INFO ON PRICING),SOURCE,MLS#,FAVORITE,INTERESTED,LATITUDE,LONGITUDE
MLS Listing,,Single Family Residential,178 Forest Trl,Hanson,MA,02341,529000,5,2.5,Hanson,3216,32670,1977,2,164,,Active,,,http://www.redfin.com/MA/Hanson/178-Forest-Trl-02341/home/16356041,MLS PIN,72654370,N,Y,42.0755945,-70.8946531
MLS Listing,,Townhouse,38 Great Cedar #38,Hanson,MA,02341,314900,2,1.5,Hanson,1381,,2013,5,228,300,Active,,,http://www.redfin.com/MA/Hanson/38-Great-Cedar-Dr-02341/unit-38/home/45075509,MLS PIN,72653458,N,Y,42.0431494,-70.8927755
MLS Listing,,Townhouse,7 Stonebridge #7,Hanson,MA,02341,459900,2,2.5,Hanson,1781,,2006,6,258,440,Active,,,http://www.redfin.com/MA/Hanson/7-Stonebridge-Dr-02341/unit-7/home/60351565,MLS PIN,72653144,N,Y,42.0741314,-70.869119
MLS Listing,,Single Family Residential,1178 Main St,Hanson,MA,02341,379900,3,1.0,Main Street,1394,15302,1910,13,273,,Active,,,http://www.redfin.com/MA/Hanson/1178-Main-St-02341/home/16357919,MLS PIN,72649350,N,Y,42.0434208,-70.883924
MLS Listing,,Single Family Residential,Lot 9 Ramsdell Pl,Hanson,MA,02341,574900,4,2.5,Hanson,2128,79279,2020,18,270,,Active,,,http://www.redfin.com/MA/Hanson/9-Ramsdell-Pl-02341/home/171422102,MLS PIN,72647757,N,Y,42.0368812,-70.8443011
MLS Listing,,Single Family Residential,31 Fallons Pt,Hanson,MA,02341,499000,3,2.0,DIRECT POND FRONT,1640,8712,1982,19,304,,Active,,,http://www.redfin.com/MA/Hanson/31-Fallon-Pt-02341/home/16358105,MLS PIN,72643713,N,Y,42.062574,-70.8427244
MLS Listing,,Townhouse,30 Stonebridge #30,Hanson,MA,02341,475000,2,2.5,Hanson,1836,,2006,27,259,440,Active,,,http://www.redfin.com/MA/Hanson/30-Stonebridge-Dr-02341/unit-30/home/144346199,MLS PIN,72644737,N,Y,42.0742354,-70.8697028
MLS Listing,,Townhouse,59 Buttercup Cir #90,Hanson,MA,02341,439900,2,2.5,Hanson,1986,,2011,28,222,440,Active,,,http://www.redfin.com/MA/Hanson/59-Buttercup-Cir-02341/unit-90/home/171342418,MLS PIN,72644025,N,Y,42.0726305,-70.8710944
MLS Listing,,Single Family Residential,93 Main St,Hanson,MA,02341,449999,4,1.5,Hanson,1512,14985,1987,35,298,,Active,,,http://www.redfin.com/MA/Hanson/93-Main-St-02341/home/16357854,MLS PIN,72642063,N,Y,42.0425295,-70.8454644
MLS Listing,,Single Family Residential,520 Monponsett,Hanson,MA,02341,325000,2,1.0,Hanson,812,,1926,36,400,,Active,May-16-2020 11:00 AM,May-16-2020 01:00 PM,http://www.redfin.com/MA/Hanson/520-Monponsett-St-02341/home/16355776,MLS PIN,72640962,N,Y,42.0310193,-70.8438966
MLS Listing,,Townhouse,902 Main St #40,Hanson,MA,02341,327788,2,2.0,Hanson,1935,,2006,49,169,210,Active,,,http://www.redfin.com/MA/Hanson/902-Main-St-02341/unit-40/home/16358474,MLS PIN,72637953,N,Y,42.042645,-70.8726341
MLS Listing,,Condo/Co-op,496 Main St #2,Hanson,MA,02341,299000,3,2.0,Hanson,1463,57063,1898,66,204,200,Active,,,http://www.redfin.com/MA/Hanson/496-Main-St-02341/unit-2/home/18982260,MLS PIN,72630076,N,Y,42.041943,-70.8604224
MLS Listing,,Vacant Land,0 Elm St,Hanson,MA,02341,150000,,,Hanson,,715255,,69,,,Active,,,http://www.redfin.com/MA/HANSON/ELM-ST-02341/home/66766719,MLS PIN,72629003,N,Y,42.038841,-70.892007
MLS Listing,,Vacant Land,0 Pine St N,Halifax,MA,02338,129900,,,Halifax,,14400,,69,,,Active,,,http://www.redfin.com/MA/HALIFAX/PINE-ST-N-02338/home/67993408,MLS PIN,72628983,N,Y,42.017309,-70.842262
MLS Listing,,Townhouse,902 Main St #21,Hanson,MA,02341,419900,2,2.5,Hanson,1979,,2017,70,212,375,Active,,,http://www.redfin.com/MA/Hanson/902-Main-St-02341/unit-21/home/170380858,MLS PIN,72627834,N,Y,42.0414982,-70.8743465
MLS Listing,,Townhouse,902 Main St #19,Hanson,MA,02341,389900,2,2.5,Hanson,1979,,2019,70,197,375,Active,,,http://www.redfin.com/MA/Hanson/902-Main-St-02341/unit-19/home/170380857,MLS PIN,72627833,N,Y,42.0414982,-70.8743465
MLS Listing,,Single Family Residential,122 E Washington St,Hanson,MA,02341,294900,3,1.0,Hanson,1446,33846,1920,72,204,,Active,,,http://www.redfin.com/MA/Hanson/122-E-Washington-St-02341/home/16356994,MLS PIN,72626785,N,Y,42.0761289,-70.8789122
MLS Listing,,Single Family Residential,7 West St,Hanson,MA,02341,175000,2,1.0,Hanson,947,6403,1920,107,185,,Active,,,http://www.redfin.com/MA/Hanson/7-West-St-02341/home/16355471,MLS PIN,72612337,N,Y,42.0640186,-70.8422592
MLS Listing,,Single Family Residential,83 Carriage Rd,Hanson,MA,02341,324500,3,1.0,Hanson,936,33018,1969,164,347,,Active,,,http://www.redfin.com/MA/Hanson/83-Carriage-Rd-02341/home/16355657,MLS PIN,72597039,N,Y,42.0903738,-70.8523855
MLS Listing,,Vacant Land,159 Lakeside Rd,Hanson,MA,02341,99900,,,Hanson,,54014,,170,,,Active,,,http://www.redfin.com/MA/Hanson/159-Lakeside-Rd-02341/home/66766782,MLS PIN,72595975,N,Y,42.0694922,-70.8453225
MLS Listing,,Single Family Residential,Plan G Cushing Trl,Hanson,MA,02341,799900,4,2.5,Hanson,2916,40000,2020,178,274,,Active,,,http://www.redfin.com/MA/Hanson/Plan-G-Cushing-TRL-02341/home/169876768,MLS PIN,72593433,N,Y,42.0630735,-70.8714528
MLS Listing,,Single Family Residential,Plan F Cushing Trl,Hanson,MA,02341,749900,4,2.5,Hanson,2654,40000,2020,178,283,,Active,,,http://www.redfin.com/MA/Hanson/Plan-F-Cushing-TRL-02341/home/169876767,MLS PIN,72593432,N,Y,42.0630735,-70.8714528
MLS Listing,,Single Family Residential,Plan E Cushing Trl,Hanson,MA,02341,749900,4,2.5,Hanson,2484,40000,2020,178,302,,Active,,,http://www.redfin.com/MA/Hanson/Plan-E-Cushing-TRL-02341/home/169876766,MLS PIN,72593431,N,Y,42.0630735,-70.8714528
MLS Listing,,Single Family Residential,Plan D Cushing Trl,Hanson,MA,02341,729900,4,2.5,Hanson,2557,40000,2020,178,285,,Active,,,http://www.redfin.com/MA/Hanson/Plan-D-Cushing-TRL-02341/home/169876763,MLS PIN,72593430,N,Y,42.0630735,-70.8714528
MLS Listing,,Single Family Residential,Plan C Cushing Trl,Hanson,MA,02341,699900,3,2.5,Hanson,2414,30000,2020,178,290,,Active,,,http://www.redfin.com/MA/Hanson/Plan-C-Cushing-TRL-02341/home/169876762,MLS PIN,72593429,N,Y,42.0630735,-70.8714528
MLS Listing,,Single Family Residential,Plan B Cushing Trl,Hanson,MA,02341,689900,3,2.5,Hanson,2064,40000,2020,178,334,,Active,,,http://www.redfin.com/MA/Hanson/Plan-B-Cushing-TRL-02341/home/169876759,MLS PIN,72593428,N,Y,42.0630735,-70.8714528
MLS Listing,,Single Family Residential,Plan A Cushing Trl,Hanson,MA,02341,649900,3,2.5,Hanson,2148,40000,2020,178,303,,Active,,,http://www.redfin.com/MA/Hanson/Plan-A-Cushing-TRL-02341/home/169876758,MLS PIN,72593427,N,Y,42.0630735,-70.8714528
MLS Listing,,Townhouse,902 Main St #22,Hanson,MA,02341,409900,2,2.5,Hanson,1979,,2017,231,207,375,Active,,,http://www.redfin.com/MA/Hanson/902-Main-St-02341/unit-22/home/169202838,MLS PIN,72570342,N,Y,42.0414982,-70.8743465
MLS Listing,,Vacant Land,0 Franklin,East Bridgewater,MA,02333,550000,,,East Bridgewater,,187478,,533,,,Active,,,http://www.redfin.com/MA/East-Bridgewater/Franklin-St-02333/home/146257568,MLS PIN,72427105,N,Y,42.0544837,-70.9066428
