SALE TYPE,SOLD DATE,PROPERTY TYPE,ADDRESS,CITY,STATE OR PROVINCE,ZIP OR POSTAL CODE,PRICE,BEDS,BATHS,LOCATION,SQUARE FEET,LOT SIZE,YEAR BUILT,DAYS ON MARKET,$/SQUARE FEET,HOA/MONTH,STATUS,NEXT OPEN HOUSE START TIME,NEXT OPEN HOUSE END TIME,URL (SEE http://www.redfin.com/buy-a-home/comparative-market-analysis FOR INFO ON PRICING),SOURCE,MLS#,FAVORITE,INTERESTED,LATITUDE,LONGITUDE
MLS Listing,,Single Family Residential,20 Bradley Park Dr,Hingham,MA,02043,934900,3,3.5,Bradley Park,2500,7073,1950,2,374,,Active,,,http://www.redfin.com/MA/Hingham/20-Bradley-Park-Dr-02043/home/16364967,MLS PIN,72655099,N,Y,42.2455283,-70.9042208
MLS Listing,,Single Family Residential,144 Downer Ave,Hingham,MA,02043,875000,3,1.5,Hingham,1532,7994,1952,1,571,,Active,,,http://www.redfin.com/MA/Hingham/144-Downer-Ave-02043/home/16359529,MLS PIN,72656099,N,Y,42.2586826,-70.8973005
MLS Listing,,Townhouse,194 North St #194,Hingham,MA,02043,530000,3,1.5,Hingham Center,1492,9147,1860,1,355,,Active,,,http://www.redfin.com/MA/Hingham/194-North-St-02043/unit-194/home/77477978,MLS PIN,72655862,N,Y,42.2422027,-70.8932614
MLS Listing,,Single Family Residential,156 E St/ 220 Summer St,Hingham,MA,02043,1200000,4,4.5,Hingham,3704,108028,1751,1,324,,Active,,,http://www.redfin.com/MA/Hingham/220-Summer-St-02043/home/170940250,MLS PIN,72655850,N,Y,42.2433526,-70.867835
MLS Listing,,Single Family Residential,156 East St,Hingham,MA,02043,759000,4,4.5,Hingham,3704,58905,1751,1,205,,Active,,,http://www.redfin.com/MA/Hingham/156-East-St-02043/home/16364415,MLS PIN,72655820,N,Y,42.2421208,-70.8657165
MLS Listing,,Single Family Residential,6 Village Ln,Hingham,MA,02043,940000,4,1.5,Hingham Center,3122,32234,1974,2,301,,Active,,,http://www.redfin.com/MA/Hingham/6-Village-Ln-02043/home/16364258,MLS PIN,72654837,N,Y,42.2333457,-70.8738333
MLS Listing,,Townhouse,5 beals Cv Unit F,Hingham,MA,02039,329900,2,1.5,Hingham,1100,,1965,3,300,582,Active,,,http://www.redfin.com/MA/Hingham/5-Beal-s-Cove-Rd-02043/unit-F/home/16364862,MLS PIN,72654381,N,Y,42.2422388,-70.9207714
MLS Listing,,Single Family Residential,147 Martins Ln,Hingham,MA,02043,1333000,3,2.5,Worlds End,2138,6494,1990,3,623,,Active,,,http://www.redfin.com/MA/Hingham/147-Martins-Ln-02043/home/16359390,MLS PIN,72654233,N,Y,42.2579175,-70.8732063
MLS Listing,,Single Family Residential,53 Fearing Rd,Hingham,MA,02043,1599000,6,4.5,Derby Academy/St. Paul School/Walk to Town!,3676,16450,1870,5,435,,Active,,,http://www.redfin.com/MA/Hingham/53-Fearing-Rd-02043/home/16365443,MLS PIN,72653946,N,Y,42.2456956,-70.8918199
MLS Listing,,Single Family Residential,10 Malcolm St,Hingham,MA,02043,2650000,5,4.5,Crow Point,4206,13008,1900,7,630,,Active,,,http://www.redfin.com/MA/Hingham/10-Malcolm-St-02043/home/16359830,MLS PIN,72653100,N,Y,42.2612884,-70.8964645
MLS Listing,,Single Family Residential,120 Hersey St,Hingham,MA,02043,799000,4,2.0,Hingham,2314,10080,1850,8,345,,Active,May-17-2020 01:30 PM,May-17-2020 02:30 PM,http://www.redfin.com/MA/Hingham/120-Hersey-St-02043/home/16363102,MLS PIN,72652529,N,Y,42.2335455,-70.8929346
MLS Listing,,Single Family Residential,227 Otis St,Hingham,MA,02043,2650000,5,3.5,Hingham,3262,26809,2016,8,812,,Active,,,http://www.redfin.com/MA/Hingham/227-Otis-St-02043/home/16359049,MLS PIN,72652404,N,Y,42.2562223,-70.8979043
MLS Listing,,Single Family Residential,163 Stayner Dr #163,Hingham,MA,02043,1239000,3,2.5,Hingham,2458,9999,2013,8,504,,Active,,,http://www.redfin.com/MA/Hingham/163-HMS-Stayner-Dr-02043/unit-163/home/171223345,MLS PIN,72652092,N,Y,42.2529915,-70.9136662
MLS Listing,,Single Family Residential,9 Tillinghast Dr,Hingham,MA,02043,1699000,4,3.5,Black Rock Country Club,5098,,2005,9,333,1233,Active,,,http://www.redfin.com/MA/Hingham/9-Tillinghast-Dr-02043/home/16365668,MLS PIN,72651671,N,Y,42.2020792,-70.9112933
MLS Listing,,Single Family Residential,17 Liberty Rd,Hingham,MA,02043,1275000,4,2.5,South Hingham,4497,30000,1977,13,284,,Active,,,http://www.redfin.com/MA/Hingham/17-Liberty-Rd-02043/home/16360237,MLS PIN,72650207,N,Y,42.1864997,-70.8783039
MLS Listing,,Single Family Residential,14 Hobart St,Hingham,MA,02043,499900,2,1.5,Hingham,1405,19368,1920,13,356,,Active,,,http://www.redfin.com/MA/Hingham/14-Hobart-St-02043/home/16364047,MLS PIN,72650034,N,Y,42.2249212,-70.8876629
MLS Listing,,Single Family Residential,Lot 2A Jordan Way,Hingham,MA,02043,1699000,4,3.5,Hingham,4125,40153,2020,16,412,,Active,,,http://www.redfin.com/MA/Hingham/Lot-2A-Jordan-WAY-02043/home/171438411,MLS PIN,72648607,N,Y,42.2271881,-70.8833434
MLS Listing,,Single Family Residential,215 Cushing St,Hingham,MA,02043,749000,4,2.0,Hingham,2000,20800,1959,17,375,,Active,,,http://www.redfin.com/MA/Hingham/215-Cushing-St-02043/home/16361462,MLS PIN,72648391,N,Y,42.1991269,-70.9001801
MLS Listing,,Single Family Residential,105 Stayner #105,Hingham,MA,02043,889000,3,3.0,Hingham,2596,,2013,20,342,698,Active,,,http://www.redfin.com/MA/Hingham/105-Stayner-02043/unit-105/home/148350077,MLS PIN,72647323,N,Y,42.2271881,-70.8833434
MLS Listing,,Single Family Residential,338 High St,Hingham,MA,02043,680000,4,3.0,Fort Hill,2033,13908,1743,30,334,,Active,,,http://www.redfin.com/MA/HINGHAM/338-HIGH-ST-02043/home/16362287,MLS PIN,72643707,N,Y,42.214674,-70.915455
MLS Listing,,Multi-Family (2-4 Unit),197 High St,Hingham,MA,02043,750000,4,2.0,Hingham,2000,34848,1940,36,375,,Active,,,http://www.redfin.com/MA/Hingham/197-High-St-02043/home/16362147,MLS PIN,72642279,N,Y,42.2140114,-70.9030132
MLS Listing,,Single Family Residential,43 Burditt Ave,Hingham,MA,02043,2885000,5,3.5,Derby Academy,4604,41382,1938,41,627,,Active,,,http://www.redfin.com/MA/Hingham/43-Burditt-Ave-02043/home/16364889,MLS PIN,72640644,N,Y,42.2480521,-70.8927512
MLS Listing,,Single Family Residential,98 Cushing St,Hingham,MA,02043,1569000,3,2.5,Hingham,4377,36624,2020,43,358,,Active,,,http://www.redfin.com/MA/Hingham/98-Cushing-St-02043/home/16361532,MLS PIN,72640081,N,Y,42.203703,-70.8928417
MLS Listing,,Single Family Residential,196 North St,Hingham,MA,02043,1339000,5,3.0,Lincoln Historic District,5376,14300,1829,58,249,,Active,,,http://www.redfin.com/MA/Hingham/196-North-St-02043/home/16363927,MLS PIN,72634604,N,Y,42.2422309,-70.8936081
MLS Listing,,Single Family Residential,45 So. Pleasant St,Hingham,MA,02043,1099000,3,3.5,Hingham,3588,10889,1949,64,306,,Active,,,http://www.redfin.com/MA/Hingham/45-S-Pleasant-St-02043/home/16361603,MLS PIN,72631747,N,Y,42.2049701,-70.8796973
MLS Listing,,Single Family Residential,44 Middle St,Hingham,MA,02043,2299000,3,4.0,Hingham Center,5308,23154,1829,64,433,,Active,,,http://www.redfin.com/MA/Hingham/44-Middle-St-02043/home/16363284,MLS PIN,72631622,N,Y,42.2299586,-70.8770963
MLS Listing,,Single Family Residential,7 Tupelo Dr,Hingham,MA,02043,1099000,4,2.5,crow point,3200,20124,1994,69,343,,Active,,,http://www.redfin.com/MA/Hingham/7-Tupelo-Dr-02043/home/16359173,MLS PIN,72629267,N,Y,42.2510797,-70.9071003
MLS Listing,,Single Family Residential,37 Lyndon Rd,Hingham,MA,02043,1199000,3,2.5,World's End,2600,9587,2020,70,461,,Active,,,http://www.redfin.com/MA/Hingham/37-Lyndon-Rd-02043/home/16359359,MLS PIN,72628881,N,Y,42.2583563,-70.8699897
MLS Listing,,Single Family Residential,31 Kimball Beach Rd,Hingham,MA,02043,595000,2,1.0,KIMBALL BEACH NEIGHBORHOOD,976,7900,1925,71,610,,Active,,,http://www.redfin.com/MA/Hingham/31-Kimball-Beach-Rd-02043/home/16360063,MLS PIN,72627874,N,Y,42.2581962,-70.9091439
MLS Listing,,Single Family Residential,25 Ship St,Hingham,MA,02043,1499000,5,3.5,Hingham,3465,13700,1753,71,433,,Active,,,http://www.redfin.com/MA/Hingham/25-Ship-St-02043/home/16364546,MLS PIN,72627744,N,Y,42.244762,-70.8872682
MLS Listing,,Single Family Residential,810 Main St,Hingham,MA,02043,2191000,5,3.5,Hingham,5486,93579,1820,72,399,,Active,,,http://www.redfin.com/MA/Hingham/810-Main-St-02043/home/16361491,MLS PIN,72627369,N,Y,42.2025702,-70.8835756
MLS Listing,,Single Family Residential,38 Rice Rd,Hingham,MA,02043,995000,3,3.5,Crow Point,2918,15515,1956,74,341,,Active,,,http://www.redfin.com/MA/Hingham/38-Rice-Rd-02043/home/16358780,MLS PIN,72626089,N,Y,42.2523965,-70.8974863
MLS Listing,,Single Family Residential,6 Olmsted Dr,Hingham,MA,02043,2425000,5,5.5,Brewer Estates,5775,44356,1996,76,420,108,Active,,,http://www.redfin.com/MA/Hingham/6-Olmsted-Dr-02043/home/16362554,MLS PIN,72625695,N,Y,42.2252397,-70.9002962
MLS Listing,,Single Family Residential,16 Bulow Rd,Hingham,MA,02043,649000,4,1.5,Hingham,1538,12523,1966,76,422,,Active,,,http://www.redfin.com/MA/Hingham/16-Bulow-Rd-02043/home/16365211,MLS PIN,72625434,N,Y,42.2485583,-70.908215
MLS Listing,,Condo/Co-op,10 Shipyard Dr #302,Hingham,MA,02043,1000000,2,2.5,Hingham,1642,,2018,78,609,823,Active,,,http://www.redfin.com/MA/Hingham/10-Shipyard-Dr-02043/unit-302/home/148581532,MLS PIN,72624360,N,Y,42.2516086,-70.9231234
MLS Listing,,Condo/Co-op,10 Shipyard Dr #316,Hingham,MA,02043,589000,1,1.5,Hingham,942,,2018,78,625,468,Active,,,http://www.redfin.com/MA/Hingham/10-Shipyard-Dr-02043/unit-316/home/148581451,MLS PIN,72624347,N,Y,42.2516086,-70.9231234
MLS Listing,,Single Family Residential,16 Crooked Meadow Ln,Hingham,MA,02043,1039000,4,2.5,Crooked Meadow,3544,193842,1972,78,293,,Active,,,http://www.redfin.com/MA/Hingham/16-Crooked-Meadow-Ln-02043/home/16361913,MLS PIN,72619759,N,Y,42.2147093,-70.8792328
MLS Listing,,Condo/Co-op,10 Shipyard Dr #501,Hingham,MA,02043,659000,1,1.5,Hingham,942,,2018,80,700,528,Active,,,http://www.redfin.com/MA/Hingham/10-Shipyard-Dr-02043/unit-501/home/144150588,MLS PIN,72623035,N,Y,42.2516086,-70.9231234
MLS Listing,,Single Family Residential,18 Pond St,Hingham,MA,02043,654900,2,1.5,Hingham Center,1527,4248,1849,84,429,,Active,,,http://www.redfin.com/MA/Hingham/18-Pond-St-02043/home/16363301,MLS PIN,72621855,N,Y,42.2291016,-70.8799412
MLS Listing,,Single Family Residential,Lot 3A Jordan Way,Hingham,MA,02043,1699000,4,3.5,Hingham,4000,40031,2020,94,425,,Active,,,http://www.redfin.com/MA/Hingham/Lot-3A-Massachusetts-3A-02043/home/160335222,MLS PIN,72617814,N,Y,42.2454,-70.8834996
MLS Listing,,Townhouse,172 Stayner Dr #172,Hingham,MA,02043,1140000,2,2.5,Hingham,2220,2780,2013,97,514,622,Active,,,http://www.redfin.com/MA/Hingham/172-HMS-Stayner-Dr-02043/unit-172/home/170519501,MLS PIN,72617094,N,Y,42.2532098,-70.9138205
MLS Listing,,Single Family Residential,54 Canterbury St Unit B,Hingham,MA,02043,899999,4,2.5,Hingham,2412,8825,1910,98,373,,Active,,,http://www.redfin.com/MA/Hingham/54-Canterbury-St-02043/unit-B/home/168575901,MLS PIN,72616660,N,Y,42.253006,-70.8531055
MLS Listing,,Condo/Co-op,10 Shipyard Dr #409,Hingham,MA,02043,1125000,2,2.5,Hingham,1456,,2019,98,773,798,Active,,,http://www.redfin.com/MA/Hingham/10-Shipyard-Dr-02043/unit-409/home/143995466,MLS PIN,72616547,N,Y,42.2516086,-70.9231234
MLS Listing,,Condo/Co-op,10 Shipyard Dr #507,Hingham,MA,02043,899999,1,2.0,Hingham,1180,,2018,98,763,633,Active,,,http://www.redfin.com/MA/Hingham/10-Shipyard-Dr-02043/unit-507/home/144359286,MLS PIN,72616532,N,Y,42.2516086,-70.9231234
MLS Listing,,Single Family Residential,118 Downer Ave,Hingham,MA,02043,1675000,4,4.5,Crow Point,4240,8124,2020,99,395,,Active,,,http://www.redfin.com/MA/Hingham/118-Downer-Ave-02043/home/16359069,MLS PIN,72615671,N,Y,42.2571286,-70.8990654
MLS Listing,,Condo/Co-op,10 Shipyard Dr #405,Hingham,MA,02043,1250000,2,2.5,Hingham,1656,,2018,101,755,847,Active,,,http://www.redfin.com/MA/Hingham/10-Shipyard-Dr-02043/unit-405/home/144503391,MLS PIN,72615027,N,Y,42.2516086,-70.9231234
MLS Listing,,Townhouse,5 Damon Farm Way #5,Hingham,MA,02043,779000,2,2.5,South Hingham,2496,9999,2018,101,312,600,Active,,,http://www.redfin.com/MA/Hingham/1222-Main-St-02043/unit-5/home/169649476,MLS PIN,72614808,N,Y,42.1754323,-70.8850476
MLS Listing,,Single Family Residential,16 Surry Rd,Hingham,MA,02043,749900,2,1.5,World's End,1953,10126,1925,101,384,,Active,,,http://www.redfin.com/MA/Hingham/16-Surry-Rd-02043/home/16359514,MLS PIN,72614749,N,Y,42.2581955,-70.8731482
MLS Listing,,Single Family Residential,61 Summer St,Hingham,MA,02043,2249000,3,4.0,Hingham,3339,121893,1954,108,674,,Active,,,http://www.redfin.com/MA/Hingham/61-Summer-St-02043/home/16365406,MLS PIN,72612348,N,Y,42.2464501,-70.8789542
MLS Listing,,Single Family Residential,44 CUSHING St,Hingham,MA,02043,729000,4,3.0,Hingham,2840,41817,1952,114,257,,Active,,,http://www.redfin.com/MA/Hingham/44-Cushing-St-02043/home/16361528,MLS PIN,72610353,N,Y,42.2045776,-70.8883132
MLS Listing,,Condo/Co-op,10 Shipyard Dr #217,Hingham,MA,02043,930000,2,2.0,Hingham,1509,,2018,129,616,765,Active,,,http://www.redfin.com/MA/Hingham/10-Shipyard-Dr-02043/unit-217/home/170217105,MLS PIN,72604846,N,Y,42.2516086,-70.9231234
MLS Listing,,Condo/Co-op,10 Shipyard Dr #213,Hingham,MA,02043,1070000,2,2.5,Hingham,1649,,2018,129,649,831,Active,,,http://www.redfin.com/MA/Hingham/10-Shipyard-Dr-02043/unit-213/home/147379807,MLS PIN,72604845,N,Y,42.2516618,-70.9229295
MLS Listing,,Condo/Co-op,10 Shipyard Dr #414,Hingham,MA,02043,560000,1,1.0,Hingham,794,,2019,129,705,479,Active,,,http://www.redfin.com/MA/Hingham/10-Shipyard-Dr-02043/unit-414/home/147379760,MLS PIN,72604844,N,Y,42.2516618,-70.9229295
MLS Listing,,Condo/Co-op,10 Shipyard Dr #205,Hingham,MA,02043,1135000,3,2.5,Hingham,1656,,2018,129,685,831,Active,,,http://www.redfin.com/MA/Hingham/10-Shipyard-Dr-02043/unit-205/home/170217104,MLS PIN,72604843,N,Y,42.2516086,-70.9231234
MLS Listing,,Single Family Residential,135 Nokomis Rd,Hingham,MA,02043,455000,2,1.0,Hingham,795,4856,1940,189,572,,Active,,,http://www.redfin.com/MA/Hingham/135-Nokomis-Rd-02043/home/16359119,MLS PIN,72590131,N,Y,42.2547933,-70.9071352
MLS Listing,,Single Family Residential,117 Halsted Dr #117,Hingham,MA,02043,979900,2,3.0,Hingham,2432,999,2013,189,403,572,Active,,,http://www.redfin.com/MA/Hingham/117-HMS-Halsted-Dr-02043/unit-117/home/146976352,MLS PIN,72589712,N,Y,42.2532203,-70.9163234
MLS Listing,,Vacant Land,21 Whiton Ave,Hingham,MA,02043,799000,,,Crow Point,,14780,,217,,,Active,,,http://www.redfin.com/MA/Hingham/21-Whiton-Ave-02043/home/16359557,MLS PIN,72578418,N,Y,42.2589755,-70.8990538
MLS Listing,,Multi-Family (2-4 Unit),54 Canterbury St,Hingham,MA,02043,1449000,6,5.0,Hingham,3858,17650,1900,224,376,,Active,,,http://www.redfin.com/MA/Hingham/54-Canterbury-St-02043/home/23423440,MLS PIN,72574721,N,Y,42.253006,-70.8531055
MLS Listing,,Single Family Residential,86 Pleasant St,Hingham,MA,02043,2995000,5,3.5,Hingham Center,4232,130605,1750,244,708,,Active,,,http://www.redfin.com/MA/Hingham/86-Pleasant-St-02043/home/16363244,MLS PIN,72564776,N,Y,42.2286612,-70.8732411
MLS Listing,,Single Family Residential,4 Crooked Meadow Ln,Hingham,MA,02043,749000,4,2.0,On Historic Hingham inventory list,2800,51761,1890,245,268,,Active,,,http://www.redfin.com/MA/Hingham/4-Crooked-Meadow-Ln-02043/home/16361921,MLS PIN,72564295,N,Y,42.2144031,-70.8827396
MLS Listing,,Single Family Residential,409 Main St,Hingham,MA,02043,1049000,5,2.5,Hingham Centre,2626,28072,1809,287,399,,Active,,,http://www.redfin.com/MA/Hingham/409-Main-St-02043/home/16362806,MLS PIN,72543063,N,Y,42.2285848,-70.8844349
MLS Listing,,Single Family Residential,123 Summer St,Hingham,MA,02043,2549000,6,4.5,Hingham,5686,218235,1930,372,448,,Active,,,http://www.redfin.com/MA/Hingham/123-Summer-St-02043/home/16365364,MLS PIN,72495773,N,Y,42.2466076,-70.8737288
MLS Listing,,Single Family Residential,73 North St,Hingham,MA,02043,574999,6,2.0,Hingham,2784,3998,1775,407,207,,Active,,,http://www.redfin.com/MA/Hingham/73-North-St-02043/home/16363857,MLS PIN,72476078,N,Y,42.2432299,-70.8872217
MLS Listing,,Single Family Residential,3 NICHOLS Rd,Hingham,MA,02043,516000,3,1.0,South Hingham,1499,13076,1955,549,344,,Active,,,http://www.redfin.com/MA/Hingham/3-Nichols-Rd-02043/home/16362296,MLS PIN,72422887,N,Y,42.2152492,-70.9131148
MLS Listing,,Single Family Residential,25 Cushing Ave,Hingham,MA,02043,2850000,4,5.0,Crow Point,4305,3484,2019,650,662,,Active,,,http://www.redfin.com/MA/Hingham/25-Cushing-Ave-02043/home/16359751,MLS PIN,72373498,N,Y,42.2611112,-70.8971611
