SALE TYPE,SOLD DATE,PROPERTY TYPE,ADDRESS,CITY,STATE OR PROVINCE,ZIP OR POSTAL CODE,PRICE,BEDS,BATHS,LOCATION,SQUARE FEET,LOT SIZE,YEAR BUILT,DAYS ON MARKET,$/SQUARE FEET,HOA/MONTH,STATUS,NEXT OPEN HOUSE START TIME,NEXT OPEN HOUSE END TIME,URL (SEE http://www.redfin.com/buy-a-home/comparative-market-analysis FOR INFO ON PRICING),SOURCE,MLS#,FAVORITE,INTERESTED,LATITUDE,LONGITUDE
MLS Listing,,Single Family Residential,101 Hemlock Dr,Holliston,MA,01746,289900,4,1.5,Holliston,1300,22216,1964,41,223,,Active,,,http://www.redfin.com/MA/Holliston/101-Hemlock-Dr-01746/home/11604152,MLS PIN,72640831,N,Y,42.1833916,-71.4521298
MLS Listing,,Single Family Residential,21 Foxwood Cv,Holliston,MA,01746,799900,4,3.5,Holliston,3729,40032,1986,1,215,17,Active,May-16-2020 10:00 AM,May-16-2020 12:00 PM,http://www.redfin.com/MA/Holliston/21-Foxwood-Cv-01746/home/11610902,MLS PIN,72655475,N,Y,42.1889033,-71.4044714
MLS Listing,,Single Family Residential,105 Woodland St,Holliston,MA,01746,669900,4,2.0,Holliston,3334,224682,1951,1,201,,Active,,,http://www.redfin.com/MA/Holliston/105-Woodland-St-01746/home/11613626,MLS PIN,72655298,N,Y,42.210139,-71.4195189
MLS Listing,,Single Family Residential,35 Wilkins Rd,Holliston,MA,01746,419974,3,2.0,Holliston,1248,17860,1961,2,337,,Active,,,http://www.redfin.com/MA/Holliston/35-Wilkins-Rd-01746/home/11608119,MLS PIN,72655176,N,Y,42.1959841,-71.4361052
MLS Listing,,Single Family Residential,1380 Washington St,Holliston,MA,01746,749500,5,2.0,Holliston,3585,82676,1770,2,209,,Active,,,http://www.redfin.com/MA/Holliston/1380-Washington-St-01746/home/11603840,MLS PIN,72655102,N,Y,42.183711,-71.4421459
MLS Listing,,Single Family Residential,80 Mellen St,Holliston,MA,01746,863900,4,3.5,Holliston,3027,91476,2008,2,285,,Active,,,http://www.redfin.com/MA/Holliston/80-Mellen-St-01746/home/28456617,MLS PIN,72654941,N,Y,42.2100016,-71.4433639
MLS Listing,,Single Family Residential,50 Juniper Rd,Holliston,MA,01746,650000,4,2.5,Juniper Glen Estates,2479,31217,1992,7,262,,Active,,,http://www.redfin.com/MA/Holliston/50-Juniper-Rd-01746/home/11606530,MLS PIN,72652896,N,Y,42.187985,-71.4642347
MLS Listing,,Single Family Residential,Lot 11 Metcalf Dr,Holliston,MA,01746,1250000,5,4.5,Kingsbury Landing,4673,48787,2020,7,267,,Active,,,http://www.redfin.com/MA/Holliston/11-Metcalf-Dr-01746/home/171043974,MLS PIN,72652751,N,Y,42.1859935,-71.4595234
MLS Listing,,Single Family Residential,54 Francine Dr,Holliston,MA,01746,535000,4,2.0,Holliston,1995,19602,1969,8,268,,Active,,,http://www.redfin.com/MA/Holliston/54-Francine-Dr-01746/home/11612569,MLS PIN,72652408,N,Y,42.2144352,-71.4337629
MLS Listing,,Single Family Residential,11 Lone Oak Cir,Holliston,MA,01746,775000,4,2.5,Holliston,3141,31668,1997,9,247,,Active,May-17-2020 01:00 PM,May-17-2020 03:00 PM,http://www.redfin.com/MA/Holliston/11-Lone-Oak-Cir-01746/home/11610136,MLS PIN,72651993,N,Y,42.2035323,-71.4057934
MLS Listing,,Single Family Residential,95 Alden Rd,Holliston,MA,01746,559000,3,3.5,Holliston,2352,239101,1992,12,238,,Active,,,http://www.redfin.com/MA/Holliston/95-Alden-Rd-01746/home/11604903,MLS PIN,72650526,N,Y,42.186038,-71.407759
MLS Listing,,Single Family Residential,57 Bradford Jay Rd,Holliston,MA,01746,335000,3,1.0,Holliston,1152,17860,1963,16,291,,Active,,,http://www.redfin.com/MA/Holliston/57-Bradford-Jay-Rd-01746/home/11605025,MLS PIN,72648808,N,Y,42.1801527,-71.4073241
MLS Listing,,Townhouse,Lot 3 Norfolk St #242,Holliston,MA,01746,549900,3,2.5,Holliston,1850,20000,2020,34,297,,Active,,,http://www.redfin.com/MA/Holliston/3-Norfolk-St-01746/unit-242/home/171305919,MLS PIN,72642930,N,Y,42.2011739,-71.42376
MLS Listing,,Townhouse,Lot 2 Norfolk St #230,Holliston,MA,01746,549900,3,2.5,Holliston,1850,20000,2020,34,297,,Active,,,http://www.redfin.com/MA/Holliston/2-Norfolk-St-01746/unit-230/home/171305918,MLS PIN,72642929,N,Y,42.2015266,-71.423294
MLS Listing,,Townhouse,Lot 3 Norfolk St #244,Holliston,MA,01746,549900,3,2.5,Holliston,1850,20000,2020,34,297,,Active,,,http://www.redfin.com/MA/Holliston/3-Norfolk-St-01746/unit-244/home/171305917,MLS PIN,72642928,N,Y,42.2011739,-71.42376
MLS Listing,,Townhouse,Lot 2 Norfolk #228,Holliston,MA,01746,549900,3,2.5,Holliston,1850,20000,2020,34,297,,Active,,,http://www.redfin.com/MA/Holliston/2-Norfolk-St-01746/unit-228/home/171305706,MLS PIN,72642916,N,Y,42.2015266,-71.423294
MLS Listing,,Multi-Family (5+ Unit),635 Washington St,Holliston,MA,01746,799000,5,4.0,Holliston,3811,20908,1821,35,210,,Active,,,http://www.redfin.com/MA/Holliston/635-Washington-St-01746/home/11607682,MLS PIN,72642509,N,Y,42.2043459,-71.4285913
MLS Listing,,Single Family Residential,156 Mohawk Path,Holliston,MA,01746,859900,4,4.0,Holliston Highlands,4049,26658,2014,36,212,,Active,,,http://www.redfin.com/MA/Holliston/156-Mohawk-Path-01746/home/45496932,MLS PIN,72636686,N,Y,42.230682,-71.420067
MLS Listing,,Single Family Residential,7 Liberty Ln,Holliston,MA,01746,1199900,4,4.0,Holliston,4817,21010,2020,38,249,,Active,,,http://www.redfin.com/MA/Holliston/Unknown-01746/home/164391375,MLS PIN,72641552,N,Y,42.2076,-71.4188
MLS Listing,,Single Family Residential,599 Concord St,Holliston,MA,01746,199999,0,1.0,Holliston,1200,21780,1940,41,167,,Active,,,http://www.redfin.com/MA/Holliston/599-Concord-St-01746/home/171256204,MLS PIN,72634408,N,Y,42.2307975,-71.4309452
MLS Listing,,Vacant Land,84 Chamberlain St,Holliston,MA,01746,720000,,,Holliston,,499198,,50,,,Active,,,http://www.redfin.com/MA/Holliston/84-Chamberlain-St-01746/home/144776686,MLS PIN,72637794,N,Y,42.198137,-71.4606699
MLS Listing,,Single Family Residential,14 Exchange St,Holliston,MA,01746,290000,3,2.0,Holliston,1619,3049,1951,56,179,,Active,,,http://www.redfin.com/MA/Holliston/14-Exchange-St-01746/home/11608784,MLS PIN,72636051,N,Y,42.1992878,-71.4292174
MLS Listing,,Single Family Residential,14 Timber Ledge Dr,Holliston,MA,01746,889000,4,3.5,Holliston,4345,101495,1999,56,205,83,Active,,,http://www.redfin.com/MA/Holliston/14-Timber-Ledge-Dr-01746/home/11603868,MLS PIN,72635926,N,Y,42.1803679,-71.4336933
MLS Listing,,Single Family Residential,10 Summit Pointe Lot 4,Holliston,MA,01746,1059900,4,3.5,Summit Pointe,3776,40012,2020,56,281,,Active,,,http://www.redfin.com/MA/Holliston/10-Summit-Pointe-Dr-01746/unit-4/home/171154056,MLS PIN,72635914,N,Y,42.2300294,-71.455162
MLS Listing,,Single Family Residential,665 Adams St,Holliston,MA,01746,1285000,4,3.5,Holliston,3990,335717,1996,57,322,,Active,,,http://www.redfin.com/MA/Holliston/665-Adams-St-01746/home/11602796,MLS PIN,72635115,N,Y,42.188094,-71.486408
MLS Listing,,Single Family Residential,3 Katie Way,Holliston,MA,01746,959900,4,4.5,White Pine Estates,4237,30971,2017,59,227,,Active,,,http://www.redfin.com/MA/Holliston/3-Katie-Way-01746/home/113048408,MLS PIN,72634063,N,Y,42.1870929,-71.4608449
MLS Listing,,Townhouse,67 Brooksmont Dr #16,Holliston,MA,01746,493900,2,2.0,Holliston,1510,,2018,66,327,310,Active,,,http://www.redfin.com/MA/Holliston/415-Concord-St-01746/unit-16/home/148542421,MLS PIN,72630433,N,Y,42.226131,-71.428666
MLS Listing,,Single Family Residential,195 Mohawk Path,Holliston,MA,01746,959900,4,3.0,Holliston,4766,54450,2015,66,201,,Active,,,http://www.redfin.com/MA/Holliston/195-Mohawk-Path-01746/home/76482552,MLS PIN,72630317,N,Y,42.2340301,-71.4161373
MLS Listing,,Single Family Residential,746 Norfolk St,Holliston,MA,01746,419000,3,2.5,Holliston,1386,17860,1964,67,302,,Active,,,http://www.redfin.com/MA/Holliston/746-Norfolk-St-01746/home/11605010,MLS PIN,72630193,N,Y,42.1794997,-71.4112205
MLS Listing,,Single Family Residential,265 Prentice,Holliston,MA,01746,789900,4,2.5,Holliston,3075,212847,2020,71,257,,Active,,,http://www.redfin.com/MA/Holliston/265-Prentice-St-01746/home/113048423,MLS PIN,72627689,N,Y,42.204505,-71.458645
MLS Listing,,Single Family Residential,28 PEARL St,Holliston,MA,01746,465000,3,2.0,Holliston,1512,12632,1922,71,308,,Active,May-16-2020 12:00 PM,May-16-2020 02:00 PM,http://www.redfin.com/MA/Holliston/28-Pearl-St-01746/home/11608281,MLS PIN,72627614,N,Y,42.1962694,-71.4352471
MLS Listing,,Single Family Residential,16 Brookview Rd,Holliston,MA,01746,234900,2,1.0,Holliston,1092,15246,1969,73,215,,Active,,,http://www.redfin.com/MA/Holliston/16-Brookview-Rd-01746/home/11612416,MLS PIN,72626720,N,Y,42.221805,-71.4312583
MLS Listing,,Single Family Residential,10 Anna Pl,Holliston,MA,01746,859900,4,3.5,Anna Place,4361,40075,2017,78,197,,Active,,,http://www.redfin.com/MA/Holliston/10-Anna-Pl-01746/home/76482437,MLS PIN,72624548,N,Y,42.1912178,-71.4556086
MLS Listing,,Single Family Residential,Lot 55 Hiawatha Trl,Holliston,MA,01746,999990,5,4.5,Constitution Village,3850,48000,2020,86,260,,Active,,,http://www.redfin.com/MA/Holliston/55-Hiawatha-Trl-01746/home/142992736,MLS PIN,72620787,N,Y,42.2343378,-71.4201222
MLS Listing,,Single Family Residential,35 Johnson Dr,Holliston,MA,01746,864000,4,2.5,Cedarbrook,3810,132783,2000,90,227,,Active,,,http://www.redfin.com/MA/Holliston/35-Johnson-Dr-01746/home/11603673,MLS PIN,72619654,N,Y,42.1810423,-71.4582751
MLS Listing,,Townhouse,52 Jackson Dr #52,Holliston,MA,01746,569000,2,2.5,Holliston,2255,,2017,92,252,391,Active,,,http://www.redfin.com/MA/Holliston/52-Jackson-Dr-01746/unit-52/home/170565443,MLS PIN,72618972,N,Y,42.1748499,-71.4579694
MLS Listing,,Single Family Residential,98 Winthrop,Holliston,MA,01746,348500,4,1.5,Holliston,1784,10019,1871,113,195,,Active,,,http://www.redfin.com/MA/Holliston/98-Winthrop-St-01746/home/11608995,MLS PIN,72610717,N,Y,42.1968066,-71.4248574
MLS Listing,,Townhouse,1280 Highland St #1280,Holliston,MA,01746,525000,3,2.5,Holliston,2480,40000,2020,118,212,250,Active,,,http://www.redfin.com/MA/Holliston/1280-Highland-St-01746/unit-1280/home/170326574,MLS PIN,72608967,N,Y,42.1917467,-71.4375678
MLS Listing,,Single Family Residential,228 Rolling Meadow Dr,Holliston,MA,01746,574900,4,2.5,Holliston,2900,26310,1986,161,198,,Active,,,http://www.redfin.com/MA/Holliston/228-Rolling-Meadow-Dr-01746/home/11604381,MLS PIN,72598201,N,Y,42.1797507,-71.4281042
MLS Listing,,Vacant Land,Lot 801 Fairview St,Holliston,MA,01746,255000,,,Holliston,,57064,,176,,,Active,,,http://www.redfin.com/MA/Holliston/801-Fairview-Cir-01746/home/169907027,MLS PIN,72594725,N,Y,42.1995549,-71.448983
MLS Listing,,Single Family Residential,256 Hollis St,Holliston,MA,01746,849900,4,3.5,Holliston,4200,51300,1988,227,202,,Active,,,http://www.redfin.com/MA/Holliston/256-Hollis-St-01746/home/11607163,MLS PIN,72572722,N,Y,42.2042769,-71.4387722
MLS Listing,,Condo/Co-op,16 Millstone Dr #16,Sherborn,MA,01770,799000,3,2.5,Sherborn,2700,,2019,294,296,500,Active,,,http://www.redfin.com/MA/Sherborn/16-Mill-Stone-Dr-01770/unit-16/home/144055222,MLS PIN,72540069,N,Y,42.2388275,-71.4173755
New Construction Home,,Townhouse,117 Brooksmont Dr,Holliston,MA,01746,527360,2,2.0,Brooksmont,1510,,2020,38,349,,Active,,,http://www.redfin.com/MA/Holliston/Brooksmont-Dr-01746/home/167722339,NewHomeSource.com,1860536,N,Y,42.224544,-71.429801
New Construction Plan,,Townhouse,Sorrento,Holliston,MA,01746,492995,2,2.0,Brooksmont,2160,,,,228,,Active,,,http://www.redfin.com/MA/Holliston/Brooksmont/Sorrento/home/169901157,NewHomeSource.com,Plan-121562982,N,Y,42.2249376,-71.4303841
New Construction Plan,,Townhouse,Milan,Holliston,MA,01746,504995,2,2.5,Brooksmont,2160,,,,234,,Active,,,http://www.redfin.com/MA/Holliston/Brooksmont/Milan/home/169868298,NewHomeSource.com,Plan-111538297,N,Y,42.2249091,-71.4304402
New Construction Plan,,Townhouse,Trentino,Holliston,MA,01746,503995,2,2.0,Brooksmont,1656,,,,304,,Active,,,http://www.redfin.com/MA/Holliston/Brooksmont/Trentino/home/169868299,NewHomeSource.com,Plan-111538296,N,Y,42.2249091,-71.4304402
New Construction Plan,,Townhouse,Florence,Holliston,MA,01746,473995,2,2.0,Brooksmont,1510,,,,314,,Active,,,http://www.redfin.com/MA/Holliston/Brooksmont/Florence/home/169868300,NewHomeSource.com,Plan-111538295,N,Y,42.2249091,-71.4304402
