SALE TYPE,SOLD DATE,PROPERTY TYPE,ADDRESS,CITY,STATE OR PROVINCE,ZIP OR POSTAL CODE,PRICE,BEDS,BATHS,LOCATION,SQUARE FEET,LOT SIZE,YEAR BUILT,DAYS ON MARKET,$/SQUARE FEET,HOA/MONTH,STATUS,NEXT OPEN HOUSE START TIME,NEXT OPEN HOUSE END TIME,URL (SEE http://www.redfin.com/buy-a-home/comparative-market-analysis FOR INFO ON PRICING),SOURCE,MLS#,FAVORITE,INTERESTED,LATITUDE,LONGITUDE
MLS Listing,,Multi-Family (2-4 Unit),22 Grove St,Hopkinton,MA,01748,495000,5,2.5,Hopkinton,2488,10611,1890,1,199,,Active,,,http://www.redfin.com/MA/Hopkinton/22-Grove-St-01748/home/8556046,MLS PIN,72656110,N,Y,42.2269414,-71.5217391
MLS Listing,,Single Family Residential,4 Front St,Hopkinton,MA,01748,1175000,5,5.5,Hopkinton,4660,99403,2005,1,252,,Active,,,http://www.redfin.com/MA/Hopkinton/4-Front-St-01748/home/11381157,MLS PIN,72656068,N,Y,42.2298788,-71.4855449
MLS Listing,,Single Family Residential,105 Saddle Hill Rd,Hopkinton,MA,01748,694900,4,2.5,Hopkinton,2648,64447,1995,1,262,,Active,,,http://www.redfin.com/MA/Hopkinton/105-Saddle-Hill-Rd-01748/home/8539243,MLS PIN,72656041,N,Y,42.2462497,-71.5499081
MLS Listing,,Single Family Residential,174 Lumber St,Hopkinton,MA,01748,899900,4,3.5,Hopkinton,5465,45324,1996,1,165,,Active,,,http://www.redfin.com/MA/Hopkinton/174-Lumber-St-01748/home/8551972,MLS PIN,72655607,N,Y,42.1971684,-71.5301321
MLS Listing,,Single Family Residential,107 Saddle Hill Rd,Hopkinton,MA,01748,829900,5,3.0,Hopkinton,4400,62570,1995,1,189,,Active,,,http://www.redfin.com/MA/Hopkinton/107-Saddle-Hill-Rd-01748/home/8539251,MLS PIN,72655549,N,Y,42.2467276,-71.5500936
MLS Listing,,Single Family Residential,47 Oakhurst Rd,Hopkinton,MA,01748,525000,2,1.0,Hopkinton,768,7562,1965,1,684,,Active,May-16-2020 12:00 PM,May-16-2020 02:00 PM,http://www.redfin.com/MA/Hopkinton/47-Oakhurst-Rd-01748/home/8551441,MLS PIN,72655520,N,Y,42.2004323,-71.5589379
MLS Listing,,Single Family Residential,28 Alexander Rd,Hopkinton,MA,01748,639900,3,2.5,Charlesview Estates,2178,40811,1983,4,294,,Active,,,http://www.redfin.com/MA/Hopkinton/28-Alexander-Rd-01748/home/8552452,MLS PIN,72650360,N,Y,42.2032538,-71.5272571
MLS Listing,,Single Family Residential,25 Maple St,Hopkinton,MA,01748,399900,4,2.0,Downtown,1765,19602,1865,6,227,,Active,,,http://www.redfin.com/MA/Hopkinton/25-Maple-St-01748/home/8558314,MLS PIN,72653799,N,Y,42.2235611,-71.5211362
MLS Listing,,Single Family Residential,32 Ash St,Hopkinton,MA,01748,439000,3,2.0,Hopkinton,1467,15433,1890,13,299,,Active,,,http://www.redfin.com/MA/Hopkinton/32-Ash-St-01748/home/8556226,MLS PIN,72650436,N,Y,42.2270095,-71.5149177
MLS Listing,,Single Family Residential,5 Hunters Ridge Way,Hopkinton,MA,01748,1150000,4,3.5,Hunters Ridge,4504,25339,2017,14,255,,Active,,,http://www.redfin.com/MA/Hopkinton/5-Hunters-Ridge-Way-01748/home/76486999,MLS PIN,72649320,N,Y,42.2041349,-71.4908729
MLS Listing,,Condo/Co-op,1 Cranberry Cir #1,Upton,MA,01568,659000,2,3.5,Upton,3724,,2015,22,177,399,Active,,,http://www.redfin.com/MA/Upton/1-Cranberry-Cir-01568/unit-1/home/171396502,MLS PIN,72646642,N,Y,42.1923664,-71.5722595
MLS Listing,,Single Family Residential,42 W Elm St,Hopkinton,MA,01748,997500,4,2.5,Hopkinton,3126,343252,2020,24,319,,Active,,,http://www.redfin.com/MA/Hopkinton/42-W-Elm-St-01748/home/55283846,MLS PIN,72645615,N,Y,42.208024,-71.561562
MLS Listing,,Single Family Residential,15 Greystone Ln,Hopkinton,MA,01748,859900,4,3.5,Greystone Lane,4000,53479,1998,28,215,,Active,,,http://www.redfin.com/MA/Hopkinton/15-Greystone-Ln-01748/home/8552876,MLS PIN,72644707,N,Y,42.2001373,-71.5233157
MLS Listing,,Single Family Residential,1 Lakeview Path,Hopkinton,MA,01748,1150000,4,3.5,Hopkinton,4200,48578,2017,35,274,,Active,,,http://www.redfin.com/MA/Hopkinton/Unknown-01748/home/76487335,MLS PIN,72642590,N,Y,42.234101,-71.595658
MLS Listing,,Townhouse,47 Magnolia Dr #347,Hopkinton,MA,01748,572235,2,2.5,Hayden Row,1805,,2020,41,317,286,Active,,,http://www.redfin.com/MA/Hopkinton/47-Magnolia-DR-01748/unit-347/home/171258536,MLS PIN,72640768,N,Y,42.2254318,-71.5486562
MLS Listing,,Townhouse,45 Magnolia Dr #348,Hopkinton,MA,01748,622885,2,2.5,Hayden Row,1873,,2020,41,333,286,Active,,,http://www.redfin.com/MA/Hopkinton/45-Magnolia-DR-01748/unit-348/home/171258297,MLS PIN,72640745,N,Y,42.2254318,-71.5486562
MLS Listing,,Townhouse,12 Holly Trl #401,Hopkinton,MA,01748,615255,2,2.5,Hayden Row,1873,,2020,41,328,286,Active,,,http://www.redfin.com/MA/Hopkinton/12-Holly-TRL-01748/unit-401/home/171258162,MLS PIN,72640733,N,Y,42.2254318,-71.5486562
MLS Listing,,Single Family Residential,30 Cherry Ln #419,Hopkinton,MA,01748,707710,3,2.5,Hopkinton,2406,,2020,41,294,236,Active,,,http://www.redfin.com/MA/Hopkinton/30-Cherry-LN-01748/unit-419/home/171257646,MLS PIN,72640700,N,Y,42.2254318,-71.5486562
MLS Listing,,Single Family Residential,39 Connelly Hill Rd,Hopkinton,MA,01748,1249000,4,4.5,Connelly Hill Estates,5500,45002,2006,43,227,,Active,,,http://www.redfin.com/MA/Hopkinton/39-Connelly-Hill-Rd-01748/home/8560751,MLS PIN,72639901,N,Y,42.1986822,-71.4964198
MLS Listing,,Single Family Residential,5 Yale Rd,Hopkinton,MA,01748,449900,4,2.0,Hopkinton,1533,21641,1988,43,293,,Active,,,http://www.redfin.com/MA/Hopkinton/5-Yale-Rd-01748/home/8542395,MLS PIN,72639847,N,Y,42.1953554,-71.5528987
MLS Listing,,Single Family Residential,6 W Main St,Hopkinton,MA,01748,234900,3,1.0,Hopkinton,1300,9692,1865,47,181,,Active,,,http://www.redfin.com/MA/Hopkinton/6-W-Main-St-01748/home/8556813,MLS PIN,72638743,N,Y,42.2245133,-71.5309551
MLS Listing,,Single Family Residential,32 Cherry Ln #418,Hopkinton,MA,01748,747025,3,2.5,Hopkinton,3013,,2020,52,248,236,Active,,,http://www.redfin.com/MA/Hopkinton/32-Cherry-LN-01748/unit-418/home/171174034,MLS PIN,72637136,N,Y,42.2254318,-71.5486562
MLS Listing,,Townhouse,15 Cole Dr #15,Hopkinton,MA,01748,500000,2,2.5,Hopkinton,2118,,2004,52,236,552,Active,,,http://www.redfin.com/MA/Hopkinton/15-Cole-Dr-01748/unit-15/home/171172709,MLS PIN,72637034,N,Y,42.1993594,-71.5342574
MLS Listing,,Single Family Residential,3 Ralph Rd,Hopkinton,MA,01748,819900,3,3.0,Hopkinton,3487,61001,1997,56,235,,Active,,,http://www.redfin.com/MA/Hopkinton/3-Ralph-Rd-01748/home/8540638,MLS PIN,72636012,N,Y,42.2389963,-71.5861651
MLS Listing,,Single Family Residential,8 Smith Rd,Hopkinton,MA,01748,949900,4,2.5,Springwood Estates,4501,49998,1999,57,211,,Active,,,http://www.redfin.com/MA/Hopkinton/8-Smith-Rd-01748/home/8536014,MLS PIN,72635368,N,Y,42.2061987,-71.4976719
MLS Listing,,Single Family Residential,145 Fruit St,Hopkinton,MA,01748,629900,4,2.5,Hopkinton,2425,68668,1800,59,260,,Active,,,http://www.redfin.com/MA/Hopkinton/145-Fruit-St-01748/home/8537444,MLS PIN,72634280,N,Y,42.2580569,-71.5690803
MLS Listing,,Single Family Residential,203 Hayden Rowe St,Hopkinton,MA,01748,344900,4,1.0,Hopkinton,1428,11138,1860,59,242,,Active,,,http://www.redfin.com/MA/Hopkinton/203-Hayden-Rowe-St-01748/home/8560135,MLS PIN,72634080,N,Y,42.2034487,-71.5098216
MLS Listing,,Single Family Residential,5 Eastview Rd,Hopkinton,MA,01748,725000,5,4.5,Hopkinton,3520,16161,1963,60,206,,Active,,,http://www.redfin.com/MA/Hopkinton/5-Eastview-Rd-01748/home/8558823,MLS PIN,72633877,N,Y,42.2229144,-71.5147834
MLS Listing,,Single Family Residential,13 Cherry Ln #364,Hopkinton,MA,01748,743675,2,3.0,Legacy Farms North,2572,,2020,68,289,236,Active,,,http://www.redfin.com/MA/Hopkinton/13-Cherry-LN-01748/unit-364/home/171034556,MLS PIN,72629966,N,Y,42.2254318,-71.5486562
MLS Listing,,Single Family Residential,28 Elizabeth Rd,Hopkinton,MA,01748,1175000,4,4.0,Forestside Estates,4408,53897,1996,72,267,,Active,,,http://www.redfin.com/MA/Hopkinton/28-Elizabeth-Rd-01748/home/8550372,MLS PIN,72626941,N,Y,42.2059294,-71.5792107
MLS Listing,,Townhouse,6 N Pond Way #22,Hopkinton,MA,01748,644900,2,2.5,Hopkinton,2170,,2020,73,297,360,Active,May-16-2020 12:00 PM,May-16-2020 03:00 PM,http://www.redfin.com/MA/Hopkinton/6-N-Pond-Way-01748/unit-22/home/170935516,MLS PIN,72626496,N,Y,42.214981,-71.5563548
MLS Listing,,Single Family Residential,26 Connelly Hill Rd,Hopkinton,MA,01748,1285000,4,4.5,Connelly Hill Estates,5544,45000,2016,77,232,,Active,,,http://www.redfin.com/MA/Hopkinton/26-Connelly-Hill-Rd-01748/home/76487322,MLS PIN,72625373,N,Y,42.1960349,-71.4977646
MLS Listing,,Townhouse,15 Forest Ln #15,Hopkinton,MA,01748,529900,2,2.5,Hopkinton,2300,,1987,77,230,460,Active,,,http://www.redfin.com/MA/Hopkinton/15-Forest-Ln-01748/unit-15/home/77521881,MLS PIN,72625353,N,Y,42.2622963,-71.5287132
MLS Listing,,Single Family Residential,3 Echo Brook Ln,Hopkinton,MA,01748,1150000,4,4.5,Hopkinton,4011,45000,2019,78,287,,Active,,,http://www.redfin.com/MA/Hopkinton/3-Echo-Brook-Ln-01748/home/170592987,MLS PIN,72624743,N,Y,42.198931,-71.525601
MLS Listing,,Single Family Residential,8 Meserve,Hopkinton,MA,01748,389900,3,1.0,Hopkinton,1301,15198,1954,79,300,,Active,,,http://www.redfin.com/MA/Hopkinton/8-Meserve-St-01748/home/8555054,MLS PIN,72623966,N,Y,42.2263511,-71.529622
MLS Listing,,Single Family Residential,34 Priscilla Rd,Hopkinton,MA,01748,249900,3,2.5,Hopkinton,960,16919,1962,85,260,,Active,,,http://www.redfin.com/MA/Hopkinton/34-Priscilla-Rd-01748/home/8546918,MLS PIN,72621355,N,Y,42.2078957,-71.5576745
MLS Listing,,Single Family Residential,253 Wood St,Hopkinton,MA,01748,475000,3,1.5,Hopkinton,1926,97766,1850,88,247,,Active,,,http://www.redfin.com/MA/Hopkinton/253-Wood-St-01748/home/8540923,MLS PIN,72620177,N,Y,42.2390379,-71.5659102
MLS Listing,,Single Family Residential,180 Hayden Rowe St,Hopkinton,MA,01748,799900,4,4.0,Hayden Row,3200,40119,1800,94,250,,Active,,,http://www.redfin.com/MA/Hopkinton/180-Hayden-Rowe-St-01748/home/11381127,MLS PIN,72617583,N,Y,42.206386,-71.5117592
MLS Listing,,Single Family Residential,Lot 10 Foxhollow Rd,Hopkinton,MA,01748,1499000,5,4.5,Hopkinton,4349,38332,2020,97,345,,Active,,,http://www.redfin.com/MA/Hopkinton/10-Fox-Hollow-Rd-01748/home/113391094,MLS PIN,72617133,N,Y,42.2137219,-71.5868105
MLS Listing,,Single Family Residential,26 Falcon Ridge Dr,Hopkinton,MA,01748,942500,4,4.5,Timber Glen,5278,91563,1999,101,179,,Active,,,http://www.redfin.com/MA/Hopkinton/26-Falcon-Ridge-Dr-01748/home/11604716,MLS PIN,72615091,N,Y,42.2175763,-71.5941393
MLS Listing,,Single Family Residential,5 Appaloosa Cir,Hopkinton,MA,01748,699000,4,2.5,Hopkinton,3268,69147,1992,110,214,,Active,May-17-2020 01:00 PM,May-17-2020 03:00 PM,http://www.redfin.com/MA/Hopkinton/5-Appaloosa-Cir-01748/home/8553766,MLS PIN,72611941,N,Y,42.2360613,-71.5499313
MLS Listing,,Vacant Land,2 Leon's Way Lot 5,Hopkinton,MA,01748,335000,,,Hopkinton,,64268,,117,,,Active,,,http://www.redfin.com/MA/Hopkinton/2-Leon-s-Way-01748/unit-5/home/170352762,MLS PIN,72609464,N,Y,42.2389063,-71.5447304
MLS Listing,,Vacant Land,0 Hayden Rowe,Hopkinton,MA,01748,1300000,,,Hopkinton,,1393920,,129,,,Active,,,http://www.redfin.com/MA/HOPKINTON/HAYDEN-ROWE-ST-01748/home/8560109,MLS PIN,72605029,N,Y,42.203316,-71.50866
MLS Listing,,Condo/Co-op,5 Clubhouse Ln #5,Hopkinton,MA,01748,619000,2,2.5,Hopkinton,2279,,,157,272,390,Active,,,http://www.redfin.com/MA/Hopkinton/5-Clubhouse-LN-01748/unit-5/home/170037148,MLS PIN,72599153,N,Y,42.2254318,-71.5486562
MLS Listing,,Single Family Residential,5 Clubhouse Ln,Hopkinton,MA,01748,619000,2,2.5,Hopkinton,2279,,,157,272,390,Active,,,http://www.redfin.com/MA/Hopkinton/5-Clubhouse-LN-01748/home/170037138,MLS PIN,72599147,N,Y,42.2254318,-71.5486562
MLS Listing,,Single Family Residential,5 Weston Ln,Hopkinton,MA,01748,669000,2,2.5,Hopkinton,2279,,2020,162,294,425,Active,,,http://www.redfin.com/MA/Hopkinton/5-Weston-LN-01748/home/170011126,MLS PIN,72598025,N,Y,42.2254318,-71.5486562
MLS Listing,,Vacant Land,85 Downey St,Hopkinton,MA,01748,165000,,,Hopkinton,,10019,,214,,,Active,,,http://www.redfin.com/MA/Hopkinton/85-Downey-St-01748/home/76487162,MLS PIN,72579355,N,Y,42.201987,-71.550575
MLS Listing,,Townhouse,32 Lakepoint Way #16,Hopkinton,MA,01748,699900,2,2.5,Hopkinton,2235,,2019,223,313,386,Active,May-16-2020 12:00 PM,May-16-2020 03:00 PM,http://www.redfin.com/MA/Hopkinton/32-Lakepoint-Way-01748/unit-16/home/166860808,MLS PIN,72575433,N,Y,42.2132563,-71.5532304
MLS Listing,,Single Family Residential,11 Saddle Hill Rd,Hopkinton,MA,01748,500000,3,2.0,Hopkinton,1863,87007,1968,225,268,,Active,,,http://www.redfin.com/MA/Hopkinton/11-Saddle-Hill-Rd-01748/home/8553706,MLS PIN,72573629,N,Y,42.2337996,-71.5437181
MLS Listing,,Vacant Land,361 PURCHASE St,Milford,MA,01757,199900,,,Milford,,326700,,240,,,Active,,,http://www.redfin.com/MA/Milford/361-Purchase-St-01757/home/169086940,MLS PIN,72565963,N,Y,42.189464,-71.538781
MLS Listing,,Townhouse,1 Northpond Way #30,Hopkinton,MA,01748,707900,2,2.5,Hopkinton,2584,,2019,277,274,392,Active,May-16-2020 12:00 PM,May-16-2020 03:00 PM,http://www.redfin.com/MA/Hopkinton/1-N-Pond-Way-01748/unit-30/home/104426262,MLS PIN,72548178,N,Y,42.2136337,-71.5557588
MLS Listing,,Vacant Land,44 Stoney Brook Rd,Hopkinton,MA,01748,275000,,,Hopkinton,,47223,,299,,,Active,,,http://www.redfin.com/MA/Hopkinton/44-Stoney-Brook-Rd-01748/home/76487025,MLS PIN,72537622,N,Y,42.2605625,-71.5445241
MLS Listing,,Single Family Residential,20 Saddle Hill Rd,Hopkinton,MA,01748,1295000,4,4.5,Hopkinton,4360,139827,2019,363,297,,Active,,,http://www.redfin.com/MA/Hopkinton/20-Saddle-Hill-Rd-01748/home/170592988,MLS PIN,72502811,N,Y,42.2325785,-71.5421399
MLS Listing,,Single Family Residential,16 Saddle Hill Rd,Hopkinton,MA,01748,1295000,4,4.5,Hopkinton,4360,139827,2019,363,297,,Active,,,http://www.redfin.com/MA/Hopkinton/16-Saddle-Hill-Rd-01748/home/170592992,MLS PIN,72502810,N,Y,42.2325785,-71.5421399
MLS Listing,,Vacant Land,Lot 9 Wescott Dr Lot 9,Hopkinton,MA,01748,500000,,,Hopkinton,,76130,,542,,,Active,,,http://www.redfin.com/MA/Hopkinton/9-Wescott-Dr-01748/unit-9/home/160564685,MLS PIN,72425503,N,Y,42.2210386,-71.5822514
MLS Listing,,Vacant Land,34 Stoney Brook Rd,Hopkinton,MA,01748,330000,,,Hopkinton,,49713,,814,,,Active,,,http://www.redfin.com/MA/Hopkinton/34-Stoney-Brook-Rd-01748/home/76487030,MLS PIN,72283756,N,Y,42.2588877,-71.5469476
New Construction Plan,,Single Family Residential,Continental,Hopkinton,MA,01748,699995,2,2.5,Legacy Farms,3013,,,,232,,Active,,,http://www.redfin.com/MA/Hopkinton/Legacy-Farms/Continental/home/146434475,NewHomeSource.com,Plan-121538323,N,Y,42.2467329,-71.5039473
New Construction Plan,,Single Family Residential,Mercer,Hopkinton,MA,01748,673995,2,2.5,Legacy Farms,2516,,,,268,,Active,,,http://www.redfin.com/MA/Hopkinton/Legacy-Farms/Mercer/home/144284503,NewHomeSource.com,Plan-121538321,N,Y,42.2457645,-71.504638
New Construction Plan,,Single Family Residential,Laurel,Hopkinton,MA,01748,648995,2,2.5,Legacy Farms,2504,,,,259,,Active,,,http://www.redfin.com/MA/Hopkinton/Legacy-Farms/Laurel/home/144284510,NewHomeSource.com,Plan-121538320,N,Y,42.2457645,-71.504638
New Construction Plan,,Townhouse,Cabernet,Hopkinton,MA,01748,611995,2,2.5,Legacy Farms,1740,,,,352,,Active,,,http://www.redfin.com/MA/Hopkinton/Legacy-Farms/Cabernet/home/144724358,NewHomeSource.com,Plan-111538317,N,Y,42.2457645,-71.504638
New Construction Plan,,Single Family Residential,Abbeyville,Hopkinton,MA,01748,603995,2,2.0,Legacy Farms,1676,,,,360,,Active,,,http://www.redfin.com/MA/Hopkinton/Legacy-Farms/Abbeyville/home/144724359,NewHomeSource.com,Plan-111538316,N,Y,42.2457645,-71.504638
New Construction Plan,,Townhouse,Jackson,Hopkinton,MA,01748,581995,2,2.5,Legacy Farms,1873,,,,311,,Active,,,http://www.redfin.com/MA/Hopkinton/Legacy-Farms/Jackson/home/144662551,NewHomeSource.com,Plan-111538315,N,Y,42.2457645,-71.504638
New Construction Plan,,Townhouse,Ashton,Hopkinton,MA,01748,557995,2,2.5,Legacy Farms,1854,,,,301,,Active,,,http://www.redfin.com/MA/Hopkinton/Legacy-Farms/Ashton/home/144284508,NewHomeSource.com,Plan-111538314,N,Y,42.2457645,-71.504638
