SALE TYPE,SOLD DATE,PROPERTY TYPE,ADDRESS,CITY,STATE OR PROVINCE,ZIP OR POSTAL CODE,PRICE,BEDS,BATHS,LOCATION,SQUARE FEET,LOT SIZE,YEAR BUILT,DAYS ON MARKET,$/SQUARE FEET,HOA/MONTH,STATUS,NEXT OPEN HOUSE START TIME,NEXT OPEN HOUSE END TIME,URL (SEE http://www.redfin.com/buy-a-home/comparative-market-analysis FOR INFO ON PRICING),SOURCE,MLS#,FAVORITE,INTERESTED,LATITUDE,LONGITUDE
MLS Listing,,Single Family Residential,5 Deerfield Ln,Lakeville,MA,02347,499900,3,2.5,Lakeville,2251,80454,2011,1,222,,Active,,,http://www.redfin.com/MA/Lakeville/5-Deerfield-Ln-02347/home/21618922,MLS PIN,72655617,N,Y,41.8657507,-70.9224027
MLS Listing,,Single Family Residential,2 Apponequet Dr,Lakeville,MA,02347,559900,5,4.0,Lakeville,4075,121836,1670,1,137,,Active,,,http://www.redfin.com/MA/Lakeville/2-Apponequet-Dr-02347/home/16374850,MLS PIN,72655598,N,Y,41.8322122,-70.9492157
MLS Listing,,Single Family Residential,137 Precinct St,Lakeville,MA,02347,299900,2,1.0,Lakeville,1030,10873,1940,4,291,,Active,May-16-2020 02:00 PM,May-16-2020 05:00 PM,http://www.redfin.com/MA/Lakeville/137-Precinct-St-02347/home/16376027,MLS PIN,72654133,N,Y,41.8558224,-70.9802135
MLS Listing,,Condo/Co-op,4 Bernard's #4,Lakeville,MA,02347,419900,3,2.5,Lakeville,1805,,2020,5,233,150,Active,,,http://www.redfin.com/MA/Lakeville/4-Bernard-s-02347/unit-4/home/171565308,MLS PIN,72653944,N,Y,41.8306204,-70.9665682
MLS Listing,,Single Family Residential,14 Bunker Ln Lot 59,Lakeville,MA,02347,489000,2,2.0,The Estates at Lebaron Hills,1640,6874,2020,6,298,80,Active,,,http://www.redfin.com/MA/Lakeville/14-Bunker-LN-02347/unit-59/home/171559844,MLS PIN,72653561,N,Y,41.8306204,-70.9665682
MLS Listing,,Condo/Co-op,26 Country Club Ln #26,Lakeville,MA,02347,465000,2,2.0,Lakeville,1659,,2020,6,280,267,Active,,,http://www.redfin.com/MA/Lakeville/26-County-St-02347/unit-26/home/171559678,MLS PIN,72653528,N,Y,41.8306597,-71.006294
MLS Listing,,Single Family Residential,Lot 27 6 Putter Way,Lakeville,MA,02347,719000,2,2.5,The Estates at Lebaron Hills,2200,9272,2020,6,327,100,Active,,,http://www.redfin.com/MA/Lakeville/Lot-27-6-Putter-WAY-02347/home/171559595,MLS PIN,72653513,N,Y,41.8306204,-70.9665682
MLS Listing,,Single Family Residential,33 Nelson Shore Rd,Lakeville,MA,02347,2200000,5,5.0,"Nelson Shore waterfront, coveted location, landmark property",5232,66211,1997,7,420,,Active,,,http://www.redfin.com/MA/Lakeville/33-Nelson-Shore-Rd-02347/home/16377899,MLS PIN,72652918,N,Y,41.821292,-70.9379836
MLS Listing,,Single Family Residential,One Court Cir,Lakeville,MA,02347,675000,5,2.0,Parkhurst Estates,2455,37200,1970,7,275,67,Active,,,http://www.redfin.com/MA/Lakeville/One-Court-Cir-02347/home/171555579,MLS PIN,72652796,N,Y,41.8293379,-70.9352396
MLS Listing,,Single Family Residential,65 Taunton St,Lakeville,MA,02347,564900,4,2.5,Lakeville,2300,78276,2012,8,246,,Active,,,http://www.redfin.com/MA/Lakeville/65-Taunton-St-02347/home/16375536,MLS PIN,72652481,N,Y,41.8874345,-70.9758209
MLS Listing,,Vacant Land,2 Gillian Dr,Lakeville,MA,02347,199900,,,Lakeville,,70522,,8,,,Active,,,http://www.redfin.com/MA/Lakeville/2-Gillian-Dr-02347/home/171552484,MLS PIN,72652225,N,Y,41.8336127,-70.9794822
MLS Listing,,Single Family Residential,11 School St,Lakeville,MA,02347,375000,3,2.0,Lakeville,1248,73920,1984,8,300,,Active,,,http://www.redfin.com/MA/Lakeville/11-School-St-02347/home/16376323,MLS PIN,72652139,N,Y,41.8203587,-71.0021614
MLS Listing,,Single Family Residential,78 Pickens St,Lakeville,MA,02347,479900,3,2.0,Lakeville,2024,116609,1986,10,237,,Active,,,http://www.redfin.com/MA/Lakeville/78-Pickens-St-02347/home/16375914,MLS PIN,72650946,N,Y,41.8315777,-70.9768541
MLS Listing,,Vacant Land,178 County St,Lakeville,MA,02347,699000,,,Lakeville,,1089000,,13,,,Active,,,http://www.redfin.com/MA/Lakeville/178-County-St-02347/home/66764534,MLS PIN,72649943,N,Y,41.8028386,-70.9640783
MLS Listing,,Single Family Residential,Lot 29 2 Putter Way,Lakeville,MA,02347,549000,2,2.0,The Estates at Lebaron Hills,1780,10813,2020,14,308,80,Active,,,http://www.redfin.com/MA/Lakeville/Lot-29-2-Putter-WAY-02347/home/171476732,MLS PIN,72649598,N,Y,41.8306204,-70.9665682
MLS Listing,,Condo/Co-op,6 Bridget's Way #6,Lakeville,MA,02347,350000,3,2.5,Lakeville,1568,,2020,18,223,150,Active,,,http://www.redfin.com/MA/Lakeville/6-Bridget-s-WAY-02347/unit-6/home/171425923,MLS PIN,72647913,N,Y,41.8306204,-70.9665682
MLS Listing,,Townhouse,12 Bridget's Way #12,Lakeville,MA,02347,375000,3,2.5,Lakeville,1974,,2020,18,190,150,Active,,,http://www.redfin.com/MA/Lakeville/12-Bridget-s-WAY-02347/unit-12/home/171425912,MLS PIN,72647909,N,Y,41.8306204,-70.9665682
MLS Listing,,Single Family Residential,7 Summit St,Lakeville,MA,02347,224900,2,1.0,Clark Shores,625,4791,1956,23,360,,Active,May-16-2020 11:00 AM,May-16-2020 01:00 PM,http://www.redfin.com/MA/Lakeville/7-Summit-Ave-02347/home/16378014,MLS PIN,72645981,N,Y,41.8208598,-70.9558642
MLS Listing,,Single Family Residential,15 Precinct St,Lakeville,MA,02347,499900,6,2.5,Lakeville,3044,145359,1790,29,164,,Active,,,http://www.redfin.com/MA/Lakeville/15-Precinct-St-02347/home/16375585,MLS PIN,72644049,N,Y,41.8477021,-70.9552063
MLS Listing,,Single Family Residential,1 Mona St Unit Waterfront,Lakeville,MA,02347,479900,2,1.5,"""Lakeview Heights""",1516,7346,1945,38,317,8,Active,,,http://www.redfin.com/MA/Lakeville/1-Mona-St-02347/home/16375052,MLS PIN,72641318,N,Y,41.8008362,-70.9549354
MLS Listing,,Single Family Residential,3 Hybrid Dr Lot 2,Lakeville,MA,02347,677119,3,2.5,Lebaron Hills,2662,13609,2018,44,254,100,Active,,,http://www.redfin.com/MA/Lakeville/3-Hybrid-Dr-02347/unit-2/home/171235928,MLS PIN,72639411,N,Y,41.8579498,-70.9682879
MLS Listing,,Single Family Residential,11 Central Ave,Lakeville,MA,02347,169900,2,1.0,Clark Shores,894,5000,1956,48,190,,Active,,,http://www.redfin.com/MA/Lakeville/11-Central-Ave-02347/home/16374798,MLS PIN,72638404,N,Y,41.8182632,-70.954053
MLS Listing,,Single Family Residential,14 HYBRID Dr,Lakeville,MA,02347,539900,3,2.5,Lakeville,2000,8137,2018,50,270,100,Active,,,http://www.redfin.com/MA/Lakeville/14-Hybrid-Dr-02347/home/167710631,MLS PIN,72628984,N,Y,41.8579498,-70.9682879
MLS Listing,,Single Family Residential,10 Cottage Ln,Lakeville,MA,02347,389900,1,1.0,Lakeville,947,15832,1935,73,412,,Active,,,http://www.redfin.com/MA/Lakeville/10-Cottage-Ln-02347/home/16377743,MLS PIN,72626693,N,Y,41.7934312,-70.9323849
MLS Listing,,Vacant Land,Lot 6 Rhode Island Rd,Lakeville,MA,02347,150000,,,Lakeville,,70131,,73,,,Active,,,http://www.redfin.com/MA/Lakeville/6-Rhode-Island-Rd-02347/home/169893196,MLS PIN,72626485,N,Y,41.8807247,-70.9233575
MLS Listing,,Vacant Land,18 School St,Lakeville,MA,02347,169900,,,Lakeville,,70131,,76,,,Active,,,http://www.redfin.com/MA/Lakeville/18-School-St-02347/home/170685883,MLS PIN,72625603,N,Y,41.8201731,-71.0041139
MLS Listing,,Single Family Residential,29 Hybrid Dr Lot 19,Lakeville,MA,02347,589000,2,2.0,The Estates at Lebaron Hills,1950,10075,2020,87,302,100,Active,,,http://www.redfin.com/MA/Lakeville/29-Hybrid-Dr-02347/unit-19/home/170582954,MLS PIN,72620346,N,Y,41.858406,-70.9688684
MLS Listing,,Vacant Land,24 Montgomery,Lakeville,MA,02347,299999,,,Lakeville,,261360,,90,,,Active,,,http://www.redfin.com/MA/Lakeville/24-Montgomery-St-02347/home/16375761,MLS PIN,72619726,N,Y,41.8493709,-70.9786166
MLS Listing,,Single Family Residential,79 Howland Rd,Lakeville,MA,02347,459900,3,2.5,Lakeville,1830,83504,1994,97,251,,Active,,,http://www.redfin.com/MA/Lakeville/79-Howland-Rd-02347/home/16376074,MLS PIN,72617139,N,Y,41.796085,-70.9924102
MLS Listing,,Single Family Residential,13 Woodland Dr,Lakeville,MA,02347,190000,1,1.0,Lakeville,560,8100,1954,115,339,17,Active,,,http://www.redfin.com/MA/Lakeville/13-Woodland-Dr-02347/home/16375348,MLS PIN,72609977,N,Y,41.7993027,-70.9555514
MLS Listing,,Single Family Residential,Lot 001 Equestrian Way,Lakeville,MA,02347,579900,3,2.5,Lakeville,2232,74347,2020,125,260,,Active,,,http://www.redfin.com/MA/Lakeville/Lot-001-Equestrian-WAY-02347/home/170264430,MLS PIN,72606559,N,Y,41.8306204,-70.9665682
MLS Listing,,Vacant Land,9 Cross St,Lakeville,MA,02347,200000,,,Lakeville,,546837,,129,,,Active,,,http://www.redfin.com/MA/Lakeville/9-Cross-St-02347/home/170220880,MLS PIN,72605007,N,Y,41.8886759,-70.974615
MLS Listing,,Vacant Land,5 Cross St,Lakeville,MA,02347,170000,,,Lakeville,,76431,,129,,,Active,,,http://www.redfin.com/MA/Lakeville/5-Cross-St-02347/home/170220879,MLS PIN,72605004,N,Y,41.8881096,-70.9746234
MLS Listing,,Single Family Residential,4 Ironwood Ln Lot 9,Lakeville,MA,02347,587807,3,2.5,Lebaron Hills,2662,13503,2019,131,221,100,Active,,,http://www.redfin.com/MA/Lakeville/4-Ironwood-LN-02347/unit-9/home/166813714,MLS PIN,72604399,N,Y,41.8306204,-70.9665682
MLS Listing,,Single Family Residential,162 Bedford St,Lakeville,MA,02347,377000,4,1.5,Lakeville,1804,1088869,1935,162,209,,Active,,,http://www.redfin.com/MA/Lakeville/162-Bedford-St-02347/home/16375287,MLS PIN,72598014,N,Y,41.8705869,-70.9560827
MLS Listing,,Vacant Land,0 Precinct St,Middleboro,MA,02347,895000,,,Middleboro,,424560,,205,,,Active,,,http://www.redfin.com/MA/Lakeville/Precinct-St-02347/home/17543610,MLS PIN,72583289,N,Y,41.8521946,-70.9639043
MLS Listing,,Single Family Residential,31 Old Powder House Rd,Lakeville,MA,02347,449700,4,2.5,Heritage Hill (Back Nine Golf Course),2160,30210,1974,208,208,,Active,,,http://www.redfin.com/MA/Lakeville/31-Old-Powder-House-Rd-02347/home/16375569,MLS PIN,72582345,N,Y,41.8418878,-70.9520445
MLS Listing,,Single Family Residential,3 Katies Way,Lakeville,MA,02347,729900,4,2.5,Katies Way,3127,80890,1999,218,233,,Active,,,http://www.redfin.com/MA/Lakeville/3-Katie-s-Way-02347/home/16376664,MLS PIN,72566866,N,Y,41.8357342,-70.9764386
MLS Listing,,Single Family Residential,23 Pickens St,Lakeville,MA,02347,650000,4,3.0,PRIVATE RETREAT!!,3629,95700,1983,231,179,,Active,,,http://www.redfin.com/MA/Lakeville/23-Pickens-St-02347/home/16375259,MLS PIN,72571017,N,Y,41.840912,-70.9580932
MLS Listing,,Single Family Residential,14 School St Unit NEW,Lakeville,MA,02347,569900,3,2.0,Lakeville,1967,70010,2020,251,290,,Active,,,http://www.redfin.com/MA/Lakeville/14-School-St-02347/unit-NEW/home/168930117,MLS PIN,72560495,N,Y,41.8219685,-71.0016129
MLS Listing,,Single Family Residential,409 Bedford,Lakeville,MA,02347,615000,3,3.5,Lakeville,3561,83635,1959,273,173,,Active,,,http://www.redfin.com/MA/Lakeville/409-Bedford-St-02347/home/16376947,MLS PIN,72550685,N,Y,41.8241309,-70.9275005
MLS Listing,,Single Family Residential,Lot 2 Equestrian Way,Lakeville,MA,02347,779900,4,2.5,Lakeville,2975,169984,2020,416,262,,Active,,,http://www.redfin.com/MA/Lakeville/Lot-2-Equestrian-WAY-02347/home/160755976,MLS PIN,72470409,N,Y,41.8306204,-70.9665682
MLS Listing,,Single Family Residential,130 Crooked Ln,Lakeville,MA,02347,609000,4,2.5,Lakeville,2992,70131,2019,426,204,,Active,,,http://www.redfin.com/MA/Lakeville/130-Crooked-Ln-02347/home/167093789,MLS PIN,72465830,N,Y,41.8626285,-70.9557781
MLS Listing,,Single Family Residential,128 Crooked Ln,Lakeville,MA,02347,609000,4,2.5,Lakeville,2992,70131,2019,426,204,,Active,,,http://www.redfin.com/MA/Lakeville/128-Crooked-Ln-02347/home/167093788,MLS PIN,72465827,N,Y,41.8625616,-70.9554675
MLS Listing,,Vacant Land,Lot 3 Equestrian Way,Lakeville,MA,02347,199900,,,Lakeville,,328354,,449,,,Active,,,http://www.redfin.com/MA/Lakeville/Lot-3-Equestrian-Way-02347/home/160500660,MLS PIN,72454947,N,Y,41.8306204,-70.9665682
MLS Listing,,Single Family Residential,11 Helen St,Lakeville,MA,02347,149900,2,1.0,Clark Shores,1424,5000,1955,771,105,17,Active,,,http://www.redfin.com/MA/Lakeville/11-Helen-St-02347/home/16377980,MLS PIN,72303192,N,Y,41.820851,-70.9553611
New Construction Home,,Single Family Residential,3 Hybrid Dr,Lakeville,MA,02347,677119,3,2.5,The Estates at Lebaron Hills,2662,,2020,54,254,,Active,,,http://www.redfin.com/MA/Lakeville/3-Hybrid-Dr-02347/home/167710507,NewHomeSource.com,1852329,N,Y,41.864272,-70.965996
New Construction Home,,Single Family Residential,3 Ironwood Ln,Lakeville,MA,02347,566300,3,2.5,The Estates at Lebaron Hills,2000,,2020,70,283,,Active,,,http://www.redfin.com/MA/Lakeville/Ironwood-Ln-02347/home/167710510,NewHomeSource.com,1835538,N,Y,41.864272,-70.965996
New Construction Home,,Single Family Residential,4 Ironwood Ln,Lakeville,MA,02347,607807,3,2.5,The Estates at Lebaron Hills,2662,,2019,327,228,,Active,,,http://www.redfin.com/MA/Lakeville/Ironwood-Ln-02347/home/167710516,NewHomeSource.com,1669318,N,Y,41.864272,-70.965996
New Construction Plan,,Single Family Residential,The Ashland,Lakeville,MA,02347,476000,3,2.5,The Estates at Lebaron Hills,1870,,,,255,,Active,,,http://www.redfin.com/MA/Lakeville/The-Estates-at-Lebaron-Hills/The-Ashland/home/160498198,NewHomeSource.com,Plan-121577184,N,Y,41.864272,-70.965996
New Construction Plan,,Single Family Residential,The Belmont,Lakeville,MA,02347,479000,2,2.0,The Estates at Lebaron Hills,1500,,,,319,,Active,,,http://www.redfin.com/MA/Lakeville/The-Estates-at-Lebaron-Hills/The-Belmont/home/160674920,NewHomeSource.com,Plan-121613374,N,Y,41.864272,-70.965996
New Construction Plan,,Single Family Residential,The Andover,Lakeville,MA,02347,464000,3,2.5,The Estates at Lebaron Hills,1682,,,,276,,Active,,,http://www.redfin.com/MA/Lakeville/The-Estates-at-Lebaron-Hills/The-Andover/home/145548382,NewHomeSource.com,Plan-121613372,N,Y,41.864272,-70.965996
New Construction Plan,,Single Family Residential,The Broadway,Lakeville,MA,02347,495000,2,2.0,The Estates at Lebaron Hills,1665,,,,297,,Active,,,http://www.redfin.com/MA/Lakeville/The-Estates-at-Lebaron-Hills/The-Broadway/home/169149345,NewHomeSource.com,Plan-121710601,N,Y,41.864272,-70.965996
New Construction Plan,,Single Family Residential,The Dartmouth,Lakeville,MA,02347,509000,3,2.5,The Estates at Lebaron Hills,2137,,,,238,,Active,,,http://www.redfin.com/MA/Lakeville/The-Estates-at-Lebaron-Hills/The-Dartmouth/home/145301596,NewHomeSource.com,Plan-121613367,N,Y,41.864272,-70.965996
New Construction Plan,,Single Family Residential,The Dalton Grand,Lakeville,MA,02347,524000,3,2.5,The Estates at Lebaron Hills,2340,,,,224,,Active,,,http://www.redfin.com/MA/Lakeville/The-Estates-at-Lebaron-Hills/The-Dalton-Grand/home/145310754,NewHomeSource.com,Plan-121710596,N,Y,41.864272,-70.965996
New Construction Plan,,Single Family Residential,The Charles,Lakeville,MA,02347,489000,3,2.5,The Estates at Lebaron Hills,1944,,,,252,,Active,,,http://www.redfin.com/MA/Lakeville/The-Estates-at-Lebaron-Hills/The-Charles/home/145310755,NewHomeSource.com,Plan-121614133,N,Y,41.864272,-70.965996
New Construction Plan,,Single Family Residential,The Belvidere,Lakeville,MA,02347,609000,3,2.5,The Estates at Lebaron Hills,2571,,,,237,,Active,,,http://www.redfin.com/MA/Lakeville/The-Estates-at-Lebaron-Hills/The-Belvidere/home/160616765,NewHomeSource.com,Plan-111611188,N,Y,41.864272,-70.965996
New Construction Plan,,Single Family Residential,The Deerfield,Lakeville,MA,02347,524000,2,2.5,The Estates at Lebaron Hills,1866,,,,281,,Active,,,http://www.redfin.com/MA/Lakeville/The-Estates-at-Lebaron-Hills/The-Deerfield/home/160674919,NewHomeSource.com,Plan-111614184,N,Y,41.864272,-70.965996
New Construction Plan,,Single Family Residential,The Fairfield,Lakeville,MA,02347,529000,3,2.5,The Estates at Lebaron Hills,2391,,,,221,,Active,,,http://www.redfin.com/MA/Lakeville/The-Estates-at-Lebaron-Hills/The-Fairfield/home/145306628,NewHomeSource.com,Plan-111778257,N,Y,41.864272,-70.965996
New Construction Plan,,Single Family Residential,The Clarendon,Lakeville,MA,02347,509000,3,2.5,The Estates at Lebaron Hills,2000,,,,255,,Active,,,http://www.redfin.com/MA/Lakeville/The-Estates-at-Lebaron-Hills/The-Clarendon/home/145310757,NewHomeSource.com,Plan-111488670,N,Y,41.864272,-70.965996
New Construction Plan,,Single Family Residential,The Beacon,Lakeville,MA,02347,489000,2,2.0,The Estates at Lebaron Hills,1661,,,,294,,Active,,,http://www.redfin.com/MA/Lakeville/The-Estates-at-Lebaron-Hills/The-Beacon/home/145310758,NewHomeSource.com,Plan-111488669,N,Y,41.864272,-70.965996
New Construction Plan,,Single Family Residential,The Exeter,Lakeville,MA,02347,564000,3,2.5,The Estates at Lebaron Hills,2662,,,,212,,Active,,,http://www.redfin.com/MA/Lakeville/The-Estates-at-Lebaron-Hills/The-Exeter/home/145310759,NewHomeSource.com,Plan-111488668,N,Y,41.864272,-70.965996
New Construction Plan,,Single Family Residential,The Berkley,Lakeville,MA,02347,489000,3,2.5,The Estates at Lebaron Hills,1880,,,,260,,Active,,,http://www.redfin.com/MA/Lakeville/The-Estates-at-Lebaron-Hills/The-Berkley/home/145310753,NewHomeSource.com,Plan-111488667,N,Y,41.864272,-70.965996
New Construction Plan,,Single Family Residential,The Newport,Lakeville,MA,02347,509000,2,2.0,The Estates at Lebaron Hills,1720,,,,296,,Active,,,http://www.redfin.com/MA/Lakeville/The-Estates-at-Lebaron-Hills/The-Newport/home/160498196,NewHomeSource.com,Plan-111608076,N,Y,41.864272,-70.965996
