SALE TYPE,SOLD DATE,PROPERTY TYPE,ADDRESS,CITY,STATE OR PROVINCE,ZIP OR POSTAL CODE,PRICE,BEDS,BATHS,LOCATION,SQUARE FEET,LOT SIZE,YEAR BUILT,DAYS ON MARKET,$/SQUARE FEET,HOA/MONTH,STATUS,NEXT OPEN HOUSE START TIME,NEXT OPEN HOUSE END TIME,URL (SEE http://www.redfin.com/buy-a-home/comparative-market-analysis FOR INFO ON PRICING),SOURCE,MLS#,FAVORITE,INTERESTED,LATITUDE,LONGITUDE
MLS Listing,,Single Family Residential,61 Woburn St,Lexington,MA,02420,1580000,5,4.5,Lexington,4085,6969,2014,1,387,,Active,May-16-2020 12:00 PM,May-16-2020 03:00 PM,http://www.redfin.com/MA/Lexington/61-Woburn-St-02420/home/8565479,MLS PIN,72656067,N,Y,42.4463207,-71.2177646
MLS Listing,,Single Family Residential,8 Partridge Rd,Lexington,MA,02420,998000,5,3.0,Turning Mill,2488,30871,1961,1,401,,Active,,,http://www.redfin.com/MA/Lexington/8-Partridge-Rd-02420/home/8583557,MLS PIN,72656029,N,Y,42.4760083,-71.2284179
MLS Listing,,Single Family Residential,26 Cliffe Ave,Lexington,MA,02420,699900,3,2.0,East Lexington,1408,6300,1910,1,497,,Active,,,http://www.redfin.com/MA/Lexington/26-Cliffe-Ave-02420/home/8549509,MLS PIN,72650712,N,Y,42.4279657,-71.1949564
MLS Listing,,Single Family Residential,6 Jefferson Dr #6,Lexington,MA,02421,1625000,4,4.5,Jefferson Drive at LIBERTY RIDGE,4097,,2020,1,397,509,Active,,,http://www.redfin.com/MA/Lexington/6-Jefferson-DR-02421/unit-6/home/160743084,MLS PIN,72655953,N,Y,42.4286907,-71.2280234
MLS Listing,,Single Family Residential,25 Thoreau Rd,Lexington,MA,02420,1399900,4,2.5,Burnham Farms,3000,42197,1960,1,467,,Active,,,http://www.redfin.com/MA/Lexington/25-Thoreau-Rd-02420/home/8576877,MLS PIN,72655863,N,Y,42.4623422,-71.2079051
MLS Listing,,Single Family Residential,11 Holland St,Lexington,MA,02421,869000,4,1.5,Lexington,1952,4500,1976,1,445,,Active,,,http://www.redfin.com/MA/Lexington/11-Holland-St-02421/home/11381322,MLS PIN,72655741,N,Y,42.4256592,-71.2003285
MLS Listing,,Single Family Residential,11 S Rindge Ave,Lexington,MA,02420,1168000,4,2.5,Lexington,2812,15936,1985,1,415,,Active,,,http://www.redfin.com/MA/Lexington/11-S-Rindge-Ave-02420/home/8546633,MLS PIN,72655613,N,Y,42.4274012,-71.1918468
MLS Listing,,Single Family Residential,12 Green Ln,Lexington,MA,02421,1150000,4,2.0,Lexington,3526,18985,1958,1,326,,Active,,,http://www.redfin.com/MA/Lexington/12-Green-Ln-02421/home/8542799,MLS PIN,72655595,N,Y,42.4193771,-71.2112466
MLS Listing,,Single Family Residential,51 Asbury St,Lexington,MA,02421,1480000,5,4.5,Lexington,3764,6000,2014,1,393,,Active,,,http://www.redfin.com/MA/Lexington/51-Asbury-St-02421/home/8572029,MLS PIN,72655583,N,Y,42.452368,-71.2506002
MLS Listing,,Single Family Residential,11 Saddle Club Rd,Lexington,MA,02420,1600000,4,4.0,Saddle Club Estates,4020,72689,1929,1,398,,Active,,,http://www.redfin.com/MA/Lexington/11-Saddle-Club-Rd-02420/home/8574225,MLS PIN,72655557,N,Y,42.4564679,-71.2137063
MLS Listing,,Single Family Residential,8 Gould Rd,Lexington,MA,02420,1150000,5,2.5,Turning Mill,2543,30436,1958,1,452,,Active,,,http://www.redfin.com/MA/Lexington/8-Gould-Rd-02420/home/8586375,MLS PIN,72655499,N,Y,42.48465,-71.2370033
MLS Listing,,Single Family Residential,17 Hayes Ave,Lexington,MA,02420,3750000,8,6.5,Merriam Hill,7910,23341,2003,2,474,,Active,,,http://www.redfin.com/MA/Lexington/17-Hayes-Ave-02420/home/11776325,MLS PIN,72655183,N,Y,42.4550964,-71.2253086
MLS Listing,,Single Family Residential,7 Angier Rd,Lexington,MA,02420,885000,4,1.5,Lexington,1919,30871,1962,2,461,,Active,,,http://www.redfin.com/MA/Lexington/7-Angier-Rd-02420/home/8581675,MLS PIN,72655071,N,Y,42.4708704,-71.229162
MLS Listing,,Single Family Residential,22 Burlington St,Lexington,MA,02420,848000,3,2.0,Manor,1978,12000,1941,2,429,,Active,,,http://www.redfin.com/MA/Lexington/22-Burlington-St-02420/home/8579130,MLS PIN,72655025,N,Y,42.4645376,-71.2326874
MLS Listing,,Single Family Residential,496 Marrett Rd,Lexington,MA,02421,719000,3,1.0,Lexington,1437,20000,1952,3,500,,Active,,,http://www.redfin.com/MA/Lexington/496-Marrett-Rd-02421/home/8556840,MLS PIN,72654452,N,Y,42.4353733,-71.247027
MLS Listing,,Single Family Residential,99 East St,Lexington,MA,02420,2625000,7,7.5,Lexington,7200,32569,2020,7,365,,Active,,,http://www.redfin.com/MA/Lexington/99-East-St-02420/home/8574100,MLS PIN,72653260,N,Y,42.4598411,-71.2137063
MLS Listing,,Single Family Residential,4 Morris St,Lexington,MA,02420,1098000,4,3.0,Lexington,2426,6000,1929,7,453,,Active,,,http://www.redfin.com/MA/Lexington/4-Morris-St-02420/home/8586696,MLS PIN,72653094,N,Y,42.4830939,-71.2503682
MLS Listing,,Single Family Residential,37 Hancock St,Lexington,MA,02420,1300000,4,2.5,Merriam Hill,2696,5730,1780,7,482,,Active,,,http://www.redfin.com/MA/Lexington/37-Hancock-St-02420/home/8569988,MLS PIN,72652669,N,Y,42.4536131,-71.2279886
MLS Listing,,Single Family Residential,30 Grapevine Ave,Lexington,MA,02421,849900,4,2.0,Lexington,1733,30436,1963,7,490,,Active,,,http://www.redfin.com/MA/Lexington/30-Grapevine-Ave-02421/home/8555477,MLS PIN,72652666,N,Y,42.4362914,-71.2325018
MLS Listing,,Single Family Residential,17 Carley Rd,Lexington,MA,02421,2350000,5,4.5,Lexington,5857,24214,1952,9,401,,Active,,,http://www.redfin.com/MA/Lexington/17-Carley-Rd-02421/home/8575330,MLS PIN,72651650,N,Y,42.457138,-71.2389059
MLS Listing,,Single Family Residential,3 Penny Ln,Lexington,MA,02421,2475000,6,5.5,Lexington,5122,79588,2020,10,483,,Active,,,http://www.redfin.com/MA/Lexington/3-Penny-Ln-02421/home/160927647,MLS PIN,72650984,N,Y,42.4568461,-71.2478182
MLS Listing,,Single Family Residential,16 Hudson Rd,Lexington,MA,02421,1949000,4,4.0,Woodhaven,4500,17494,2005,10,433,,Active,,,http://www.redfin.com/MA/Lexington/16-Hudson-Rd-02421/home/8552576,MLS PIN,72650978,N,Y,42.4309926,-71.240971
MLS Listing,,Single Family Residential,17 Kimball Rd,Lexington,MA,02421,858500,4,2.0,Lexington,2080,12261,1965,12,413,,Active,,,http://www.redfin.com/MA/Lexington/17-Kimball-Rd-02421/home/8576500,MLS PIN,72650707,N,Y,42.459562,-71.243593
MLS Listing,,Single Family Residential,94 Winter St,Lexington,MA,02420,799000,3,2.0,Lexington,1538,4858,1927,14,520,,Active,,,http://www.redfin.com/MA/Lexington/94-Winter-St-02420/home/8586716,MLS PIN,72649675,N,Y,42.4832007,-71.2499041
MLS Listing,,Single Family Residential,307 Bedford St,Lexington,MA,02420,1149000,5,3.5,Lexington,3600,6888,1930,14,319,,Active,,,http://www.redfin.com/MA/Lexington/307-Bedford-St-02420/home/8582247,MLS PIN,72649325,N,Y,42.4664999,-71.2418759
MLS Listing,,Single Family Residential,421 Concord Ave,Lexington,MA,02421,1550000,3,2.5,Lexington,3235,33392,1981,14,479,,Active,May-14-2020 05:30 PM,May-14-2020 07:00 PM,http://www.redfin.com/MA/Lexington/421-Concord-Ave-02421/home/8544205,MLS PIN,72649324,N,Y,42.419128,-71.2351934
MLS Listing,,Single Family Residential,11 Hayes Ave,Lexington,MA,02420,2799000,6,7.5,Meriam Hill,8229,17678,2017,15,340,,Active,,,http://www.redfin.com/MA/Lexington/11-Hayes-Ave-02420/home/8570253,MLS PIN,72649195,N,Y,42.4551896,-71.2257494
MLS Listing,,Single Family Residential,39 Bloomfield St,Lexington,MA,02421,3189900,6,4.5,Munroe Hill,7000,34792,2015,16,456,,Active,,,http://www.redfin.com/MA/Lexington/39-Bloomfield-St-02421/home/8560320,MLS PIN,72648805,N,Y,42.4425171,-71.2217905
MLS Listing,,Single Family Residential,39 Woodcliffe Rd,Lexington,MA,02421,2475000,6,5.5,Woodhaven,5570,13000,2020,20,444,,Active,,,http://www.redfin.com/MA/Lexington/39-Woodcliffe-Rd-02421/home/8551722,MLS PIN,72647432,N,Y,42.4298595,-71.2411798
MLS Listing,,Single Family Residential,24 Columbus St,Lexington,MA,02421,1850000,4,4.5,Lexington,4400,6900,2020,23,420,,Active,,,http://www.redfin.com/MA/Lexington/24-Columbus-St-02421/home/8567095,MLS PIN,72646186,N,Y,42.4488697,-71.2452056
MLS Listing,,Single Family Residential,521 Bedford St,Lexington,MA,02420,1165000,4,3.0,Lexington,2372,29875,1949,27,491,,Active,,,http://www.redfin.com/MA/Lexington/521-Bedford-St-02420/home/8586096,MLS PIN,72644896,N,Y,42.4781956,-71.2536165
MLS Listing,,Single Family Residential,38 Cedar St,Lexington,MA,02421,1748000,5,4.5,Lexington,3861,7674,2020,28,453,,Active,,,http://www.redfin.com/MA/Lexington/38-Cedar-St-02421/home/8567565,MLS PIN,72644882,N,Y,42.4496303,-71.244057
MLS Listing,,Single Family Residential,9 Dunham St,Lexington,MA,02420,1849000,5,5.5,Lexington,4647,7500,2020,34,398,,Active,,,http://www.redfin.com/MA/Lexington/9-Dunham-St-02420/home/8564239,MLS PIN,72642905,N,Y,42.448277,-71.210384
MLS Listing,,Single Family Residential,53 Hancock St,Lexington,MA,02420,1375000,8,5.5,Merriam Hill,6469,15500,1840,34,213,,Active,,,http://www.redfin.com/MA/Lexington/53-Hancock-St-02420/home/8574853,MLS PIN,72642719,N,Y,42.4558106,-71.2271185
MLS Listing,,Single Family Residential,164 Grant St,Lexington,MA,02420,2749000,6,7.5,Lexington,8000,25519,2007,37,344,,Active,,,http://www.redfin.com/MA/Lexington/164-Grant-St-02420/home/11381704,MLS PIN,72641757,N,Y,42.4566081,-71.2174887
MLS Listing,,Single Family Residential,9 Blake Rd,Lexington,MA,02420,1375000,5,3.5,Lexington,4063,21598,1913,39,338,,Active,,,http://www.redfin.com/MA/Lexington/9-Blake-Rd-02420/home/8579420,MLS PIN,72641269,N,Y,42.4639544,-71.2329364
MLS Listing,,Townhouse,31 Jefferson Dr #31,Lexington,MA,02420,1165000,3,2.5,Lexington,2420,,2020,41,481,393,Active,May-16-2020 12:00 PM,May-16-2020 02:00 PM,http://www.redfin.com/MA/Lexington/76-Bedford-St-02420/unit-31/home/170486214,MLS PIN,72640827,N,Y,42.4538871,-71.2338244
MLS Listing,,Single Family Residential,1155 Massachusetts Ave,Lexington,MA,02420,1348000,5,3.0,Lexington,3152,39639,1830,42,428,,Active,,,http://www.redfin.com/MA/Lexington/1155-Massachusetts-Ave-02420/home/8553796,MLS PIN,72640548,N,Y,42.4365154,-71.2123605
MLS Listing,,Single Family Residential,28 Solomon Pierce Rd,Lexington,MA,02420,1700000,5,4.0,Lexington,4397,46988,1987,43,387,,Active,,,http://www.redfin.com/MA/Lexington/28-Solomon-Pierce-Rd-02420/home/8559915,MLS PIN,72640001,N,Y,42.4425315,-71.2109914
MLS Listing,,Single Family Residential,81 Westview St,Lexington,MA,02421,2900000,6,8.0,North Lexington,10100,37841,2020,55,287,,Active,,,http://www.redfin.com/MA/Lexington/81-Westview-St-02421/home/8585407,MLS PIN,72636586,N,Y,42.4737008,-71.2621085
MLS Listing,,Single Family Residential,2 Great Rock Rd,Lexington,MA,02421,1075000,6,2.0,Lexington,3076,15089,1940,56,349,,Active,,,http://www.redfin.com/MA/Lexington/2-Great-Rock-Rd-02421/home/8543033,MLS PIN,72635928,N,Y,42.4185106,-71.2098543
MLS Listing,,Single Family Residential,50 Percy Rd,Lexington,MA,02421,2649000,5,5.5,Lexington,6879,19856,1900,57,385,,Active,,,http://www.redfin.com/MA/Lexington/50-Percy-Rd-02421/home/8560467,MLS PIN,72635456,N,Y,42.4394357,-71.2230346
MLS Listing,,Single Family Residential,67 Turning Mill Rd,Lexington,MA,02420,1150000,5,3.5,Turning Mill Road,2980,122783,1968,57,386,,Active,,,http://www.redfin.com/MA/Lexington/67-Turning-Mill-Rd-02420/home/8586382,MLS PIN,72635138,N,Y,42.4861983,-71.2369568
MLS Listing,,Multi-Family (2-4 Unit),905 C Mass. Ave,Lexington,MA,02420,619000,2,2.0,Lexington,1388,4791,1925,62,446,,Active,,,http://www.redfin.com/MA/Lexington/905C-Massachusetts-Ave-02420/home/143800243,MLS PIN,72633556,N,Y,42.4322389,-71.2073088
MLS Listing,,Townhouse,56 Fifer Ln #56,Lexington,MA,02420,598000,2,1.5,Lexington,1092,,1977,63,548,576,Active,,,http://www.redfin.com/MA/Lexington/56-Fifer-Ln-02420/unit-56/home/171078952,MLS PIN,72632578,N,Y,42.4807193,-71.2486934
MLS Listing,,Townhouse,62 Woburn St #62,Lexington,MA,02420,1065000,3,3.5,Lexington,2050,6627,2020,64,520,,Active,,,http://www.redfin.com/MA/Lexington/62-Woburn-St-02420/unit-62/home/171057390,MLS PIN,72632035,N,Y,42.4466833,-71.217997
MLS Listing,,Townhouse,60 Woburn St #60,Lexington,MA,02420,1050000,3,3.5,Lexington,2010,6627,2020,64,522,,Active,,,http://www.redfin.com/MA/Lexington/60-Woburn-St-02420/unit-60/home/171057389,MLS PIN,72632034,N,Y,42.4467281,-71.2179527
MLS Listing,,Single Family Residential,5 Parker St,Lexington,MA,02420,1375000,4,2.0,Center Location,2782,8241,1885,64,494,,Active,,,http://www.redfin.com/MA/Lexington/5-Parker-St-02421/home/8566037,MLS PIN,72631999,N,Y,42.4487543,-71.2360287
MLS Listing,,Townhouse,9 Chestnut #9,Lexington,MA,02421,1049000,3,2.5,Lexington,2667,7068,2002,64,393,679,Active,,,http://www.redfin.com/MA/Lexington/9-Chestnut-Ln-02421/unit-9/home/113221957,MLS PIN,72631858,N,Y,42.4548002,-71.2640213
MLS Listing,,Single Family Residential,4 Adams St,Lexington,MA,02420,3285000,5,4.5,Lexington,6200,36115,1902,71,530,,Active,,,http://www.redfin.com/MA/Lexington/4-Adams-St-02420/home/170950611,MLS PIN,72618879,N,Y,42.4571864,-71.2271942
MLS Listing,,Single Family Residential,2 Fairland St,Lexington,MA,02421,1849000,5,6.0,Lexington,5000,8800,2019,72,370,,Active,May-16-2020 01:00 PM,May-16-2020 02:30 PM,http://www.redfin.com/MA/Lexington/2-Fairland-St-02421/home/8562505,MLS PIN,72627420,N,Y,42.441708,-71.2502754
MLS Listing,,Condo/Co-op,50 Waltham St #208,Lexington,MA,02421,989000,2,2.0,Lexington,1493,,2009,72,662,579,Active,,,http://www.redfin.com/MA/Lexington/50-Waltham-St-02421/unit-208/home/21674004,MLS PIN,72627200,N,Y,42.4466783,-71.2271415
MLS Listing,,Single Family Residential,3 Underwood Ave,Lexington,MA,02421,2339000,6,6.0,Woodhaven,5973,13939,2020,77,392,,Active,,,http://www.redfin.com/MA/Lexington/82-Spring-St-02421/home/8552066,MLS PIN,72625130,N,Y,42.4294579,-71.245431
MLS Listing,,Townhouse,112 Potter Pond #112,Lexington,MA,02421,659000,3,2.0,Lexington,1389,,1984,84,474,666,Active,,,http://www.redfin.com/MA/Lexington/112-Potter-Pond-02421/unit-112/home/137540329,MLS PIN,72621729,N,Y,42.4122358,-71.2148038
MLS Listing,,Single Family Residential,198 Bedford St,Lexington,MA,02420,1848000,6,6.0,Lexington,5600,15667,2020,86,330,,Active,May-16-2020 01:00 PM,May-16-2020 02:30 PM,http://www.redfin.com/MA/Lexington/198-Bedford-St-02420/home/11605455,MLS PIN,72620864,N,Y,42.4599062,-71.2387498
MLS Listing,,Single Family Residential,1106 Massachusetts Ave,Lexington,MA,02420,1949000,4,5.5,Lexington,4213,18531,1760,97,463,,Active,,,http://www.redfin.com/MA/Lexington/1106-Massachusetts-Ave-02420/home/8553925,MLS PIN,72617247,N,Y,42.4350501,-71.2111538
MLS Listing,,Single Family Residential,49 Ward St,Lexington,MA,02421,1849000,4,5.5,Lexington,4072,8004,2020,98,454,,Active,,,http://www.redfin.com/MA/Lexington/49-Ward-St-02421/home/8580159,MLS PIN,72616792,N,Y,42.4632373,-71.2473518
MLS Listing,,Single Family Residential,2 Sunset Rdg,Lexington,MA,02421,1947000,5,3.5,Lexington,4628,36534,1987,98,421,,Active,,,http://www.redfin.com/MA/Lexington/2-Sunset-Rdg-02421/home/8550807,MLS PIN,72616775,N,Y,42.4279428,-71.2133118
MLS Listing,,Single Family Residential,15 Cart Path Ln,Lexington,MA,02421,2900000,7,7.5,Lexington,6419,30436,2020,98,452,78,Active,,,http://www.redfin.com/MA/Lexington/15-Cart-Path-Ln-02421/home/18962295,MLS PIN,72616523,N,Y,42.4113771,-71.2234441
MLS Listing,,Single Family Residential,4 Sunset Rdg,Lexington,MA,02421,1848000,5,3.5,Lexington,4398,20109,1988,99,420,,Active,,,http://www.redfin.com/MA/Lexington/4-Sunset-Rdg-02421/home/8547891,MLS PIN,72616204,N,Y,42.4267897,-71.2129638
MLS Listing,,Single Family Residential,11 Cushing St,Lexington,MA,02420,1959000,5,5.5,Lexington,4763,10000,2020,100,411,,Active,,,http://www.redfin.com/MA/Lexington/11-Cushing-St-02420/home/8586675,MLS PIN,72615532,N,Y,42.4831353,-71.2508322
MLS Listing,,Single Family Residential,15 Winthrop Rd,Lexington,MA,02421,2795000,6,4.0,Lexington,5793,19166,1901,101,482,,Active,,,http://www.redfin.com/MA/Lexington/15-Winthrop-Rd-02421/home/8564773,MLS PIN,72615025,N,Y,42.444175,-71.2246356
MLS Listing,,Single Family Residential,3 John Hosmer Ln,Lexington,MA,02420,2278000,6,7.0,Pheasantbrook Estates,7200,34848,1993,101,316,,Active,,,http://www.redfin.com/MA/Lexington/3-John-Hosmer-Ln-02420/home/11776229,MLS PIN,72614950,N,Y,42.4431462,-71.2040066
MLS Listing,,Single Family Residential,291 Emerson Rd,Lexington,MA,02420,2990000,7,7.5,Burnham Farms,7970,30871,2019,102,375,,Active,,,http://www.redfin.com/MA/Lexington/291-Emerson-Rd-02420/home/8577454,MLS PIN,72614595,N,Y,42.4634034,-71.2168802
MLS Listing,,Townhouse,35 Jefferson Dr #35,Lexington,MA,02420,1165000,3,2.5,Lexington,2395,,2020,110,486,393,Active,May-16-2020 12:00 PM,May-16-2020 02:00 PM,http://www.redfin.com/MA/Lexington/35-Jefferson-DR-02420/unit-35/home/168615860,MLS PIN,72611854,N,Y,42.4609077,-71.2220832
MLS Listing,,Single Family Residential,2287 Massachusetts Ave,Lexington,MA,02421,2328000,6,6.0,Lexington,6279,17242,2020,111,371,,Active,May-17-2020 12:00 PM,May-17-2020 01:30 PM,http://www.redfin.com/MA/Lexington/2287-Massachusetts-Ave-02421/home/8567067,MLS PIN,72611676,N,Y,42.4477971,-71.2454956
MLS Listing,,Single Family Residential,38 JAMES St,Lexington,MA,02420,1750000,6,5.0,Lexington,5249,16208,2018,126,333,,Active,May-14-2020 05:00 PM,May-14-2020 07:00 PM,http://www.redfin.com/MA/Lexington/38-James-St-02420/home/113747471,MLS PIN,72606113,N,Y,42.4829211,-71.2463011
MLS Listing,,Single Family Residential,114 Bow St,Lexington,MA,02420,1458000,4,3.5,Lexington,3500,5250,2020,140,417,,Active,,,http://www.redfin.com/MA/Lexington/114-Bow-St-02420/home/8549110,MLS PIN,72602596,N,Y,42.431511,-71.1926822
MLS Listing,,Single Family Residential,32 Forest St,Lexington,MA,02421,3950000,6,7.5,Lexington Center,7400,12597,2019,195,534,,Active,,,http://www.redfin.com/MA/Lexington/32-Forest-St-02421/home/169636224,MLS PIN,72587716,N,Y,42.4463897,-71.2319882
MLS Listing,,Single Family Residential,28 Winchester Dr,Lexington,MA,02420,895000,4,2.0,Lexington,3324,29875,1955,198,269,,Active,,,http://www.redfin.com/MA/Lexington/28-Winchester-Dr-02420/home/8563324,MLS PIN,72585969,N,Y,42.4454284,-71.188714
MLS Listing,,Single Family Residential,494 Lowell St,Lexington,MA,02420,1724900,6,5.0,Lexington,4437,28132,2020,204,389,,Active,,,http://www.redfin.com/MA/Lexington/494-Lowell-St-02420/home/8568876,MLS PIN,72583921,N,Y,42.4549185,-71.203032
MLS Listing,,Single Family Residential,36 Ledgelawn Ave,Lexington,MA,02420,1739000,4,4.5,The Manor,4600,7500,2020,224,378,,Active,,,http://www.redfin.com/MA/Lexington/36-Ledgelawn-Ave-02420/home/8578897,MLS PIN,72574821,N,Y,42.461926,-71.2355994
MLS Listing,,Single Family Residential,30 Oakmount Cir,Lexington,MA,02420,3695000,6,6.0,Lexington,7401,17335,2020,229,499,,Active,,,http://www.redfin.com/MA/Lexington/30-Oakmount-Cir-02420/home/110074183,MLS PIN,72572054,N,Y,42.451939,-71.2212975
MLS Listing,,Single Family Residential,32 Edgewood Rd,Lexington,MA,02420,1295000,3,3.0,Merriam Hill,2808,15500,1906,238,461,,Active,,,http://www.redfin.com/MA/Lexington/32-Edgewood-Rd-02420/home/8570672,MLS PIN,72567816,N,Y,42.4525248,-71.2262135
