SALE TYPE,SOLD DATE,PROPERTY TYPE,ADDRESS,CITY,STATE OR PROVINCE,ZIP OR POSTAL CODE,PRICE,BEDS,BATHS,LOCATION,SQUARE FEET,LOT SIZE,YEAR BUILT,DAYS ON MARKET,$/SQUARE FEET,HOA/MONTH,STATUS,NEXT OPEN HOUSE START TIME,NEXT OPEN HOUSE END TIME,URL (SEE http://www.redfin.com/buy-a-home/comparative-market-analysis FOR INFO ON PRICING),SOURCE,MLS#,FAVORITE,INTERESTED,LATITUDE,LONGITUDE
MLS Listing,,Single Family Residential,25 Rennie St,Lunenburg,MA,01462,415000,3,3.0,Lunenburg,2132,21605,1951,1,195,,Active,,,http://www.redfin.com/MA/Lunenburg/25-Rennie-St-01462/home/16546451,MLS PIN,72655216,N,Y,42.577387,-71.762771
MLS Listing,,Single Family Residential,166 S Row Rd,Lunenburg,MA,01462,229000,2,1.0,Lunenburg,1150,11326,1959,2,199,24,Active,May-16-2020 11:00 AM,May-16-2020 01:00 PM,http://www.redfin.com/MA/Lunenburg/166-S-Row-Rd-01462/home/16548490,MLS PIN,72654909,N,Y,42.619216,-71.701545
MLS Listing,,Single Family Residential,10 Elizabeth St,Lunenburg,MA,01462,190000,3,1.0,Whalom,1419,5227,1930,4,134,,Active,,,http://www.redfin.com/MA/Lunenburg/10-Elizabeth-St-01462/home/16546160,MLS PIN,72654124,N,Y,42.5745603,-71.7499902
MLS Listing,,Condo/Co-op,19 Jacklyn Dr #10,Lunenburg,MA,01462,277500,2,2.0,Lunenburg,1188,,2006,6,234,235,Active,,,http://www.redfin.com/MA/Lunenburg/19-Jacklyn-Dr-01462/unit-10/home/171559086,MLS PIN,72653402,N,Y,42.5935328,-71.7691727
MLS Listing,,Vacant Land,41&47 Reservoir Rd,Lunenburg,MA,01462,359900,,,Lunenburg,,1068091,,7,,,Active,,,http://www.redfin.com/MA/Lunenburg/47-Reservoir-Rd-01462/home/113623550,MLS PIN,72652670,N,Y,42.5809332,-71.7033938
MLS Listing,,Single Family Residential,202 Chase Rd,Lunenburg,MA,01462,339000,3,1.0,Lunenburg,1456,20038,1950,8,233,,Active,,,http://www.redfin.com/MA/Lunenburg/202-Chase-Rd-01462/home/16548370,MLS PIN,72652122,N,Y,42.602781,-71.748033
MLS Listing,,Single Family Residential,38 Crescent Rd,Lunenburg,MA,01462,179000,3,1.0,Lunenburg,1104,13068,1960,9,162,,Active,,,http://www.redfin.com/MA/Lunenburg/38-Crescent-Rd-01462/home/16548241,MLS PIN,72646140,N,Y,42.614866,-71.698262
MLS Listing,,Single Family Residential,665 Leominster Rd,Lunenburg,MA,01462,449900,3,2.0,Lunenburg,2625,98881,1984,10,171,,Active,,,http://www.redfin.com/MA/Lunenburg/665-Leominster-Rd-01462/home/16546602,MLS PIN,72651298,N,Y,42.569304,-71.7270113
MLS Listing,,Single Family Residential,406 Lancaster Ave,Lunenburg,MA,01462,1500000,4,5.0,Lunenburg,4616,298386,2020,12,325,,Active,,,http://www.redfin.com/MA/Lunenburg/406-Lancaster-Ave-01462/home/67982822,MLS PIN,72650641,N,Y,42.5811839,-71.7169793
MLS Listing,,Single Family Residential,4 Townsend Harbor Rd,Lunenburg,MA,01462,359900,3,2.0,Lunenburg,2035,138521,1880,15,177,,Active,,,http://www.redfin.com/MA/Lunenburg/4-Townsend-Harbor-Rd-01462/home/16547697,MLS PIN,72649097,N,Y,42.5999989,-71.707431
MLS Listing,,Townhouse,8 Wintergreen Ct #8,Lunenburg,MA,01462,299900,2,2.5,Lunenburg,1573,8712,1988,19,191,688,Active,,,http://www.redfin.com/MA/Lunenburg/8-Wintergreen-Ct-01462/unit-8/home/77497034,MLS PIN,72647793,N,Y,42.6108117,-71.7238677
MLS Listing,,Single Family Residential,238 Prospect St,Lunenburg,MA,01462,589000,4,2.5,Lunenburg,2348,45302,2020,20,251,,Active,,,http://www.redfin.com/MA/Lunenburg/238-Prospect-St-01462/home/45471205,MLS PIN,72647443,N,Y,42.5778834,-71.7397605
MLS Listing,,Single Family Residential,65 S Row Rd,Lunenburg,MA,01462,359000,3,2.0,Lunenburg,1248,24394,1994,20,288,,Active,,,http://www.redfin.com/MA/Lunenburg/65-S-Row-Rd-01462/home/16548471,MLS PIN,72647337,N,Y,42.61553,-71.701548
MLS Listing,,Single Family Residential,245 Sunset Ln,Lunenburg,MA,01462,550000,4,2.5,Lake Shirley,2940,40075,1999,21,187,,Active,,,http://www.redfin.com/MA/Lunenburg/245-Sunset-Ln-01462/home/16545696,MLS PIN,72645944,N,Y,42.5610016,-71.6822115
MLS Listing,,Single Family Residential,18 PIERCE Ave,Lunenburg,MA,01462,249900,2,1.5,Lunenburg,1176,3920,1881,29,213,,Active,,,http://www.redfin.com/MA/Lunenburg/18-Pierce-Ave-01462/home/16546144,MLS PIN,72644023,N,Y,42.5755967,-71.7501654
MLS Listing,,Multi-Family (2-4 Unit),204-206 Kilburn St,Lunenburg,MA,01462,499900,4,5.0,Lunenburg,3092,60113,1974,33,162,,Active,,,http://www.redfin.com/MA/Lunenburg/204-Kilburn-St-01462/unit-206/home/16546590,MLS PIN,72643005,N,Y,42.5730809,-71.7125538
MLS Listing,,Single Family Residential,58 Page Hill Rd,Lunenburg,MA,01462,359000,4,2.5,Lunenburg,2351,22216,1972,34,153,,Active,,,http://www.redfin.com/MA/Lunenburg/58-Page-Hill-Rd-01462/home/16547503,MLS PIN,72642871,N,Y,42.598697,-71.763188
MLS Listing,,Vacant Land,45 Howard St,Lunenburg,MA,01462,99900,,,Lunenburg,,74052,,34,,,Active,,,http://www.redfin.com/MA/Lunenburg/45-Howard-St-01462/home/67982697,MLS PIN,72642707,N,Y,42.620395,-71.750086
MLS Listing,,Single Family Residential,209 Leominster Rd,Lunenburg,MA,01462,374900,4,1.5,Lunenburg,1925,56628,1841,38,195,,Active,,,http://www.redfin.com/MA/Lunenburg/209-Leominster-Rd-01462/home/16547127,MLS PIN,72641297,N,Y,42.5872963,-71.7298798
MLS Listing,,Condo/Co-op,19 Wallis Park Unit A,Lunenburg,MA,01462,234900,4,2.0,Lunenburg,1463,10890,1931,41,161,,Active,,,http://www.redfin.com/MA/Lunenburg/19-Wallis-Park-01462/unit-a/home/169289043,MLS PIN,72640595,N,Y,42.575963,-71.751254
MLS Listing,,Single Family Residential,573 W Townsend Rd,Lunenburg,MA,01462,529900,3,2.5,Lunenburg,2967,308405,1950,42,179,,Active,,,http://www.redfin.com/MA/Lunenburg/573-W-Townsend-Rd-01462/home/16548738,MLS PIN,72640554,N,Y,42.6320552,-71.7471616
MLS Listing,,Single Family Residential,200 Reservoir Rd,Lunenburg,MA,01462,554900,4,2.5,Lunenburg,2779,244807,2020,43,200,,Active,,,http://www.redfin.com/MA/Lunenburg/200-Reservoir-Rd-01462/home/87927718,MLS PIN,72639788,N,Y,42.573186,-71.705468
MLS Listing,,Mobile/Manufactured Home,1790 Mass Ave #40,Lunenburg,MA,01462,74900,2,1.0,Lunenburg,560,2500,2020,43,134,,Active,,,http://www.redfin.com/MA/Lunenburg/1790-Massachusetts-Ave-01462/unit-40/home/145837379,MLS PIN,72639702,N,Y,42.5957957,-71.6842978
MLS Listing,,Single Family Residential,19 Wallis Park Unit B,Lunenburg,MA,01462,174900,3,1.0,Lunenburg,940,10890,1931,44,186,,Active,,,http://www.redfin.com/MA/Lunenburg/19-Wallis-Park-01462/unit-b/home/169289042,MLS PIN,72639534,N,Y,42.575963,-71.751254
MLS Listing,,Single Family Residential,425 W Townsend Rd,Lunenburg,MA,01462,433900,3,2.0,Lunenburg,1700,29621,2020,57,255,,Active,,,http://www.redfin.com/MA/Lunenburg/425-W-Townsend-Rd-01462/home/143686007,MLS PIN,72635362,N,Y,42.626115,-71.7492
MLS Listing,,Single Family Residential,93 White St,Lunenburg,MA,01462,264500,3,2.0,Lunenburg,1874,40946,1950,58,141,,Active,,,http://www.redfin.com/MA/Lunenburg/93-White-St-01462/home/16547516,MLS PIN,72634870,N,Y,42.5944318,-71.7633834
MLS Listing,,Vacant Land,101 Pleasant St,Lunenburg,MA,01462,350000,,,Lunenburg,,696960,,63,,,Active,,,http://www.redfin.com/MA/Lunenburg/101-Pleasant-St-01462/home/45403355,MLS PIN,72632518,N,Y,42.587514,-71.7651829
MLS Listing,,Vacant Land,141 Hemlock Dr,Lunenburg,MA,01462,129900,,,Lunenburg,,10454,,64,,,Active,,,http://www.redfin.com/MA/Lunenburg/141-Hemlock-Dr-01462/home/67982738,MLS PIN,72631903,N,Y,42.6062274,-71.7118986
MLS Listing,,Single Family Residential,1131 Massachusetts Ave,Lunenburg,MA,01462,426000,4,2.5,Lunenburg,3100,47916,1950,64,137,,Active,,,http://www.redfin.com/MA/Lunenburg/1131-Massachusetts-Ave-01462/home/16547724,MLS PIN,72631440,N,Y,42.5974647,-71.7165788
MLS Listing,,Single Family Residential,61 Old Farm Rd,Lunenburg,MA,01462,765000,4,3.5,Lunenburg,4382,77101,2001,71,175,,Active,,,http://www.redfin.com/MA/Lunenburg/61-Old-Farm-Rd-01462/home/16545712,MLS PIN,72628261,N,Y,42.6051761,-71.7535829
MLS Listing,,Single Family Residential,109 Page St,Lunenburg,MA,01462,415000,3,2.0,Lunenburg,2487,71874,1978,80,167,,Active,,,http://www.redfin.com/MA/Lunenburg/109-Page-St-01462/home/16547041,MLS PIN,72622982,N,Y,42.582655,-71.706432
MLS Listing,,Single Family Residential,210 Chase Rd,Lunenburg,MA,01462,345000,3,2.0,Lunenburg,2164,23522,1941,83,159,,Active,,,http://www.redfin.com/MA/Lunenburg/210-Chase-Rd-01462/home/16548371,MLS PIN,72622298,N,Y,42.603229,-71.748024
MLS Listing,,Single Family Residential,906 Massachusetts Ave,Lunenburg,MA,01462,369289,5,2.0,Lunenburg,3904,43560,1850,85,95,,Active,,,http://www.redfin.com/MA/Lunenburg/906-Massachusetts-Ave-01462/home/16547401,MLS PIN,72621552,N,Y,42.5948971,-71.7281188
MLS Listing,,Vacant Land,Lot 5A Sunnyhill Rd,Lunenburg,MA,01462,114900,,,Lunenburg,,92347,,99,,,Active,,,http://www.redfin.com/MA/Lunenburg/5-Sunnyhill-Rd-01462/home/28676027,MLS PIN,72615734,N,Y,42.5970926,-71.7416429
MLS Listing,,Single Family Residential,Lot 3 Elm St,Lunenburg,MA,01462,454900,4,2.5,Lunenburg,2300,80000,2020,125,198,,Active,,,http://www.redfin.com/MA/Lunenburg/3-Elm-St-01462/home/80157338,MLS PIN,72606585,N,Y,42.5822125,-71.7329503
MLS Listing,,Vacant Land,52 Page St,Lunenburg,MA,01462,119900,,,Lunenburg,,89297,,127,,,Active,,,http://www.redfin.com/MA/Lunenburg/52-Page-St-01462/home/170229764,MLS PIN,72605547,N,Y,42.5818455,-71.7098191
MLS Listing,,Vacant Land,50 Page St,Lunenburg,MA,01462,127900,,,Lunenburg,,151588,,127,,,Active,,,http://www.redfin.com/MA/Lunenburg/50-Page-St-01462/home/67982714,MLS PIN,72605545,N,Y,42.5806036,-71.7098028
MLS Listing,,Single Family Residential,Lot 3 Youngs Rd,Lunenburg,MA,01462,579899,4,2.5,Lunenburg,2828,242695,2019,184,205,,Active,,,http://www.redfin.com/MA/Lunenburg/3-Youngs-Rd-01462/home/169784035,MLS PIN,72591685,N,Y,42.5705596,-71.7709376
MLS Listing,,Vacant Land,250+356 Hollis Rd,Lunenburg,MA,01462,3200000,,,Lunenburg,,1469714,,202,,,Active,,,http://www.redfin.com/MA/Lunenburg/356-Hollis-Rd-01462/home/16546872,MLS PIN,72585054,N,Y,42.5832554,-71.7452407
MLS Listing,,Single Family Residential,25 Pearl St,Lunenburg,MA,01462,329000,2,1.0,Lunenburg,792,10018,1979,220,415,,Active,,,http://www.redfin.com/MA/Lunenburg/25-Pearl-St-01462/home/16545950,MLS PIN,72576571,N,Y,42.5657013,-71.6857534
MLS Listing,,Single Family Residential,37 Woodland Dr,Lunenburg,MA,01462,499900,4,2.5,Lunenburg,2000,22216,2019,224,250,,Active,,,http://www.redfin.com/MA/Lunenburg/37-Woodland-Dr-01462/home/21781164,MLS PIN,72574527,N,Y,42.6040318,-71.7021661
