SALE TYPE,SOLD DATE,PROPERTY TYPE,ADDRESS,CITY,STATE OR PROVINCE,ZIP OR POSTAL CODE,PRICE,BEDS,BATHS,LOCATION,SQUARE FEET,LOT SIZE,YEAR BUILT,DAYS ON MARKET,$/SQUARE FEET,HOA/MONTH,STATUS,NEXT OPEN HOUSE START TIME,NEXT OPEN HOUSE END TIME,URL (SEE http://www.redfin.com/buy-a-home/comparative-market-analysis FOR INFO ON PRICING),SOURCE,MLS#,FAVORITE,INTERESTED,LATITUDE,LONGITUDE
MLS Listing,,Single Family Residential,7 Windchime Dr,Mansfield,MA,02048,609900,3,2.5,Mansfield,2365,35361,1986,1,258,,Active,May-16-2020 12:00 PM,May-16-2020 02:30 PM,http://www.redfin.com/MA/Mansfield/7-Windchime-Dr-02048/home/16028525,MLS PIN,72655756,N,Y,42.0091109,-71.1950028
MLS Listing,,Single Family Residential,5 Helena Cir,Mansfield,MA,02048,619900,4,2.5,Van Koert Farms,2672,32559,1986,1,232,,Active,,,http://www.redfin.com/MA/Mansfield/5-Helena-Cir-02048/home/16027294,MLS PIN,72655931,N,Y,42.0430589,-71.1929143
MLS Listing,,Condo/Co-op,266 N Main St #5,Mansfield,MA,02048,284500,2,2.0,Mansfield,913,,2004,1,312,277,Active,,,http://www.redfin.com/MA/Mansfield/266-N-Main-St-02048/unit-5/home/16032193,MLS PIN,72655319,N,Y,42.0301836,-71.2188443
MLS Listing,,Single Family Residential,71 Tanya Dr,Mansfield,MA,02048,459000,4,2.0,Mansfield,2150,,1979,2,213,,Active,,,http://www.redfin.com/MA/Mansfield/71-Tanya-Dr-02048/home/16027595,CCIMLS,22002724,N,Y,42.0378722,-71.1768554
MLS Listing,,Single Family Residential,32 Old Stable Dr,Mansfield,MA,02048,764900,4,2.5,Canterbury Estates,3411,30004,1997,17,224,,Active,,,http://www.redfin.com/MA/Mansfield/32-Old-Stable-Dr-02048/home/16025999,MLS PIN,72648205,N,Y,42.0347896,-71.1702413
MLS Listing,,Condo/Co-op,2 N Main St Unit B201,Mansfield,MA,02048,319900,2,2.0,Mansfield,900,,2013,22,355,168,Active,,,http://www.redfin.com/MA/Mansfield/2-N-Main-St-02048/unit-B201/home/77519445,MLS PIN,72646851,N,Y,42.0245641,-71.2165785
MLS Listing,,Single Family Residential,159 York Rd,Mansfield,MA,02048,1100000,5,4.0,Forest Park,5614,30041,1994,29,196,,Active,,,http://www.redfin.com/MA/Mansfield/159-York-Rd-02048/home/16031353,MLS PIN,72644038,N,Y,42.0100682,-71.2661456
MLS Listing,,Single Family Residential,8 Suzanne Ln,Mansfield,MA,02048,995000,4,4.0,Suzanne Estates,5248,20908,2006,30,190,,Active,,,http://www.redfin.com/MA/Mansfield/8-Suzanne-Ln-02048/home/16032218,MLS PIN,72643938,N,Y,42.0250579,-71.1777372
MLS Listing,,Condo/Co-op,7 Morini St Unit B,Mansfield,MA,02048,389900,3,1.5,Mansfield,1640,24916,2020,43,238,,Active,,,http://www.redfin.com/MA/Mansfield/7-Morini-St-02048/unit-B/home/171240392,MLS PIN,72639772,N,Y,42.0398321,-71.2155627
MLS Listing,,Single Family Residential,8 N White Pine Ln,Mansfield,MA,02048,850000,4,3.5,Balcom Ridge Estates,5040,42819,2000,43,169,,Active,,,http://www.redfin.com/MA/Mansfield/8-N-White-Pine-Ln-02048/home/16031147,MLS PIN,72639729,N,Y,41.9976916,-71.2561688
MLS Listing,,Single Family Residential,226 Willow St,Mansfield,MA,02048,374999,4,1.5,Mansfield,1797,21793,1900,52,209,,Active,,,http://www.redfin.com/MA/Mansfield/226-Willow-St-02048/home/16028613,MLS PIN,72637214,N,Y,42.0126041,-71.2200644
MLS Listing,,Single Family Residential,266 Willow St,Mansfield,MA,02048,529000,3,3.5,Mansfield,2786,35000,1850,57,190,,Active,,,http://www.redfin.com/MA/Mansfield/266-Willow-St-02048/home/16027934,MLS PIN,72635110,N,Y,42.0119616,-71.2182544
MLS Listing,,Multi-Family (2-4 Unit),10 East St,Mansfield,MA,02048,599000,5,3.0,Mansfield,2352,5531,1900,70,255,,Active,,,http://www.redfin.com/MA/Mansfield/10-East-St-02048/home/16028762,MLS PIN,72628815,N,Y,42.0248449,-71.2159804
MLS Listing,,Single Family Residential,25 Otis St,Mansfield,MA,02048,579900,4,2.0,Mansfield,2727,20830,1956,71,213,,Active,,,http://www.redfin.com/MA/Mansfield/25-Otis-St-02048/home/16031625,MLS PIN,72627542,N,Y,41.9977633,-71.2459597
MLS Listing,,Single Family Residential,131 York Rd,Mansfield,MA,02048,829000,5,3.5,Forest Park Executive Subdivision,5873,82764,1990,81,141,,Active,,,http://www.redfin.com/MA/Mansfield/131-York-Rd-02048/home/16031849,MLS PIN,72622976,N,Y,42.0090161,-71.2634542
MLS Listing,,Single Family Residential,45 Donegal Way,Mansfield,MA,02048,599900,4,2.5,Mansfield,2597,37300,1989,84,231,,Active,,,http://www.redfin.com/MA/Mansfield/45-Donegal-Way-02048/home/16025832,MLS PIN,72622157,N,Y,42.0267316,-71.1629309
MLS Listing,,Vacant Land,3 Bicentennial Ct,Mansfield,MA,02048,225000,,,Mansfield,,35832,,108,,,Active,,,http://www.redfin.com/MA/Mansfield/3-Bicentennial-Ct-02048/home/76488636,MLS PIN,72612110,N,Y,42.0347082,-71.2068342
MLS Listing,,Single Family Residential,31 Pilgrim Rd,Mansfield,MA,02048,639900,4,2.5,Mansfield,2752,42406,1997,111,233,,Active,,,http://www.redfin.com/MA/Mansfield/31-Pilgrim-Rd-02048/home/16026147,MLS PIN,72611816,N,Y,42.0303848,-71.1749988
MLS Listing,,Single Family Residential,83 South St,Mansfield,MA,02048,590000,4,2.5,Robinsonville,2458,30239,1992,114,240,,Active,,,http://www.redfin.com/MA/Mansfield/83-South-St-02048/home/16031126,MLS PIN,72609605,N,Y,42.0207008,-71.2682338
MLS Listing,,Single Family Residential,1149 West St,Mansfield,MA,02048,439900,3,2.5,Mansfield,2698,26100,1957,148,163,,Active,,,http://www.redfin.com/MA/Mansfield/1149-West-St-02048/home/16031828,MLS PIN,72601586,N,Y,42.0180511,-71.2678161
