SALE TYPE,SOLD DATE,PROPERTY TYPE,ADDRESS,CITY,STATE OR PROVINCE,ZIP OR POSTAL CODE,PRICE,BEDS,BATHS,LOCATION,SQUARE FEET,LOT SIZE,YEAR BUILT,DAYS ON MARKET,$/SQUARE FEET,HOA/MONTH,STATUS,NEXT OPEN HOUSE START TIME,NEXT OPEN HOUSE END TIME,URL (SEE http://www.redfin.com/buy-a-home/comparative-market-analysis FOR INFO ON PRICING),SOURCE,MLS#,FAVORITE,INTERESTED,LATITUDE,LONGITUDE
MLS Listing,,Single Family Residential,1591 Main St,Marshfield,MA,02050,424999,4,2.0,Marshfield,2004,102802,1968,27,212,,Active,,,http://www.redfin.com/MA/Marshfield/1591-Main-St-02050/home/16388792,MLS PIN,72645077,N,Y,42.1388839,-70.7435629
MLS Listing,,Single Family Residential,279 School St,Marshfield,MA,02050,469900,5,2.0,North Marshfield,2094,43560,1973,1,224,,Active,,,http://www.redfin.com/MA/Marshfield/279-School-St-02050/home/16389530,MLS PIN,72655659,N,Y,42.1131093,-70.7497996
MLS Listing,,Single Family Residential,645 Careswell St,Marshfield,MA,02050,509000,3,2.5,Marshfield,1838,20195,1814,1,277,,Active,May-16-2020 11:00 AM,May-16-2020 04:00 PM,http://www.redfin.com/MA/Marshfield/645-Careswell-St-02050/home/16384860,MLS PIN,72654890,N,Y,42.0703544,-70.673285
MLS Listing,,Single Family Residential,7 Adelaide Way,Marshfield,MA,02050,649900,3,2.5,Adelaide Farm,2200,21171,2020,1,295,35,Active,,,http://www.redfin.com/MA/Marshfield/7-Adelaide-Way-02050/home/113747738,MLS PIN,72655420,N,Y,42.0759487,-70.6733548
MLS Listing,,Condo/Co-op,10 Royal Dane Dr #79,Marshfield,MA,02050,179900,2,1.0,Marshfield,724,,1968,1,248,306,Active,,,http://www.redfin.com/MA/Marshfield/10-Royal-Dane-Dr-02050/unit-79/home/16390243,MLS PIN,72655330,N,Y,42.109554,-70.7583812
MLS Listing,,Single Family Residential,13 Marshview Dr,Marshfield,MA,02050,466900,3,1.0,Marshfield,1486,10570,1965,2,314,,Active,,,http://www.redfin.com/MA/Marshfield/13-Marshview-Dr-02050/home/16385275,MLS PIN,72655093,N,Y,42.1014259,-70.6799051
MLS Listing,,Single Family Residential,296 Central Ave,Scituate,MA,02066,499900,2,1.0,4th Cliff Humarock,768,10500,1940,5,651,,Active,,,http://www.redfin.com/MA/SCITUATE/296-CENTRAL-AVE-02066/home/16435243,MLS PIN,72653979,N,Y,42.156915,-70.702627
MLS Listing,,Single Family Residential,77 June St,Marshfield,MA,02050,382000,3,2.0,Brant Rock,1585,4791,1949,7,241,,Active,,,http://www.redfin.com/MA/Marshfield/77-June-St-02050/home/16382387,MLS PIN,72652941,N,Y,42.090084,-70.6544186
MLS Listing,,Single Family Residential,35 Chowdermarch St,Marshfield,MA,02050,799900,4,2.5,Marshfield,3293,66211,1996,8,243,,Active,,,http://www.redfin.com/MA/Marshfield/35-Chowdermarch-St-02050/home/16389917,MLS PIN,72652376,N,Y,42.1144921,-70.7627278
MLS Listing,,Single Family Residential,16 jefferson Ave,Marshfield,MA,02050,799999,3,3.5,Marshfield,4257,209088,1999,9,188,,Active,,,http://www.redfin.com/MA/Marshfield/16-Jefferson-Rd-02050/home/16384839,MLS PIN,72651367,N,Y,42.0780029,-70.6691034
MLS Listing,,Single Family Residential,111 Meadowview St,Marshfield,MA,02050,1100000,4,4.0,Rexhame Beach,4633,20765,1956,10,237,,Active,May-16-2020 01:00 PM,May-16-2020 03:00 PM,http://www.redfin.com/MA/Marshfield/111-Meadowview-St-02050/home/16384323,MLS PIN,72651037,N,Y,42.113273,-70.6761196
MLS Listing,,Single Family Residential,154 Prospect St,Marshfield,MA,02050,899000,4,2.5,Hills,4525,87120,1860,12,199,,Active,,,http://www.redfin.com/MA/Marshfield/154-Prospect-St-02050/home/39890737,MLS PIN,72650645,N,Y,42.1466875,-70.7382431
MLS Listing,,Single Family Residential,41 Water St,Marshfield,MA,02050,750000,4,2.0,Blue Fish Cove,2303,27443,1921,12,326,,Active,,,http://www.redfin.com/MA/Marshfield/41-Water-St-02050/home/163270602,MLS PIN,72650642,N,Y,42.0796939,-70.6442718
MLS Listing,,Single Family Residential,131 Prospect St,Marshfield,MA,02050,899000,3,2.5,Marshfield,2736,45738,1968,12,329,,Active,,,http://www.redfin.com/MA/Marshfield/131-Prospect-St-02050/home/16388738,MLS PIN,72650544,N,Y,42.147068,-70.7372777
MLS Listing,,Single Family Residential,12 Branch St,Marshfield,MA,02050,265000,2,1.0,Brant Rock,648,6098,1935,13,409,,Active,,,http://www.redfin.com/MA/Marshfield/12-Branch-St-02050/home/171492904,MLS PIN,72650033,N,Y,42.0828558,-70.6432523
MLS Listing,,Single Family Residential,566 Careswell St,Marshfield,MA,02050,462500,3,1.5,Marshfield,2747,65340,1875,14,168,,Active,,,http://www.redfin.com/MA/Marshfield/566-Careswell-St-02050/home/16385048,MLS PIN,72649727,N,Y,42.0731309,-70.671196
MLS Listing,,Single Family Residential,1558 Tremont St,Duxbury,MA,02332,599000,3,2.0,Duxbury,2290,49148,1959,14,262,,Active,,,http://www.redfin.com/MA/Duxbury/1558-Tremont-St-02332/home/16341933,MLS PIN,72649570,N,Y,42.0624464,-70.6903385
MLS Listing,,Single Family Residential,314 Central Ave,Scituate,MA,02066,799000,4,3.0,Humarock,1920,12023,1950,20,416,,Active,,,http://www.redfin.com/MA/SCITUATE/314-CENTRAL-AVE-02066/home/16435135,MLS PIN,72647371,N,Y,42.157676,-70.703949
MLS Listing,,Single Family Residential,149 Acorn St,Marshfield,MA,02050,659000,3,2.5,Marshfield,2958,14247,1940,21,223,,Active,,,http://www.redfin.com/MA/Marshfield/149-Acorn-St-02050/home/16388471,MLS PIN,72647280,N,Y,42.0833033,-70.714454
MLS Listing,,Vacant Land,1619 Ocean,Marshfield,MA,02050,399000,,,Marshfield,,18136,,24,,,Active,,,http://www.redfin.com/MA/Marshfield/1619-Ocean-St-02050/home/21971903,MLS PIN,72645943,N,Y,42.0928642,-70.6929871
MLS Listing,,Single Family Residential,11 Middle St,Marshfield,MA,02020,649000,3,1.5,Brant Rock,1200,4025,2019,24,541,,Active,,,http://www.redfin.com/MA/BRANT-ROCK/11-MIDDLE-ST-02020/home/16381493,MLS PIN,72645681,N,Y,42.091571,-70.643937
MLS Listing,,Single Family Residential,31 Bradford St,Marshfield,MA,02020,639000,3,2.5,Brant Rock,2798,11323,2002,30,228,,Active,May-17-2020 12:00 PM,May-17-2020 03:00 PM,http://www.redfin.com/MA/BRANT-ROCK/31-BRADFORD-ST-02020/home/16390923,MLS PIN,72643622,N,Y,42.086677,-70.641305
MLS Listing,,Single Family Residential,408 Holly Rd,Marshfield,MA,02050,619000,3,1.5,Holly Hill,3485,43560,1982,34,178,,Active,,,http://www.redfin.com/MA/Marshfield/408-Holly-Rd-02050/home/16387763,MLS PIN,72638158,N,Y,42.1260433,-70.7074147
MLS Listing,,Condo/Co-op,451 School St Unit 5-5,Marshfield,MA,02050,225900,2,1.0,Marshfield,923,,1973,41,245,247,Active,,,http://www.redfin.com/MA/Marshfield/451-School-St-02050/unit-5-5/home/16381359,MLS PIN,72640880,N,Y,42.1084505,-70.7536458
MLS Listing,,Townhouse,33 Central Ave #12,Scituate,MA,02047,1149000,3,2.5,Scituate,2416,,2014,46,476,350,Active,May-16-2020 12:00 PM,May-16-2020 01:00 PM,http://www.redfin.com/MA/Scituate/33-Central-AVE-02047/unit-12/home/167620740,MLS PIN,72638861,N,Y,42.1341009,-70.6863656
MLS Listing,,Townhouse,18 Spyglass Lndg #18,Marshfield,MA,02050,519900,2,2.5,Marshfield,2180,,2005,48,238,535,Active,,,http://www.redfin.com/MA/Marshfield/18-Spyglass-Landing-Dr-02050/unit-18/home/171202511,MLS PIN,72638462,N,Y,42.1193983,-70.7020241
MLS Listing,,Single Family Residential,79 Central St,Marshfield,MA,02050,449000,3,1.5,Marshfield,1301,2483,1945,60,345,,Active,,,http://www.redfin.com/MA/Marshfield/79-Central-St-02050/home/168700699,MLS PIN,72633947,N,Y,42.0823671,-70.6445971
MLS Listing,,Single Family Residential,62 Prospect St,Marshfield,MA,02050,870000,5,3.0,Marshfield Hills,3993,114998,1900,64,218,,Active,,,http://www.redfin.com/MA/Marshfield/62-Prospect-St-02050/home/16388673,MLS PIN,72632055,N,Y,42.1493711,-70.7352695
MLS Listing,,Single Family Residential,104 Franklin St,Marshfield,MA,02050,580000,3,1.5,Brant Rock,1128,10000,1958,64,514,,Active,,,http://www.redfin.com/MA/Marshfield/104-Franklin-St-02050/home/16381979,MLS PIN,72631942,N,Y,42.0908675,-70.6501085
MLS Listing,,Condo/Co-op,22 Mariners Dr #22,Marshfield,MA,02050,529900,2,2.0,Marshfield Center,2169,,2008,64,244,529,Active,,,http://www.redfin.com/MA/Marshfield/22-Mariner-s-Dr-02050/unit-22/home/171054047,MLS PIN,72631532,N,Y,42.0874641,-70.718932
MLS Listing,,Condo/Co-op,4 Crows Nest Ln #4,Marshfield,MA,02050,545900,2,2.0,Marshfield,1700,,2011,65,321,529,Active,,,http://www.redfin.com/MA/Marshfield/4-Crow-s-Nest-Ln-02050/unit-4/home/171050289,MLS PIN,72631249,N,Y,42.0874641,-70.718932
MLS Listing,,Vacant Land,0 Main St,Marshfield,MA,02050,115000,,,Marshfield,,16700,,71,,,Active,,,http://www.redfin.com/MA/MARSHFIELD/MAIN-ST-02050/home/86090954,MLS PIN,72627610,N,Y,42.100149,-70.717895
MLS Listing,,Single Family Residential,108 California St,Marshfield,MA,02050,459900,3,2.0,Marshfield,1724,5428,2020,72,267,,Active,,,http://www.redfin.com/MA/Marshfield/108-California-St-02050/home/148310030,MLS PIN,72627414,N,Y,42.115665,-70.716815
MLS Listing,,Single Family Residential,1038 Ferry St,Marshfield,MA,02050,899999,4,3.5,Marshfield,4200,171626,2019,77,214,,Active,,,http://www.redfin.com/MA/Marshfield/1038-Ferry-St-02050/home/109680383,MLS PIN,72625240,N,Y,42.13024,-70.6951436
MLS Listing,,Single Family Residential,222 Pleasant St,Marshfield,MA,02050,699000,4,2.0,Marshfield Hills,2859,78408,1836,77,244,,Active,,,http://www.redfin.com/MA/Marshfield/222-Pleasant-St-02050/home/16388664,MLS PIN,72624853,N,Y,42.1386751,-70.7260932
MLS Listing,,Single Family Residential,580 Highland St,Marshfield,MA,02050,1300000,4,4.5,Marshfield Hills,5196,105415,1991,85,250,,Active,,,http://www.redfin.com/MA/Marshfield/580-Highland-St-02050/home/16389793,MLS PIN,72621036,N,Y,42.1454673,-70.7647488
MLS Listing,,Single Family Residential,66 Leland Rd,Marshfield,MA,02050,365000,3,1.0,Marshfield,1482,5000,1940,91,246,,Active,,,http://www.redfin.com/MA/Marshfield/66-Leland-Rd-02050/home/16381889,MLS PIN,72619272,N,Y,42.0926821,-70.654314
MLS Listing,,Single Family Residential,1253 S River St,Marshfield,MA,02050,489900,4,1.5,Marshfield Hills,1656,20028,1972,100,296,,Active,,,http://www.redfin.com/MA/Marshfield/1253-S-River-St-02050/home/16386234,MLS PIN,72615356,N,Y,42.1228155,-70.6964721
MLS Listing,,Single Family Residential,109 Constellation Rd,Marshfield,MA,02050,434900,3,1.5,Marshfield,1080,5100,1950,128,403,,Active,,,http://www.redfin.com/MA/Marshfield/109-Constellation-Rd-02050/home/16384356,MLS PIN,72605138,N,Y,42.1079291,-70.6700322
MLS Listing,,Single Family Residential,1121 S River St,Marshfield,MA,02050,389900,5,3.5,Marshfield Hills,2732,26700,1890,148,143,,Active,,,http://www.redfin.com/MA/Marshfield/1121-S-River-St-02050/home/16386259,MLS PIN,72601633,N,Y,42.119335,-70.6925542
MLS Listing,,Single Family Residential,20 Shady Ln,Marshfield,MA,02050,315900,3,1.0,Marshfield,864,9375,1954,150,366,,Active,,,http://www.redfin.com/MA/Marshfield/20-Shady-Ln-02050/home/16386477,MLS PIN,72600952,N,Y,42.1303586,-70.6901991
MLS Listing,,Single Family Residential,615 Careswell St,Marshfield,MA,02050,850000,4,4.5,Marshfield,7756,211702,1999,160,110,,Active,,,http://www.redfin.com/MA/Marshfield/615-Careswell-St-02050/home/16385076,MLS PIN,72598846,N,Y,42.0690015,-70.6719374
MLS Listing,,Single Family Residential,449 Parsonage St,Marshfield,MA,02050,599000,4,3.0,Marshfield,2222,197762,1736,191,270,,Active,,,http://www.redfin.com/MA/Marshfield/449-Parsonage-St-02050/home/16387833,MLS PIN,72588906,N,Y,42.079693,-70.7003281
MLS Listing,,Single Family Residential,33 Cliff Rd,Scituate,MA,02066,849000,2,3.0,Humarock,1953,19999,1949,204,435,,Active,,,http://www.redfin.com/MA/Scituate/33-Cliff-Ave-02066/home/16435577,MLS PIN,72583827,N,Y,42.1589199,-70.7047222
MLS Listing,,Single Family Residential,29 Shepherds Path,Marshfield,MA,02050,534900,4,2.0,*29 Shepherds Path off Pine Street,2100,87991,1978,212,255,33,Active,,,http://www.redfin.com/MA/Marshfield/29-Shepherd-s-Path-02050/home/167102317,MLS PIN,72579740,N,Y,42.1284208,-70.7574155
MLS Listing,,Vacant Land,396 Plain St,Marshfield,MA,02050,499000,,,Marshfield,,132858,,214,,,Active,,,http://www.redfin.com/MA/Marshfield/396-Plain-St-02050/home/16390882,MLS PIN,72579384,N,Y,42.1039325,-70.7313202
MLS Listing,,Single Family Residential,181 Ocean St,Marshfield,MA,02050,895000,3,2.0,Marshfield,1965,7405,1870,241,455,,Active,,,http://www.redfin.com/MA/Marshfield/181-Ocean-St-02050/home/136226658,MLS PIN,72565699,N,Y,42.0890304,-70.6417445
MLS Listing,,Single Family Residential,96 Wrights Way,Marshfield,MA,02050,949000,4,3.5,John Sherman Estates,3850,15067,2020,242,246,,Active,,,http://www.redfin.com/MA/Marshfield/96-Wright-s-Way-02050/home/109680361,MLS PIN,72565342,N,Y,42.1083633,-70.7200949
MLS Listing,,Single Family Residential,217 Eames Way,Marshfield,MA,02050,1299000,4,2.5,Marshfield Hills,3900,50530,2020,247,333,,Active,,,http://www.redfin.com/MA/Marshfield/217-Eames-Way-02050/home/109680364,MLS PIN,72561852,N,Y,42.1313567,-70.7280204
MLS Listing,,Single Family Residential,375 A Union St,Marshfield,MA,02050,4499000,5,7.5,North Marshfield,9733,578041,2002,309,462,,Active,,,http://www.redfin.com/MA/Marshfield/375A-Union-St-02050/home/166661851,MLS PIN,72531494,N,Y,42.1222733,-70.7672448
MLS Listing,,Vacant Land,0 Old Mount Skirgo Rd,Marshfield,MA,02050,250000,,,Marshfield,,50094,,351,,,Active,,,http://www.redfin.com/MA/MARSHFIELD/OLD-MOUNT-SKIRGO-RD-02050/home/86090953,MLS PIN,72508515,N,Y,42.094437,-70.729111
MLS Listing,,Single Family Residential,1355 Union St,Marshfield,MA,02050,2999900,5,8.5,North Marshfield,13201,158290,2001,399,227,,Active,,,http://www.redfin.com/MA/Marshfield/1355-Union-St-02050/home/16390890,MLS PIN,72480877,N,Y,42.1534382,-70.7763634
MLS Listing,,Vacant Land,Lot 20 Norwell Rd,Marshfield,MA,02050,99000,,,Marshfield,,9000,,458,,,Active,,,http://www.redfin.com/MA/Marshfield/20-Norwell-Rd-02050/home/113705361,MLS PIN,72451787,N,Y,42.1134444,-70.6942827
MLS Listing,,Single Family Residential,134 Peregrine White Dr,Marshfield,MA,02050,886000,4,2.5,Marshfield,2885,44135,2019,468,307,,Active,,,http://www.redfin.com/MA/Marshfield/134-Peregrine-White-Dr-02050/home/86091034,MLS PIN,72448437,N,Y,42.1170212,-70.6865128
MLS Listing,,Vacant Land,0 Jedediahs Path,Marshfield,MA,02050,395000,,,Marshfield,,196020,,475,,,Active,,,http://www.redfin.com/MA/Marshfield/Jedediah-s-Path-02050/home/40467163,MLS PIN,72445797,N,Y,42.1365179,-70.7443707
MLS Listing,,Vacant Land,00 Careswell St,Marshfield,MA,02050,250000,,,Marshfield,,12505,,862,,,Active,,,http://www.redfin.com/MA/MARSHFIELD/CARESWELL-ST-02050/home/86091246,MLS PIN,72267328,N,Y,42.080054,-70.657338
MLS Listing,,Vacant Land,Lot 7 Wrights Way,Marshfield,MA,02050,260000,,,Marshfield,,15232,,1063,,,Active,,,http://www.redfin.com/MA/Marshfield/7-Wright-s-Way-02050/home/124295185,MLS PIN,72183269,N,Y,42.1091348,-70.7184098
MLS Listing,,Vacant Land,Lot 6 Wrights Way,Marshfield,MA,02050,260000,,,Marshfield,,15040,,1063,,,Active,,,http://www.redfin.com/MA/Marshfield/6-Wright-s-Way-02050/home/124295182,MLS PIN,72183268,N,Y,42.1091348,-70.7184098
MLS Listing,,Vacant Land,Lot 5 Wrights Way,Marshfield,MA,02050,260000,,,Marshfield,,15010,,1063,,,Active,,,http://www.redfin.com/MA/Marshfield/5-Wright-s-Way-02050/home/102183614,MLS PIN,72183267,N,Y,42.1091348,-70.7184098
MLS Listing,,Vacant Land,Lot 4 Wrights Way,Marshfield,MA,02050,260000,,,Marshfield,,15109,,1063,,,Active,,,http://www.redfin.com/MA/Marshfield/4-Wright-s-Way-02050/home/124295160,MLS PIN,72183266,N,Y,42.1091348,-70.7184098
MLS Listing,,Vacant Land,Lot 2 Wrights Way,Marshfield,MA,02050,260000,,,Marshfield,,15095,,1063,,,Active,,,http://www.redfin.com/MA/Marshfield/2-Wright-s-Way-02050/home/124293657,MLS PIN,72183265,N,Y,42.1091348,-70.7184098
MLS Listing,,Vacant Land,Lot 10 Wrights Way,Marshfield,MA,02050,260000,,,Marshfield,,37435,,1063,,,Active,,,http://www.redfin.com/MA/Marshfield/10-Wright-s-Way-02050/home/124293618,MLS PIN,72183261,N,Y,42.1091348,-70.7184098
