SALE TYPE,SOLD DATE,PROPERTY TYPE,ADDRESS,CITY,STATE OR PROVINCE,ZIP OR POSTAL CODE,PRICE,BEDS,BATHS,LOCATION,SQUARE FEET,LOT SIZE,YEAR BUILT,DAYS ON MARKET,$/SQUARE FEET,HOA/MONTH,STATUS,NEXT OPEN HOUSE START TIME,NEXT OPEN HOUSE END TIME,URL (SEE http://www.redfin.com/buy-a-home/comparative-market-analysis FOR INFO ON PRICING),SOURCE,MLS#,FAVORITE,INTERESTED,LATITUDE,LONGITUDE
MLS Listing,,Single Family Residential,33 Ships Lantern Dr,Mashpee,MA,02649,379900,3,2.0,Mashpee,1535,11326,1973,1,247,,Active,,,http://www.redfin.com/MA/Mashpee/33-Ships-Lantern-Dr-02649/home/77424301,CCIMLS,22002733,N,Y,41.6207617,-70.4714326
MLS Listing,,Single Family Residential,48 Eagle Dr,Mashpee,MA,02649,1099000,4,3.5,Willowbend,4873,21000,2006,2,226,322,Active,,,http://www.redfin.com/MA/Mashpee/48-Eagle-Dr-02649/home/133606148,MLS PIN,72655259,N,Y,41.6174891,-70.4684109
MLS Listing,,Single Family Residential,109 Shore West Dr,Mashpee,MA,02649,2390000,5,4.5,New Seabury,3500,8641,2020,2,683,,Active,,,http://www.redfin.com/MA/Mashpee/109-Shore-Dr-W-02649/home/133694728,CCIMLS,22002716,N,Y,41.5584761,-70.4811024
MLS Listing,,Single Family Residential,111 Amos Landing Rd,Mashpee,MA,02649,539000,3,2.5,Sandalwood,1960,20081,2000,3,275,,Active,,,http://www.redfin.com/MA/Mashpee/111-Amos-Landing-Rd-02649/home/133599234,MLS PIN,72654594,N,Y,41.6087297,-70.4779407
MLS Listing,,Single Family Residential,242 Glenneagle Dr,Mashpee,MA,02649,1549000,4,3.5,New Seabury,2164,24350,1988,3,716,625,Active,,,http://www.redfin.com/MA/Mashpee/242-Glenneagle-Dr-02649/home/103981066,MLS PIN,72654580,N,Y,41.5622408,-70.4805904
MLS Listing,,Single Family Residential,240 Glenneagle Dr,Mashpee,MA,02649,2995000,4,6.0,New Seabury,4780,22869,2007,3,627,625,Active,,,http://www.redfin.com/MA/Mashpee/240-Glenneagle-Dr-02649/home/103981085,MLS PIN,72654549,N,Y,41.5623356,-70.4809158
MLS Listing,,Single Family Residential,50 Coastline Dr,Mashpee,MA,02649,4200000,5,4.5,New Seabury,3488,16700,2021,3,1204,,Active,,,http://www.redfin.com/MA/Mashpee/50-Coastline-Dr-02649/home/133694742,CCIMLS,22002697,N,Y,41.556986,-70.480681
MLS Listing,,Single Family Residential,19 Holly Rd,Mashpee,MA,02649,739000,3,2.0,New Seabury,2007,10019,1962,3,368,,Active,,,http://www.redfin.com/MA/Mashpee/19-Holly-Rd-02649/home/133608762,CCIMLS,22002688,N,Y,41.5794373,-70.4615308
MLS Listing,,Single Family Residential,128 Deerfoot Cir,Mashpee,MA,02649,359900,3,2.0,Santuit Pond Estates,1188,13504,1974,3,303,,Active,,,http://www.redfin.com/MA/Mashpee/128-Deerfoot-Cir-02649/home/77358049,CCIMLS,22002686,N,Y,41.6585116,-70.4531165
MLS Listing,,Single Family Residential,23 Ocean Bluff Dr,Mashpee,MA,02649,5495000,4,5.0,The Bluff,4393,18645,2002,4,1251,504,Active,,,http://www.redfin.com/MA/Mashpee/23-Ocean-Bluff-Dr-02649/home/109292617,MLS PIN,72654101,N,Y,41.5672361,-70.4673417
MLS Listing,,Single Family Residential,4930 Falmouth Rd,Barnstable,MA,02635,449000,3,3.5,Barnstable,2008,58806,1998,6,224,,Active,,,http://www.redfin.com/MA/Cotuit/4930-Falmouth-Rd-02635/home/110968795,MLS PIN,72653712,N,Y,41.6359306,-70.4553393
MLS Listing,,Townhouse,13 Classic Cir #13,Mashpee,MA,02649,385000,2,2.5,Mashpee (Village),1685,,2004,6,228,595,Active,,,http://www.redfin.com/MA/Mashpee/13-Classic-Cir-02649/unit-13/home/171560502,MLS PIN,72653662,N,Y,41.6257143,-70.5120367
MLS Listing,,Single Family Residential,338-352 Monomoscoy Rd,Mashpee,MA,02649,5995000,5,5.0,Mashpee,5687,153331,2013,6,1054,,Active,,,http://www.redfin.com/MA/Mashpee/338-Monomoscoy-Rd-02649/home/77526932,MLS PIN,72653348,N,Y,41.5660609,-70.5071687
MLS Listing,,Single Family Residential,43 Dover Rd,Mashpee,MA,02649,439000,3,2.0,Mashpee (Village),1428,40032,1991,6,307,7,Active,,,http://www.redfin.com/MA/Mashpee/43-Dover-Rd-02649/home/133608200,MLS PIN,72653332,N,Y,41.6006666,-70.4948614
MLS Listing,,Single Family Residential,89 Trout Brook Rd,Barnstable,MA,02635,424900,3,2.0,Barnstable,1586,22216,1975,6,268,,Active,,,http://www.redfin.com/MA/Cotuit/89-Trout-Brook-Rd-02635/home/77384693,MLS PIN,72653290,N,Y,41.6316399,-70.4500947
MLS Listing,,Single Family Residential,9 Bog River Bnd,Mashpee,MA,02649,515000,3,2.5,Mashpee,2086,23958,1996,7,247,,Active,,,http://www.redfin.com/MA/Mashpee/9-Bog-River-Bnd-02649/home/133639304,MLS PIN,72652812,N,Y,41.609516,-70.5182892
MLS Listing,,Single Family Residential,65 Bayshore Dr,Mashpee,MA,02649,1075000,4,3.0,South Mashpee,2734,22215,1993,8,393,35,Active,,,http://www.redfin.com/MA/Mashpee/65-Bayshore-Dr-02649/home/133545898,MLS PIN,72652406,N,Y,41.5783904,-70.5038329
MLS Listing,,Single Family Residential,3F Riverview Ave Unit F,Mashpee,MA,02649,368500,3,2.0,Cotuit Bay Condominiums,1600,,1981,10,230,383,Active,,,http://www.redfin.com/MA/Mashpee/3f-Riverview-Ave-02649/unit-F/home/171532614,MLS PIN,72651004,N,Y,41.6175491,-70.4514262
MLS Listing,,Single Family Residential,26 D Center St,Mashpee,MA,02649,166840,1,1.0,Mashpee,621,2,2005,12,269,,Active,,,http://www.redfin.com/MA/Mashpee/26-Center-St-02649/unit-B/home/77400945,MLS PIN,72650714,N,Y,41.648298,-70.476378
MLS Listing,,Single Family Residential,120 Gullane Rd,Mashpee,MA,02649,896000,5,3.5,Willowbend,3115,23522,1988,13,288,210,Active,,,http://www.redfin.com/MA/Mashpee/120-Gullane-Rd-02649/home/77338829,MLS PIN,72650170,N,Y,41.6235182,-70.4561847
MLS Listing,,Townhouse,11 Vineyard Reach #11,Mashpee,MA,02649,1350000,4,4.5,New Seabury,3018,,2005,14,447,1405,Active,,,http://www.redfin.com/MA/Mashpee/11-Vineyard-Reach-02649/unit-11/home/137040336,MLS PIN,72649586,N,Y,41.5613689,-70.480347
MLS Listing,,Single Family Residential,76 Walton Heath Way,Mashpee,MA,02649,629000,3,2.5,New Seabury,1924,15786,1984,14,327,52,Active,,,http://www.redfin.com/MA/Mashpee/76-Walton-Heath-Way-02649/home/88389866,MLS PIN,72649317,N,Y,41.5674936,-70.4884465
MLS Listing,,Condo/Co-op,3 Riverview Ave Unit F,Mashpee,MA,02649,368500,3,2.0,Mashpee,1400,,1981,15,263,,Active,,,http://www.redfin.com/MA/Mashpee/3-Riverview-Ave-02649/unit-F/home/133599315,CCIMLS,22002432,N,Y,41.617629,-70.451264
MLS Listing,,Townhouse,4 Bishops Park,Mashpee,MA,02649,389900,2,2.5,Mashpee,1906,,1994,16,205,,Active,,,http://www.redfin.com/MA/Mashpee/4-Bishops-Park-02649/home/133573618,CCIMLS,22002422,N,Y,41.6394919,-70.4606515
MLS Listing,,Townhouse,4 Bishops Park #4,Mashpee,MA,02649,389900,2,2.5,Mashpee (Village),1906,,1994,16,205,683,Active,,,http://www.redfin.com/MA/Mashpee/4-Bishops-Park-02649/unit-4/home/148029582,MLS PIN,72648565,N,Y,41.6378964,-70.4626384
MLS Listing,,Single Family Residential,49 Eagle Dr,Mashpee,MA,02649,775000,4,4.5,Willowbend,4091,26136,1998,18,189,325,Active,,,http://www.redfin.com/MA/Mashpee/49-Eagle-Dr-02649/home/133658256,MLS PIN,72647939,N,Y,41.6174168,-70.4675742
MLS Listing,,Single Family Residential,72 The Hts,Mashpee,MA,02649,749000,4,3.5,Willowbend,3160,20473,1995,18,237,322,Active,,,http://www.redfin.com/MA/Mashpee/72-The-Hts-02649/home/133630495,MLS PIN,72647938,N,Y,41.6160327,-70.4648314
MLS Listing,,Single Family Residential,251 Red Brook Rd,Mashpee,MA,02649,549900,3,1.5,Mashpee,1714,36939,2020,19,321,,Active,,,http://www.redfin.com/MA/Mashpee/251-Red-Brook-Rd-02649/home/77342338,CCIMLS,22002380,N,Y,41.582718,-70.492582
MLS Listing,,Single Family Residential,89 Falmouth-Sandwich Rd,Mashpee,MA,02649,439900,3,2.0,Mashpee,1500,20473,2020,19,293,,Active,,,http://www.redfin.com/MA/Mashpee/89-Falmouth-Sandwich-Rd-02649/home/109610330,CCIMLS,22002379,N,Y,41.640787,-70.535656
MLS Listing,,Single Family Residential,25 Falmouth Sandwich Rd,Sandwich,MA,02644,524900,4,3.0,Forestdale,2015,19602,2020,22,260,,Active,,,http://www.redfin.com/MA/Forestdale/25-Falmouth-Sandwich-Rd-02644/home/134822357,MLS PIN,72646789,N,Y,41.670135,-70.51528
MLS Listing,,Single Family Residential,75 Furlong Way,Barnstable,MA,02635,579000,3,1.5,Barnstable,2048,20038,1976,24,283,,Active,,,http://www.redfin.com/MA/Cotuit/75-Furlong-Way-02635/home/111092143,MLS PIN,72645738,N,Y,41.6300848,-70.4500017
MLS Listing,,Single Family Residential,82 Glenneagle,Mashpee,MA,02649,945000,3,2.0,New Seabury,1800,,1983,25,525,,Active,,,http://www.redfin.com/MA/Mashpee/82-Glenneagle-Dr-02649/home/77486451,MLS PIN,72645508,N,Y,41.5686736,-70.4763602
MLS Listing,,Mobile/Manufactured Home,300 Nathan Ellis Hwy #53,Mashpee,MA,02649,74900,2,1.0,Mashpee,690,,2001,29,109,402,Active,,,http://www.redfin.com/MA/Mashpee/300-Nathan-Ellis-Hwy-02649/unit-53/home/171344955,MLS PIN,72644166,N,Y,41.6140163,-70.5138119
MLS Listing,,Condo/Co-op,72 The Hts #72,Mashpee,MA,02649,749000,4,3.5,Mashpee,3160,,1995,30,237,,Active,,,http://www.redfin.com/MA/Mashpee/72-The-Hts-02649/unit-72/home/171337876,CCIMLS,22002211,N,Y,41.6160327,-70.4648314
MLS Listing,,Single Family Residential,835 Old Barnstable Rd,Falmouth,MA,02536,389000,4,2.0,Falmouth,1588,15000,1985,43,245,,Active,,,http://www.redfin.com/MA/East-Falmouth/835-Old-Barnstable-Rd-02536/home/113808675,MLS PIN,72639709,N,Y,41.6110584,-70.5302816
MLS Listing,,Single Family Residential,49 Camden Ln,Mashpee,MA,02649,799900,3,2.5,Country Club Estates,2593,64904,2020,48,308,,Active,,,http://www.redfin.com/MA/Mashpee/49-Camden-Ln-02649/home/133715780,CCIMLS,22001947,N,Y,41.60864,-70.46579
MLS Listing,,Single Family Residential,114 Shore Dr,Mashpee,MA,02649,2150000,4,5.5,Mashpee,3154,7841,2016,50,682,,Active,,,http://www.redfin.com/MA/Mashpee/114-Shore-Dr-02649/home/171193504,CCIMLS,22001912,N,Y,41.572217,-70.4638877
MLS Listing,,Single Family Residential,114 Shore Dr W,Mashpee,MA,02649,2150000,4,5.5,Mashpee,3154,8058,2016,50,682,,Active,,,http://www.redfin.com/MA/Mashpee/114-Shore-Dr-W-02649/home/133676263,MLS PIN,72637705,N,Y,41.5577034,-70.4812877
MLS Listing,,Single Family Residential,34 Cordwood Rd,Mashpee,MA,02649,1249000,5,3.0,Popponesset,2136,6970,1956,51,585,,Active,,,http://www.redfin.com/MA/Mashpee/34-Cordwood-Rd-02649/home/77379334,CCIMLS,22001903,N,Y,41.5763029,-70.4614378
MLS Listing,,Single Family Residential,67 Spring Brook Ln,Barnstable,MA,02635,649900,3,3.5,Cotuit Meadows,2500,10454,2014,52,260,,Active,,,http://www.redfin.com/MA/Cotuit/67-Spring-Brook-Ln-02635/home/110996260,CCIMLS,22001875,N,Y,41.6351294,-70.4642503
MLS Listing,,Single Family Residential,15 Dean's Hollow Rd,Mashpee,MA,02649,2795000,3,2.0,Popponesset,1800,6621,1999,55,1553,,Active,,,http://www.redfin.com/MA/Mashpee/15-Deans-Hollow-Rd-02649/home/133553091,MLS PIN,72636500,N,Y,41.5703124,-70.4639017
MLS Listing,,Single Family Residential,132 Shore Dr W,Mashpee,MA,02649,4650000,3,3.5,New Seabury,3995,23043,1995,55,1164,,Active,,,http://www.redfin.com/MA/Mashpee/132-Shore-Dr-W-02649/home/113865104,MLS PIN,72636395,N,Y,41.5590289,-70.4789804
MLS Listing,,Single Family Residential,56 Summersea,Mashpee,MA,02649,589000,3,2.0,Mashpee,1959,12196,1985,56,301,60,Active,,,http://www.redfin.com/MA/Mashpee/56-Summersea-Rd-02649/home/131119086,MLS PIN,72636068,N,Y,41.5838696,-70.4713396
MLS Listing,,Condo/Co-op,94 Shore Dr W Unit 1E,Mashpee,MA,02649,469000,1,1.0,New Seabury,1253,,1972,56,374,574,Active,,,http://www.redfin.com/MA/Mashpee/94-Shore-Dr-W-02649/unit-1E/home/133659082,MLS PIN,72635950,N,Y,41.5574633,-70.4792595
MLS Listing,,Townhouse,195 Falmouth Rd Unit 4D,Mashpee,MA,02649,257500,2,2.5,Mashpee,1520,,1984,56,169,460,Active,,,http://www.redfin.com/MA/Mashpee/195-Falmouth-Rd-02649/unit-4D/home/133543365,MLS PIN,72635844,N,Y,41.630961,-70.471169
MLS Listing,,Single Family Residential,98 Waterline Dr S,Mashpee,MA,02649,1395000,4,3.5,New Seabury,4163,,1988,57,335,83,Active,May-16-2020 11:00 AM,May-16-2020 12:30 PM,http://www.redfin.com/MA/Mashpee/98-Waterline-Dr-S-02649/home/108420034,MLS PIN,72635355,N,Y,41.564477,-70.5036702
MLS Listing,,Single Family Residential,71 Dovetail Ln,Barnstable,MA,02635,582500,3,2.5,Cotuit Meadows,2262,12197,2009,58,258,,Active,,,http://www.redfin.com/MA/Cotuit/71-Dovetail-Ln-02635/home/77488117,CCIMLS,22001736,N,Y,41.634524,-70.4651117
MLS Listing,,Townhouse,11 Riverview Ave Unit A,Mashpee,MA,02649,284900,2,2.5,Mashpee,1508,,1987,58,189,,Active,,,http://www.redfin.com/MA/Mashpee/11-Riverview-Ave-02649/unit-A/home/133570828,CCIMLS,22001734,N,Y,41.61995,-70.450237
MLS Listing,,Single Family Residential,40 Glenneagle Dr,Mashpee,MA,02649,1125000,4,4.0,Greensward,3240,17424,1972,59,347,52,Active,,,http://www.redfin.com/MA/Mashpee/40-Glenneagle-Dr-02649/home/133540411,MLS PIN,72634024,N,Y,41.5708529,-70.4763602
MLS Listing,,Townhouse,35 Santuit Pond Way Unit 11C,Mashpee,MA,02649,279900,2,1.5,Mashpee,1331,,1987,61,210,470,Active,,,http://www.redfin.com/MA/Mashpee/35-Santuit-Pond-Way-02649/unit-11C/home/133558416,MLS PIN,72633701,N,Y,41.6624143,-70.4579426
MLS Listing,,Condo/Co-op,72 Simons Rd Unit C,Mashpee,MA,02649,549000,2,2.0,Mashpee (Village),1661,,1995,61,331,472,Active,,,http://www.redfin.com/MA/Mashpee/72-Simons-Rd-02649/unit-C/home/77403478,MLS PIN,72633663,N,Y,41.6236619,-70.4607783
MLS Listing,,Single Family Residential,149 Wheeler Rd,Mashpee,MA,02649,439900,2,2.0,Mashpee,2272,43560,1981,62,194,,Active,,,http://www.redfin.com/MA/Mashpee/149-Wheeler-Rd-02649/home/77354467,MLS PIN,72633347,N,Y,41.6327361,-70.5269349
MLS Listing,,Single Family Residential,326 Willowbend Dr,Mashpee,MA,02649,1175000,4,3.5,Willowbend,5797,24393,2003,62,203,210,Active,,,http://www.redfin.com/MA/Mashpee/326-Willowbend-Dr-02649/home/77345969,MLS PIN,72633293,N,Y,41.6279666,-70.4559755
MLS Listing,,Single Family Residential,98 Sampsons Mill Rd,Mashpee,MA,02649,450000,3,2.0,Mashpee,1955,30928,1985,62,230,,Active,,,http://www.redfin.com/MA/Mashpee/98-Old-Mill-Rd-02649/home/133669320,MLS PIN,72633182,N,Y,41.6288204,-70.4609265
MLS Listing,,Townhouse,23 Twin Oaks Dr #23,Mashpee,MA,02649,539000,2,2.5,Mashpee (Village),2009,,2013,62,268,595,Active,,,http://www.redfin.com/MA/Mashpee/23-Twin-Oaks-Dr-02649/unit-23/home/171097968,MLS PIN,72633112,N,Y,41.6172986,-70.5127212
MLS Listing,,Townhouse,23 Twin Oaks Dr,Mashpee,MA,02649,539000,2,2.5,Mashpee,2009,,2013,62,268,595,Active,,,http://www.redfin.com/MA/Mashpee/23-Twin-Oaks-Dr-02649/home/133570189,CCIMLS,22001628,N,Y,41.6172986,-70.5127212
MLS Listing,,Single Family Residential,7 West Rd,Sandwich,MA,02644,318000,3,1.5,Forestdale,1500,4792,1954,63,212,,Active,,,http://www.redfin.com/MA/Forestdale/7-W-Rd-02644/home/77463436,CCIMLS,22001589,N,Y,41.6825953,-70.4977086
MLS Listing,,Single Family Residential,21 Bright Coves Way,Mashpee,MA,02649,1575000,3,2.0,New Seabury,1846,9104,1989,63,853,52,Active,,,http://www.redfin.com/MA/Mashpee/21-Bright-Coves-Way-02649/home/77340057,MLS PIN,72632352,N,Y,41.5814674,-70.4647385
MLS Listing,,Single Family Residential,78 Cotuit Rd,Sandwich,MA,02563,558000,4,4.0,Sandwich,2340,25700,1860,64,238,,Active,,,http://www.redfin.com/MA/Sandwich/78-Cotuit-Rd-02563/home/108556144,MLS PIN,72632065,N,Y,41.6762629,-70.4740359
MLS Listing,,Single Family Residential,65 The Hts,Mashpee,MA,02649,1095000,6,5.0,Willowbend,4530,26136,1996,64,242,297,Active,,,http://www.redfin.com/MA/Mashpee/65-The-Hts-02649/home/133637862,MLS PIN,72631921,N,Y,41.6165316,-70.4640411
MLS Listing,,Condo/Co-op,33 Sea Spray Ave,Mashpee,MA,02649,589900,2,3.0,Mashpee,2544,,2012,64,232,595,Active,,,http://www.redfin.com/MA/Mashpee/33-Sea-Spray-Ave-02649/home/133600632,CCIMLS,22001557,N,Y,41.6182877,-70.5115789
MLS Listing,,Single Family Residential,14 Shoestring Bay Rd,Mashpee,MA,02649,775000,4,3.5,Willowbend,3313,29621,2000,64,234,307,Active,,,http://www.redfin.com/MA/Mashpee/14-Shoestring-Bay-Rd-02649/home/77370919,MLS PIN,72631369,N,Y,41.6097773,-70.4617168
MLS Listing,,Single Family Residential,205 Glenneagle Dr,Mashpee,MA,02649,699000,4,3.5,Greensward,1545,20430,1966,65,452,625,Active,,,http://www.redfin.com/MA/Mashpee/205-Glenneagle-Dr-02649/home/133538639,MLS PIN,72631060,N,Y,41.5639339,-70.4823104
MLS Listing,,Condo/Co-op,23 Sea Spray Ave,Mashpee,MA,02649,550000,2,2.5,Mashpee,2068,,2011,65,266,595,Active,,,http://www.redfin.com/MA/Mashpee/23-Sea-Spray-Ave-02649/home/133647222,CCIMLS,22001528,N,Y,41.6188011,-70.5113778
MLS Listing,,Single Family Residential,59 Paddock Way,Mashpee,MA,02649,959900,4,4.5,New Seabury,4455,38986,1987,66,215,825,Active,,,http://www.redfin.com/MA/Mashpee/59-Paddock-Way-02649/home/133629302,MLS PIN,72630588,N,Y,41.5789408,-70.4687364
MLS Listing,,Townhouse,28 Milestone Way #610,Mashpee,MA,02649,529000,2,1.0,New Seabury,918,,1981,69,576,702,Active,,,http://www.redfin.com/MA/Mashpee/28-Milestone-Way-02649/unit-610/home/171029524,MLS PIN,72629648,N,Y,41.5617823,-70.4739741
MLS Listing,,Townhouse,24 Milestone Way #610,Mashpee,MA,02649,679000,2,1.0,New Seabury,902,,1981,69,753,733,Active,,,http://www.redfin.com/MA/Mashpee/24-Milestone-Way-02649/unit-610/home/171029296,MLS PIN,72629625,N,Y,41.5617754,-70.4739457
MLS Listing,,Condo/Co-op,5 Vineyard View Ln #642,Mashpee,MA,02649,475000,2,1.0,New Seabury,634,,1981,69,749,337,Active,,,http://www.redfin.com/MA/Mashpee/5-Vineyard-View-Ln-02649/unit-642/home/171029034,MLS PIN,72629596,N,Y,41.5622529,-70.474715
MLS Listing,,Single Family Residential,34 Cove Rd,Sandwich,MA,02644,1149000,5,3.5,Sandwich,3600,63598,1963,69,319,,Active,,,http://www.redfin.com/MA/Forestdale/34-Cove-Rd-02644/home/77353557,MLS PIN,72629584,N,Y,41.67581,-70.4947339
MLS Listing,,Single Family Residential,54 Gullane,Mashpee,MA,02649,1499000,4,3.5,Willowbend,4322,23522,2000,70,347,190,Active,,,http://www.redfin.com/MA/Mashpee/54-Gullane-Rd-02649/home/88736111,MLS PIN,72629170,N,Y,41.6252366,-70.4561382
MLS Listing,,Single Family Residential,49 Uncle Percys Rd,Mashpee,MA,02649,669000,3,1.0,Popponesset Beach,840,6534,1950,70,796,42,Active,,,http://www.redfin.com/MA/Mashpee/49-Uncle-Percy-s-Rd-02649/home/133584111,MLS PIN,72628793,N,Y,41.5763154,-70.4638552
MLS Listing,,Single Family Residential,184 Surf Dr,Mashpee,MA,02649,408000,3,2.0,Mashpee,1705,12027,1985,70,239,,Active,,,http://www.redfin.com/MA/Mashpee/184-Surf-Dr-02649/home/133545584,MLS PIN,72628752,N,Y,41.5862308,-70.5003466
MLS Listing,,Single Family Residential,144 Glenneagle Dr,Mashpee,MA,02649,649000,3,2.0,Greensward,1560,21344,1972,70,416,52,Active,,,http://www.redfin.com/MA/Mashpee/144-Glenneagle-Dr-02649/home/133551613,MLS PIN,72628554,N,Y,41.5662793,-70.4791958
MLS Listing,,Townhouse,18 Northwest Lndg #18,Mashpee,MA,02649,639000,2,3.5,New Seabury,1559,,2006,71,410,495,Active,,,http://www.redfin.com/MA/Mashpee/18-NW-Lndg-02649/unit-18/home/92335830,MLS PIN,72628393,N,Y,41.5637739,-70.4856159
MLS Listing,,Single Family Residential,16 Pierre Vernier Dr,Sandwich,MA,02563,385000,3,2.5,Sandwich,1568,25700,1995,71,246,,Active,,,http://www.redfin.com/MA/Sandwich/16-Pierre-Vernier-Dr-02563/home/99481581,MLS PIN,72628086,N,Y,41.6857736,-70.4888649
MLS Listing,,Single Family Residential,195 Pheasant Hill Cir,Barnstable,MA,02635,599900,3,2.0,Cotuit Meadows,1736,17424,2013,72,346,150,Active,,,http://www.redfin.com/MA/Cotuit/195-Pheasant-Hill-Cir-02635/home/110974229,MLS PIN,72627434,N,Y,41.6363101,-70.4633903
MLS Listing,,Townhouse,7 Milestone Way #626,Mashpee,MA,02649,459000,2,1.0,New Seabury,810,,1981,73,567,530,Active,,,http://www.redfin.com/MA/Mashpee/7-Milestone-Way-02649/unit-626/home/170937895,MLS PIN,72626739,N,Y,41.5624183,-70.4738106
MLS Listing,,Single Family Residential,85 Timberlane Dr,Mashpee,MA,02649,680000,3,3.0,Mashpee (Village),2184,23784,1989,74,311,,Active,,,http://www.redfin.com/MA/Mashpee/85-Timberlane-Dr-02649/home/133580729,MLS PIN,72626207,N,Y,41.6556778,-70.4638552
MLS Listing,,Single Family Residential,51 Greensward Cir,Mashpee,MA,02649,1299000,4,3.5,Greensward,4100,21796,1993,75,317,52,Active,,,http://www.redfin.com/MA/Mashpee/51-Greensward-Cir-02649/home/133564446,MLS PIN,72626009,N,Y,41.5631433,-70.4764299
MLS Listing,,Single Family Residential,197 Monomoscoy,Mashpee,MA,02649,849000,4,2.0,Mashpee,1638,8712,1981,75,518,,Active,,,http://www.redfin.com/MA/Mashpee/197-Monomoscoy-Rd-02649/home/130663611,MLS PIN,72625930,N,Y,41.5727803,-70.5024849
MLS Listing,,Single Family Residential,63 Walton Heath Way,Mashpee,MA,02649,499000,3,2.0,Greensward,1378,21344,1971,77,362,52,Active,,,http://www.redfin.com/MA/Mashpee/63-Walton-Heath-Way-02649/home/133556724,MLS PIN,72625279,N,Y,41.5666439,-70.4878887
MLS Listing,,Single Family Residential,115 Popponesset Island Rd,Mashpee,MA,02649,1295000,4,6.5,Popponesset /Bright Coves,3795,17293,2006,77,341,625,Active,,,http://www.redfin.com/MA/Mashpee/115-Popponesset-Island-Rd-02649/home/133647603,MLS PIN,72625068,N,Y,41.5812062,-70.4586718
MLS Listing,,Condo/Co-op,5 Woods Edge Ln,Mashpee,MA,02649,349900,2,2.0,Mashpee,1530,,2002,77,229,595,Active,,,http://www.redfin.com/MA/Mashpee/5-Woods-Edge-Ln-02649/home/77500542,CCIMLS,22001188,N,Y,41.6268719,-70.5104586
MLS Listing,,Condo/Co-op,5 Barneys Ave #740,Mashpee,MA,02649,399000,1,1.0,New Seabury,580,,1983,77,688,330,Active,,,http://www.redfin.com/MA/Mashpee/5-Barneys-Ave-02649/unit-740/home/170674046,MLS PIN,72624887,N,Y,41.5628098,-70.4733629
MLS Listing,,Condo/Co-op,74 Pine Hill Blvd #74,Mashpee,MA,02649,389900,2,2.0,Mashpee,1338,,2000,77,291,595,Active,,,http://www.redfin.com/MA/Mashpee/74-Pine-Hill-Blvd-02649/unit-74/home/137072375,MLS PIN,72624872,N,Y,41.623666,-70.510671
MLS Listing,,Condo/Co-op,74 Pine Hill Blvd,Mashpee,MA,02649,379900,2,2.0,Mashpee,1338,,2000,77,284,595,Active,,,http://www.redfin.com/MA/Mashpee/74-Pine-Hill-Blvd-02649/home/77412581,CCIMLS,22001186,N,Y,41.623666,-70.510671
MLS Listing,,Condo/Co-op,125 Leisure Green Dr,Mashpee,MA,02649,359900,2,2.0,Mashpee,1338,,2002,78,269,595,Active,,,http://www.redfin.com/MA/Mashpee/125-Leisure-Green-Dr-N-02649/home/133594777,CCIMLS,22001169,N,Y,41.6236591,-70.5127356
MLS Listing,,Townhouse,7 Hydrangea Ln #783,Mashpee,MA,02649,439000,2,1.5,New Seabury,840,,1986,78,523,470,Active,,,http://www.redfin.com/MA/Mashpee/7-Hydrangea-Ln-02649/unit-783/home/170670176,MLS PIN,72624410,N,Y,41.5642126,-70.4730154
MLS Listing,,Townhouse,16 Hammock Pond Rd #16,Mashpee,MA,02649,435000,2,1.5,New Seabury,840,,1983,79,518,414,Active,,,http://www.redfin.com/MA/Mashpee/16-Hammock-Pond-Rd-02649/unit-16/home/170665614,MLS PIN,72623805,N,Y,41.5635722,-70.4727473
MLS Listing,,Townhouse,7 Hydrangea Ln,Mashpee,MA,02649,439000,2,1.5,New Seabury,840,,1986,79,523,470,Active,,,http://www.redfin.com/MA/Mashpee/7-Hydrangea-Ln-02649/home/133618301,CCIMLS,22001148,N,Y,41.5642126,-70.4730154
MLS Listing,,Single Family Residential,107 Greensward Rd,Mashpee,MA,02649,995000,4,2.5,New Seabury,2022,73834,1982,79,492,625,Active,,,http://www.redfin.com/MA/Mashpee/107-Greensward-Rd-02649/home/133661533,MLS PIN,72623743,N,Y,41.5669608,-70.4743148
MLS Listing,,Single Family Residential,13 Ocean Bluff Dr,Mashpee,MA,02649,2995000,4,4.0,New Seabury,2460,14941,1991,79,1217,5000,Active,,,http://www.redfin.com/MA/Mashpee/13-Ocean-Bluff-Dr-02649/home/133655266,MLS PIN,72623714,N,Y,41.567739,-70.4667839
MLS Listing,,Single Family Residential,312 Red Brook Rd,Mashpee,MA,02649,599000,3,2.5,Mashpee,2464,32452,2004,79,243,,Active,,,http://www.redfin.com/MA/Mashpee/312-Red-Brook-Rd-02649/home/133616020,MLS PIN,72623697,N,Y,41.5820962,-70.4964884
MLS Listing,,Single Family Residential,165 Whippoorwill Cir,Mashpee,MA,02649,569000,3,3.0,Mashpee (Village),2234,13504,2001,79,255,17,Active,,,http://www.redfin.com/MA/Mashpee/165-Whippoorwill-Cir-02649/home/133600829,MLS PIN,72623647,N,Y,41.5602938,-70.504995
MLS Listing,,Condo/Co-op,20 Vineyard View Ln #636,Mashpee,MA,02649,685000,2,2.0,New Seabury,959,,1985,83,714,330,Active,,,http://www.redfin.com/MA/Mashpee/20-Vineyard-View-Ln-02649/unit-636/home/170620084,MLS PIN,72622501,N,Y,41.5631574,-70.472769
MLS Listing,,Single Family Residential,77 Tide Run,Mashpee,MA,02649,2050000,5,3.5,New Seabury,4402,16400,1998,84,466,83,Active,,,http://www.redfin.com/MA/Mashpee/77-Tide-Run-02649/home/77481043,MLS PIN,72622007,N,Y,41.5650194,-70.4994867
MLS Listing,,Single Family Residential,204 Glenneagle Dr,Mashpee,MA,02649,1025000,4,3.0,New Seabury,2210,22371,1968,84,464,52,Active,,,http://www.redfin.com/MA/Mashpee/204-Glenneagle-Dr-02649/home/133645579,MLS PIN,72621851,N,Y,41.5638276,-70.4817061
MLS Listing,,Townhouse,7 Southeast Pass #7,Mashpee,MA,02649,689000,2,3.5,Mashpee,1559,,2007,84,442,658,Active,,,http://www.redfin.com/MA/Mashpee/7-Southeast-Pass-02649/unit-7/home/170601583,MLS PIN,72621770,N,Y,41.5623734,-70.4859725
MLS Listing,,Condo/Co-op,5 Sand Dunes Ct #5,Mashpee,MA,02649,739000,3,3.5,New Seabury,1800,,1985,84,411,498,Active,,,http://www.redfin.com/MA/Mashpee/5-Sand-Dunes-Ct-02649/unit-5/home/146037691,MLS PIN,72621764,N,Y,41.5577664,-70.484996
MLS Listing,,Townhouse,41 Lanyard Way #41,Mashpee,MA,02649,599000,2,3.5,New Seabury,1535,,2009,84,390,676,Active,,,http://www.redfin.com/MA/Mashpee/12-Mall-Way-02649/unit-41/home/143974686,MLS PIN,72621758,N,Y,41.566435,-70.471389
MLS Listing,,Townhouse,36 Brant Rock Rd #36,Mashpee,MA,02649,399000,1,1.0,New Seabury,580,,1986,84,688,521,Active,,,http://www.redfin.com/MA/Mashpee/36-Brant-Rock-Rd-02649/unit-36/home/161615076,MLS PIN,72621750,N,Y,41.5632909,-70.4734731
MLS Listing,,Single Family Residential,29 Flat Pond Cir,Mashpee,MA,02649,1325000,3,2.5,Flat Pond,2415,26285,2015,84,549,,Active,,,http://www.redfin.com/MA/Mashpee/29-Flat-Pond-Cir-02649/home/77396765,MLS PIN,72621696,N,Y,41.5577011,-70.4869357
MLS Listing,,Single Family Residential,115 Shore Dr W,Mashpee,MA,02649,2100000,5,7.0,Sea Quarters,4570,9080,2008,84,460,,Active,,,http://www.redfin.com/MA/Mashpee/115-Shore-Dr-W-02649/home/77370152,MLS PIN,72621690,N,Y,41.5591864,-70.4782814
MLS Listing,,Single Family Residential,70 The Hts,Mashpee,MA,02649,979000,3,3.5,Willowbend,3838,20473,2006,85,255,322,Active,,,http://www.redfin.com/MA/Mashpee/70-The-Hts-02649/home/133646488,MLS PIN,72621526,N,Y,41.6162449,-70.4649709
MLS Listing,,Single Family Residential,48 Taurus Dr,Mashpee,MA,02649,739000,3,3.5,Mashpee,2900,20299,2000,86,255,15,Active,,,http://www.redfin.com/MA/Mashpee/48-Taurus-Dr-02649/home/77364582,MLS PIN,72620647,N,Y,41.5968464,-70.4919329
MLS Listing,,Single Family Residential,27 Rosewood Cir,Mashpee,MA,02649,797220,3,2.5,New Seabury,2302,4191,2020,87,346,,Active,,,http://www.redfin.com/MA/Mashpee/27-Rosewood-CIR-02649/home/170583020,CCIMLS,22000972,N,Y,41.574442,-70.480835
MLS Listing,,Single Family Residential,25 Rosewood Cir,Mashpee,MA,02649,797220,3,2.5,New Seabury,2302,4277,2020,87,346,,Active,,,http://www.redfin.com/MA/Mashpee/25-Rosewood-CIR-02649/home/170583010,CCIMLS,22000971,N,Y,41.574383,-70.480932
MLS Listing,,Single Family Residential,21 Rosewood Cir,Mashpee,MA,02649,748095,3,2.5,New Seabury,1960,3689,2020,87,382,,Active,,,http://www.redfin.com/MA/Mashpee/21-Rosewood-CIR-02649/home/170582964,CCIMLS,22000970,N,Y,41.57439,-70.481055
MLS Listing,,Single Family Residential,23 Rosewood Cir,Mashpee,MA,02649,768916,3,2.5,New Seabury,2121,4218,2020,87,363,,Active,,,http://www.redfin.com/MA/Mashpee/23-Rosewood-CIR-02649/home/170582933,CCIMLS,22000969,N,Y,41.574407,-70.480889
MLS Listing,,Single Family Residential,31 Rosewood Cir,Mashpee,MA,02649,768916,3,2.5,New Seabury,2121,4981,2020,87,363,,Active,,,http://www.redfin.com/MA/Mashpee/31-Rosewood-CIR-02649/home/170582857,CCIMLS,22000967,N,Y,41.574393,-70.48084
MLS Listing,,Single Family Residential,35 Rosewood Cir,Mashpee,MA,02649,768916,3,2.5,New Seabury,2121,6901,2020,87,363,,Active,,,http://www.redfin.com/MA/Mashpee/35-Rosewood-CIR-02649/home/170582856,CCIMLS,22000966,N,Y,41.574326,-70.480138
MLS Listing,,Single Family Residential,33 Rosewood Cir,Mashpee,MA,02649,774174,3,2.5,New Seabury,2144,5309,2020,87,361,,Active,,,http://www.redfin.com/MA/Mashpee/33-Rosewood-CIR-02649/home/170582813,CCIMLS,22000964,N,Y,41.574193,-70.480044
MLS Listing,,Single Family Residential,29 Rosewood Cir,Mashpee,MA,02649,774174,3,2.5,New Seabury,2144,4822,2020,87,361,,Active,,,http://www.redfin.com/MA/Mashpee/29-Rosewood-CIR-02649/home/170582798,CCIMLS,22000963,N,Y,41.574315,-70.480246
MLS Listing,,Single Family Residential,19 Rosewood Cir,Mashpee,MA,02649,774174,3,2.5,New Seabury,2144,4006,2020,87,361,,Active,,,http://www.redfin.com/MA/Mashpee/19-Rosewood-CIR-02649/home/170582789,CCIMLS,22000962,N,Y,41.574327,-70.481195
MLS Listing,,Condo/Co-op,12 Grey Hawk Dr #000,Mashpee,MA,02649,529000,2,2.0,Mashpee,1730,,2017,87,306,595,Active,,,http://www.redfin.com/MA/Mashpee/12-Grey-Hawk-Dr-02649/unit-640/home/144913449,MLS PIN,72620240,N,Y,41.6183401,-70.5091408
MLS Listing,,Townhouse,24 Milestone Way,Mashpee,MA,02649,679000,2,1.0,New Seabury,902,,1981,90,753,733,Active,,,http://www.redfin.com/MA/Mashpee/24-Milestone-Way-02649/home/108378165,CCIMLS,22000924,N,Y,41.5617754,-70.4739457
MLS Listing,,Single Family Residential,20 Cransbourne Cir,Mashpee,MA,02649,389000,3,1.5,Mashpee,1428,40990,1995,91,272,,Active,,,http://www.redfin.com/MA/Mashpee/20-Cransbourne-Cir-02649/home/77366964,MLS PIN,72619463,N,Y,41.6023739,-70.4923977
MLS Listing,,Condo/Co-op,10 Bobwhite Cres,Mashpee,MA,02649,529900,3,2.5,Mashpee,2183,,1988,91,243,536,Active,,,http://www.redfin.com/MA/Mashpee/10-Bob-White-Cres-02649/home/133619232,CCIMLS,22000884,N,Y,41.6231778,-70.4734126
MLS Listing,,Townhouse,10 Bobwhite Cres #10,Mashpee,MA,02649,529900,3,2.5,South Mashpee,2183,,1988,91,243,536,Active,,,http://www.redfin.com/MA/Mashpee/10-Bob-White-Cres-02649/unit-10/home/146488690,MLS PIN,72619330,N,Y,41.6139035,-70.4836975
MLS Listing,,Condo/Co-op,43 Grey Hawk Dr,Mashpee,MA,02649,520000,2,3.0,Mashpee,1452,,2015,91,358,595,Active,,,http://www.redfin.com/MA/Mashpee/43-Grey-Hawk-Dr-02649/home/108248774,CCIMLS,22000866,N,Y,41.6174361,-70.5105691
MLS Listing,,Condo/Co-op,43 Grey Hawk Dr #43,Mashpee,MA,02649,520000,2,3.0,Mashpee (Village),1452,,2015,91,358,595,Active,,,http://www.redfin.com/MA/Mashpee/43-Grey-Hawk-Dr-02649/unit-43/home/160670634,MLS PIN,72619027,N,Y,41.6174361,-70.5105691
MLS Listing,,Single Family Residential,12 Wintergreen Rd,Mashpee,MA,02649,550000,3,2.5,Mashpee,1888,41953,2011,93,291,,Active,,,http://www.redfin.com/MA/Mashpee/12-Wintergreen-Rd-02649/home/77369197,MLS PIN,72617936,N,Y,41.5834038,-70.491747
MLS Listing,,Single Family Residential,13 Brookside Cir,Mashpee,MA,02649,489900,3,2.5,Seabrook Shores,2157,22216,1986,94,227,16,Active,,,http://www.redfin.com/MA/Mashpee/13-Brookside-Cir-02649/home/133549649,CCIMLS,22000807,N,Y,41.5820364,-70.5023454
MLS Listing,,Condo/Co-op,74 Simons Rd Unit B,Mashpee,MA,02649,425000,1,1.0,Mashpee (Village),1022,,1995,95,416,250,Active,,,http://www.redfin.com/MA/Mashpee/74-Simons-Rd-02649/unit-B/home/77522117,MLS PIN,72617472,N,Y,41.6236619,-70.4607783
MLS Listing,,Single Family Residential,9 Matthew Rd Unit A,Mashpee,MA,02649,1125000,3,3.5,Willowbend,3295,,2020,97,341,877,Active,,,http://www.redfin.com/MA/Mashpee/Unknown-02649/unit-A/home/133677241,MLS PIN,72617125,N,Y,41.589036,-70.483935
MLS Listing,,Single Family Residential,211 Dunrobin,Mashpee,MA,02649,595000,3,2.5,Willowbend,2145,,1988,97,277,875,Active,,,http://www.redfin.com/MA/Mashpee/211-Dun-Robin-Rd-02649/home/133626641,MLS PIN,72617115,N,Y,41.632587,-70.454209
MLS Listing,,Single Family Residential,23 North Gln,Mashpee,MA,02649,1575000,4,4.5,Willowbend,5542,23086,2001,100,284,363,Active,,,http://www.redfin.com/MA/Mashpee/23-N-Glen-Dr-02649/home/77466907,MLS PIN,72615536,N,Y,41.6238837,-70.4657147
MLS Listing,,Single Family Residential,28 Lakeview Dr,Mashpee,MA,02649,859900,3,2.5,Parkside,2674,21344,2020,100,322,,Active,,,http://www.redfin.com/MA/Mashpee/28-Lakeview-Dr-02649/home/133702145,CCIMLS,22000664,N,Y,41.640236,-70.534467
MLS Listing,,Single Family Residential,134 Shore Dr W,Mashpee,MA,02649,9250000,5,5.5,New Seabury,4569,34412,1997,101,2025,104,Active,,,http://www.redfin.com/MA/Mashpee/134-Shore-Dr-W-02649/home/133586340,MLS PIN,72614843,N,Y,41.5590243,-70.4789879
MLS Listing,,Single Family Residential,159 Whippoorwill Cir,Mashpee,MA,02649,425000,3,2.0,Mashpee,2276,13591,1971,101,187,,Active,,,http://www.redfin.com/MA/Mashpee/159-Whippoorwill-Cir-02649/home/77488656,MLS PIN,72614817,N,Y,41.5602627,-70.5054599
MLS Listing,,Single Family Residential,14 Pine Ave,Mashpee,MA,02649,1385000,3,5.5,Rock Landing,2884,8015,2002,106,480,21,Active,,,http://www.redfin.com/MA/Mashpee/14-Pine-Ave-02649/home/109295842,MLS PIN,72613172,N,Y,41.5652934,-70.4712467
MLS Listing,,Single Family Residential,6 Hogan Dr,Mashpee,MA,02649,499000,3,2.5,Mashpee,2009,15290,1994,107,248,17,Active,,,http://www.redfin.com/MA/Mashpee/6-Hogan-Dr-02649/home/77380379,MLS PIN,72612619,N,Y,41.6242303,-70.4994634
MLS Listing,,Vacant Land,24 Seconsett Point Rd,Mashpee,MA,02649,675000,,,Mashpee,,33367,,107,,,Active,,,http://www.redfin.com/MA/Mashpee/24-Seconsett-Point-Rd-02649/home/77527716,MLS PIN,72612593,N,Y,41.5642039,-70.512685
MLS Listing,,Condo/Co-op,1 Sand Dunes Ct #1,Mashpee,MA,02649,500000,2,3.0,Mashpee,1800,,1985,108,278,616,Active,,,http://www.redfin.com/MA/Mashpee/1-Sand-Dunes-Ct-02649/unit-1/home/137049033,MLS PIN,72612405,N,Y,41.5577664,-70.484996
MLS Listing,,Townhouse,25 Northwest Lndg Unit .,Mashpee,MA,02649,549900,2,2.5,New Seabury,1559,,2006,108,353,625,Active,,,http://www.redfin.com/MA/Mashpee/25-NW-Lndg-02649/home/133640007,MLS PIN,72612297,N,Y,41.5634043,-70.4853198
MLS Listing,,Townhouse,7 Southeast Pass,Mashpee,MA,02649,689000,2,3.5,New Seabury,1559,,2007,110,442,658,Active,,,http://www.redfin.com/MA/Mashpee/7-SE-Pass-02649/home/133570765,CCIMLS,22000476,N,Y,41.5623734,-70.4859725
MLS Listing,,Condo/Co-op,8 Chadwick Ct,Mashpee,MA,02649,519900,2,2.0,Mashpee,2355,,2013,111,221,595,Active,,,http://www.redfin.com/MA/Mashpee/8-Chadwick-Ct-02649/home/133576383,CCIMLS,22000453,N,Y,41.6184246,-70.5101241
MLS Listing,,Condo/Co-op,36 Brant Rock Rd,Mashpee,MA,02649,399000,1,1.0,Mashpee,580,,1986,112,688,521,Active,,,http://www.redfin.com/MA/Mashpee/36-Brant-Rock-Rd-02649/home/133559418,CCIMLS,22000432,N,Y,41.5632909,-70.4734731
MLS Listing,,Single Family Residential,10 Troon Pl,Mashpee,MA,02649,837900,4,4.5,New Seabury,3203,18339,1988,114,262,800,Active,,,http://www.redfin.com/MA/Mashpee/10-Troon-Pl-02649/home/133565256,MLS PIN,72610187,N,Y,41.56327,-70.4800326
MLS Listing,,Single Family Residential,29 Ockway Bay Rd,Mashpee,MA,02649,3875000,5,6.0,Mashpee,4229,195584,1988,114,916,,Active,,,http://www.redfin.com/MA/Mashpee/29-Ockway-Bay-Rd-02649/home/133654041,MLS PIN,72610159,N,Y,41.5910508,-70.4723391
MLS Listing,,Single Family Residential,47 Hemlock Dr,Mashpee,MA,02649,499900,3,2.5,Mashpee,2000,13809,2019,114,250,,Active,,,http://www.redfin.com/MA/Mashpee/47-Hemlock-Dr-02649/home/133655510,MLS PIN,72610109,N,Y,41.651186,-70.4624143
MLS Listing,,Single Family Residential,90 Popponesset Island Rd,Mashpee,MA,02649,3995000,4,2.5,Popponesset Island,1700,24699,1996,115,2350,,Active,,,http://www.redfin.com/MA/Mashpee/90-Popponesset-Island-Rd-02649/home/133578530,MLS PIN,72609983,N,Y,41.5827624,-70.4582302
MLS Listing,,Single Family Residential,7 Vale Ln,Mashpee,MA,02649,549900,3,2.5,new seabury,1685,10629,1971,115,326,63,Active,,,http://www.redfin.com/MA/Mashpee/7-Vale-Ln-02649/home/77394506,MLS PIN,72609799,N,Y,41.5727565,-70.4775688
MLS Listing,,Townhouse,20 Hyannis Point Rd #20,Mashpee,MA,02649,434500,2,2.0,New Seabury,778,,1986,118,558,586,Active,,,http://www.redfin.com/MA/Mashpee/20-Hyannis-Point-Rd-02649/unit-20/home/138416224,MLS PIN,72609078,N,Y,41.5639036,-70.4734575
MLS Listing,,Townhouse,20 Hyannis Point Rd,Mashpee,MA,02649,434500,2,2.0,New Seabury,778,,1986,118,558,586,Active,,,http://www.redfin.com/MA/Mashpee/20-Hyannis-Point-Rd-02649/home/77409323,CCIMLS,22000316,N,Y,41.5639036,-70.4734575
MLS Listing,,Single Family Residential,8 Pocknomett St,Mashpee,MA,02649,310000,2,2.0,Mashpee,1170,11761,1972,119,265,,Active,,,http://www.redfin.com/MA/Mashpee/8-Pocknomett-St-02649/home/133626471,CCIMLS,22000308,N,Y,41.6568342,-70.4659471
MLS Listing,,Single Family Residential,1 Tiger Path,Mashpee,MA,02649,795000,3,2.5,Mashpee,2502,15682,2020,119,318,50,Active,,,http://www.redfin.com/MA/Mashpee/1-Tiger-PATH-02649/home/170581144,CCIMLS,22000301,N,Y,41.629013,-70.507172
MLS Listing,,Single Family Residential,10 Harbor Ridge Dr,Mashpee,MA,02649,887500,4,4.0,Mashpee,3311,43429,2000,119,268,50,Active,,,http://www.redfin.com/MA/Mashpee/10-Harbor-Ridge-Rd-02649/home/77363067,MLS PIN,72608751,N,Y,41.5878156,-70.476151
MLS Listing,,Single Family Residential,2 Tiger Path,Mashpee,MA,02649,799900,3,2.5,Country Club Estates,2593,18731,2020,122,308,50,Active,,,http://www.redfin.com/MA/Mashpee/2-Tiger-Path-02649/home/133672480,CCIMLS,22000174,N,Y,41.6285398,-70.5065982
MLS Listing,,Single Family Residential,66 Yardam Dr,Mashpee,MA,02649,649900,5,5.0,Mashpee,3078,14810,1987,124,211,,Active,,,http://www.redfin.com/MA/Mashpee/66-Yardarm-Dr-02649/home/133567742,MLS PIN,72606946,N,Y,41.612557,-70.4612984
MLS Listing,,Single Family Residential,125 Greensward Rd,Mashpee,MA,02649,4999500,8,8.0,New Seabury,8500,51401,1989,126,588,,Active,,,http://www.redfin.com/MA/Mashpee/125-Greensward-Rd-02649/home/133573118,CCIMLS,22000148,N,Y,41.5661066,-70.4750121
MLS Listing,,Condo/Co-op,12 Grey Hawk Dr,Mashpee,MA,02649,529000,2,2.0,Mashpee,1730,,2017,128,306,595,Active,,,http://www.redfin.com/MA/Mashpee/12-Grey-Hawk-Dr-02649/home/112503289,CCIMLS,22000113,N,Y,41.6183401,-70.5091408
MLS Listing,,Single Family Residential,9 Tudor Ter,Mashpee,MA,02649,665000,3,2.0,Mashpee,2050,30056,2020,129,324,,Active,,,http://www.redfin.com/MA/Mashpee/9-Tudor-Ter-02649/home/77342370,CCIMLS,22000059,N,Y,41.652071,-70.470398
MLS Listing,,Townhouse,12 Pacific Ave,Mashpee,MA,02649,389000,2,2.5,Mashpee,1685,,1999,132,231,595,Active,,,http://www.redfin.com/MA/Mashpee/12-Pacific-Ave-02649/home/133576089,CCIMLS,22000040,N,Y,41.623666,-70.510671
MLS Listing,,Single Family Residential,228 Wading Place Rd,Mashpee,MA,02649,3495000,2,1.0,Mashpee,700,23958,1949,132,4993,33,Active,,,http://www.redfin.com/MA/Mashpee/228-Wading-Place-Rd-02649/home/133616121,MLS PIN,72604007,N,Y,41.5771311,-70.4584626
MLS Listing,,Single Family Residential,79 Cranberry Run Rd,Falmouth,MA,02536,989500,3,3.0,Waquoit Meadows,3700,45302,2011,133,267,66,Active,,,http://www.redfin.com/MA/Falmouth/79-Cranberry-Run-Rd-02536/home/171573951,CCIMLS,22000021,N,Y,41.595064,-70.510072
MLS Listing,,Single Family Residential,88 Cayuga Ave,Mashpee,MA,02649,445000,3,1.5,Johns Pond,912,24045,1963,136,488,,Active,,,http://www.redfin.com/MA/Mashpee/88-Cayuga-Ave-02649/home/133539885,MLS PIN,72603087,N,Y,41.6265382,-70.5170807
MLS Listing,,Townhouse,124 Grey Hawk Dr #124,Mashpee,MA,02649,450000,2,2.0,Mashpee,1491,,2014,143,302,560,Active,,,http://www.redfin.com/MA/Mashpee/124-Grey-Hawk-Dr-02649/unit-124/home/170553485,MLS PIN,72602314,N,Y,41.6173883,-70.5131896
MLS Listing,,Single Family Residential,75 The Hts,Mashpee,MA,02649,1350000,4,4.5,Willowbend,3580,23086,2020,153,377,322,Active,,,http://www.redfin.com/MA/Mashpee/75-The-Hts-02649/home/133655844,MLS PIN,72600550,N,Y,41.617629,-70.465537
MLS Listing,,Single Family Residential,10 Fiddler Crab Ln,Mashpee,MA,02649,580000,4,3.0,Village of Summersea,1976,12632,1970,155,294,63,Active,,,http://www.redfin.com/MA/Mashpee/10-Fiddler-Crab-Ln-02649/home/77305027,MLS PIN,72599849,N,Y,41.5867851,-70.4682715
MLS Listing,,Vacant Land,3 Nohono,Mashpee,MA,02649,125000,,,Mashpee,,15943,,156,,,Active,,,http://www.redfin.com/MA/Mashpee/3-Nohono-Rd-02649/home/133713120,MLS PIN,72599757,N,Y,41.619387,-70.516119
MLS Listing,,Vacant Land,12 Leeshore Dr,Mashpee,MA,02649,139000,,,Seabrook Village,,14375,,157,,25,Active,,,http://www.redfin.com/MA/Mashpee/12-Leeshore-Dr-02649/home/133680017,CCIMLS,21908453,N,Y,41.5864059,-70.499018
MLS Listing,,Single Family Residential,63 Greensward Rd,Mashpee,MA,02649,1095000,5,4.5,New Seabury,5000,23958,1988,159,219,625,Active,,,http://www.redfin.com/MA/Mashpee/63-Greensward-Rd-02649/home/133647761,MLS PIN,72598952,N,Y,41.5692005,-70.4738034
MLS Listing,,Condo/Co-op,43 Sea Spray Ave,Mashpee,MA,02649,569900,2,3.0,Mashpee,2600,,2012,165,219,595,Active,,,http://www.redfin.com/MA/Mashpee/43-Sea-Spray-Ave-02649/home/133640092,CCIMLS,21908358,N,Y,41.6176521,-70.511587
MLS Listing,,Condo/Co-op,64 Gold Leaf Ln #64,Mashpee,MA,02649,599000,2,3.5,Mashpee,2404,,2004,166,249,580,Active,,,http://www.redfin.com/MA/Mashpee/64-Gold-Leaf-Ln-02649/unit-64/home/169987633,MLS PIN,72596873,N,Y,41.6151841,-70.480826
MLS Listing,,Townhouse,64 Gold Leaf Ln,Mashpee,MA,02649,599000,2,3.5,Mashpee,2404,,2004,167,249,580,Active,,,http://www.redfin.com/MA/Mashpee/64-Gold-Leaf-Ln-02649/home/133603517,CCIMLS,21908344,N,Y,41.6151841,-70.480826
MLS Listing,,Single Family Residential,59 the Hts,Mashpee,MA,02649,929000,4,4.5,Mashpee,4200,27895,1996,169,221,305,Active,,,http://www.redfin.com/MA/Mashpee/59-The-Hts-02649/home/133585905,MLS PIN,72596403,N,Y,41.6173476,-70.4638784
MLS Listing,,Single Family Residential,61 Fox Hill Rd,Mashpee,MA,02649,389900,1,2.0,Mashpee (Village),1910,12502,2004,175,204,,Active,,,http://www.redfin.com/MA/Mashpee/61-Fox-Hill-Rd-02649/home/133644302,MLS PIN,72595152,N,Y,41.658542,-70.4728737
MLS Listing,,Condo/Co-op,5 Barneys Ave,Mashpee,MA,02649,399000,1,1.0,New Seabury,580,,1983,178,688,330,Active,,,http://www.redfin.com/MA/Mashpee/5-Barneys-Ave-02649/home/77401567,CCIMLS,21908180,N,Y,41.5628098,-70.4733629
MLS Listing,,Condo/Co-op,22 Twin Oaks Dr,Mashpee,MA,02649,475000,2,2.0,Mashpee,1862,,2013,189,255,595,Active,,,http://www.redfin.com/MA/Mashpee/22-Twin-Oaks-Dr-02649/home/133570218,CCIMLS,21908027,N,Y,41.6172986,-70.5127212
MLS Listing,,Townhouse,28 Gold Leaf Ln #28,Mashpee,MA,02649,524900,2,2.5,South Mashpee,1732,,2004,191,303,545,Active,,,http://www.redfin.com/MA/Mashpee/28-Gold-Leaf-Ln-02649/unit-28/home/169653170,MLS PIN,72588909,N,Y,41.6160512,-70.4827612
MLS Listing,,Townhouse,28 Gold Leaf Ln,Mashpee,MA,02649,524900,2,2.5,Mashpee,1732,,2004,193,303,540,Active,,,http://www.redfin.com/MA/Mashpee/28-Gold-Leaf-Ln-02649/home/133639932,CCIMLS,21907947,N,Y,41.6160512,-70.4827612
MLS Listing,,Vacant Land,252 Hooppole Rd,Mashpee,MA,02649,139900,,,Mashpee,,11326,,195,,8,Active,,,http://www.redfin.com/MA/Mashpee/252-Hooppole-Rd-02649/home/77530160,CCIMLS,21907922,N,Y,41.635726,-70.523926
MLS Listing,,Single Family Residential,95 Shorewood Dr,Mashpee,MA,02649,495000,3,3.5,Mashpee,2308,10890,1995,195,214,,Active,,,http://www.redfin.com/MA/Mashpee/95-Shorewood-Dr-02649/home/132811206,CCIMLS,21907920,N,Y,41.6311582,-70.5119676
MLS Listing,,Townhouse,35 Santuit Pond Way Unit 10A,Mashpee,MA,02649,269000,2,1.5,Mashpee,1134,,1987,195,237,470,Active,,,http://www.redfin.com/MA/Mashpee/35-Santuit-Pond-Way-02649/unit-10A/home/133580570,MLS PIN,72587368,N,Y,41.6624143,-70.4579426
MLS Listing,,Condo/Co-op,43 Twin Oaks Dr #709,Mashpee,MA,02649,544000,2,3.5,Mashpee (Village),2000,,2013,198,272,580,Active,,,http://www.redfin.com/MA/Mashpee/43-Twin-Oaks-Dr-02649/unit-709/home/146709549,MLS PIN,72586024,N,Y,41.6172986,-70.5127212
MLS Listing,,Vacant Land,48 The Hts,Mashpee,MA,02649,299000,,,Mashpee (Village),,15403,,198,,3560,Active,,,http://www.redfin.com/MA/Mashpee/48-The-Hts-02649/home/133589133,MLS PIN,72585897,N,Y,41.618494,-70.464533
MLS Listing,,Single Family Residential,44 The Hts,Mashpee,MA,02649,760000,3,4.5,Willowbend,3000,16117,1996,198,253,322,Active,,,http://www.redfin.com/MA/Mashpee/44-The-Hts-02649/home/133541190,MLS PIN,72585896,N,Y,41.6187745,-70.464413
MLS Listing,,Condo/Co-op,43 Twin Oaks Dr,Mashpee,MA,02649,544000,2,3.5,Mashpee,1783,,2013,198,305,595,Active,,,http://www.redfin.com/MA/Mashpee/43-Twin-Oaks-Dr-02649/home/133572674,CCIMLS,21907828,N,Y,41.6172986,-70.5127212
MLS Listing,,Townhouse,9 A Matthew Rd Unit A,Mashpee,MA,02649,1125000,3,3.5,Willowbend,3295,,2019,202,341,877,Active,,,http://www.redfin.com/MA/Mashpee/9-A-Matthew-RD-02649/unit-A/home/169566804,CCIMLS,21907777,N,Y,41.626317,-70.460025
MLS Listing,,Vacant Land,181 Timberlane Dr,Mashpee,MA,02649,259900,,,Mashpee,,8233,,204,,,Active,,,http://www.redfin.com/MA/Mashpee/181-Timberlane-Dr-02649/home/133696389,MLS PIN,72583568,N,Y,41.660284,-70.464689
MLS Listing,,Single Family Residential,40 Little Neck Ln,Mashpee,MA,02649,1549000,4,3.0,Little Neck Bay,2400,9583,1971,205,645,60,Active,,,http://www.redfin.com/MA/Mashpee/40-Little-Neck-Ln-02649/home/133631162,MLS PIN,72583274,N,Y,41.5854443,-70.4721764
MLS Listing,,Vacant Land,143 Main St,Mashpee,MA,02649,120000,,,Mashpee,,23522,,218,,,Active,,,http://www.redfin.com/MA/Mashpee/143-Main-St-02649/home/133701650,CCIMLS,21907420,N,Y,41.644853,-70.461133
MLS Listing,,Condo/Co-op,5 Sand Dunes Ct,Mashpee,MA,02649,739000,3,4.0,New Seabury,1800,,1985,219,411,498,Active,,,http://www.redfin.com/MA/Mashpee/5-Sand-Dunes-Ct-02649/home/133618428,CCIMLS,21907392,N,Y,41.5577664,-70.484996
MLS Listing,,Single Family Residential,17 Payamps Rd,Mashpee,MA,02649,669000,4,3.5,Mashpee (Village),3171,41251,2007,223,211,,Active,,,http://www.redfin.com/MA/Mashpee/17-Payamps-Rd-02649/home/77390861,MLS PIN,72575751,N,Y,41.6259176,-70.5045767
MLS Listing,,Condo/Co-op,5 Vineyard View Ln,Mashpee,MA,02649,475000,2,1.0,New Seabury,634,,1981,225,749,337,Active,,,http://www.redfin.com/MA/Mashpee/5-Vineyard-View-Ln-02649/home/133641070,CCIMLS,21907222,N,Y,41.5622529,-70.474715
MLS Listing,,Single Family Residential,36 Bayberry Dr,Mashpee,MA,02649,306000,2,1.0,Mashpee,912,13068,1975,226,336,,Active,,,http://www.redfin.com/MA/Mashpee/36-Bayberry-Dr-02649/home/133542303,CCIMLS,21907185,N,Y,41.6582305,-70.4561498
MLS Listing,,Single Family Residential,20 The Hts,Mashpee,MA,02649,1195000,4,4.5,Willowbend,3600,17859,1995,236,332,322,Active,,,http://www.redfin.com/MA/Mashpee/20-The-Hts-02649/home/77366782,MLS PIN,72568711,N,Y,41.6200996,-70.4641574
MLS Listing,,Single Family Residential,26 Quaker Run,Mashpee,MA,02649,1625000,4,3.5,Mashpee (Village),3300,,2001,237,492,,Active,,,http://www.redfin.com/MA/Mashpee/26-Quaker-Run-Rd-02649/home/77354862,MLS PIN,72568281,N,Y,41.6075003,-70.4621119
MLS Listing,,Townhouse,28 Milestone Way,Mashpee,MA,02649,529000,2,1.0,New Seabury,918,,1981,241,576,702,Active,,,http://www.redfin.com/MA/Mashpee/28-Milestone-Way-02649/home/133654430,CCIMLS,21906778,N,Y,41.5617823,-70.4739741
MLS Listing,,Condo/Co-op,4 Kettle Ln,Mashpee,MA,02649,319000,2,2.0,Mashpee,1338,,1999,241,238,580,Active,,,http://www.redfin.com/MA/Mashpee/4-Kettle-Ln-02649/home/133543667,CCIMLS,21906772,N,Y,41.6236644,-70.51067
MLS Listing,,Vacant Land,1 Hidden Oaks Ln,Mashpee,MA,02649,185000,,,Mashpee (Village),,18453,,242,,2650,Active,,,http://www.redfin.com/MA/Mashpee/1-Hidden-Oaks-Ln-02649/home/133650284,MLS PIN,72565229,N,Y,41.63116,-70.454275
MLS Listing,,Single Family Residential,51 Eagle Ct,Mashpee,MA,02649,779000,3,1.0,Willowbend,3113,24829,2003,242,250,305,Active,,,http://www.redfin.com/MA/Mashpee/51-Eagle-Dr-02649/home/133566356,MLS PIN,72565225,N,Y,41.6170953,-70.4676672
MLS Listing,,Vacant Land,6 Eagle Dr,Mashpee,MA,02649,259000,,,Mashpee,,41121,,248,,3860,Active,,,http://www.redfin.com/MA/Mashpee/6-Eagle-Dr-02649/home/133589145,MLS PIN,72561408,N,Y,41.620952,-70.466796
MLS Listing,,Single Family Residential,35 Carter Ln,Mashpee,MA,02649,594900,3,3.0,Mashpee (Village),2666,15290,1965,249,223,,Active,,,http://www.redfin.com/MA/Mashpee/35-Carter-Ln-02649/home/133578404,MLS PIN,72561105,N,Y,41.6065957,-70.4641583
MLS Listing,,Single Family Residential,67 Cottage Ln,Mashpee,MA,02649,652981,2,2.5,New Seabury,1595,5711,2020,251,409,353,Active,,,http://www.redfin.com/MA/Mashpee/Cottage-Ln-02649/home/133678293,CCIMLS,21906526,N,Y,41.575226,-70.474196
MLS Listing,,Single Family Residential,44 Cottage Ln,Mashpee,MA,02649,618410,2,2.5,New Seabury,1422,4903,2020,251,435,353,Active,,,http://www.redfin.com/MA/Mashpee/Cottage-Ln-02649/home/133678134,CCIMLS,21906522,N,Y,41.574063,-70.475501
MLS Listing,,Single Family Residential,31 Quashnet Rd,Mashpee,MA,02649,1100000,4,3.5,Mashpee,4628,344124,1981,251,238,,Active,,,http://www.redfin.com/MA/Mashpee/31-Quashnet-Rd-02649/home/77527212,CCIMLS,21906506,N,Y,41.643119,-70.486806
MLS Listing,,Townhouse,7 Riverview Ave Unit B,Mashpee,MA,02649,279000,2,4.5,Mashpee,1515,,1981,260,184,389,Active,,,http://www.redfin.com/MA/Mashpee/7a-Riverview-Ave-02649/unit-B/home/133576203,CCIMLS,21906222,N,Y,41.6182669,-70.452088
MLS Listing,,Single Family Residential,3 Bight Cir,Mashpee,MA,02649,3995000,4,5.0,New Seabury,5381,20882,2002,268,742,625,Active,,,http://www.redfin.com/MA/Mashpee/3-Bright-Cir-02649/home/133572873,MLS PIN,72552435,N,Y,41.5837436,-70.4606011
MLS Listing,,Single Family Residential,25 Taurus Dr,Mashpee,MA,02649,719000,3,2.5,Great Hay Estates,2610,30579,2000,268,275,12,Active,,,http://www.redfin.com/MA/Mashpee/25-Taurus-Dr-02649/home/133597336,MLS PIN,72552169,N,Y,41.5977015,-70.4897481
MLS Listing,,Townhouse,41 Lanyard Way,Mashpee,MA,02649,599000,2,3.5,New Seabury,1535,,2009,276,390,676,Active,,,http://www.redfin.com/MA/Mashpee/Lanyard-Way-02649/home/133653670,CCIMLS,21905825,N,Y,41.562933,-70.485022
MLS Listing,,Single Family Residential,39 Wilsons Grv,Mashpee,MA,02649,1995000,2,2.5,Popponesset Beach,1870,4356,2019,290,1067,,Active,,,http://www.redfin.com/MA/Mashpee/39-Wilsons-Grv-02649/home/77485303,CCIMLS,21905507,N,Y,41.5739287,-70.4599037
MLS Listing,,Condo/Co-op,13 Atlantic Ct,Mashpee,MA,02649,629900,2,2.0,Mashpee,1952,,2008,301,323,595,Active,,,http://www.redfin.com/MA/Mashpee/13-Atlantic-Ct-02649/home/133625337,CCIMLS,21905262,N,Y,41.6196486,-70.5092545
MLS Listing,,Townhouse,40 Red Cedar Rd #40,Mashpee,MA,02649,398500,2,2.5,South Mashpee,1644,,1999,304,242,527,Active,,,http://www.redfin.com/MA/Mashpee/40-Red-Cedar-Rd-02649/unit-40/home/138058818,MLS PIN,72534190,N,Y,41.6139954,-70.4820387
MLS Listing,,Townhouse,40 Red Cedar Rd,Mashpee,MA,02649,398500,2,2.5,Mashpee,1644,,1999,304,242,527,Active,,,http://www.redfin.com/MA/Mashpee/40-Red-Cedar-Rd-02649/home/77499473,CCIMLS,21905142,N,Y,41.6139954,-70.4820387
MLS Listing,,Single Family Residential,115 Shore Dr,Mashpee,MA,02649,2100000,5,6.5,The Seaside,4570,9148,2008,309,460,210,Active,,,http://www.redfin.com/MA/Mashpee/115-Shore-Dr-02649/home/170362980,CCIMLS,21905039,N,Y,41.5723473,-70.4642524
MLS Listing,,Condo/Co-op,94 Shore Drive West #4008,Mashpee,MA,02649,469000,1,1.0,New Seabury,1253,,1972,318,374,574,Active,,,http://www.redfin.com/MA/Mashpee/94-Shore-Dr-W-02649/unit-4008/home/167167441,CCIMLS,21904828,N,Y,41.5574633,-70.4792595
MLS Listing,,Condo/Co-op,70 Simons Rd Unit D,Mashpee,MA,02649,849000,2,2.5,Mashpee (Village),2060,,2014,328,412,609,Active,,,http://www.redfin.com/MA/Mashpee/70-Simons-Rd-02649/unit-D/home/88364112,MLS PIN,72523370,N,Y,41.6236619,-70.4607783
MLS Listing,,Single Family Residential,55 Palmer Rd,Mashpee,MA,02649,599999,3,2.0,Mashpee,1725,12632,2019,345,348,17,Active,,,http://www.redfin.com/MA/Mashpee/55-Palmer-Rd-02649/home/77342292,CCIMLS,21904090,N,Y,41.623129,-70.5007119
MLS Listing,,Townhouse,16 Hammock Pond Rd,Mashpee,MA,02649,435000,2,1.5,New Seabury,840,,1983,349,518,414,Active,,,http://www.redfin.com/MA/Mashpee/16-Hammock-Pond-Rd-02649/home/133664811,CCIMLS,21903980,N,Y,41.5635722,-70.4727473
MLS Listing,,Single Family Residential,18 Lakeview Dr,Mashpee,MA,02649,765000,3,2.5,Mashpee,2323,23522,2020,405,329,,Active,,,http://www.redfin.com/MA/Mashpee/18-Lakeview-Dr-02649/home/133702152,CCIMLS,21902247,N,Y,41.6405869,-70.534183
MLS Listing,,Single Family Residential,161 Timberlane Dr,Mashpee,MA,02649,599000,3,2.5,Mashpee,2000,11500,2019,421,300,,Active,,,http://www.redfin.com/MA/Mashpee/161-Timberlane-Dr-02649/home/77467502,MLS PIN,72468166,N,Y,41.659265,-70.464473
MLS Listing,,Condo/Co-op,20 Vineyard View Ln,Mashpee,MA,02649,685000,2,2.0,New Seabury,959,,1985,477,714,330,Active,,,http://www.redfin.com/MA/Mashpee/20-Vineyard-View-Ln-02649/home/133562333,CCIMLS,21900418,N,Y,41.5631574,-70.472769
MLS Listing,,Single Family Residential,57 Cottage Ln,Mashpee,MA,02649,622908,2,2.5,New Seabury,1595,4835,2020,484,391,353,Active,,,http://www.redfin.com/MA/Mashpee/Cottage-Ln-02649/home/133678325,MLS PIN,72441606,N,Y,41.574308,-70.474491
MLS Listing,,Single Family Residential,69 Cottage Ln,Mashpee,MA,02649,596627,2,2.5,New Seabury,1425,5138,2020,484,419,353,Active,,,http://www.redfin.com/MA/Mashpee/Cottage-Ln-02649/home/133678282,MLS PIN,72441595,N,Y,41.575216,-70.474258
MLS Listing,,Single Family Residential,61 Cottage Ln,Mashpee,MA,02649,666084,3,2.5,New Seabury,1779,5277,2020,484,374,353,Active,,,http://www.redfin.com/MA/Mashpee/Cottage-Ln-02649/home/133678314,MLS PIN,72441577,N,Y,41.574462,-70.474263
MLS Listing,,Vacant Land,61 The Hts,Mashpee,MA,02649,229000,,,Mashpee (Village),,29944,,492,,3560,Active,,,http://www.redfin.com/MA/Mashpee/61-The-Hts-02649/home/133620287,MLS PIN,72438566,N,Y,41.617078,-70.464053
MLS Listing,,Single Family Residential,46 Simons Rd Unit A,Mashpee,MA,02649,985000,3,3.5,Willowbend,3295,,2018,497,299,644,Active,,,http://www.redfin.com/MA/Mashpee/46-Simons-Rd-02649/unit-A/home/133677024,MLS PIN,72436808,N,Y,41.6236619,-70.4607783
MLS Listing,,Vacant Land,90 West Way,Mashpee,MA,02649,189900,,,New Seabury,,21672,,627,,,Active,,,http://www.redfin.com/MA/Mashpee/90-West-Way-02649/home/77399028,MLS PIN,72384685,N,Y,41.607141,-70.482722
MLS Listing,,Townhouse,7 Milestone Way,Mashpee,MA,02649,459000,2,1.0,New Seabury,810,,1981,635,567,530,Active,,,http://www.redfin.com/MA/Mashpee/7-Milestone-Way-02649/home/133641045,CCIMLS,21806218,N,Y,41.5624183,-70.4738106
MLS Listing,,Single Family Residential,257 Monomoscoy Rd,Mashpee,MA,02649,499900,3,1.0,Mashpee,699,11718,1930,695,715,,Active,,,http://www.redfin.com/MA/Mashpee/257-Monomoscoy-Rd-02649/home/133591636,MLS PIN,72348772,N,Y,41.5704596,-70.5052623
MLS Listing,,Condo/Co-op,24 Stony Brook Dr #526,Mashpee,MA,02649,489900,2,2.0,Mashpee,1700,,2016,1350,288,580,Active,,,http://www.redfin.com/MA/Mashpee/Stony-Brook-Dr-02649/unit-526/home/108956526,CCIMLS,21607808,N,Y,41.62181,-70.512716
MLS Listing,,Single Family Residential,112 Shore West Dr,Mashpee,MA,02649,2240000,3,4.0,New Seabury,3000,8345,2014,1849,747,,Active,,,http://www.redfin.com/MA/Mashpee/112-Shore-Dr-W-02649/home/77464493,CCIMLS,21307627,N,Y,41.5578692,-70.4811134
