SALE TYPE,SOLD DATE,PROPERTY TYPE,ADDRESS,CITY,STATE OR PROVINCE,ZIP OR POSTAL CODE,PRICE,BEDS,BATHS,LOCATION,SQUARE FEET,LOT SIZE,YEAR BUILT,DAYS ON MARKET,$/SQUARE FEET,HOA/MONTH,STATUS,NEXT OPEN HOUSE START TIME,NEXT OPEN HOUSE END TIME,URL (SEE http://www.redfin.com/buy-a-home/comparative-market-analysis FOR INFO ON PRICING),SOURCE,MLS#,FAVORITE,INTERESTED,LATITUDE,LONGITUDE
MLS Listing,,Single Family Residential,21 Pleasant St,Medfield,MA,02052,579900,3,2.0,Medfield,1640,11150,1900,1,354,,Active,,,http://www.redfin.com/MA/Medfield/21-Pleasant-St-02052/home/11714994,MLS PIN,72656022,N,Y,42.1857244,-71.304612
MLS Listing,,Single Family Residential,"49 S Elm, Plain Farm",Medfield,MA,02052,1345000,5,3.5,Medfield,4077,832431,1800,1,330,,Active,,,http://www.redfin.com/MA/Medfield/49-Elm-St-02052/home/11712724,MLS PIN,72655727,N,Y,42.175829,-71.286907
MLS Listing,,Single Family Residential,32 Charlesdale St,Medfield,MA,02052,439900,3,1.0,Medfield,1200,30217,1956,4,367,,Active,,,http://www.redfin.com/MA/Medfield/32-Charlesdale-Rd-02052/home/11714078,MLS PIN,72654176,N,Y,42.1878465,-71.3218718
MLS Listing,,Single Family Residential,26 Tubwreck Dr,Medfield,MA,02052,999900,4,2.5,Medfield,4136,14291,1994,7,242,,Active,,,http://www.redfin.com/MA/Medfield/26-Tubwreck-Dr-02052/home/11718316,MLS PIN,72653159,N,Y,42.2038494,-71.2699971
MLS Listing,,Single Family Residential,36 Sunset Way,Medfield,MA,02052,759900,3,2.5,Harding,2388,9999,2020,10,318,,Active,,,http://www.redfin.com/MA/Medfield/36-Sunset-Way-02052/unit-36/home/147801681,MLS PIN,72651321,N,Y,42.1871281,-71.3041699
MLS Listing,,Single Family Residential,5 Clark Rd,Medfield,MA,02052,639900,3,2.0,Medfield,2287,25702,1963,17,280,,Active,May-17-2020 11:00 AM,May-17-2020 01:00 PM,http://www.redfin.com/MA/Medfield/5-Clark-Rd-02052/home/11712119,MLS PIN,72648382,N,Y,42.1694746,-71.3010857
MLS Listing,,Single Family Residential,10 Liberty Rd,Medfield,MA,02052,899000,4,3.5,Medfield,3986,40527,1988,21,226,,Active,,,http://www.redfin.com/MA/Medfield/10-Liberty-Rd-02052/home/11711085,MLS PIN,72647281,N,Y,42.1543282,-71.2865393
MLS Listing,,Multi-Family (2-4 Unit),37-39 Green St,Medfield,MA,02052,640000,6,3.0,Medfield,2628,39208,1960,21,244,,Active,,,http://www.redfin.com/MA/Medfield/37-Green-St-02052/home/11716167,MLS PIN,72647237,N,Y,42.1913598,-71.3059135
MLS Listing,,Vacant Land,Lot 2 Plain St,Medfield,MA,02052,395000,,,Medfield,,83082,,26,,,Active,,,http://www.redfin.com/MA/Medfield/2-Plain-St-02052/home/167131076,MLS PIN,72645390,N,Y,42.1616208,-71.2796132
MLS Listing,,Single Family Residential,122 Green St,Medfield,MA,02052,629900,4,2.5,Pine Needle Park,2203,20004,1966,28,286,,Active,May-16-2020 12:00 PM,May-16-2020 02:00 PM,http://www.redfin.com/MA/Medfield/122-Green-St-02052/home/11717194,MLS PIN,72644846,N,Y,42.200626,-71.2987773
MLS Listing,,Townhouse,4 Prentiss Pl #4,Medfield,MA,02052,600000,2,3.0,Medfield,2016,,1988,29,298,400,Active,,,http://www.redfin.com/MA/Medfield/4-Prentiss-Pl-02052/unit-4/home/171353427,MLS PIN,72644353,N,Y,42.1927314,-71.3087801
MLS Listing,,Single Family Residential,17 Boyden Rd,Medfield,MA,02052,1019900,5,3.5,Woodcliff Estates,4204,86609,1992,41,243,,Active,,,http://www.redfin.com/MA/Medfield/17-Boyden-Rd-02052/home/11717437,MLS PIN,72640773,N,Y,42.1977222,-71.2882329
MLS Listing,,Single Family Residential,2 Baker Rd,Medfield,MA,02052,949000,5,3.5,Medfield,3765,22007,1998,54,252,,Active,May-17-2020 01:00 PM,May-17-2020 03:00 PM,http://www.redfin.com/MA/Medfield/2-Baker-Rd-02052/home/11719530,MLS PIN,72636692,N,Y,42.1896077,-71.3211527
MLS Listing,,Single Family Residential,8 Hickory Dr,Medfield,MA,02052,879000,5,2.5,Medfield,3640,45663,1986,56,241,,Active,,,http://www.redfin.com/MA/Medfield/8-Hickory-Dr-02052/home/11718700,MLS PIN,72636007,N,Y,42.2124872,-71.3192736
MLS Listing,,Vacant Land,6 Belknap Rd,Medfield,MA,02052,469900,,,Medfield,,21849,,62,,,Active,,,http://www.redfin.com/MA/Medfield/6-Belknap-Rd-02052/home/11715297,MLS PIN,72633264,N,Y,42.1904882,-71.2866553
MLS Listing,,Single Family Residential,29 PLAIN St,Medfield,MA,02052,929000,4,3.0,"Lot abuts Kettle Pond Neighborhood, Community Gardens",2963,58295,1994,63,314,,Active,,,http://www.redfin.com/MA/Medfield/29-Plain-St-02052/home/11711620,MLS PIN,72632449,N,Y,42.1579121,-71.2813656
MLS Listing,,Single Family Residential,50 Sunset Way,Medfield,MA,02052,764900,3,2.5,Harding,2388,9999,2020,64,320,,Active,,,http://www.redfin.com/MA/Medfield/50-Sunset-Way-02052/unit-50/home/147859281,MLS PIN,72631668,N,Y,42.1871281,-71.3041699
MLS Listing,,Townhouse,4 MAPLE St #4,Medfield,MA,02052,869000,2,2.5,Medfield,2459,,2007,69,353,496,Active,,,http://www.redfin.com/MA/Medfield/4-Maple-St-02052/unit-4/home/145867106,MLS PIN,72629722,N,Y,42.1808231,-71.3031736
MLS Listing,,Single Family Residential,5 Thurston Pl #5,Medfield,MA,02052,749900,3,3.5,Medfield,2700,,2010,70,278,,Active,,,http://www.redfin.com/MA/Medfield/5-Thurston-Pl-02052/unit-5/home/170963671,MLS PIN,72628873,N,Y,42.1907404,-71.3045546
MLS Listing,,Single Family Residential,4 Steeplechase Dr,Medfield,MA,02052,1109000,4,3.5,Overfield,3642,48276,1994,70,305,,Active,May-17-2020 12:00 PM,May-17-2020 02:00 PM,http://www.redfin.com/MA/Medfield/4-Steeplechase-Dr-02052/home/11719391,MLS PIN,72628575,N,Y,42.215264,-71.2857737
MLS Listing,,Single Family Residential,43 SUNSET Way #43,Medfield,MA,02052,859900,4,2.5,Medfield,2613,,2020,85,329,,Active,May-17-2020 12:00 PM,May-17-2020 02:00 PM,http://www.redfin.com/MA/Medfield/43-Sunset-Way-02052/unit-43/home/147860265,MLS PIN,72621061,N,Y,42.1871281,-71.3041699
MLS Listing,,Condo/Co-op,14 Maple St #14,Medfield,MA,02052,1095000,3,3.5,Medfield,2726,,2014,87,402,650,Active,,,http://www.redfin.com/MA/Medfield/14-Maple-St-02052/unit-14/home/77511485,MLS PIN,72620501,N,Y,42.1805882,-71.3017341
MLS Listing,,Single Family Residential,11 Donnelly Dr,Medfield,MA,02052,950000,5,3.5,Donnelly Estates,4268,82676,1988,90,223,,Active,,,http://www.redfin.com/MA/Medfield/11-Donnelly-Dr-02052/home/11719258,MLS PIN,72619592,N,Y,42.214676,-71.313242
MLS Listing,,Townhouse,6 Prentiss Pl #6,Medfield,MA,02052,575000,2,3.0,Medfield,2096,,1988,91,274,323,Active,,,http://www.redfin.com/MA/Medfield/6-Prentiss-Pl-02052/unit-6/home/170568557,MLS PIN,72619148,N,Y,42.1927314,-71.3087801
MLS Listing,,Townhouse,48 SUNSET Way #48,Medfield,MA,02052,749900,3,2.5,Medfield,2338,,2020,92,321,400,Active,May-17-2020 12:00 PM,May-17-2020 02:00 PM,http://www.redfin.com/MA/Medfield/48-Sunset-Way-02052/unit-48/home/147801712,MLS PIN,72618899,N,Y,42.1871281,-71.3041699
MLS Listing,,Single Family Residential,589 Main,Medfield,MA,02052,779000,4,2.5,Medfield,2958,68314,1680,93,263,,Active,,,http://www.redfin.com/MA/Medfield/589-Main-St-02052/home/11714622,MLS PIN,72618035,N,Y,42.185378,-71.3103986
MLS Listing,,Single Family Residential,38 Sunset Way,Medfield,MA,02052,1059900,4,2.5,Harding,3600,9999,2020,94,294,,Active,,,http://www.redfin.com/MA/Medfield/38-Sunset-Way-02052/unit-38/home/147859548,MLS PIN,72617915,N,Y,42.1871281,-71.3041699
MLS Listing,,Townhouse,2 SUNSET Way #2,Medfield,MA,02052,729900,3,2.5,Harding,2338,,2019,97,312,400,Active,May-17-2020 12:00 PM,May-17-2020 02:00 PM,http://www.redfin.com/MA/Medfield/2-SUNSET-WAY-02052/unit-2/home/169629109,MLS PIN,72617234,N,Y,42.1871281,-71.3041699
MLS Listing,,Single Family Residential,2 Hale Pl,Medfield,MA,02052,875000,3,2.5,Medfield,2524,21541,2012,98,347,,Active,,,http://www.redfin.com/MA/Medfield/2-Hale-Pl-02052/home/40322000,MLS PIN,72616319,N,Y,42.1861086,-71.3022456
MLS Listing,,Single Family Residential,16 Kamark Dr,Medfield,MA,02052,799900,4,2.5,Medfield,2830,80258,1996,99,283,,Active,,,http://www.redfin.com/MA/Medfield/16-Kamark-Dr-02052/home/11720070,MLS PIN,72616070,N,Y,42.2101109,-71.3261867
MLS Listing,,Condo/Co-op,48 Pleasant St #48,Medfield,MA,02052,869000,3,3.5,Medfield,3557,,2014,105,244,,Active,,,http://www.redfin.com/MA/Medfield/48-Pleasant-St-02052/unit-48/home/169050550,MLS PIN,72613714,N,Y,42.1845312,-71.3026168
MLS Listing,,Single Family Residential,48 Pleasant St,Medfield,MA,02052,869000,3,3.5,Medfield,3557,,2014,105,244,,Active,,,http://www.redfin.com/MA/Medfield/48-Pleasant-St-02052/home/76479458,MLS PIN,72613713,N,Y,42.1845312,-71.3026168
MLS Listing,,Condo/Co-op,37 Sunset Way #37,Medfield,MA,02052,859900,4,2.5,Harding,2700,,2020,108,318,450,Active,,,http://www.redfin.com/MA/Medfield/37-Sunset-WAY-02052/unit-37/home/160597066,MLS PIN,72612298,N,Y,42.1871281,-71.3041699
MLS Listing,,Single Family Residential,36 W Mill St,Medfield,MA,02052,660000,4,3.0,Ideal Commuter Location!,2000,134961,2005,120,330,,Active,,,http://www.redfin.com/MA/Medfield/36-W-Mill-St-02052/home/11716558,MLS PIN,72608463,N,Y,42.1986754,-71.3266506
MLS Listing,,Single Family Residential,9 Hearthstone Dr,Medfield,MA,02052,735000,5,3.0,BELKNAP ESTATES,4012,23325,1961,127,183,,Active,,,http://www.redfin.com/MA/Medfield/9-Hearthstone-Dr-02052/home/11716331,MLS PIN,72605953,N,Y,42.1941193,-71.2849849
MLS Listing,,Single Family Residential,24 Maple St,Medfield,MA,02052,929000,3,3.5,Olde Village Square,3360,,2017,245,276,650,Active,,,http://www.redfin.com/MA/Medfield/24-Maple-St-02052/home/56740621,MLS PIN,72564332,N,Y,42.1797049,-71.302431
MLS Listing,,Townhouse,24 Maple St #24,Medfield,MA,02052,929000,3,3.5,Medfield,3360,,2017,282,276,650,Active,,,http://www.redfin.com/MA/Medfield/24-Maple-St-02052/unit-24/home/40351147,MLS PIN,72545933,N,Y,42.1795043,-71.3020397
MLS Listing,,Vacant Land,49 Dale St,Medfield,MA,02052,999000,,,Medfield,,128781,,283,,,Active,,,http://www.redfin.com/MA/Medfield/49-Dale-St-02052/home/45398560,MLS PIN,72545068,N,Y,42.1886999,-71.3156274
MLS Listing,,Single Family Residential,240 SOUTH St,Medfield,MA,02052,2499000,6,5.0,Magnificent private setting abutting Southern Acres,10000,77827,2003,357,250,,Active,,,http://www.redfin.com/MA/Medfield/240-South-St-02052/home/11711670,MLS PIN,72505400,N,Y,42.166319,-71.2989513
