SALE TYPE,SOLD DATE,PROPERTY TYPE,ADDRESS,CITY,STATE OR PROVINCE,ZIP OR POSTAL CODE,PRICE,BEDS,BATHS,LOCATION,SQUARE FEET,LOT SIZE,YEAR BUILT,DAYS ON MARKET,$/SQUARE FEET,HOA/MONTH,STATUS,NEXT OPEN HOUSE START TIME,NEXT OPEN HOUSE END TIME,URL (SEE http://www.redfin.com/buy-a-home/comparative-market-analysis FOR INFO ON PRICING),SOURCE,MLS#,FAVORITE,INTERESTED,LATITUDE,LONGITUDE
MLS Listing,,Single Family Residential,60 Forest St,Middleboro,MA,02346,194145,3,1.0,Middleboro,1344,10890,1956,2,144,,Active,,,http://www.redfin.com/MA/Middleborough/60-Forest-St-02346/home/16396631,MLS PIN,72654944,N,Y,41.899901,-70.9178968
MLS Listing,,Single Family Residential,100 S Main,Middleboro,MA,02346,559900,4,3.5,Middleboro,4869,43124,1840,6,115,,Active,,,http://www.redfin.com/MA/Middleborough/100-S-Main-St-02346/home/16395458,MLS PIN,72653320,N,Y,41.8875575,-70.9149276
MLS Listing,,Single Family Residential,Lot 2 Tispaquin St,Middleboro,MA,02346,524900,3,2.5,Middleboro,2016,81021,2020,7,260,,Active,,,http://www.redfin.com/MA/Middleborough/2-Tispaquin-St-02346/home/17543328,MLS PIN,72653122,N,Y,41.8641531,-70.8704144
MLS Listing,,Single Family Residential,78 Forest St,Middleboro,MA,02346,319900,3,1.0,Middleboro,1309,6534,1946,7,244,,Active,,,http://www.redfin.com/MA/Middleborough/78-Forest-St-02346/home/16396185,MLS PIN,72652703,N,Y,41.9018366,-70.9183513
MLS Listing,,Single Family Residential,143 Sproat St,Middleboro,MA,02346,330000,4,2.0,Middleboro,2884,12632,1910,10,114,,Active,,,http://www.redfin.com/MA/Middleborough/143-Sproat-St-02346/home/16396579,MLS PIN,72651372,N,Y,41.8978469,-70.9153579
MLS Listing,,Townhouse,17 Ridge Dr #17,Middleboro,MA,02346,275000,2,1.5,South Middleborough,1200,,2003,14,229,280,Active,,,http://www.redfin.com/MA/Middleborough/17-Ridge-Dr-02346/unit-17/home/145671500,MLS PIN,72649758,N,Y,41.8319011,-70.8375836
MLS Listing,,Single Family Residential,7 West St,Middleboro,MA,02346,234900,4,1.0,Middleboro,1552,12632,1880,17,151,,Active,,,http://www.redfin.com/MA/Middleborough/7-West-St-02346/home/16396129,MLS PIN,72648099,N,Y,41.8940522,-70.9212773
MLS Listing,,Single Family Residential,2602 Green St,Middleboro,MA,02346,298000,2,2.0,Oak Point,1680,,2001,17,177,748,Active,,,http://www.redfin.com/MA/Middleborough/2602-Green-St-02346/home/171427175,MLS PIN,72648066,N,Y,41.9363927,-70.9100244
MLS Listing,,Mobile/Manufactured Home,2804 Oak Pt,Middleboro,MA,02346,268900,3,2.0,Oak Point Estate,1512,10000,2000,21,178,,Active,,,http://www.redfin.com/MA/Middleborough/2804-Oak-Point-Dr-02346/home/171410574,MLS PIN,72647265,N,Y,41.9494209,-70.9007381
MLS Listing,,Vacant Land,Lot 7 John Perkins Way,Middleboro,MA,02346,185000,,,Middleboro,,86248,,30,,,Active,,,http://www.redfin.com/MA/Middleborough/Lot-7-John-Perkins-WAY-02346/home/169299700,MLS PIN,72643841,N,Y,41.875212,-70.8357792
MLS Listing,,Single Family Residential,501 Oak Point Dr,Middleboro,MA,02346,310000,3,2.0,Oak Point Active 55+ Community,1600,,2000,42,194,749,Active,,,http://www.redfin.com/MA/Middleborough/501-Oak-Point-Dr-02346/home/113381822,MLS PIN,72640540,N,Y,41.9485878,-70.8972813
MLS Listing,,Vacant Land,Lot 5 John Perkins Way,Middleboro,MA,02346,175000,,,Middleboro,,80586,,48,,,Active,,,http://www.redfin.com/MA/Middleborough/Lot-5-John-Perkins-WAY-02346/home/169298192,MLS PIN,72638621,N,Y,41.875212,-70.8357792
MLS Listing,,Multi-Family (2-4 Unit),520 Plymouth St,Middleboro,MA,02346,525000,4,2.0,Middleboro,1517,258310,1938,55,346,,Active,,,http://www.redfin.com/MA/Middleborough/520-Plymouth-St-02346/home/16399656,MLS PIN,72636171,N,Y,41.9067309,-70.8987162
MLS Listing,,Vacant Land,000 Plymouth St,Middleboro,MA,02346,525000,,,Middleboro,,258310,,55,,,Active,,,http://www.redfin.com/MA/Middleborough/Plymouth-St-02346/home/167710704,MLS PIN,72636170,N,Y,41.8883,-70.8921
MLS Listing,,Vacant Land,0 Winterberry Hill Ln,Middleboro,MA,02346,195000,,,Middleboro,,300564,,56,,,Active,,,http://www.redfin.com/MA/Middleborough/Winterberry-Hill-Ln-02346/home/130707336,MLS PIN,72636120,N,Y,41.920863,-70.9804695
MLS Listing,,Single Family Residential,25 Murdock St,Middleboro,MA,02346,290000,2,1.0,Middleboro,2220,182802,1780,59,131,,Active,,,http://www.redfin.com/MA/Middleborough/25-Murdock-St-02346/home/16394743,MLS PIN,72634202,N,Y,41.9299736,-70.9268387
MLS Listing,,Single Family Residential,38 Tarragon Ln,Middleboro,MA,02346,529900,4,2.5,Middleboro,2658,31500,2004,65,199,,Active,,,http://www.redfin.com/MA/Middleborough/38-Tarragon-Ln-02346/home/16400212,MLS PIN,72630917,N,Y,41.8243963,-70.846974
MLS Listing,,Single Family Residential,21 Erica Ave,Middleboro,MA,02346,464999,3,2.5,Middleboro,1872,31188,2020,67,248,,Active,,,http://www.redfin.com/MA/Middleborough/21-Erica-Ave-02346/home/171038361,MLS PIN,72630180,N,Y,41.9024056,-70.9367394
MLS Listing,,Single Family Residential,27 John Perkins Way,Middleboro,MA,02346,565900,3,2.5,Middleboro,2080,80150,2020,69,272,,Active,,,http://www.redfin.com/MA/Middleborough/27-John-Perkins-WAY-02346/home/171031251,MLS PIN,72629721,N,Y,41.875212,-70.8357792
MLS Listing,,Single Family Residential,166 Plymouth St,Middleboro,MA,02346,779900,5,3.5,Middleboro,4539,80000,1986,69,172,,Active,May-17-2020 12:00 PM,May-17-2020 02:00 PM,http://www.redfin.com/MA/Middleborough/166-Plymouth-St-02346/home/16394777,MLS PIN,72629568,N,Y,41.931083,-70.9522897
MLS Listing,,Vacant Land,6 Christina Way,Middleboro,MA,02346,225000,,,Middleboro,,109322,,69,,,Active,,,http://www.redfin.com/MA/Middleborough/6-Christina-WAY-02346/home/171027419,MLS PIN,72629458,N,Y,41.875212,-70.8357792
MLS Listing,,Vacant Land,4 Christina Way,Middleboro,MA,02346,175900,,,Middleboro,,83406,,69,,,Active,,,http://www.redfin.com/MA/Middleborough/4-Christina-WAY-02346/home/171026219,MLS PIN,72629329,N,Y,41.875212,-70.8357792
MLS Listing,,Vacant Land,3 Christina Way,Middleboro,MA,02346,165900,,,Middleboro,,80019,,69,,,Active,,,http://www.redfin.com/MA/Middleborough/3-Christina-WAY-02346/home/171026160,MLS PIN,72629320,N,Y,41.875212,-70.8357792
MLS Listing,,Vacant Land,2 Christina Way,Middleboro,MA,02346,165900,,,Middleboro,,80078,,70,,,Active,,,http://www.redfin.com/MA/Middleborough/2-Christina-WAY-02346/home/160568800,MLS PIN,72629186,N,Y,41.875212,-70.8357792
MLS Listing,,Vacant Land,1 Christina Way,Middleboro,MA,02346,175900,,,Middleboro,,79714,,72,,,Active,,,http://www.redfin.com/MA/Middleborough/1-Christina-WAY-02346/home/160568718,MLS PIN,72627212,N,Y,41.875212,-70.8357792
MLS Listing,,Single Family Residential,3501 Island Dr,Middleboro,MA,02346,264900,3,2.0,Middleboro,1496,10858,2000,73,177,756,Active,,,http://www.redfin.com/MA/Middleborough/3501-Island-Dr-02346/home/18967462,MLS PIN,72626781,N,Y,41.942674,-70.906664
MLS Listing,,Vacant Land,Lot 6 Rhode Island Rd,Lakeville,MA,02347,150000,,,Lakeville,,70131,,73,,,Active,,,http://www.redfin.com/MA/Lakeville/6-Rhode-Island-Rd-02347/home/169893196,MLS PIN,72626485,N,Y,41.8807247,-70.9233575
MLS Listing,,Single Family Residential,51 Cedar St,Middleboro,MA,02346,509400,3,2.0,Middleboro,1648,304048,2020,76,309,,Active,May-17-2020 10:00 AM,May-17-2020 12:00 PM,http://www.redfin.com/MA/Middleborough/51-Cedar-St-02346/home/170707502,MLS PIN,72625754,N,Y,41.9307217,-70.8467188
MLS Listing,,Single Family Residential,Lot 7 Thrush Hollow Ln,Middleboro,MA,02346,599999,4,2.5,Thrush Hollow,2176,60000,2020,77,276,,Active,,,http://www.redfin.com/MA/Middleborough/Lot-7-Thrush-Hollow-LN-02346/home/170681295,MLS PIN,72625359,N,Y,41.875212,-70.8357792
MLS Listing,,Single Family Residential,50 View St,Middleboro,MA,02346,399899,3,2.5,Middleboro,1632,6750,2020,83,245,,Active,,,http://www.redfin.com/MA/Middleborough/50-View-St-02346/home/76481005,MLS PIN,72622272,N,Y,41.902789,-70.894075
MLS Listing,,Single Family Residential,2 Whitetail Ln,Middleboro,MA,02346,589900,3,2.0,Middleboro,1805,80000,2020,86,327,,Active,,,http://www.redfin.com/MA/Middleborough/2-White-Tail-Ln-02346/home/160471146,MLS PIN,72620780,N,Y,41.8936782,-70.8701859
MLS Listing,,Single Family Residential,Lot 12 Christina Way,Middleboro,MA,02346,620000,3,2.0,Middleboro,1805,83635,2020,90,343,,Active,,,http://www.redfin.com/MA/Middleboro/Lot-12-Christina-WAY-02346/home/170334587,MLS PIN,72619666,N,Y,41.875212,-70.8357792
MLS Listing,,Single Family Residential,9 Southwick St,Middleboro,MA,02346,256500,4,1.0,Middleboro,1391,8712,1900,100,184,,Active,,,http://www.redfin.com/MA/Middleborough/9-Southwick-St-02346/home/16395585,MLS PIN,72615371,N,Y,41.8913624,-70.9163804
MLS Listing,,Single Family Residential,17 Prospect St,Middleboro,MA,02346,449900,5,2.0,Middleboro,3404,51836,1920,108,132,,Active,,,http://www.redfin.com/MA/Middleborough/17-Prospect-St-02346/home/16450310,MLS PIN,72612196,N,Y,41.8841051,-70.916455
MLS Listing,,Single Family Residential,38 Beach St,Middleboro,MA,02346,390000,3,2.0,Middleboro,1708,217650,1850,117,228,,Active,,,http://www.redfin.com/MA/Middleborough/38-Beach-St-02346/home/16396784,MLS PIN,72609435,N,Y,41.822332,-70.774663
MLS Listing,,Vacant Land,Lot 10 Christina Way,Middleboro,MA,02346,165000,,,Middleboro,,79714,,118,,,Active,,,http://www.redfin.com/MA/Middleboro/Lot-10-Christina-WAY-02346/home/170334586,MLS PIN,72609218,N,Y,41.875212,-70.8357792
MLS Listing,,Single Family Residential,Lot 10 Stony Point Rd,Middleboro,MA,02346,498900,3,2.5,Middleboro,2016,32974,2020,121,247,,Active,,,http://www.redfin.com/MA/Middleborough/Lot-10-Stony-Point-Rd-02346/home/170280108,MLS PIN,72607670,N,Y,41.822825,-70.8817501
MLS Listing,,Single Family Residential,Lot 14 Pocksha Dr,Middleboro,MA,02346,498900,3,2.5,Middleboro,2016,30199,2020,122,247,,Active,,,http://www.redfin.com/MA/Middleborough/14-Pocksha-Dr-02346/home/167710775,MLS PIN,72607328,N,Y,41.8223466,-70.880909
MLS Listing,,Vacant Land,0 West Grv,Middleboro,MA,02346,165000,,,Middleboro,,28314,,130,,,Active,,,http://www.redfin.com/MA/MIDDLEBORO/W-GROVE-ST-02346/home/76481018,MLS PIN,72604593,N,Y,41.899936,-70.946893
MLS Listing,,Mobile/Manufactured Home,13 Kevin Dr,Middleboro,MA,02346,89000,1,1.0,Hillcrest Mobile Home Park,560,2800,2019,145,159,330,Active,,,http://www.redfin.com/MA/Middleborough/13-Kevin-Dr-02346/home/170151608,MLS PIN,72600864,N,Y,41.87885,-70.901765
MLS Listing,,Vacant Land,Lot 6 Holton Way,Middleboro,MA,02346,279900,,,Middleboro,,102816,,201,,,Active,,,http://www.redfin.com/MA/Middleborough/Lot-6-Holton-WAY-02346/home/169583050,MLS PIN,72585126,N,Y,41.875212,-70.8357792
MLS Listing,,Vacant Land,0 Chestnut St,Middleboro,MA,02346,174900,,,Middleboro,,80000,,227,,,Active,,,http://www.redfin.com/MA/Middleborough/Chestnut-St-02346/home/39579996,MLS PIN,72572508,N,Y,41.8888505,-70.8567145
MLS Listing,,Vacant Land,65 & 0 River St,Middleboro,MA,02346,2000000,,,Middleboro,,3851275,,236,,,Active,,,http://www.redfin.com/MA/Middleborough/65-0-River-St-02346/home/170272208,MLS PIN,72568710,N,Y,41.9584389,-70.911001
MLS Listing,,Single Family Residential,16 Wilder St,Middleboro,MA,02346,365900,4,2.0,Middleboro,1600,10454,1950,274,229,,Active,,,http://www.redfin.com/MA/Middleborough/16-Wilder-St-02346/home/16399564,MLS PIN,72549934,N,Y,41.9026106,-70.8939242
MLS Listing,,Single Family Residential,Lot 11 Holton Way,Middleboro,MA,02346,639900,4,2.5,Holton Estates,2472,110846,2019,293,259,,Active,,,http://www.redfin.com/MA/Middleborough/Lot-11-Holton-WAY-02346/unit-11/home/167958069,MLS PIN,72540798,N,Y,41.875212,-70.8357792
MLS Listing,,Vacant Land,0 River St,Middleboro,MA,02346,95000,,,Middleboro,,231153,,293,,,Active,,,http://www.redfin.com/MA/Middleborough/River-St-02346/home/144770925,MLS PIN,72540428,N,Y,41.9584364,-70.9109696
MLS Listing,,Vacant Land,64 Spruce St,Middleboro,MA,02346,698500,,,Middleboro,,10454400,,307,,,Active,,,http://www.redfin.com/MA/Middleborough/64-Spruce-St-02346/home/167264473,MLS PIN,72533488,N,Y,41.8169107,-70.829287
MLS Listing,,Vacant Land,Lot 0 Highland St (off),Middleboro,MA,02346,450000,,,Middleboro,,1524600,,357,,,Active,,,http://www.redfin.com/MA/Middleborough/Lot-0-Highland-St-02346/home/166817196,MLS PIN,72505691,N,Y,41.8192222,-70.8505059
MLS Listing,,Single Family Residential,2707 Green St,Middleboro,MA,02346,300000,3,2.0,Oak Point Community,1568,,2008,366,191,727,Active,,,http://www.redfin.com/MA/Middleborough/2707-Green-St-02346/home/166594010,MLS PIN,72499740,N,Y,41.9364011,-70.9100144
MLS Listing,,Single Family Residential,287 N Main St,Middleboro,MA,02346,269900,4,2.0,Middleboro,1898,26571,1900,380,142,,Active,,,http://www.redfin.com/MA/Middleborough/287-N-Main-St-02346/home/16395684,MLS PIN,72490811,N,Y,41.8964759,-70.9042922
MLS Listing,,Vacant Land,92 E Grove St,Middleboro,MA,02346,174900,,,Middleboro,,65227,,385,,,Active,,,http://www.redfin.com/MA/Middleborough/92-E-Grove-St-02346/home/16398128,MLS PIN,72488393,N,Y,41.879426,-70.897294
MLS Listing,,Single Family Residential,285 W Grove St,Middleboro,MA,02346,900000,9,3.5,Middleboro,7726,40075,1968,398,116,,Active,,,http://www.redfin.com/MA/Middleborough/285-W-Grove-St-02346/home/16399571,MLS PIN,72481924,N,Y,41.8934485,-70.939378
MLS Listing,,Vacant Land,529 Wareham St,Middleboro,MA,02346,895000,,,Middleboro,,1752418,,402,,,Active,,,http://www.redfin.com/MA/Middleborough/529-Wareham-St-02346/home/40275040,MLS PIN,72478598,N,Y,41.8295028,-70.8347708
MLS Listing,,Vacant Land,525 Wareham St,Middleboro,MA,02346,550000,,,Middleboro,,809780,,402,,,Active,,,http://www.redfin.com/MA/Middleborough/525-Wareham-St-02346/home/16397111,MLS PIN,72478596,N,Y,41.8299125,-70.8354309
MLS Listing,,Vacant Land,Lot A Benson St,Middleboro,MA,02346,399900,,,Middleboro,,1176120,,429,,,Active,,,http://www.redfin.com/MA/Middleborough/Lot-A-Benson-St-02346/home/160670812,MLS PIN,72463906,N,Y,41.8217138,-70.8404117
MLS Listing,,Vacant Land,00 Chestnut St,Middleboro,MA,02346,300000,,,Middleboro,,370260,,462,,,Active,,,http://www.redfin.com/MA/MIDDLEBORO/CHESTNUT-ST-02346/home/76481024,MLS PIN,72450660,N,Y,41.895908,-70.869695
MLS Listing,,Single Family Residential,00 Holton Way,Middleboro,MA,02346,849900,3,2.5,Holton Estates,2400,80000,2020,493,354,,Active,,,http://www.redfin.com/MA/MIDDLEBORO/HOLTON-WAY-02346/home/148600360,MLS PIN,72437721,N,Y,41.888,-70.8919
