SALE TYPE,SOLD DATE,PROPERTY TYPE,ADDRESS,CITY,STATE OR PROVINCE,ZIP OR POSTAL CODE,PRICE,BEDS,BATHS,LOCATION,SQUARE FEET,LOT SIZE,YEAR BUILT,DAYS ON MARKET,$/SQUARE FEET,HOA/MONTH,STATUS,NEXT OPEN HOUSE START TIME,NEXT OPEN HOUSE END TIME,URL (SEE http://www.redfin.com/buy-a-home/comparative-market-analysis FOR INFO ON PRICING),SOURCE,MLS#,FAVORITE,INTERESTED,LATITUDE,LONGITUDE
MLS Listing,,Townhouse,2 Tuckerdale Way #2,Millis,MA,02054,445000,3,2.5,Millis,1960,,2015,63,227,350,Active,,,http://www.redfin.com/MA/Millis/2-Tuckerdale-Way-02054/unit-2/home/62612326,MLS PIN,72632413,N,Y,42.1732184,-71.356877
MLS Listing,,Single Family Residential,2 Glen Pines Way,Millis,MA,02054,1075000,5,4.5,Millis,5777,470448,2002,70,186,,Active,,,http://www.redfin.com/MA/Millis/2-Glen-Pines-Way-02054/home/11495200,MLS PIN,72628619,N,Y,42.1795442,-71.399599
MLS Listing,,Townhouse,12 Pondview #12,Millis,MA,02054,279900,2,1.5,Millis,1040,,1988,1,269,340,Active,May-14-2020 05:00 PM,May-14-2020 06:30 PM,http://www.redfin.com/MA/Millis/12-Pondview-02054/unit-12/home/113229289,MLS PIN,72655518,N,Y,42.1705028,-71.3626473
MLS Listing,,Single Family Residential,333 Union St,Millis,MA,02054,331000,3,2.0,Millis,1482,19166,1948,5,223,,Active,,,http://www.redfin.com/MA/Millis/333-Union-St-02054/home/11487234,MLS PIN,72653904,N,Y,42.1748198,-71.3603788
MLS Listing,,Townhouse,10 Charles Way #0138,Millis,MA,02054,599995,2,2.5,Millis,2294,,2020,8,262,430,Active,,,http://www.redfin.com/MA/Millis/10-Charles-Way-02054/unit-0138/home/171553136,MLS PIN,72652327,N,Y,42.18653,-71.3959696
MLS Listing,,Townhouse,15 Cedar Sq #15,Millis,MA,02054,248150,2,1.5,Millis,1080,3920,1982,10,230,285,Active,,,http://www.redfin.com/MA/Millis/15-Cedar-Sq-02054/unit-15/home/171531757,MLS PIN,72650927,N,Y,42.1724874,-71.3605234
MLS Listing,,Condo/Co-op,120 Glen Ellen Blvd #63,Millis,MA,02054,759995,2,2.0,Millis,2034,,2020,26,374,430,Active,,,http://www.redfin.com/MA/Millis/120-Glen-Ellen-Blvd-02054/unit-63/home/171374044,MLS PIN,72645325,N,Y,42.1853662,-71.396333
MLS Listing,,Single Family Residential,29 Pearl St,Millis,MA,02054,729900,4,2.5,Millis,2400,49838,2020,33,304,70,Active,,,http://www.redfin.com/MA/Millis/29-Pearl-St-02054/home/109860824,MLS PIN,72643063,N,Y,42.154307,-71.373004
MLS Listing,,Single Family Residential,34 Acorn St,Millis,MA,02054,739900,4,3.5,Millis,3200,25000,2020,36,231,,Active,,,http://www.redfin.com/MA/Millis/34-Acorn-St-02054/home/170580866,MLS PIN,72642049,N,Y,42.156364,-71.369471
MLS Listing,,Townhouse,34 Charles Way #126,Millis,MA,02054,596995,2,2.5,Millis,2499,,2020,59,239,430,Active,,,http://www.redfin.com/MA/Millis/34-Charles-Way-02054/unit-126/home/169584847,MLS PIN,72634270,N,Y,42.18653,-71.3959696
MLS Listing,,Townhouse,32 Charles Way #0127,Millis,MA,02054,662995,2,2.5,Millis,2441,,2020,59,272,430,Active,May-16-2020 11:00 AM,May-16-2020 04:00 PM,http://www.redfin.com/MA/Millis/32-Charles-Way-02054/unit-0127/home/169584835,MLS PIN,72634267,N,Y,42.18653,-71.3959696
MLS Listing,,Townhouse,36 Charles Way #0125,Millis,MA,02054,658995,2,2.5,Millis,2294,,2020,59,287,430,Active,May-16-2020 11:00 AM,May-16-2020 04:00 PM,http://www.redfin.com/MA/Millis/36-Charles-Way-02054/unit-125/home/169584850,MLS PIN,72634261,N,Y,42.18653,-71.3959696
MLS Listing,,Single Family Residential,105 Irving,Millis,MA,02054,459900,3,1.5,Millis,1355,7841,1910,66,339,,Active,,,http://www.redfin.com/MA/Millis/105-Irving-St-02054/home/11487552,MLS PIN,72630210,N,Y,42.1730209,-71.3569922
MLS Listing,,Single Family Residential,15 Ridge St,Millis,MA,02054,549900,5,2.5,Millis,2350,43124,1994,71,234,,Active,,,http://www.redfin.com/MA/Millis/15-Ridge-St-02054/home/11488615,MLS PIN,72628036,N,Y,42.1687253,-71.3665025
MLS Listing,,Single Family Residential,233 Plain St,Millis,MA,02054,484900,4,2.0,Millis,2151,27007,1960,77,225,,Active,,,http://www.redfin.com/MA/Millis/233-Plain-St-02054/home/11490386,MLS PIN,72625224,N,Y,42.1629541,-71.3551134
MLS Listing,,Townhouse,28 Charles Way #0129,Millis,MA,02054,552995,2,2.5,Millis,2499,,2020,79,221,430,Active,,,http://www.redfin.com/MA/Millis/28-Charles-Way-02054/unit-0129/home/170665259,MLS PIN,72623754,N,Y,42.18653,-71.3959696
MLS Listing,,Townhouse,30 Charles Way #0128,Millis,MA,02054,595995,2,2.5,Millis,2294,,2020,79,260,430,Active,,,http://www.redfin.com/MA/Millis/30-Charles-Way-02054/unit-0128/home/170665017,MLS PIN,72623740,N,Y,42.18653,-71.3959696
MLS Listing,,Townhouse,8 Acorn Pl #8,Millis,MA,02054,474900,2,2.5,Millis,2066,1089000,2020,84,230,325,Active,,,http://www.redfin.com/MA/Millis/8-Acorn-St-02054/unit-8/home/171043920,MLS PIN,72621922,N,Y,42.1609057,-71.3698994
MLS Listing,,Single Family Residential,13 Bogastow Cir,Millis,MA,02054,649500,4,2.5,Millis,2950,79279,1984,86,220,,Active,,,http://www.redfin.com/MA/Millis/13-Bogastow-Cir-02054/home/11494786,MLS PIN,72620894,N,Y,42.179268,-71.3844553
MLS Listing,,Condo/Co-op,32 Jameson #317,Millis,MA,02054,824995,2,2.0,Millis,2711,,2019,118,304,430,Active,May-16-2020 11:00 AM,May-16-2020 04:00 PM,http://www.redfin.com/MA/Millis/32-Jameson-Dr-02054/unit-317/home/170334821,MLS PIN,72609241,N,Y,42.1836386,-71.3973474
MLS Listing,,Townhouse,19 Acorn Pl #19,Millis,MA,02054,464900,2,2.5,Millis,2066,1089000,2019,119,225,332,Active,,,http://www.redfin.com/MA/Millis/19-Acorn-St-02054/unit-19/home/171043965,MLS PIN,72608537,N,Y,42.1600071,-71.370044
MLS Listing,,Townhouse,15 Acorn Pl #15,Millis,MA,02054,474900,2,2.5,Millis,2066,1089000,2019,119,230,325,Active,,,http://www.redfin.com/MA/Millis/15-Acorn-St-02054/unit-15/home/171043964,MLS PIN,72608536,N,Y,42.1609057,-71.3698994
MLS Listing,,Vacant Land,Lot 1C Frontier Ln,Millis,MA,02054,275000,,,Millis,,64511,,120,,100,Active,,,http://www.redfin.com/MA/Millis/Lot-1C-Frontier-Ln-02054/home/167875205,MLS PIN,72608200,N,Y,42.1876992,-71.3595676
MLS Listing,,Townhouse,20 Acorn Pl #20,Millis,MA,02054,464900,2,2.5,Millis,2066,1089000,2020,120,225,332,Active,,,http://www.redfin.com/MA/Millis/20-Acorn-St-02054/unit-20/home/170303522,MLS PIN,72608188,N,Y,42.1607283,-71.3699384
MLS Listing,,Single Family Residential,11 Granite Dr,Millis,MA,02054,569900,4,2.5,Millis,2464,142877,2001,129,231,,Active,,,http://www.redfin.com/MA/Millis/11-Granite-Dr-02054/home/11495171,MLS PIN,72604806,N,Y,42.1358896,-71.3651107
MLS Listing,,Townhouse,24 Acorn Pl #24,Millis,MA,02054,474900,2,2.5,Millis,2066,1089000,2020,153,230,346,Active,,,http://www.redfin.com/MA/Millis/24-Acorn-St-02054/unit-24/home/170074315,MLS PIN,72600549,N,Y,42.1581341,-71.3687292
MLS Listing,,Townhouse,22 Henry Way #0099,Millis,MA,02054,659995,2,2.5,Millis,2441,,2020,164,270,430,Active,,,http://www.redfin.com/MA/Millis/22-Henry-Way-02054/unit-0099/home/169992380,MLS PIN,72597221,N,Y,42.1861026,-71.39465
MLS Listing,,Townhouse,20 Henry Way #100,Millis,MA,02054,649995,2,2.5,Millis,2294,,2020,211,283,430,Active,,,http://www.redfin.com/MA/Millis/20-Henry-Way-02054/unit-100/home/169437116,MLS PIN,72580568,N,Y,42.1861026,-71.39465
MLS Listing,,Townhouse,2 Lansing Way #0085,Millis,MA,02054,629995,2,2.5,Millis,2441,,2019,241,258,430,Active,,,http://www.redfin.com/MA/Millis/2-Lansing-Way-02054/unit-0085/home/169078803,MLS PIN,72565713,N,Y,42.1852782,-71.3943592
MLS Listing,,Townhouse,8 Lansing Way #82,Millis,MA,02054,634995,2,2.5,Millis,2441,,2019,254,260,430,Active,May-16-2020 12:00 PM,May-16-2020 03:00 PM,http://www.redfin.com/MA/Millis/8-Lansing-Way-02054/unit-82/home/168868517,MLS PIN,72558115,N,Y,42.1852782,-71.3943592
MLS Listing,,Townhouse,10 Lansing Way #81,Millis,MA,02054,639995,2,2.5,Millis,2294,,2020,260,279,430,Active,,,http://www.redfin.com/MA/Millis/10-Lansing-Way-02054/unit-81/home/168806015,MLS PIN,72555984,N,Y,42.1852782,-71.3943592
MLS Listing,,Townhouse,2 Acorn Pl #2,Millis,MA,02054,589900,3,2.5,Millis,2421,1089000,2019,276,244,395,Active,,,http://www.redfin.com/MA/Millis/2-Acorn-St-02054/unit-2/home/168641346,MLS PIN,72548386,N,Y,42.1609057,-71.3698994
MLS Listing,,Condo/Co-op,22 Jameson Dr #312,Millis,MA,02054,718995,3,3.0,Millis,2700,,2020,277,266,430,Active,,,http://www.redfin.com/MA/Millis/22-Jameson-Dr-02054/unit-312/home/168639335,MLS PIN,72548191,N,Y,42.1834803,-71.3979812
MLS Listing,,Condo/Co-op,38 Jameson Dr #0320,Millis,MA,02054,642995,2,2.0,Millis,1713,,2019,333,375,430,Active,,,http://www.redfin.com/MA/Millis/38-Jameson-Dr-02054/unit-0320/home/167101522,MLS PIN,72519710,N,Y,42.1834803,-71.3979812
MLS Listing,,Townhouse,6 Lansing Way #0083,Millis,MA,02054,599995,2,2.5,Millis,2566,,2019,333,234,430,Active,,,http://www.redfin.com/MA/Millis/6-Lansing-Way-02054/unit-0083/home/167101470,MLS PIN,72519699,N,Y,42.1852782,-71.3943592
MLS Listing,,Townhouse,20 Lansing Way #0078,Millis,MA,02054,619995,2,2.5,Millis,2294,,2019,333,270,430,Active,,,http://www.redfin.com/MA/Millis/20-Lansing-Way-02054/unit-0078/home/167101445,MLS PIN,72519693,N,Y,42.1852,-71.398094
MLS Listing,,Vacant Land,326 Orchard St,Millis,MA,02054,325000,,,Millis,,637290,,660,,,Active,,,http://www.redfin.com/MA/Millis/326-Orchard-St-02054/home/146413398,MLS PIN,72367473,N,Y,42.1900289,-71.3644815
New Construction Home,,Townhouse,10 Charles Way,Millis,MA,02054,599995,2,2.5,Regency at Glen Ellen - The Carriage Collection,2264,,2020,3,265,,Active,,,http://www.redfin.com/MA/Millis/Charles-Way-02054/home/167723209,NewHomeSource.com,1877255,N,Y,42.1852,-71.370562
New Construction Home,,Townhouse,36 Charles Way,Millis,MA,02054,652995,2,2.5,Regency at Glen Ellen - The Carriage Collection,2366,,2020,21,276,,Active,,,http://www.redfin.com/MA/Millis/Charles-Way-02054/home/160385443,NewHomeSource.com,1869064,N,Y,42.1852,-71.370562
New Construction Home,,Townhouse,32 Charles Way,Millis,MA,02054,651995,2,3.0,Regency at Glen Ellen - The Carriage Collection,2463,,2020,21,265,,Active,,,http://www.redfin.com/MA/Millis/Charles-Way-02054/home/167723198,NewHomeSource.com,1869065,N,Y,42.1852,-71.370562
New Construction Home,,Townhouse,34 Charles Way,Millis,MA,02054,596995,2,2.5,Regency at Glen Ellen - The Carriage Collection,2522,,2020,21,237,,Active,,,http://www.redfin.com/MA/Millis/Charles-Way-02054/home/167723197,NewHomeSource.com,1869066,N,Y,42.1852,-71.370562
New Construction Home,,Single Family Residential,120 Glen Ellen Blvd,Millis,MA,02054,759995,2,2.0,Regency at Glen Ellen - The Villa Collection,2034,,2020,23,374,,Active,,,http://www.redfin.com/MA/Millis/Glen-Ellen-Blvd-02054/home/167723131,NewHomeSource.com,1868021,N,Y,42.187241,-71.395834
New Construction Home,,Townhouse,30 Charles Way,Millis,MA,02054,595995,2,2.5,Regency at Glen Ellen - The Carriage Collection,2364,,2020,69,252,,Active,,,http://www.redfin.com/MA/Millis/Charles-Way-02054/home/167723199,NewHomeSource.com,1836757,N,Y,42.1852,-71.370562
New Construction Home,,Townhouse,28 Charles Way,Millis,MA,02054,552995,2,2.5,Regency at Glen Ellen - The Carriage Collection,2499,,2020,69,221,,Active,,,http://www.redfin.com/MA/Millis/Charles-Way-02054/home/167723200,NewHomeSource.com,1836758,N,Y,42.1852,-71.370562
New Construction Home,,Single Family Residential,32 Jameson Dr,Millis,MA,02054,824995,3,3.0,Regency at Glen Ellen - The Villa Collection,2711,,2020,106,304,,Active,,,http://www.redfin.com/MA/Millis/Jameson-Dr-02054/home/167723369,NewHomeSource.com,1810071,N,Y,42.187241,-71.395834
New Construction Home,,Townhouse,22 Henry Way,Millis,MA,02054,655995,2,2.5,Regency at Glen Ellen - The Carriage Collection,2507,,2019,148,262,,Active,,,http://www.redfin.com/MA/Millis/Henry-Way-02054/home/167723166,NewHomeSource.com,1782514,N,Y,42.1852,-71.370562
New Construction Home,,Townhouse,20 Henry Way,Millis,MA,02054,649995,2,2.5,Regency at Glen Ellen - The Carriage Collection,2348,,2019,205,277,,Active,,,http://www.redfin.com/MA/Millis/Henry-Way-02054/home/167723167,NewHomeSource.com,1749903,N,Y,42.1852,-71.370562
New Construction Home,,Townhouse,2 Lansing Way,Millis,MA,02054,629995,2,2.5,Regency at Glen Ellen - The Carriage Collection,2441,,2019,237,258,,Active,,,http://www.redfin.com/MA/Millis/Lansing-Way-02054/home/167723152,NewHomeSource.com,1729144,N,Y,42.1852,-71.370562
New Construction Home,,Townhouse,10 Lansing Way,Millis,MA,02054,639995,2,2.5,Regency at Glen Ellen - The Carriage Collection,2364,,2019,238,271,,Active,,,http://www.redfin.com/MA/Millis/Lansing-Way-02054/home/167723148,NewHomeSource.com,1727187,N,Y,42.1852,-71.370562
New Construction Home,,Townhouse,8 Lansing Way,Millis,MA,02054,634995,2,2.5,Regency at Glen Ellen - The Carriage Collection,2441,,2019,238,260,,Active,,,http://www.redfin.com/MA/Millis/Lansing-Way-02054/home/167723149,NewHomeSource.com,1727188,N,Y,42.1852,-71.370562
New Construction Home,,Townhouse,6 Lansing Way,Millis,MA,02054,599995,2,2.0,Regency at Glen Ellen - The Carriage Collection,1893,,2019,238,317,,Active,,,http://www.redfin.com/MA/Millis/Lansing-Way-02054/home/167723150,NewHomeSource.com,1727865,N,Y,42.1852,-71.370562
New Construction Home,,Townhouse,20 Lansing Way,Millis,MA,02054,619995,2,2.5,Regency at Glen Ellen - The Carriage Collection,2364,,2019,306,262,,Active,,,http://www.redfin.com/MA/Millis/Lansing-Way-02054/home/160385396,NewHomeSource.com,1682260,N,Y,42.1852,-71.370562
New Construction Plan,,Single Family Residential,Binghamton,Millis,MA,02054,658995,2,2.0,Regency at Glen Ellen - The Villa Collection,1827,,,,361,,Active,,,http://www.redfin.com/MA/Millis/Regency-at-Glen-Ellen-The-Villa-Collection/Binghamton/home/169965545,NewHomeSource.com,Plan-121562291,N,Y,42.1841909,-71.3942645
New Construction Plan,,Single Family Residential,Hammond,Millis,MA,02054,714995,3,3.0,Regency at Glen Ellen - The Villa Collection,2679,,,,267,,Active,,,http://www.redfin.com/MA/Millis/Regency-at-Glen-Ellen-The-Villa-Collection/Hammond/home/169965546,NewHomeSource.com,Plan-121562290,N,Y,42.1841909,-71.3942645
New Construction Plan,,Townhouse,Bethel,Millis,MA,02054,562995,2,2.0,Regency at Glen Ellen - The Carriage Collection,1864,,,,302,,Active,,,http://www.redfin.com/MA/Millis/Regency-at-Glen-Ellen-The-Carriage-Collection/Bethel/home/169902670,NewHomeSource.com,Plan-111562305,N,Y,42.1841909,-71.3942645
New Construction Plan,,Townhouse,Vaughn,Millis,MA,02054,552995,2,2.5,Regency at Glen Ellen - The Carriage Collection,2499,,,,221,,Active,,,http://www.redfin.com/MA/Millis/Regency-at-Glen-Ellen-The-Carriage-Collection/Vaughn/home/169873636,NewHomeSource.com,Plan-111562304,N,Y,42.1841909,-71.3942645
New Construction Plan,,Townhouse,Stanway,Millis,MA,02054,559995,2,2.5,Regency at Glen Ellen - The Carriage Collection,2761,,,,203,,Active,,,http://www.redfin.com/MA/Millis/Regency-at-Glen-Ellen-The-Carriage-Collection/Stanway/home/169965537,NewHomeSource.com,Plan-111562303,N,Y,42.1841909,-71.3942645
New Construction Plan,,Townhouse,Braxton,Millis,MA,02054,599995,2,2.5,Regency at Glen Ellen - The Carriage Collection,2566,,,,234,,Active,,,http://www.redfin.com/MA/Millis/Regency-at-Glen-Ellen-The-Carriage-Collection/Braxton/home/169965538,NewHomeSource.com,Plan-111562301,N,Y,42.1841909,-71.3942645
New Construction Plan,,Townhouse,Barron,Millis,MA,02054,595995,2,2.5,Regency at Glen Ellen - The Carriage Collection,2441,,,,244,,Active,,,http://www.redfin.com/MA/Millis/Regency-at-Glen-Ellen-The-Carriage-Collection/Barron/home/169894557,NewHomeSource.com,Plan-111562300,N,Y,42.1841909,-71.3942645
New Construction Plan,,Townhouse,Abram,Millis,MA,02054,553995,2,2.5,Regency at Glen Ellen - The Carriage Collection,2555,,,,217,,Active,,,http://www.redfin.com/MA/Millis/Regency-at-Glen-Ellen-The-Carriage-Collection/Abram/home/169965539,NewHomeSource.com,Plan-111562299,N,Y,42.1841909,-71.3942645
New Construction Plan,,Townhouse,Kington,Millis,MA,02054,589995,2,2.5,Regency at Glen Ellen - The Carriage Collection,2294,,,,257,,Active,,,http://www.redfin.com/MA/Millis/Regency-at-Glen-Ellen-The-Carriage-Collection/Kington/home/169879650,NewHomeSource.com,Plan-111562298,N,Y,42.1841909,-71.3942645
New Construction Plan,,Single Family Residential,Farmington,Millis,MA,02054,699995,3,3.0,Regency at Glen Ellen - The Villa Collection,2497,,,,280,,Active,,,http://www.redfin.com/MA/Millis/Regency-at-Glen-Ellen-The-Villa-Collection/Farmington/home/169965540,NewHomeSource.com,Plan-111562297,N,Y,42.1841909,-71.3942645
New Construction Plan,,Single Family Residential,Fairhaven,Millis,MA,02054,665995,2,2.0,Regency at Glen Ellen - The Villa Collection,1908,,,,349,,Active,,,http://www.redfin.com/MA/Millis/Regency-at-Glen-Ellen-The-Villa-Collection/Fairhaven/home/169911805,NewHomeSource.com,Plan-111562296,N,Y,42.1841909,-71.3942645
New Construction Plan,,Single Family Residential,Stockton,Millis,MA,02054,695995,3,3.0,Regency at Glen Ellen - The Villa Collection,2485,,,,280,,Active,,,http://www.redfin.com/MA/Millis/Regency-at-Glen-Ellen-The-Villa-Collection/Stockton/home/169965541,NewHomeSource.com,Plan-111562295,N,Y,42.1841909,-71.3942645
New Construction Plan,,Single Family Residential,Stamford,Millis,MA,02054,648995,2,2.0,Regency at Glen Ellen - The Villa Collection,1713,,,,379,,Active,,,http://www.redfin.com/MA/Millis/Regency-at-Glen-Ellen-The-Villa-Collection/Stamford/home/169965542,NewHomeSource.com,Plan-111562294,N,Y,42.1841909,-71.3942645
New Construction Plan,,Single Family Residential,Lehigh,Millis,MA,02054,655995,2,2.0,Regency at Glen Ellen - The Villa Collection,1844,,,,356,,Active,,,http://www.redfin.com/MA/Millis/Regency-at-Glen-Ellen-The-Villa-Collection/Lehigh/home/169965543,NewHomeSource.com,Plan-111562293,N,Y,42.1841909,-71.3942645
New Construction Plan,,Single Family Residential,Bronson,Millis,MA,02054,702995,3,3.0,Regency at Glen Ellen - The Villa Collection,2530,,,,278,,Active,,,http://www.redfin.com/MA/Millis/Regency-at-Glen-Ellen-The-Villa-Collection/Bronson/home/169965544,NewHomeSource.com,Plan-111562292,N,Y,42.1841909,-71.3942645
