SALE TYPE,SOLD DATE,PROPERTY TYPE,ADDRESS,CITY,STATE OR PROVINCE,ZIP OR POSTAL CODE,PRICE,BEDS,BATHS,LOCATION,SQUARE FEET,LOT SIZE,YEAR BUILT,DAYS ON MARKET,$/SQUARE FEET,HOA/MONTH,STATUS,NEXT OPEN HOUSE START TIME,NEXT OPEN HOUSE END TIME,URL (SEE http://www.redfin.com/buy-a-home/comparative-market-analysis FOR INFO ON PRICING),SOURCE,MLS#,FAVORITE,INTERESTED,LATITUDE,LONGITUDE
MLS Listing,,Vacant Land,368 Stream Rd,Monroe,ME,04951,29999,,,Monroe,,47480,,85,,,Active,,,http://www.redfin.com/ME/Monroe/368-Stream-Rd-04951/home/109729526,MREIS,1444865,N,Y,44.6116279,-69.0112057
MLS Listing,,Vacant Land,01 Fisher Rd,Monroe,ME,04951,24999,,,Monroe,,54450,,85,,,Active,,,http://www.redfin.com/ME/Monroe/01-Fisher-RD-04951/home/170595596,MREIS,1444864,N,Y,44.6143012,-69.0435851
MLS Listing,,Vacant Land,00 Fisher Rd,Monroe,ME,04951,24999,,,Monroe,,54450,,85,,,Active,,,http://www.redfin.com/ME/Monroe/Fisher-Rd-04951/home/170595591,MREIS,1444863,N,Y,44.6123262,-68.9757067
MLS Listing,,Single Family Residential,,Monroe,ME,04951,140000,2,1.0,,1080,74052,1973,164,130,7,Active,,,http://www.redfin.com/ME/Monroe/Undisclosed-address-04951/home/169998766,MREIS,1440164,N,Y,44.6143012,-69.0435851
MLS Listing,,Single Family Residential,448 Swanlake Ave,Monroe,ME,04951,279000,3,1.5,Monroe,1744,1263240,1876,181,160,,Active,,,http://www.redfin.com/ME/Monroe/448-Swan-Lake-Ave-04951/home/82652225,MREIS,1439107,N,Y,44.5856858,-69.0082346
MLS Listing,,Single Family Residential,203 Curtis Rd,Monroe,ME,04951,229000,4,2.0,Monroe,1715,1350360,1900,241,134,,Active,,,http://www.redfin.com/ME/Monroe/203-Curtis-Rd-04951/home/68995613,MREIS,1433189,N,Y,44.5693114,-69.0198018
MLS Listing,,Single Family Residential,275 E Dixmont Rd,Monroe,ME,04951,165000,2,1.0,Monroe,1152,1219680,2007,298,143,,Active,,,http://www.redfin.com/ME/Monroe/275-E-Dixmont-Rd-04951/home/109729683,MREIS,1425706,N,Y,44.6536374,-69.0727347
MLS Listing,,Vacant Land,00 E E. Dixmont Rd,Monroe,ME,04951,15000,,,Monroe,,106722,,309,,,Active,,,http://www.redfin.com/ME/Monroe/E-Dixmont-Rd-Unknown/home/103641222,MREIS,1423872,N,Y,44.651326,-69.077078
MLS Listing,,Single Family Residential,120 E Dixmont Rd,Monroe,ME,04951,620000,3,2.0,Monroe,2275,8402724,1860,321,273,,Active,,,http://www.redfin.com/ME/Monroe/120-E-Dixmont-Rd-04951/home/109729883,MREIS,1422211,N,Y,44.6408257,-69.082407
MLS Listing,,Vacant Land,Lot 16 Thistle Pond,Monroe,ME,04951,34900,,,Monroe,,435600,,357,,,Active,,,http://www.redfin.com/ME/Monroe/Lot-16-Thistle-Pond-04951/home/167168195,MREIS,1416011,N,Y,44.580802,-69.0465687
MLS Listing,,Vacant Land,0 Monroe Rd,Monroe,ME,04951,35000,,,Monroe,,670824,,650,,,Active,,,http://www.redfin.com/ME/Monroe/0-Monroe-Rd-04951/home/147110852,MREIS,1364520,N,Y,44.6143012,-69.0435851
MLS Listing,,Vacant Land,0 Garden Rd,Monroe,ME,04951,24900,,,Monroe,,284446,,658,,,Active,,,http://www.redfin.com/ME/Monroe/Garden-Rd-04951/home/81799218,MREIS,1363205,N,Y,44.59978,-69.038874
