SALE TYPE,SOLD DATE,PROPERTY TYPE,ADDRESS,CITY,STATE OR PROVINCE,ZIP OR POSTAL CODE,PRICE,BEDS,BATHS,LOCATION,SQUARE FEET,LOT SIZE,YEAR BUILT,DAYS ON MARKET,$/SQUARE FEET,HOA/MONTH,STATUS,NEXT OPEN HOUSE START TIME,NEXT OPEN HOUSE END TIME,URL (SEE http://www.redfin.com/buy-a-home/comparative-market-analysis FOR INFO ON PRICING),SOURCE,MLS#,FAVORITE,INTERESTED,LATITUDE,LONGITUDE
MLS Listing,,Single Family Residential,49 Blanchard Rd,Monson,ME,04464,299900,4,2.5,Monson,3090,378971,1920,13,97,,Active,,,http://www.redfin.com/ME/Monson/49-Blanchard-Rd-04464/home/85789543,MREIS,1450940,N,Y,45.2822494,-69.5011459
MLS Listing,,Single Family Residential,0 Doe Pond Access Rd,Monson,ME,04464,275000,1,,Monson,360,4530240,2011,14,764,,Active,,,http://www.redfin.com/ME/Monson/Doe-Pond-Access-RD-04464/home/171475105,MREIS,1450682,N,Y,45.271939,-69.545838
MLS Listing,,Vacant Land,TBD Greenville Rd,Monson,ME,04464,19900,,,Monson,,76230,,15,,,Active,,,http://www.redfin.com/ME/Monson/TBD-Greenville-Rd-Unknown/home/167096433,MREIS,1450604,N,Y,45.3188104,-69.5336798
MLS Listing,,Vacant Land,Lot 50 N North Guilford Rd,Monson,ME,04464,14000,,,Monson,,43560,,65,,,Active,,,http://www.redfin.com/ME/Monson/50-N-Guilford-Rd-04464/home/171049763,MREIS,1446761,N,Y,45.2846883,-69.4980494
MLS Listing,,Vacant Land,Lot 6B Jackson Brook Ln,Monson,ME,04464,60000,,,Monson,,2831400,,256,,,Active,,,http://www.redfin.com/ME/Monson/Lot-6B-Jackson-Brook-Ln-04464/home/168861857,MREIS,1431494,N,Y,45.277262,-69.5562948
MLS Listing,,Vacant Land,Lot 6A Jackson Brook Ln,Monson,ME,04464,60000,,,Monson,,2831400,,258,,,Active,,,http://www.redfin.com/ME/Monson/Lot-6A-Jackson-Brook-Ln-04464/home/168844244,MREIS,1431374,N,Y,45.277262,-69.5562948
MLS Listing,,Vacant Land,Lot 5 Jackson Brook Ln,Monson,ME,04464,60000,,,Monson,,2613600,,259,,,Active,,,http://www.redfin.com/ME/Monson/Lot-5-Jackson-Brook-Ln-04464/home/168818946,MREIS,1431175,N,Y,45.277262,-69.5562948
MLS Listing,,Single Family Residential,267 Blanchard Rd,Monson,ME,04464,35000,3,,Monson,920,21780,1904,261,38,,Active,,,http://www.redfin.com/ME/Monson/267-Blanchard-Rd-04464/home/85788819,MREIS,1430920,N,Y,45.2687128,-69.5155614
MLS Listing,,Single Family Residential,82 Jackson Brook Ln,Monson,ME,04464,475000,5,2.0,Monson,2350,1176120,1994,272,202,,Active,,,http://www.redfin.com/ME/Monson/Jackson-Brook-Ln-04464/home/66710211,MREIS,1429567,N,Y,45.277262,-69.5562948
MLS Listing,,Single Family Residential,999 Pingree L141 LocF,T8 R10 WELS,ME,00000,82000,2,,T8 R10 WELS,876,,1991,286,94,,Active,,,http://www.redfin.com/ME/T8-R10-WELS/999-Pingree-L141-LocF-Unknown/home/168191148,MREIS,1427550,N,Y,45.253783,-69.4454689
MLS Listing,,Single Family Residential,748 Blanchard Rd,Blanchard Twp,ME,04464,225000,3,1.0,Blanchard Twp,1200,217800,1999,359,188,,Active,,,http://www.redfin.com/ME/Monson/748-Blanchard-Rd-04464/home/166763644,MREIS,1415407,N,Y,45.267988,-69.5619984
MLS Listing,,Single Family Residential,41 Thomas Rd,Monson,ME,04406,549900,3,2.0,Monson,3000,662112,1999,582,183,,Active,,,http://www.redfin.com/ME/Monson/41-Thomas-Rd-04464/home/85788992,MREIS,1373417,N,Y,45.3203657,-69.4900866
MLS Listing,,Vacant Land,0 Map 5 Lot 25 Tenny Hill Rd,Monson,ME,04464,18450,,,Monson,,435600,,618,,,Active,,,http://www.redfin.com/ME/Monson/25-Tenny-Hill-Rd-04464/home/170362595,MREIS,1368794,N,Y,45.2852375,-69.4988362
MLS Listing,,Single Family Residential,21 Island Rd,Monson,ME,04464,185000,1,1.0,Monson,588,57499,2010,654,315,,Active,,,http://www.redfin.com/ME/Monson/21-Island-Rd-04464/home/85789739,MREIS,1363761,N,Y,45.2828561,-69.5246465
MLS Listing,,Single Family Residential,7 Slate Trl,Monson,ME,04464,260000,3,1.5,Monson,1172,104544,2006,666,222,30,Active,,,http://www.redfin.com/ME/Monson/7-Slate-TRL-Unknown/home/146413025,MREIS,1360881,N,Y,45.2869936,-69.5011619
MLS Listing,,Single Family Residential,49 Slate Trl,Monson,ME,04464,275000,4,2.0,Monson,2400,67953,2005,1021,115,30,Active,,,http://www.redfin.com/ME/Monson/49-Slate-TRL-Unknown/home/146207423,MREIS,1319559,N,Y,45.2869936,-69.5011619
MLS Listing,,Vacant Land,15 Monson Pond Rd,Monson,ME,04464,109500,,,Monson,,93218,,1043,,,Active,,,http://www.redfin.com/ME/Monson/15-Unknown/home/146207839,MREIS,1315940,N,Y,45.2994585,-69.5136929
MLS Listing,,Vacant Land,11-03 Eighteen Quarry Rd,Monson,ME,04464,86000,,,Monson,,1873080,,1057,,30,Active,,,http://www.redfin.com/ME/Monson/11-03-Island-Rd-04464/home/146410257,MREIS,1313900,N,Y,45.2840139,-69.5265335
MLS Listing,,Vacant Land,0 Water Street Ext,Monson,ME,04464,1200000,,,Monson,,47916000,,1058,,,Active,,,http://www.redfin.com/ME/Monson/Water-St-04464/home/85789387,MREIS,1312129,N,Y,45.2876681,-69.494544
MLS Listing,,Vacant Land,Lot 2 Tenney Hill Rd,Monson,ME,04464,25000,,,Monson,,87120,,1434,,,Active,,,http://www.redfin.com/ME/Monson/2-Tenney-Hill-Rd-04464/unit-2/home/66673527,MREIS,1268732,N,Y,45.2505594,-69.4927676
MLS Listing,,Vacant Land,Lot 1 Tenney Hill Rd,Monson,ME,04464,25000,,,Monson,,87120,,1434,,,Active,,,http://www.redfin.com/ME/Monson/1-Tenney-Hill-Rd-04464/unit-1/home/66673525,MREIS,1268729,N,Y,45.2505594,-69.4927676
MLS Listing,,Vacant Land,6 Barrow's Falls Rd,Monson,ME,04464,169000,,,Monson,,8232840,,1701,,,Active,,,http://www.redfin.com/ME/Monson/6-Barrow-s-Falls-Rd-04464/home/146885872,MREIS,1238046,N,Y,45.2869936,-69.5011619
