SALE TYPE,SOLD DATE,PROPERTY TYPE,ADDRESS,CITY,STATE OR PROVINCE,ZIP OR POSTAL CODE,PRICE,BEDS,BATHS,LOCATION,SQUARE FEET,LOT SIZE,YEAR BUILT,DAYS ON MARKET,$/SQUARE FEET,HOA/MONTH,STATUS,NEXT OPEN HOUSE START TIME,NEXT OPEN HOUSE END TIME,URL (SEE http://www.redfin.com/buy-a-home/comparative-market-analysis FOR INFO ON PRICING),SOURCE,MLS#,FAVORITE,INTERESTED,LATITUDE,LONGITUDE
MLS Listing,,Single Family Residential,87 Larkin Rd,Newbury,MA,01922,695000,4,2.5,Newbury,2827,217364,1987,1,246,,Active,,,http://www.redfin.com/MA/Newbury/87-Larkin-Rd-01922/home/8320085,MLS PIN,72656126,N,Y,42.7478264,-70.9444486
MLS Listing,,Single Family Residential,51 Central,Newbury,MA,01922,580000,3,2.5,Byfield,2703,40017,1982,2,215,,Active,,,http://www.redfin.com/MA/Newbury/51-Central-St-01922/home/11341387,MLS PIN,72655152,N,Y,42.7515144,-70.9338033
MLS Listing,,Single Family Residential,43 Hanover,Newbury,MA,01951,699500,3,2.5,Upper Green,2771,217800,1959,2,252,,Active,May-17-2020 11:00 AM,May-17-2020 01:00 PM,http://www.redfin.com/MA/Newbury/43-Hanover-St-01951/home/8328718,MLS PIN,72655044,N,Y,42.7938781,-70.8675573
MLS Listing,,Single Family Residential,6 Fatherland Dr,Newbury,MA,01922,975000,5,4.0,Newbury,4744,246550,2003,3,206,,Active,,,http://www.redfin.com/MA/Newbury/6-Fatherland-Dr-01922/home/8330551,MLS PIN,72654498,N,Y,42.7435729,-70.9337115
MLS Listing,,Single Family Residential,34 Caldwell Farm Rd #34,Newbury,MA,01922,599900,2,3.0,Newbury,3293,,2006,8,182,654,Active,,,http://www.redfin.com/MA/Newbury/34-Caldwell-Farm-Rd-01922/unit-34/home/113230089,MLS PIN,72652477,N,Y,42.7473154,-70.9095559
MLS Listing,,Single Family Residential,16 Knobb Hl,Newbury,MA,01922,985000,5,4.0,Newbury,5003,179032,1988,12,197,,Active,,,http://www.redfin.com/MA/Newbury/16-Knobb-Hl-01922/home/8320484,MLS PIN,72650651,N,Y,42.7529808,-70.955632
MLS Listing,,Single Family Residential,1 Wilshire Rd,Newbury,MA,01951,2775000,5,5.5,Newbury,6233,18138,2014,23,445,,Active,,,http://www.redfin.com/MA/Newburyport/Unknown-01951/home/78681684,MLS PIN,72646168,N,Y,42.797693,-70.854215
MLS Listing,,Single Family Residential,5 Hanover St,Newbury,MA,01951,895000,2,1.0,Upper Green,2235,442134,1664,26,400,,Active,,,http://www.redfin.com/MA/Newbury/5-Hanover-St-01951/home/8328981,MLS PIN,72645344,N,Y,42.7951369,-70.8616338
MLS Listing,,Single Family Residential,116 Orchard St,Newbury,MA,01922,795000,3,2.5,Byfield,2597,56628,1978,30,306,,Active,,,http://www.redfin.com/MA/Newbury/116-Orchard-St-01922/home/8321216,MLS PIN,72643677,N,Y,42.7575187,-70.9201975
MLS Listing,,Vacant Land,277 High Rd Lot 4,Newbury,MA,01951,475000,,,Newbury,,43924,,45,,,Active,,,http://www.redfin.com/MA/Newbury/277-High-Rd-01951/unit-4/home/171264003,MLS PIN,72639192,N,Y,42.7660299,-70.8464851
MLS Listing,,Single Family Residential,21 River St,Newbury,MA,01922,879000,4,4.5,Newbury,3747,160301,1996,69,235,,Active,,,http://www.redfin.com/MA/Newbury/21-River-St-01922/home/8320354,MLS PIN,72629690,N,Y,42.7537412,-70.9505836
MLS Listing,,Single Family Residential,43 Fatherland Dr,Newbury,MA,01922,874900,5,4.5,Newbury,4279,50965,2003,71,204,,Active,,,http://www.redfin.com/MA/Newbury/43-Fatherland-Dr-01922/home/11341317,MLS PIN,72628168,N,Y,42.741408,-70.9309023
MLS Listing,,Single Family Residential,16 Green St,Newbury,MA,01951,2750000,5,5.5,Newbury,5734,50530,1938,72,480,,Active,,,http://www.redfin.com/MA/Newbury/16-Green-St-01951/home/8329224,MLS PIN,72627283,N,Y,42.7963033,-70.862767
MLS Listing,,Single Family Residential,4 Knights Ct,Newbury,MA,01951,1449900,5,3.5,Newbury,4057,82328,1998,93,357,,Active,,,http://www.redfin.com/MA/Newbury/4-Knight-s-Ct-01951/home/11341764,MLS PIN,72618030,N,Y,42.7880997,-70.8561711
MLS Listing,,Single Family Residential,243 Newburyport Tpke,Newbury,MA,01922,1395000,5,4.0,Byfield,4052,324522,1912,230,344,,Active,,,http://www.redfin.com/MA/Newbury/243-Newburyport-Tpke-01922/home/8319348,MLS PIN,72571848,N,Y,42.7645639,-70.886775
MLS Listing,,Condo/Co-op,6 Northern Blvd #3,Newbury,MA,01951,394900,2,1.0,Plum Island,1231,,1980,239,321,724,Active,,,http://www.redfin.com/MA/Newbury/6-Northern-Blvd-01951/unit-3/home/136771666,MLS PIN,72566983,N,Y,42.7992983,-70.8088935
MLS Listing,,Condo/Co-op,51 Northern Blvd #3,Newbury,MA,01951,259900,0,0.5,Newbury,520,4486,1935,413,500,,Active,,,http://www.redfin.com/MA/Newbury/51-Northern-Blvd-01951/unit-3/home/160818729,MLS PIN,72472575,N,Y,42.8025161,-70.8093706
MLS Listing,,Single Family Residential,27 Annapolis Way,Newbury,MA,01951,1449900,4,3.0,Plum Island,2702,15280,2011,608,537,,Active,,,http://www.redfin.com/MA/Newbury/27-Annapolis-Way-01951/home/8325492,MLS PIN,72395920,N,Y,42.7977344,-70.8083021
MLS Listing,,Vacant Land,61 Elm St,Newbury,MA,01922,350000,,,Newbury,,312761,,1426,,,Active,,,http://www.redfin.com/MA/Newbury/61-Elm-St-01922/home/85685532,MLS PIN,72025412,N,Y,42.7438643,-70.9158734
