SALE TYPE,SOLD DATE,PROPERTY TYPE,ADDRESS,CITY,STATE OR PROVINCE,ZIP OR POSTAL CODE,PRICE,BEDS,BATHS,LOCATION,SQUARE FEET,LOT SIZE,YEAR BUILT,DAYS ON MARKET,$/SQUARE FEET,HOA/MONTH,STATUS,NEXT OPEN HOUSE START TIME,NEXT OPEN HOUSE END TIME,URL (SEE http://www.redfin.com/buy-a-home/comparative-market-analysis FOR INFO ON PRICING),SOURCE,MLS#,FAVORITE,INTERESTED,LATITUDE,LONGITUDE
MLS Listing,,Condo/Co-op,300 Tremont St #9,Newton,MA,02458,519000,2,2.0,Newton,967,25704,1967,48,537,439,Active,,,http://www.redfin.com/MA/Newton/300-Tremont-St-02458/unit-9/home/11472720,MLS PIN,72638417,N,Y,42.3542775,-71.1807221
MLS Listing,,Single Family Residential,45 Wiswall Rd,Newton,MA,02459,1079000,4,3.0,Oak Hill Park,2560,15100,1952,52,421,,Active,,,http://www.redfin.com/MA/Newton/45-Wiswall-Rd-02459/home/11500943,MLS PIN,72637088,N,Y,42.2968998,-71.1858132
MLS Listing,,Condo/Co-op,11 Ricker Ter #1,Newton,MA,02458,1025000,4,3.0,Newton Corner,2684,7542,1900,55,382,250,Active,,,http://www.redfin.com/MA/Newton/11-Ricker-Ter-02458/unit-1/home/167138726,MLS PIN,72636219,N,Y,42.3510845,-71.175138
MLS Listing,,Single Family Residential,473 Waltham St,Newton,MA,02465,1599500,10,5.5,Newton,5558,15947,1878,1,288,,Active,,,http://www.redfin.com/MA/West-Newton/473-Waltham-St-02465/home/11431237,MLS PIN,72656145,N,Y,42.351694,-71.2263992
MLS Listing,,Multi-Family (2-4 Unit),35-37 High St,Newton,MA,02464,1449000,7,4.0,Newton Upper Falls,4000,16645,1895,1,362,,Active,,,http://www.redfin.com/MA/Newton/35-High-St-02464/home/11496192,MLS PIN,72655932,N,Y,42.3135339,-71.2228831
MLS Listing,,Condo/Co-op,250 Hammond Pond Pkwy Unit 310S,Newton,MA,02467,829000,2,2.0,Chestnut Hill,1311,761642,1978,1,632,755,Active,,,http://www.redfin.com/MA/Chestnut-Hill/250-Hammond-Pond-Pkwy-02467/unit-310S/home/11468215,MLS PIN,72655905,N,Y,42.3214107,-71.1797506
MLS Listing,,Single Family Residential,42 Ashmont Ave #1,Newton,MA,02458,1799000,5,4.5,Newton,4988,13221,2020,1,361,,Active,,,http://www.redfin.com/MA/Newton/42-Ashmont-Ave-02458/unit-1/home/171685156,MLS PIN,72655878,N,Y,42.3562914,-71.2023358
MLS Listing,,Single Family Residential,57 Greylock Rd,Newton,MA,02465,1399000,5,3.5,Newton,3105,10000,1930,1,451,,Active,,,http://www.redfin.com/MA/West-Newton/57-Greylock-Rd-02465/home/11423168,MLS PIN,72655682,N,Y,42.3449192,-71.2143561
MLS Listing,,Single Family Residential,573 Centre St,Newton,MA,02458,899000,3,2.0,"Newton Corner, Bigelow School",1654,7586,1929,1,544,,Active,,,http://www.redfin.com/MA/Newton/573-Centre-St-02458/home/11411160,MLS PIN,72655644,N,Y,42.3514226,-71.1863237
MLS Listing,,Single Family Residential,430 Commonwealth Ave,Newton,MA,02459,1579000,5,4.0,"Ward School, Newton Center",3178,12570,1915,1,497,,Active,May-14-2020 02:00 PM,May-14-2020 04:00 PM,http://www.redfin.com/MA/Newton-Centre/430-Commonwealth-Ave-02459/home/11458396,MLS PIN,72655639,N,Y,42.3363785,-71.1839102
MLS Listing,,Single Family Residential,39 Green Park,Newton,MA,02458,2600000,5,4.0,Newton,4800,10112,1952,1,542,,Active,,,http://www.redfin.com/MA/Newton/39-Green-Park-02458/home/11474936,MLS PIN,72655481,N,Y,42.3441196,-71.1831212
MLS Listing,,Single Family Residential,24 Jameson Rd,Newton,MA,02458,1799000,4,3.5,Newton,3066,8734,1920,1,587,,Active,May-17-2020 01:00 PM,May-17-2020 03:00 PM,http://www.redfin.com/MA/Newton/24-Jameson-Rd-02458/home/11474733,MLS PIN,72655455,N,Y,42.3455645,-71.1858364
MLS Listing,,Multi-Family (2-4 Unit),745-747 Boylston St,Newton,MA,02461,979000,6,3.0,Newton Highlands,2460,5702,1925,2,398,,Active,,,http://www.redfin.com/MA/Newton/745-Boylston-St-02461/home/11449124,MLS PIN,72655021,N,Y,42.3194578,-71.2011025
MLS Listing,,Multi-Family (2-4 Unit),62-64 Prospect St,Wellesley,MA,02481,1099000,6,3.0,Wellesley,3236,8866,1925,2,340,,Active,,,http://www.redfin.com/MA/Wellesley/62-Prospect-St-02481/home/8966594,MLS PIN,72654995,N,Y,42.3227249,-71.2581734
MLS Listing,,Condo/Co-op,35 Cypress St #35,Newton,MA,02459,829900,4,2.0,Newton Center,2184,,1920,2,380,,Active,,,http://www.redfin.com/MA/Newton/35-Cypress-St-02459/unit-35/home/138234131,MLS PIN,72654897,N,Y,42.328109,-71.1946643
MLS Listing,,Condo/Co-op,164 Galen St #72,Watertown,MA,02472,349000,1,1.0,Watertown,730,,1973,3,478,403,Active,,,http://www.redfin.com/MA/Watertown/164-Galen-St-02472/unit-72/home/11682317,MLS PIN,72654631,N,Y,42.3596417,-71.1849314
MLS Listing,,Single Family Residential,962 Walnut St,Newton,MA,02461,1695000,5,4.5,Newton,3244,,2020,3,523,,Active,May-17-2020 12:00 PM,May-17-2020 02:00 PM,http://www.redfin.com/MA/Newton/962-Walnut-St-02461/unit-B/home/171353426,MLS PIN,72654599,N,Y,42.3285122,-71.2060951
MLS Listing,,Single Family Residential,16 Ledyard St,Wellesley,MA,02481,1895000,5,4.5,Wellesley,4076,13876,2020,3,465,,Active,,,http://www.redfin.com/MA/Wellesley/16-Ledyard-St-02481/home/8968145,MLS PIN,72654494,N,Y,42.324645,-71.263605
MLS Listing,,Single Family Residential,15 Kendall Rd,Newton,MA,02459,2695000,5,5.5,Newton Centre,6285,16882,2020,3,429,,Active,,,http://www.redfin.com/MA/Newton-Centre/15-Kendall-Rd-02459/home/11479575,MLS PIN,72654421,N,Y,42.316919,-71.195641
MLS Listing,,Single Family Residential,19 Waban Hill Rd,Newton,MA,02467,1731000,5,1.5,Chestnut Hill,3310,8403,1900,3,523,,Active,,,http://www.redfin.com/MA/Chestnut-Hill/19-Waban-Hill-Rd-02467/home/11462710,MLS PIN,72654416,N,Y,42.3398749,-71.1703895
MLS Listing,,Single Family Residential,501 Dudley Rd,Newton,MA,02459,3198000,6,7.0,Newton,8195,20101,2017,3,390,,Active,,,http://www.redfin.com/MA/Newton/501-Dudley-Rd-02459/home/11485772,MLS PIN,72654338,N,Y,42.3066094,-71.1771405
MLS Listing,,Condo/Co-op,1075 Chestnut St #6,Newton,MA,02464,399900,2,1.0,Newton,727,54809,1966,3,550,319,Active,,,http://www.redfin.com/MA/Newton/1075-Chestnut-St-02464/unit-6/home/11446948,MLS PIN,72654212,N,Y,42.3123043,-71.2247663
MLS Listing,,Single Family Residential,109 Randlett Park,Newton,MA,02465,1149000,4,3.5,West Newton,2334,8430,1938,3,492,,Active,,,http://www.redfin.com/MA/West-Newton/109-Randlett-Park-02465/home/11425956,MLS PIN,72654187,N,Y,42.3550846,-71.2210854
MLS Listing,,Condo/Co-op,250 Hammond Pond Pkwy Unit 1211N,Newton,MA,02467,599000,1,1.5,Chestnut Hill,899,761428,1978,4,666,569,Active,,,http://www.redfin.com/MA/Chestnut-Hill/250-Hammond-Pond-Pkwy-02467/unit-1211N/home/11467911,MLS PIN,72654118,N,Y,42.3214107,-71.1797506
MLS Listing,,Condo/Co-op,23 Hammond Pond Pkwy #2,Newton,MA,02467,415000,2,1.0,Chestnut Hill,710,,1945,6,585,518,Active,,,http://www.redfin.com/MA/Chestnut-Hill/23-Hammond-Pond-Pkwy-02467/unit-2/home/11480892,MLS PIN,72653614,N,Y,42.3206523,-71.1711854
MLS Listing,,Single Family Residential,1-7 Elm St #1,Newton,MA,02465,1589000,4,4.5,West Newton,3400,26319,2020,6,467,,Active,,,http://www.redfin.com/MA/West-Newton/7-Elm-St-02465/unit-1/home/171556271,MLS PIN,72653538,N,Y,42.3523553,-71.2312952
MLS Listing,,Single Family Residential,1-7 Elm St #3,Newton,MA,02465,1549000,4,4.5,West Newton,3100,26319,2020,6,500,,Active,,,http://www.redfin.com/MA/West-Newton/7-Elm-St-02465/unit-3/home/171556273,MLS PIN,72653522,N,Y,42.3523553,-71.2312952
MLS Listing,,Vacant Land,26 Lincoln Rd,Newton,MA,02458,859900,,,Nonantum,,7685,,6,,,Active,,,http://www.redfin.com/MA/Newton/26-Lincoln-Rd-02458/home/11415769,MLS PIN,72653327,N,Y,42.3561313,-71.1987621
MLS Listing,,Single Family Residential,116 Highland St,Newton,MA,02465,3479000,5,5.5,Newton,5850,15280,2020,6,595,,Active,,,http://www.redfin.com/MA/West-Newton/116-Highland-St-02465/home/11427088,MLS PIN,72653312,N,Y,42.3454755,-71.2251577
MLS Listing,,Single Family Residential,38 Edward Rd,Newton,MA,02465,1199900,5,4.0,Newton,3116,8417,1950,7,385,,Active,,,http://www.redfin.com/MA/Newton/38-Edward-Rd-02465/home/11434789,MLS PIN,72653268,N,Y,42.3601577,-71.2307615
MLS Listing,,Condo/Co-op,15 S Gate Park #2,Newton,MA,02465,850000,2,2.5,Newton,1212,14120,2020,7,701,200,Active,,,http://www.redfin.com/MA/West-Newton/15-S-Gate-Park-02465/unit-2/home/171557606,MLS PIN,72653244,N,Y,42.355067,-71.2248213
MLS Listing,,Single Family Residential,170 Sargent St,Newton,MA,02458,3995000,6,8.0,Newton Corner,6203,24525,2015,7,644,,Active,,,http://www.redfin.com/MA/Newton/170-Sargent-St-02458/home/76480591,MLS PIN,72653189,N,Y,42.346371,-71.187636
MLS Listing,,Single Family Residential,27 LITTLEFIELD Rd,Newton,MA,02459,2849000,7,7.5,Newton,7000,11070,2020,7,407,,Active,August-14-2020 12:00 AM,August-14-2020 11:45 PM,http://www.redfin.com/MA/Newton/27-Littlefield-Rd-02459/home/11480600,MLS PIN,72652935,N,Y,42.309635,-71.1866022
MLS Listing,,Single Family Residential,5 Richfield Rd,Newton,MA,02465,1489000,4,4.5,West Newton Hill,3287,9215,1935,7,453,,Active,,,http://www.redfin.com/MA/West-Newton/5-Richfield-Rd-02465/home/11427036,MLS PIN,72652698,N,Y,42.3463641,-71.2244268
MLS Listing,,Single Family Residential,18 Rockland Pl,Newton,MA,02464,755000,4,1.5,Newton,1508,9600,1911,8,501,,Active,May-16-2020 01:00 PM,May-16-2020 04:00 PM,http://www.redfin.com/MA/Newton-Upper-Falls/18-Rockland-Pl-02464/home/11445118,MLS PIN,72652474,N,Y,42.316726,-71.2218743
MLS Listing,,Single Family Residential,40 Cummings Rd #40,Newton,MA,02459,889000,3,2.5,Newton Center,1420,19328,1875,8,626,,Active,,,http://www.redfin.com/MA/Newton-Centre/40-Cummings-Rd-02459/unit-40/home/133390721,MLS PIN,72652401,N,Y,42.3358945,-71.2106433
MLS Listing,,Single Family Residential,79 Cleveland St,Newton,MA,02465,979000,5,2.0,West Newton,2216,8880,1926,8,442,,Active,,,http://www.redfin.com/MA/Newton/79-Cleveland-St-02465/home/11434372,MLS PIN,72652116,N,Y,42.3569974,-71.231445
MLS Listing,,Single Family Residential,23 Shumaker Path,Newton,MA,02459,2200000,5,4.5,Oak Hill Park,5150,10000,2020,10,427,,Active,,,http://www.redfin.com/MA/Newton/23-Shumaker-Path-02459/home/11491868,MLS PIN,72651400,N,Y,42.2940219,-71.1887998
MLS Listing,,Single Family Residential,35 Spiers,Newton,MA,02459,749999,3,2.0,Oak Hill Park,1419,9185,1950,10,529,,Active,,,http://www.redfin.com/MA/Newton/35-Spiers-Rd-02459/home/11491338,MLS PIN,72651239,N,Y,42.2892088,-71.1871591
MLS Listing,,Single Family Residential,1580 Beacon St,Newton,MA,02468,3150000,7,7.5,Waban,6200,15050,2016,10,508,,Active,,,http://www.redfin.com/MA/Waban/1580-Beacon-St-02468/home/11451984,MLS PIN,72651206,N,Y,42.3277257,-71.2286273
MLS Listing,,Condo/Co-op,10 Williams St #60,Watertown,MA,02472,474900,2,1.0,Watertown,950,,1973,10,500,456,Active,,,http://www.redfin.com/MA/Watertown/10-William-St-02472/unit-60/home/11682469,MLS PIN,72649627,N,Y,42.3595831,-71.184164
MLS Listing,,Townhouse,69 Charles St #2,Newton,MA,02466,764900,2,2.5,Auburndale,2050,,2020,12,373,150,Active,,,http://www.redfin.com/MA/Auburndale/69-Charles-St-02466/unit-2/home/170431606,MLS PIN,72650615,N,Y,42.3429231,-71.2571734
MLS Listing,,Single Family Residential,47 Myerson Ln,Newton,MA,02459,975000,5,2.5,Oak Hill,2232,11167,1955,12,437,,Active,,,http://www.redfin.com/MA/Newton/47-Myerson-Ln-02459/home/11492172,MLS PIN,72650611,N,Y,42.295351,-71.1847921
MLS Listing,,Single Family Residential,25 Larkin Rd,Newton,MA,02465,1749900,4,4.5,Newton,3728,7914,2020,12,469,,Active,,,http://www.redfin.com/MA/Newton/25-Larkin-Rd-02465/home/11430449,MLS PIN,72650554,N,Y,42.3495006,-71.2368176
MLS Listing,,Condo/Co-op,50-56 Broadlawn Park #115,Boston,MA,02467,449000,2,2.0,West Roxbury's Chestnut Hill,1164,,1974,13,386,670,Active,,,http://www.redfin.com/MA/Chestnut-Hill/50-56-Broadlawn-Park-02467/unit-115/home/136779995,MLS PIN,72650133,N,Y,42.3023918,-71.1639988
MLS Listing,,Condo/Co-op,15 S Gate Park #1,Newton,MA,02465,1050000,3,2.5,West Newton,1646,14120,2020,14,638,200,Active,,,http://www.redfin.com/MA/West-Newton/15-S-Gate-Park-02465/unit-1/home/171479940,MLS PIN,72649795,N,Y,42.355067,-71.2248213
MLS Listing,,Single Family Residential,5 Evelyn Rd,Newton,MA,02468,1649000,4,2.5,Waban,3185,11155,1938,14,518,,Active,,,http://www.redfin.com/MA/Waban/5-Evelyn-Rd-02468/home/11450604,MLS PIN,72649747,N,Y,42.3308047,-71.2187649
MLS Listing,,Townhouse,39 Terrace Ave #1,Newton,MA,02461,1399000,4,4.5,Newton,3325,15000,1885,14,421,250,Active,,,http://www.redfin.com/MA/Newton-Highlands/39-Terrace-Ave-02461/unit-1/home/171115172,MLS PIN,72649670,N,Y,42.3243758,-71.2106433
MLS Listing,,Single Family Residential,16 Cragmore Rd #16,Newton,MA,02464,1549000,4,3.5,Newton,4162,9035,2020,15,372,,Active,,,http://www.redfin.com/MA/Newton/16-Cragmore-Rd-02464/unit-16/home/171454738,MLS PIN,72649291,N,Y,42.3181427,-71.2231622
MLS Listing,,Townhouse,13 Otis #13,Newton,MA,02460,1675000,4,3.5,Newtonville,4049,10228,2020,15,414,200,Active,,,http://www.redfin.com/MA/Newton/13-Otis-Park-02460/unit-13/home/171447528,MLS PIN,72649126,N,Y,42.3477765,-71.2079882
MLS Listing,,Single Family Residential,170 Forest Ave,Newton,MA,02465,3950000,7,7.5,West Newton,8000,17300,1930,16,494,,Active,,,http://www.redfin.com/MA/Newton/170-Forest-Ave-02465/home/11429482,MLS PIN,72648618,N,Y,42.3432594,-71.2156323
MLS Listing,,Single Family Residential,54 Lenglen Rd,Newton,MA,02458,799000,5,2.0,Newton,2023,4160,1950,16,395,,Active,,,http://www.redfin.com/MA/Newton/54-Lenglen-Rd-02458/home/11415843,MLS PIN,72648586,N,Y,42.3545995,-71.1993655
MLS Listing,,Condo/Co-op,412 Langley Rd #3,Newton,MA,02459,399000,2,1.0,Newton,770,,1964,16,518,426,Active,,,http://www.redfin.com/MA/Newton/412-Langley-Rd-02459/unit-3/home/11469021,MLS PIN,72648541,N,Y,42.32,-71.1832608
MLS Listing,,Condo/Co-op,250 Hammond Pond Pkwy Unit 512S,Newton,MA,02167,759999,2,2.0,Chestnut Hill,1240,76164,1978,17,613,749,Active,,,http://www.redfin.com/MA/Chestnut-Hill/250-Hammond-Pond-Pkwy-02467/unit-512S/home/11468327,MLS PIN,72648340,N,Y,42.3214107,-71.1797506
MLS Listing,,Vacant Land,63 Moody St,Newton,MA,02467,995000,,,Chestnut Hill,,15084,,17,,,Active,,,http://www.redfin.com/MA/Chestnut-Hill/63-Moody-St-02467/home/171430721,MLS PIN,72648230,N,Y,42.3213631,-71.1782292
MLS Listing,,Single Family Residential,5 Greenlawn Ave,Wellesley,MA,02481,875000,3,1.5,Wellesley,1568,7500,1930,17,558,,Active,May-17-2020 01:00 PM,May-17-2020 02:00 PM,http://www.redfin.com/MA/Wellesley/5-Greenlawn-Ave-02481/home/8968003,MLS PIN,72648207,N,Y,42.3253502,-71.2656352
MLS Listing,,Townhouse,236 Kenrick St #236,Newton,MA,02458,739000,2,2.5,Newton Corner,1468,115473,1986,19,503,683,Active,,,http://www.redfin.com/MA/Newton/236-Kenrick-St-02458/unit-236/home/169650012,MLS PIN,72647839,N,Y,42.345516,-71.1724878
MLS Listing,,Single Family Residential,63 Clinton Pl,Newton,MA,02459,1425000,5,2.5,Newton Centre,2233,5040,1880,20,638,,Active,,,http://www.redfin.com/MA/Newton-Centre/63-Clinton-Pl-02459/home/11413204,MLS PIN,72647604,N,Y,42.3393168,-71.1944459
MLS Listing,,Condo/Co-op,280 Boylston St #214,Newton,MA,02467,720000,2,2.0,Chestnut Hill,1600,,1970,21,450,1037,Active,,,http://www.redfin.com/MA/Chestnut-Hill/280-Boylston-St-02467/unit-214/home/11499844,MLS PIN,72647268,N,Y,42.3187,-71.1786406
MLS Listing,,Single Family Residential,111 Forest Ave,Newton,MA,02465,4995000,6,7.5,West Newton,7449,20340,2019,21,671,,Active,,,http://www.redfin.com/MA/West-Newton/111-Forest-Ave-02465/home/11429304,MLS PIN,72647246,N,Y,42.3451693,-71.2164909
MLS Listing,,Single Family Residential,5 Erie Ave,Newton,MA,02461,995000,3,2.5,Newton,2046,9999,1988,21,486,,Active,,,http://www.redfin.com/MA/Newton-Highlands/5-Erie-Ave-02461/home/11449879,MLS PIN,72647089,N,Y,42.3205007,-71.2091608
MLS Listing,,Single Family Residential,11 Willard St,Newton,MA,02458,1649000,7,3.5,Newton,4622,9664,1896,21,357,,Active,,,http://www.redfin.com/MA/Newton/11-Willard-St-02458/home/11471229,MLS PIN,72646945,N,Y,42.3570622,-71.1765537
MLS Listing,,Single Family Residential,43 Gray Cliff Rd,Newton,MA,02459,4995000,8,2.5,Newton Center,6154,121802,1898,22,812,,Active,,,http://www.redfin.com/MA/Newton-Centre/43-Gray-Cliff-Rd-02459/home/11459168,MLS PIN,72646746,N,Y,42.3326226,-71.1858596
MLS Listing,,Single Family Residential,5 Wiswall Rd,Newton,MA,02459,1275000,3,3.0,Newton,3041,15746,1951,22,419,,Active,,,http://www.redfin.com/MA/Newton/5-Wiswall-Rd-02459/home/11492268,MLS PIN,72646450,N,Y,42.2979565,-71.1853062
MLS Listing,,Single Family Residential,66 Anthony Rd,Newton,MA,02460,820000,3,2.0,Newton,1622,8282,1963,22,506,,Active,May-16-2020 12:30 PM,May-16-2020 12:45 PM,http://www.redfin.com/MA/Newton/66-Anthony-Rd-02460/home/11493526,MLS PIN,72646439,N,Y,42.364306,-71.2158876
MLS Listing,,Single Family Residential,34 Prospect Park,Newton,MA,02460,1999000,5,5.0,Newtonville,3221,16797,1917,22,621,,Active,,,http://www.redfin.com/MA/Newtonville/34-Prospect-Park-02460/home/11423771,MLS PIN,72645918,N,Y,42.3431858,-71.2085084
MLS Listing,,Single Family Residential,92 Charlemont St,Newton,MA,02461,1798000,5,4.5,Newton,4100,7075,2020,23,439,,Active,,,http://www.redfin.com/MA/Newton/92-Charlemont-St-02461/home/11489347,MLS PIN,72646129,N,Y,42.307291,-71.210115
MLS Listing,,Single Family Residential,905 Watertown St,Newton,MA,02465,799000,4,1.5,West Newton,1596,11133,1920,24,501,,Active,,,http://www.redfin.com/MA/West-Newton/905-Watertown-St-02465/home/11425316,MLS PIN,72645952,N,Y,42.3512111,-71.2223384
MLS Listing,,Single Family Residential,20 Kenrick Ter,Newton,MA,02458,849000,3,2.0,Newton Corner,1498,8170,1954,24,567,,Active,,,http://www.redfin.com/MA/Newton/20-Kenrick-Ter-02458/home/11474153,MLS PIN,72645884,N,Y,42.3470982,-71.1746275
MLS Listing,,Single Family Residential,5 Hallron Rd,Newton,MA,02462,879900,3,1.5,Newton Lower Falls,1550,6580,1930,24,568,,Active,May-16-2020 12:00 PM,May-16-2020 04:00 PM,http://www.redfin.com/MA/Newton-Lower-Falls/5-Hallron-Rd-02462/home/11438535,MLS PIN,72645767,N,Y,42.3320893,-71.2580598
MLS Listing,,Single Family Residential,82 Margaret Rd,Newton,MA,02461,1295000,4,3.0,Newton Highlands,2170,9269,1958,26,597,,Active,,,http://www.redfin.com/MA/Newton-Highlands/82-Margaret-Rd-02461/home/11445879,MLS PIN,72645453,N,Y,42.315915,-71.2144489
MLS Listing,,Townhouse,63 Herrick Rd #2,Newton,MA,02459,1799000,3,3.5,Newton Center,2864,9049,2015,28,628,354,Active,,,http://www.redfin.com/MA/Newton/63-Herrick-Rd-02459/unit-2/home/144899945,MLS PIN,72644692,N,Y,42.3285909,-71.1935038
MLS Listing,,Single Family Residential,7 Avery Path,Newton,MA,02459,1799000,5,5.5,Newton,4556,7004,2020,31,395,,Active,May-16-2020 12:00 PM,May-16-2020 02:00 PM,http://www.redfin.com/MA/Newton/7-Avery-Path-02459/home/11490860,MLS PIN,72643366,N,Y,42.2916087,-71.183771
MLS Listing,,Single Family Residential,15 White Oak Rd,Newton,MA,02468,2180000,4,3.5,Waban,4125,15088,1930,31,528,,Active,,,http://www.redfin.com/MA/Waban/15-White-Oak-Rd-02468/home/11456851,MLS PIN,72643345,N,Y,42.3283918,-71.2445907
MLS Listing,,Single Family Residential,859 Dedham St,Newton,MA,02459,1849000,6,5.5,Newton Center,5100,10200,2008,34,363,,Active,,,http://www.redfin.com/MA/Newton/859-Dedham-St-02459/home/11490520,MLS PIN,72642996,N,Y,42.2975954,-71.183887
MLS Listing,,Condo/Co-op,10 Hammond pond Pkwy #303,Newton,MA,02467,425000,1,1.0,Chestnut Hill,571,,1960,35,744,392,Active,,,http://www.redfin.com/MA/Chestnut-Hill/10-Hammond-Pond-Pkwy-02467/unit-303/home/11481854,MLS PIN,72642533,N,Y,42.3197722,-71.171618
MLS Listing,,Condo/Co-op,210 Nahanton St #101,Newton,MA,02459,699000,2,1.5,Newton,1336,,1980,37,523,807,Active,,,http://www.redfin.com/MA/Newton/210-Nahanton-St-02459/unit-101/home/11492381,MLS PIN,72641739,N,Y,42.2983813,-71.1986245
MLS Listing,,Single Family Residential,184 Islington Rd,Newton,MA,02466,1195000,4,3.0,Auburndale,2802,16384,1930,38,426,,Active,,,http://www.redfin.com/MA/Auburndale/184-Islington-Rd-02466/home/11436862,MLS PIN,72641287,N,Y,42.3506794,-71.2556583
MLS Listing,,Single Family Residential,1008 Beacon St,Newton,MA,02459,1899000,7,4.5,Newton Centre / Crystal Lake,4229,6696,1890,38,449,,Active,May-17-2020 12:00 PM,May-17-2020 02:00 PM,http://www.redfin.com/MA/Newton-Centre/1008-Beacon-St-02459/home/11460740,MLS PIN,72640251,N,Y,42.3304009,-71.2032176
MLS Listing,,Single Family Residential,67 Windermere Rd,Newton,MA,02466,1998000,5,3.5,Auburndale,4885,7510,2012,42,409,,Active,,,http://www.redfin.com/MA/Auburndale/67-Windermere-Rd-02466/home/11439671,MLS PIN,72640256,N,Y,42.3425358,-71.2397877
MLS Listing,,Single Family Residential,83 Dorcar Rd,Newton,MA,02459,2659000,5,5.5,Newton,6500,13460,2016,43,409,,Active,,,http://www.redfin.com/MA/Newton/83-Dorcar-Rd-02459/home/11487022,MLS PIN,72640035,N,Y,42.3010332,-71.1755558
MLS Listing,,Townhouse,63 Cottage St Unit FIVE,Newton,MA,02464,960000,2,2.5,Newton Upper Falls,2244,40438,1983,43,428,333,Active,,,http://www.redfin.com/MA/Newton/63-Cottage-St-02464/unit-5/home/11445597,MLS PIN,72639930,N,Y,42.313815,-71.2182524
MLS Listing,,Condo/Co-op,193 Oak St #206,Newton,MA,02464,710000,2,2.0,Newton Upper Falls,1216,144000,1988,43,584,611,Active,,,http://www.redfin.com/MA/Newton/193-Oak-St-02464/unit-206/home/11447720,MLS PIN,72639881,N,Y,42.3073933,-71.2165457
MLS Listing,,Single Family Residential,73 North St,Newton,MA,02459,935000,3,1.5,Newton Center,1512,9885,1860,44,618,,Active,May-16-2020 12:00 PM,May-16-2020 01:30 PM,http://www.redfin.com/MA/Newton-Centre/73-North-St-02459/home/11464600,MLS PIN,72639403,N,Y,42.3354308,-71.2127317
MLS Listing,,Multi-Family (2-4 Unit),13-19 WINTER,Newton,MA,02464,800000,2,2.0,Newton,2808,15130,1840,49,285,,Active,,,http://www.redfin.com/MA/Newton/13-Winter-St-02464/home/11444677,MLS PIN,72638048,N,Y,42.3148825,-71.2245674
MLS Listing,,Single Family Residential,17 Indiana Ter #17,Newton,MA,02464,999000,4,3.5,Newton Lower Falls,3013,9460,1915,51,332,,Active,,,http://www.redfin.com/MA/Newton/17-Indiana-Ter-02464/unit-17/home/171191070,MLS PIN,72637582,N,Y,42.3103139,-71.2215551
MLS Listing,,Single Family Residential,157 Allen Ave,Newton,MA,02468,2599000,5,4.5,Waban,4583,10290,2020,51,567,,Active,,,http://www.redfin.com/MA/Waban/157-Allen-Ave-02468/home/11451603,MLS PIN,72637456,N,Y,42.3252719,-71.2216423
MLS Listing,,Single Family Residential,132 Farlow Rd,Newton,MA,02458,3095000,5,5.0,Newton,7156,62580,1926,53,433,,Active,,,http://www.redfin.com/MA/Newton/132-Farlow-Rd-02458/home/11474048,MLS PIN,72636886,N,Y,42.3486885,-71.1754629
MLS Listing,,Single Family Residential,125 Adams Ave,Newton,MA,02465,1859000,5,4.5,Newton,5001,9820,2019,54,372,,Active,,,http://www.redfin.com/MA/West-Newton/125-Adams-Ave-02465/home/11442259,MLS PIN,72636707,N,Y,42.3581749,-71.2340796
MLS Listing,,Single Family Residential,542 Commonwealth Ave,Newton,MA,02459,1369999,5,3.0,Newton Center,2536,6761,1937,55,540,,Active,,,http://www.redfin.com/MA/Newton-Centre/542-Commonwealth-Ave-02459/home/11497524,MLS PIN,72636513,N,Y,42.3360241,-71.18883
MLS Listing,,Single Family Residential,14 Rowe St,Newton,MA,02466,1399888,5,3.0,Auburndale,3432,7200,1900,55,408,,Active,May-16-2020 02:00 PM,May-16-2020 04:00 PM,http://www.redfin.com/MA/Auburndale/14-Rowe-St-02466/home/11495995,MLS PIN,72636321,N,Y,42.3496973,-71.240507
MLS Listing,,Townhouse,8 Fuller #2,Waltham,MA,02453,929900,3,3.5,Waltham,3000,,2020,55,310,150,Active,May-17-2020 12:30 PM,May-17-2020 02:00 PM,http://www.redfin.com/MA/Waltham/8-Fuller-St-02453/unit-2/home/171161593,MLS PIN,72636258,N,Y,42.3632385,-71.2354718
MLS Listing,,Single Family Residential,11 Gail Rd,Newton,MA,02462,849000,3,2.0,Newton Lower Falls,1702,11844,1973,56,499,,Active,,,http://www.redfin.com/MA/Newton-Lower-Falls/11-Gail-Rd-02462/home/11439173,MLS PIN,72635902,N,Y,42.3268343,-71.2559368
MLS Listing,,Single Family Residential,11 Fairhaven Rd,Newton,MA,02459,2995000,6,5.5,Newton,6000,15884,2020,57,499,,Active,,,http://www.redfin.com/MA/Newton/11-Fairhaven-Rd-02459/home/11486985,MLS PIN,72635321,N,Y,42.297428,-71.1779693
MLS Listing,,Single Family Residential,60 Arlo Rd,Newton,MA,02464,1495000,4,3.0,Waban,4630,15101,1950,57,323,,Active,,,http://www.redfin.com/MA/Newton/60-Arlo-Rd-02464/home/11452905,MLS PIN,72635002,N,Y,42.3189698,-71.2250301
MLS Listing,,Single Family Residential,63 Mandalay Rd,Newton,MA,02459,1620000,3,2.5,Newton,2976,13311,1929,58,544,,Active,,,http://www.redfin.com/MA/Newton-Centre/63-Mandalay-Rd-02459/home/11476190,MLS PIN,72634641,N,Y,42.3396693,-71.1807541
MLS Listing,,Single Family Residential,69 Evelyn Rd,Newton,MA,02468,1699000,4,3.0,Waban,3484,13754,1935,59,488,,Active,,,http://www.redfin.com/MA/Waban/69-Evelyn-Rd-02468/home/11496812,MLS PIN,72634358,N,Y,42.3325375,-71.2189042
MLS Listing,,Single Family Residential,46 River Rdg,Wellesley,MA,02481,795000,2,2.5,Wellesley,1314,13711,1871,59,605,,Active,,,http://www.redfin.com/MA/Wellesley/46-River-Rdg-02481/home/8964330,MLS PIN,72634337,N,Y,42.3225426,-71.2505538
MLS Listing,,Single Family Residential,11 Shute Path,Newton,MA,02459,1885000,5,5.5,Newton,5100,7021,2020,61,370,,Active,,,http://www.redfin.com/MA/Newton/11-Shute-Path-02459/home/11490906,MLS PIN,72633627,N,Y,42.291071,-71.1843279
MLS Listing,,Condo/Co-op,858 Watertown St #858,Newton,MA,02465,925000,4,3.0,Newton,1766,,1890,62,524,250,Active,,,http://www.redfin.com/MA/West-Newton/858-Watertown-St-02465/unit-858/home/171112765,MLS PIN,72633403,N,Y,42.351444,-71.2202036
MLS Listing,,Single Family Residential,115 Elinor Rd,Newton,MA,02461,799000,3,2.0,Newton Highlands,1937,15917,1954,62,412,,Active,,,http://www.redfin.com/MA/Newton/115-Elinor-Rd-02461/home/167020299,MLS PIN,72633275,N,Y,42.3163823,-71.1974626
MLS Listing,,Condo/Co-op,72 Allison #2,Newton,MA,02458,694900,3,2.0,Newton,1278,,1900,63,544,186,Active,,,http://www.redfin.com/MA/Newton/72-Allison-St-02458/unit-2/home/77510745,MLS PIN,72633049,N,Y,42.3638411,-71.196488
MLS Listing,,Condo/Co-op,72 Allison #1,Newton,MA,02458,564900,2,1.0,Newton,948,,1900,63,596,151,Active,,,http://www.redfin.com/MA/Newton/72-Allison-St-02458/unit-1/home/171088557,MLS PIN,72633046,N,Y,42.3638411,-71.196488
MLS Listing,,Single Family Residential,9 Woodman,Newton,MA,02467,5500000,6,7.0,Chestnut Hill,7600,22202,1900,63,724,,Active,,,http://www.redfin.com/MA/Chestnut-Hill/9-Woodman-Rd-02467/home/11463579,MLS PIN,72632803,N,Y,42.3312608,-71.1717034
MLS Listing,,Condo/Co-op,25 Highland Ave #1,Newton,MA,02460,599000,2,1.0,Newtonville,938,,1938,63,639,559,Active,,,http://www.redfin.com/MA/Newton/25-Highland-Ave-02460/unit-1/home/11422416,MLS PIN,72632465,N,Y,42.3495503,-71.2082856
MLS Listing,,Single Family Residential,814 Chestnut St,Newton,MA,02468,1249000,3,3.5,Waban,3008,8772,1930,64,415,,Active,,,http://www.redfin.com/MA/Waban/814-Chestnut-St-02468/home/11453122,MLS PIN,72631641,N,Y,42.3218227,-71.2265152
MLS Listing,,Townhouse,5 Erie Ave #4,Newton,MA,02461,995000,3,2.5,Newton,2046,,1988,64,486,1173,Active,,,http://www.redfin.com/MA/Newton-Highlands/5-Erie-Ave-02461/unit-4/home/137994840,MLS PIN,72631598,N,Y,42.3205007,-71.2091608
MLS Listing,,Townhouse,77 Blake St #77,Newton,MA,02460,1588000,4,3.5,Newton,3250,,2020,64,489,200,Active,,,http://www.redfin.com/MA/Newton/77-Blake-St-02460/unit-77/home/171053824,MLS PIN,72631473,N,Y,42.3456286,-71.1983459
MLS Listing,,Townhouse,26 Lothrop St #26,Newton,MA,02460,779000,3,2.5,Newton,1609,46749,1988,64,484,431,Active,May-17-2020 12:00 PM,May-17-2020 02:00 PM,http://www.redfin.com/MA/Newton/26-Lothrop-St-02460/unit-26/home/171053739,MLS PIN,72631463,N,Y,42.357218,-71.2025123
MLS Listing,,Single Family Residential,235 Lincoln St,Newton,MA,02461,2499000,5,4.0,Newton Highlands,4393,12854,1896,64,569,,Active,,,http://www.redfin.com/MA/Newton/235-Lincoln-St-02461/home/11455042,MLS PIN,72631394,N,Y,42.3197758,-71.2163981
MLS Listing,,Condo/Co-op,280 Boylston #112,Newton,MA,02467,400000,1,1.0,Chestnut Hill,820,,1970,65,488,510,Active,,,http://www.redfin.com/MA/Chestnut-Hill/280-Boylston-St-02467/unit-112/home/11481611,MLS PIN,72631245,N,Y,42.3187,-71.1786406
MLS Listing,,Single Family Residential,34 Eliot Memorial Rd,Newton,MA,02458,1900000,4,4.0,Newton,3466,23990,1927,65,548,,Active,,,http://www.redfin.com/MA/Newton/34-Eliot-Memorial-Rd-02458/home/11474872,MLS PIN,72630989,N,Y,42.3443957,-71.1801507
MLS Listing,,Townhouse,695 Heath #1,Brookline,MA,02467,1779000,4,4.5,Brookline,2700,,2020,65,659,,Active,,,http://www.redfin.com/MA/Chestnut-Hill/695-Heath-St-02467/unit-1/home/171044050,MLS PIN,72630809,N,Y,42.320253,-71.1698932
MLS Listing,,Townhouse,377 Walnut #2,Newton,MA,02460,1650000,4,3.5,Newtonville,3323,13877,1900,70,497,250,Active,,,http://www.redfin.com/MA/Newtonville/377-Walnut-St-02460/unit-2/home/170955738,MLS PIN,72628555,N,Y,42.3482022,-71.2070929
MLS Listing,,Condo/Co-op,27 Champa St #2,Newton,MA,02464,850000,3,2.0,Newton Upper Falls,2165,10970,1880,71,393,175,Active,,,http://www.redfin.com/MA/Newton/27-Champa-St-02464/unit-2/home/109943441,MLS PIN,72628264,N,Y,42.3133356,-71.2184524
MLS Listing,,Single Family Residential,61 Oldham Rd,Newton,MA,02465,1249000,4,3.5,West Newton,2516,10795,1940,71,496,,Active,,,http://www.redfin.com/MA/West-Newton/61-Oldham-Rd-02465/home/11428155,MLS PIN,72628169,N,Y,42.3411288,-71.2345437
MLS Listing,,Single Family Residential,10 Voss Ter,Newton,MA,02459,2499000,5,5.0,Newton,6597,13097,2015,71,379,,Active,,,http://www.redfin.com/MA/Newton/10-Voss-Ter-02459/home/11477683,MLS PIN,72628163,N,Y,42.310153,-71.1942602
MLS Listing,,Multi-Family (2-4 Unit),10 Peabody St,Newton,MA,02458,1278000,6,3.5,Newton,3446,5495,1864,71,371,,Active,,,http://www.redfin.com/MA/Newton/10-Peabody-St-02458/home/11470565,MLS PIN,72628111,N,Y,42.3579496,-71.1869271
MLS Listing,,Single Family Residential,48 Clark Rd,Newton,MA,02465,933000,3,2.0,Newton,1753,8800,1950,71,532,,Active,,,http://www.redfin.com/MA/West-Newton/48-Clark-Rd-02465/home/11434682,MLS PIN,72621030,N,Y,42.3592232,-71.2292996
MLS Listing,,Single Family Residential,37 Radcliff Rd,Newton,MA,02468,7888000,8,8.0,Waban,11075,29274,2020,72,712,,Active,,,http://www.redfin.com/MA/Waban/37-Radcliff-Rd-02468/home/11458074,MLS PIN,72627156,N,Y,42.3206701,-71.2289284
MLS Listing,,Townhouse,336 Newtonville Ave #1,Newton,MA,02460,1999000,4,5.5,Newtonville,5365,,2020,72,373,,Active,May-17-2020 12:00 PM,May-17-2020 01:00 PM,http://www.redfin.com/MA/Newtonville/336-Newtonville-Ave-02460/unit-1/home/170945752,MLS PIN,72626953,N,Y,42.3510258,-71.2008507
MLS Listing,,Single Family Residential,352 Brookline St,Newton,MA,02459,1079999,3,3.0,Newton Center,2600,10080,1949,73,415,,Active,,,http://www.redfin.com/MA/Newton/352-Brookline-St-02459/home/11500256,MLS PIN,72626904,N,Y,42.301237,-71.1813575
MLS Listing,,Single Family Residential,29 Sylvan Ave,Newton,MA,02465,3795000,4,3.5,West Newton,6430,30600,1920,73,590,,Active,,,http://www.redfin.com/MA/West-Newton/29-Sylvan-Ave-02465/home/11429183,MLS PIN,72626335,N,Y,42.3425064,-71.2177672
MLS Listing,,Single Family Residential,15-17 Charles St #15,Newton,MA,02466,1099900,4,3.0,Auburndale,2636,13198,1955,77,417,,Active,,,http://www.redfin.com/MA/Auburndale/15-Charles-St-02466/unit-15/home/137172644,MLS PIN,72625344,N,Y,42.3443951,-71.255844
MLS Listing,,Single Family Residential,6 Aspen Ave,Newton,MA,02466,2899000,5,5.5,Auburndale,7970,20123,1986,77,364,,Active,,,http://www.redfin.com/MA/Auburndale/6-Aspen-Ave-02466/home/11440958,MLS PIN,72625219,N,Y,42.3402216,-71.2477463
MLS Listing,,Single Family Residential,17 Woodhaven Rd,Newton,MA,02468,1299000,4,3.5,Newton,3561,8089,1947,77,365,,Active,May-17-2020 02:30 PM,May-17-2020 04:00 PM,http://www.redfin.com/MA/Waban/17-Woodhaven-Rd-02468/home/11451372,MLS PIN,72624855,N,Y,42.3284221,-71.2207141
MLS Listing,,Single Family Residential,30 Maple Ave,Newton,MA,02458,1849000,5,4.0,Newtonville,4660,14037,2020,77,397,,Active,,,http://www.redfin.com/MA/Newton/30-Maple-Ave-02458/unit-1/home/170673718,MLS PIN,72624828,N,Y,42.3535281,-71.1887605
MLS Listing,,Single Family Residential,15 Vine St,Newton,MA,02467,2750000,5,4.5,Chestnut Hill,5431,13961,2020,78,506,,Active,,,http://www.redfin.com/MA/Chestnut-Hill/15-Vine-St-02467/home/11486405,MLS PIN,72624086,N,Y,42.3036916,-71.1752309
MLS Listing,,Multi-Family (2-4 Unit),15-17 Playstead Rd,Newton,MA,02458,899000,4,3.0,Newton Corner,2004,5101,1955,79,449,,Active,,,http://www.redfin.com/MA/Newton/15-Playstead-Rd-02458/home/11471928,MLS PIN,72623821,N,Y,42.3525781,-71.1743603
MLS Listing,,Single Family Residential,650 Centre St,Newton,MA,02458,2998000,7,4.5,Newton Center,6748,26607,1902,79,444,,Active,,,http://www.redfin.com/MA/Newton/650-Centre-St-02458/home/11473563,MLS PIN,72623790,N,Y,42.3489634,-71.1870431
MLS Listing,,Single Family Residential,32 Sycamore Rd,Newton,MA,02459,1699000,4,4.5,Newton Center,3700,11142,1998,79,459,,Active,,,http://www.redfin.com/MA/Newton/32-Sycamore-Rd-02459/home/11485511,MLS PIN,72623725,N,Y,42.303371,-71.182285
MLS Listing,,Single Family Residential,120 Bigelow Rd,Newton,MA,02465,3995000,5,3.5,West Newton Hill,5963,49109,1914,80,670,,Active,,,http://www.redfin.com/MA/Newton/120-Bigelow-Rd-02465/home/11429368,MLS PIN,72623118,N,Y,42.3406221,-71.2148666
MLS Listing,,Single Family Residential,200 North St,Newton,MA,02460,729000,3,2.5,Newton,2143,4155,1850,80,340,,Active,,,http://www.redfin.com/MA/Newton/200-North-St-02460/home/11432561,MLS PIN,72623001,N,Y,42.3658544,-71.2186721
MLS Listing,,Single Family Residential,9 Callahan Path,Newton,MA,02459,2388888,7,8.0,Newton Center,6650,13010,2020,84,359,,Active,,,http://www.redfin.com/MA/Newton/9-Callahan-Path-02459/home/11491703,MLS PIN,72622131,N,Y,42.2920074,-71.1874376
MLS Listing,,Single Family Residential,706 Saw Mill Brook Pkwy,Newton,MA,02459,1888000,5,5.0,Newton Center,4300,7220,2020,84,439,,Active,,,http://www.redfin.com/MA/Newton/706-Saw-Mill-Brook-Pkwy-02459/home/11491062,MLS PIN,72622072,N,Y,42.2901918,-71.18731
MLS Listing,,Single Family Residential,9 Oak Ave,Newton,MA,02465,1410000,5,3.5,West Newton,3000,9920,2019,85,470,,Active,,,http://www.redfin.com/MA/Newton/9-Oak-Ave-02465/home/11430844,MLS PIN,72621573,N,Y,42.352234,-71.2329953
MLS Listing,,Townhouse,9 Oak Ave #9,Newton,MA,02465,1410000,5,3.5,West Newton,3000,9920,2019,85,470,200,Active,,,http://www.redfin.com/MA/West-Newton/9-Oak-Ave-02465/unit-9/home/163826391,MLS PIN,72621515,N,Y,42.3523026,-71.2329668
MLS Listing,,Single Family Residential,1589 Beacon St,Newton,MA,02468,3325000,5,5.5,Waban,6843,22148,2006,85,486,,Active,,,http://www.redfin.com/MA/Waban/1589-Beacon-St-02468/home/12439298,MLS PIN,72621505,N,Y,42.3279098,-71.2294695
MLS Listing,,Single Family Residential,19 Quirk Ct,Newton,MA,02458,749000,4,2.0,Nonantum,1486,5818,1880,86,504,,Active,,,http://www.redfin.com/MA/Newton/19-Quirk-Ct-02458/home/11415168,MLS PIN,72620948,N,Y,42.3579044,-71.2008971
MLS Listing,,Single Family Residential,14 Old Orchard Rd,Newton,MA,02467,5900000,6,7.0,Newton,9010,40984,1900,86,655,,Active,,,http://www.redfin.com/MA/Chestnut-Hill/14-Old-Orchard-Rd-02467/home/11463599,MLS PIN,72620921,N,Y,42.3319024,-71.1727477
MLS Listing,,Single Family Residential,30 Fairhaven Rd,Newton,MA,02459,2539000,5,5.0,Newton Center,6379,15120,2003,86,398,,Active,,,http://www.redfin.com/MA/Newton/30-Fairhaven-Rd-02459/home/11485173,MLS PIN,72620755,N,Y,42.2981085,-71.177598
MLS Listing,,Condo/Co-op,250 Hammond Pond Pkwy Unit 609N,Newton,MA,02467,735000,2,2.0,Chestnut Hill,1285,,1978,91,572,770,Active,,,http://www.redfin.com/MA/Chestnut-Hill/250-Hammond-Pond-Pkwy-02467/unit-609N/home/11467600,MLS PIN,72619278,N,Y,42.3214107,-71.1797506
MLS Listing,,Townhouse,336 Newtonville Ave #2,Newton,MA,02460,1699000,3,4.5,Newtonville,3581,,2020,91,474,,Active,May-17-2020 12:00 PM,May-17-2020 01:00 PM,http://www.redfin.com/MA/Newtonville/336-Newtonville-Ave-02460/unit-2/home/170568377,MLS PIN,72619121,N,Y,42.3510258,-71.2008507
MLS Listing,,Single Family Residential,819 Dedham St,Newton,MA,02459,2349000,6,6.5,Oak Hill,6440,15092,2020,92,365,,Active,,,http://www.redfin.com/MA/Newton/819-Dedham-St-02459/home/11492263,MLS PIN,72618929,N,Y,42.2981987,-71.1855811
MLS Listing,,Single Family Residential,6 Melina Rd,Newton,MA,02459,1877000,4,4.5,Newton,4083,15174,1967,94,460,,Active,,,http://www.redfin.com/MA/Newton/6-Melina-Rd-02459/home/11477866,MLS PIN,72617813,N,Y,42.3112368,-71.196488
MLS Listing,,Single Family Residential,58 Cottage St,Newton,MA,02464,1449000,4,3.5,Newton,3496,9800,2020,98,414,,Active,,,http://www.redfin.com/MA/Newton-Upper-Falls/58-Cottage-St-02464/home/11445674,MLS PIN,72616617,N,Y,42.3137674,-71.2177904
MLS Listing,,Townhouse,58 Cottage St #58,Newton,MA,02464,1449000,4,3.5,Newton,3496,9800,2020,98,414,100,Active,,,http://www.redfin.com/MA/Newton-Upper-Falls/58-Cottage-St-02464/unit-58/home/170508245,MLS PIN,72616611,N,Y,42.3137674,-71.2177904
MLS Listing,,Single Family Residential,64 Dearborn St,Newton,MA,02465,1899999,4,4.5,West Newton,4500,9471,2020,98,422,,Active,May-17-2020 12:30 PM,May-17-2020 02:00 PM,http://www.redfin.com/MA/West-Newton/64-Dearborn-St-02465/home/11432360,MLS PIN,72616546,N,Y,42.3554373,-71.2328266
MLS Listing,,Single Family Residential,48 Wilde Rd,Newton,MA,02468,1629000,4,3.5,Waban,3962,11539,1920,99,411,,Active,,,http://www.redfin.com/MA/Waban/48-Wilde-Rd-02468/home/11456589,MLS PIN,72616021,N,Y,42.3273147,-71.2429922
MLS Listing,,Single Family Residential,72 Crofton Rd,Newton,MA,02468,4695000,6,6.0,Waban,7138,48285,1929,99,658,,Active,,,http://www.redfin.com/MA/Waban/72-Crofton-Rd-02468/home/11457459,MLS PIN,72615913,N,Y,42.3238358,-71.2366751
MLS Listing,,Single Family Residential,9 Kerr Path,Newton,MA,02459,2139000,6,6.0,Newton Center,6280,11014,2020,100,341,,Active,,,http://www.redfin.com/MA/Newton/9-Kerr-Path-02459/home/11491830,MLS PIN,72615588,N,Y,42.2930265,-71.189062
MLS Listing,,Condo/Co-op,10 Hammond Pond Pkwy #201,Newton,MA,02467,599000,2,2.0,Newton,1254,,1960,100,478,729,Active,,,http://www.redfin.com/MA/Chestnut-Hill/10-Hammond-Pond-Pkwy-02467/unit-201/home/11481818,MLS PIN,72615188,N,Y,42.3197722,-71.171618
MLS Listing,,Single Family Residential,56 Chandler Pl,Newton,MA,02464,780500,4,3.5,Newton Upper Falls,2654,,1998,101,294,,Active,,,http://www.redfin.com/MA/Newton/56-Chandler-Pl-02464/home/11446158,MLS PIN,72614974,N,Y,42.3120906,-71.2162893
MLS Listing,,Condo/Co-op,2 Colonial Ave #2,Newton,MA,02460,562000,2,1.0,Newton,1196,,1929,103,470,150,Active,,,http://www.redfin.com/MA/Newtonville/2-Colonial-Ave-02460/unit-2/home/144833867,MLS PIN,72614402,N,Y,42.3636671,-71.2057871
MLS Listing,,Condo/Co-op,79 Florence St Unit 307S,Newton,MA,02467,1195000,2,2.0,Chestnut Hill,1483,332926,1984,110,806,1135,Active,,,http://www.redfin.com/MA/Chestnut-Hill/79-Florence-St-02467/unit-307S/home/170439654,MLS PIN,72611987,N,Y,42.3168678,-71.1802112
MLS Listing,,Single Family Residential,14 Manet Cir,Newton,MA,02467,3780000,6,6.5,Chestnut Hill,6550,11805,2011,111,577,,Active,,,http://www.redfin.com/MA/Chestnut-Hill/14-Manet-Cir-02467/home/11462861,MLS PIN,72611766,N,Y,42.3407863,-71.1748595
MLS Listing,,Townhouse,1175 Chestnut St #16,Newton,MA,02464,699000,2,2.5,Newton,1333,202720,1988,113,524,730,Active,,,http://www.redfin.com/MA/Newton/1175-Chestnut-St-02464/unit-16/home/11447164,MLS PIN,72610757,N,Y,42.3092058,-71.2232128
MLS Listing,,Townhouse,60 Ober Rd #60,Newton,MA,02459,789000,3,3.0,Newton,2062,523183,1890,127,383,982,Active,,,http://www.redfin.com/MA/Newton-Centre/60-Ober-Rd-02459/unit-60/home/77514505,MLS PIN,72606018,N,Y,42.3009136,-71.1868628
MLS Listing,,Single Family Residential,106 Brookline St,Newton,MA,02467,899000,4,2.0,Newton,1763,7691,1940,128,510,,Active,,,http://www.redfin.com/MA/Chestnut-Hill/106-Brookline-St-02467/home/11486000,MLS PIN,72605179,N,Y,42.3065257,-71.1742446
MLS Listing,,Condo/Co-op,321 Hammond Pond Pkwy Unit U:203,Brookline,MA,02467,1125000,2,2.0,Chestnut Hill,1389,,2013,132,810,479,Active,,,http://www.redfin.com/MA/Chestnut-Hill/321-Hammond-Pond-Pkwy-02467/unit-U-203/home/170200373,MLS PIN,72604039,N,Y,42.3193824,-71.1713321
MLS Listing,,Townhouse,26 Chandler St #26,Newton,MA,02458,1319000,4,3.5,Nonantum,3501,9610,2011,133,377,,Active,,,http://www.redfin.com/MA/Newton/26-Chandler-St-02458/unit-26/home/170193231,MLS PIN,72603224,N,Y,42.3610854,-71.2031679
MLS Listing,,Single Family Residential,376 Dudley Rd,Newton,MA,02459,1400000,5,3.0,Newton Center,3438,19457,1961,155,407,,Active,,,http://www.redfin.com/MA/Newton/376-Dudley-Rd-02459/home/167016775,MLS PIN,72599988,N,Y,42.3088909,-71.1813476
MLS Listing,,Single Family Residential,152 Waban Ave,Newton,MA,02468,5100000,6,6.5,Newton,7807,15136,2019,155,653,,Active,,,http://www.redfin.com/MA/Waban/152-Waban-Ave-02468/home/11457445,MLS PIN,72599893,N,Y,42.3239255,-71.2373085
MLS Listing,,Condo/Co-op,405 Langley Rd #12,Newton,MA,02459,728000,3,2.0,Newton Center,1724,11718,1978,163,422,427,Active,,,http://www.redfin.com/MA/Newton/405-Langley-Rd-02459/unit-12/home/11470131,MLS PIN,72597724,N,Y,42.3200935,-71.1838017
MLS Listing,,Vacant Land,0 BOYLSTON St,Newton,MA,02459,1050000,,,Newton,,8002,,163,,,Active,,,http://www.redfin.com/MA/NEWTON/BOYLSTON-ST-02459/home/76480748,MLS PIN,72597528,N,Y,42.318236,-71.1893
MLS Listing,,Single Family Residential,667 BOYLSTON St,Newton,MA,02459,1050000,3,1.5,Newton Center,2066,8967,1929,163,508,,Active,,,http://www.redfin.com/MA/Newton/667-Boylston-St-02459/home/11449019,MLS PIN,72597524,N,Y,42.3193283,-71.1977411
MLS Listing,,Multi-Family (2-4 Unit),1099 A+B Walnut,Newton,MA,02461,1950000,8,4.5,Newton,4080,13618,1918,176,478,,Active,,,http://www.redfin.com/MA/Newton/1099-AB-Walnut-02461/home/169906612,MLS PIN,72594696,N,Y,42.3329262,-71.2107435
MLS Listing,,Single Family Residential,188 Mount Vernon St,Newton,MA,02465,3998000,6,7.0,West Newton,6800,20100,2019,176,588,,Active,,,http://www.redfin.com/MA/Newton/188-Mt-Vernon-St-02465/home/169902899,MLS PIN,72594467,N,Y,42.3479873,-71.2179
MLS Listing,,Townhouse,217 Church St Unit B,Newton,MA,02458,1449000,5,4.5,Newton Corner,3438,11040,2019,181,421,200,Active,,,http://www.redfin.com/MA/Newton/217-Church-St-02458/unit-B/home/169845929,MLS PIN,72593216,N,Y,42.3547636,-71.1885051
MLS Listing,,Townhouse,217 Church St Unit A,Newton,MA,02458,1499000,5,4.5,Newton Corner,3604,11040,2019,181,416,200,Active,,,http://www.redfin.com/MA/Newton/217-Church-St-02458/unit-A/home/169845849,MLS PIN,72593212,N,Y,42.3547636,-71.1885051
MLS Listing,,Condo/Co-op,310 Hammond Pond Pkwy #301,Brookline,MA,02467,1199000,2,2.0,Brookline,1706,,2008,189,703,639,Active,,,http://www.redfin.com/MA/Chestnut-Hill/310-Hammond-Pond-Pkwy-02467/unit-301/home/21473580,MLS PIN,72589685,N,Y,42.3217207,-71.1727131
MLS Listing,,Condo/Co-op,250 Hammond Pond Pkwy Unit 416S,Newton,MA,02467,570000,2,1.5,Chestnut Hill,989,761642,1978,195,576,527,Active,,,http://www.redfin.com/MA/Chestnut-Hill/250-Hammond-Pond-Pkwy-02467/unit-416S/home/11468280,MLS PIN,72587443,N,Y,42.3214107,-71.1797506
MLS Listing,,Multi-Family (2-4 Unit),9-11 Glazer Rd,Newton,MA,02459,1850000,8,4.0,Newton Center,3906,7351,1951,196,474,,Active,,,http://www.redfin.com/MA/Newton/9-Glazer-Rd-02459/home/11497709,MLS PIN,72587288,N,Y,42.328687,-71.1902896
MLS Listing,,Single Family Residential,1099 Walnut St,Newton,MA,02461,1950000,8,4.5,Newton,4080,13618,1918,198,478,,Active,,,http://www.redfin.com/MA/Newton-Highlands/1099-Walnut-St-02461/home/11448135,MLS PIN,72586095,N,Y,42.3238255,-71.2073946
MLS Listing,,Single Family Residential,152 Suffolk Rd,Newton,MA,02467,12000000,7,10.0,Chestnut Hill,14109,69696,1904,199,851,,Active,,,http://www.redfin.com/MA/Chestnut-Hill/152-Suffolk-Rd-02467/home/11463480,MLS PIN,72585715,N,Y,42.328757,-71.1717266
MLS Listing,,Single Family Residential,279 Fuller St,Newton,MA,02465,2500000,5,4.0,Newton,3456,46784,1813,204,723,,Active,,,http://www.redfin.com/MA/West-Newton/279-Fuller-St-02465/home/11428352,MLS PIN,72584114,N,Y,42.338045,-71.2312488
MLS Listing,,Single Family Residential,30 Columbine Rd,Newton,MA,02459,3200000,5,5.5,Newton,4560,17844,2019,205,702,,Active,,,http://www.redfin.com/MA/Newton/30-Columbine-Rd-02459/home/11487087,MLS PIN,72583145,N,Y,42.2993532,-71.1779229
MLS Listing,,Townhouse,1110 Chestnut St #2,Newton,MA,02464,1100000,4,5.5,Newton Upper Falls,3945,,1875,231,279,250,Active,,,http://www.redfin.com/MA/Newton-Upper-Falls/1110-Chestnut-St-02464/unit-2/home/168946390,MLS PIN,72571411,N,Y,42.3111909,-71.2238699
MLS Listing,,Townhouse,1110 Chestnut St #3,Newton,MA,02464,999900,4,4.5,Newton,2330,,1875,231,429,250,Active,,,http://www.redfin.com/MA/Newton-Upper-Falls/1110-Chestnut-St-02464/unit-3/home/169213376,MLS PIN,72571408,N,Y,42.3111909,-71.2238699
MLS Listing,,Single Family Residential,11 Clovelly Rd,Newton,MA,02467,3890000,5,6.0,Olde Chestnut Hill,5075,27013,1981,276,767,,Active,,,http://www.redfin.com/MA/Chestnut-Hill/11-Clovelly-Rd-02467/home/11463634,MLS PIN,72548489,N,Y,42.3298601,-71.1751612
MLS Listing,,Multi-Family (5+ Unit),31-39 Lenglen Rd,Newton,MA,02465,3500000,16,12.0,Newtonville,8342,21690,1998,304,420,,Active,,,http://www.redfin.com/MA/Newton/31-Lenglen-Rd-02458/home/11415709,MLS PIN,72534199,N,Y,42.3552422,-71.1989942
MLS Listing,,Single Family Residential,43 Crafts St,Newton,MA,02458,345000,2,2.0,Newton,664,1538,1840,310,520,,Active,,,http://www.redfin.com/MA/Newton/43-Crafts-St-02458/home/11415719,MLS PIN,72531378,N,Y,42.3548867,-71.2006708
MLS Listing,,Single Family Residential,66 College Rd,Newton,MA,02467,1990000,4,1.5,Newton,2100,6860,1910,324,948,,Active,,,http://www.redfin.com/MA/Chestnut-Hill/66-College-Rd-02467/home/11463274,MLS PIN,72524732,N,Y,42.3347949,-71.1718974
For-Sale-by-Owner Listing,,Single Family Residential,309 Kenrick St,Newton,MA,02458,1020000,3,1.5,Newton,1287,7500,1956,161,793,,Active,,,http://www.redfin.com/MA/Newton/309-Kenrick-St-02458/home/11474170,Fizber.com,5040117,N,Y,42.3467955,-71.1763448
