SALE TYPE,SOLD DATE,PROPERTY TYPE,ADDRESS,CITY,STATE OR PROVINCE,ZIP OR POSTAL CODE,PRICE,BEDS,BATHS,LOCATION,SQUARE FEET,LOT SIZE,YEAR BUILT,DAYS ON MARKET,$/SQUARE FEET,HOA/MONTH,STATUS,NEXT OPEN HOUSE START TIME,NEXT OPEN HOUSE END TIME,URL (SEE http://www.redfin.com/buy-a-home/comparative-market-analysis FOR INFO ON PRICING),SOURCE,MLS#,FAVORITE,INTERESTED,LATITUDE,LONGITUDE
MLS Listing,,Condo/Co-op,19 Boydes Xing #19,Norfolk,MA,02056,659000,3,2.5,Norfolk,2028,,2018,21,325,143,Active,,,http://www.redfin.com/MA/Norfolk/19-Boydes-Xing-02056/unit-19/home/145938979,MLS PIN,72647007,N,Y,42.1214767,-71.3219553
MLS Listing,,Single Family Residential,19 Boydes Xing,Norfolk,MA,02056,659000,3,2.5,Norfolk,2028,,2018,30,325,,Active,,,http://www.redfin.com/MA/Norfolk/19-Boydes-Xing-02056/home/160664870,MLS PIN,72643857,N,Y,42.1214767,-71.3219553
MLS Listing,,Single Family Residential,90 Rockwood Rd,Norfolk,MA,02056,474900,3,1.5,Norfolk,1897,34532,1964,1,250,,Active,,,http://www.redfin.com/MA/Norfolk/90-Rockwood-Rd-02056/home/171697046,MLS PIN,72647655,N,Y,42.1318631,-71.3366065
MLS Listing,,Condo/Co-op,17 Winterberry Way #17,Norfolk,MA,02056,539900,2,2.0,Norfolk,1612,,2009,1,335,390,Active,May-16-2020 01:00 PM,May-16-2020 03:00 PM,http://www.redfin.com/MA/Norfolk/17-Winterberry-Way-02056/unit-17/home/113225636,MLS PIN,72655916,N,Y,42.1353344,-71.3453327
MLS Listing,,Single Family Residential,265 Warren Dr,Norfolk,MA,02056,675000,4,2.5,Norfolk,2902,26998,2014,1,233,,Active,,,http://www.redfin.com/MA/Norfolk/265-Warren-Dr-02056/home/55316370,MLS PIN,72655339,N,Y,42.0943899,-71.3435847
MLS Listing,,Single Family Residential,Lot 24 Analore Cir,Norfolk,MA,02056,1359500,4,2.5,Whispering Pines - Analore Circle,4200,47304,2020,2,324,,Active,,,http://www.redfin.com/MA/Norfolk/24-Analore-Cir-02056/home/50270015,MLS PIN,72655078,N,Y,42.1066412,-71.3526195
MLS Listing,,Vacant Land,Lot 29 Castle Rd,Norfolk,MA,02056,299000,,,Norfolk,,45000,,2,,,Active,,,http://www.redfin.com/MA/Norfolk/29-Castle-Rd-02056/home/52267655,MLS PIN,72654847,N,Y,42.1158183,-71.3320325
MLS Listing,,Townhouse,109 Red Maple Run #109,Norfolk,MA,02056,499000,2,2.0,Norfolk,1786,,2013,2,279,390,Active,,,http://www.redfin.com/MA/Norfolk/109-Red-Maple-Run-02056/unit-109/home/113245894,MLS PIN,72654536,N,Y,42.1356241,-71.3485819
MLS Listing,,Single Family Residential,1 Norway Farms Dr,Norfolk,MA,02056,869900,4,2.5,Norway Farms,3400,34370,2020,3,256,100,Active,May-16-2020 12:00 PM,May-16-2020 02:00 PM,http://www.redfin.com/MA/Norfolk/12-Norway-Farms-Dr-02056/home/171042773,MLS PIN,72654630,N,Y,42.1216506,-71.3411178
MLS Listing,,Single Family Residential,1 Shirley Ln,Norfolk,MA,02056,599000,4,2.5,Norfolk,2098,30000,1986,3,286,,Active,,,http://www.redfin.com/MA/Norfolk/1-Shirley-Ln-02056/home/11489223,MLS PIN,72654600,N,Y,42.1120768,-71.3444198
MLS Listing,,Single Family Residential,15 Leland Rd,Norfolk,MA,02056,339900,2,1.0,Norfolk,1182,5085,1954,3,288,,Active,,,http://www.redfin.com/MA/Norfolk/15-Leland-Rd-02056/home/11486882,MLS PIN,72654529,N,Y,42.12272,-71.3700282
MLS Listing,,Townhouse,41 VALLEY St #41,Norfolk,MA,02056,469900,2,2.5,Pondville,1875,,2020,6,251,300,Active,May-16-2020 01:00 PM,May-16-2020 03:00 PM,http://www.redfin.com/MA/Norfolk/41-Valley-St-02056/unit-41/home/171563015,MLS PIN,72653802,N,Y,42.0900054,-71.2943917
MLS Listing,,Single Family Residential,33/Lot 80 Park,Norfolk,MA,02056,1139500,4,3.5,Norfolk,3600,30128,2020,8,317,,Active,,,http://www.redfin.com/MA/Norfolk/33-Lot-80-Park-02056/home/171554396,MLS PIN,72652564,N,Y,42.1208961,-71.3230549
MLS Listing,,Vacant Land,71 River Rd,Norfolk,MA,02056,239000,,,Norfolk,,23196,,17,,,Active,,,http://www.redfin.com/MA/Norfolk/71-River-Rd-02056/home/11487057,MLS PIN,72648152,N,Y,42.1336038,-71.3746208
MLS Listing,,Townhouse,130 Winterberry Way #130,Norfolk,MA,02056,589900,2,2.5,Norfolk,2245,,2009,17,263,390,Active,,,http://www.redfin.com/MA/Norfolk/130-Winterberry-Way-02056/unit-130/home/113224946,MLS PIN,72641947,N,Y,42.1355868,-71.3437513
MLS Listing,,Single Family Residential,2 Ash Rd,Norfolk,MA,02056,285000,4,2.0,Norfolk,1652,12530,1955,22,173,,Active,,,http://www.redfin.com/MA/Norfolk/2-Ash-Rd-02056/home/11494153,MLS PIN,72646401,N,Y,42.0944517,-71.316629
MLS Listing,,Single Family Residential,17 EVERETT St,Norfolk,MA,02056,469500,4,2.0,Pondville Area,2124,55321,1970,22,221,,Active,,,http://www.redfin.com/MA/Norfolk/17-Everett-St-02056/home/11496513,MLS PIN,72645695,N,Y,42.0926389,-71.2876761
MLS Listing,,Single Family Residential,78 River Rd,Norfolk,MA,02056,398000,3,2.0,Norfolk,2184,10000,1966,26,182,,Active,,,http://www.redfin.com/MA/Norfolk/78-River-Rd-02056/home/11487490,MLS PIN,72645307,N,Y,42.1334019,-71.373216
MLS Listing,,Townhouse,13 Cleary Cir #18,Norfolk,MA,02056,564900,2,2.5,Norfolk,2047,,2020,27,276,200,Active,,,http://www.redfin.com/MA/Norfolk/13-Cleary-CIR-02056/unit-18/home/171367587,MLS PIN,72645104,N,Y,42.1208961,-71.3230549
MLS Listing,,Single Family Residential,54 LAKE St,Norfolk,MA,02056,799000,3,3.0,Norfolk,3646,117291,1961,27,219,,Active,,,http://www.redfin.com/MA/Norfolk/54-Lake-St-02056/home/11489008,MLS PIN,72645097,N,Y,42.1216998,-71.3434919
MLS Listing,,Single Family Residential,2 Needham St,Norfolk,MA,02056,585000,3,3.0,Norfolk,2354,10890,2017,29,249,,Active,,,http://www.redfin.com/MA/Norfolk/2-Needham-St-02056/home/11494855,MLS PIN,72644340,N,Y,42.120225,-71.3109685
MLS Listing,,Single Family Residential,8 Wrights Farm Rd,Norfolk,MA,02056,1375000,4,3.5,Preserve at Keeney Pond,3500,45000,2020,39,393,,Active,,,http://www.redfin.com/MA/Norfolk/8-Wrights-Farm-Rd-02056/home/110083837,MLS PIN,72641154,N,Y,42.115784,-71.333745
MLS Listing,,Single Family Residential,9 Hampton Rd Lot W-1,Norfolk,MA,02056,1145000,4,3.5,Maple Park,3870,40600,2020,55,296,,Active,,,http://www.redfin.com/MA/Norfolk/9-Hampton-Rd-02056/unit-W-1/home/171162043,MLS PIN,72636298,N,Y,42.098808,-71.347394
MLS Listing,,Single Family Residential,29 Lakeshore Dr,Norfolk,MA,02056,339000,2,1.0,Norfolk,625,26851,1949,64,542,,Active,,,http://www.redfin.com/MA/Norfolk/29-Lakeshore-Dr-02056/home/11487378,MLS PIN,72631913,N,Y,42.132539,-71.375816
MLS Listing,,Townhouse,19 Cleary Cir #15,Norfolk,MA,02056,544900,2,2.5,Norfolk,1872,,2020,72,291,200,Active,,,http://www.redfin.com/MA/Norfolk/19-Cleary-CIR-02056/unit-15/home/171367586,MLS PIN,72627456,N,Y,42.1208961,-71.3230549
MLS Listing,,Townhouse,11 Cleary Cir #19,Norfolk,MA,02056,564900,2,2.5,Norfolk,2047,,2020,72,276,200,Active,,,http://www.redfin.com/MA/Norfolk/11-Cleary-CIR-02056/unit-19/home/171043955,MLS PIN,72627444,N,Y,42.1208961,-71.3230549
MLS Listing,,Single Family Residential,28 Beaver Brook Rd,Norfolk,MA,02056,779900,4,3.5,Norfolk,4164,55112,1988,75,187,,Active,,,http://www.redfin.com/MA/Norfolk/28-Beaverbrook-Rd-02056/home/11490530,MLS PIN,72625884,N,Y,42.0929756,-71.3336099
MLS Listing,,Single Family Residential,47 Cleary Cir,Norfolk,MA,02056,554900,3,2.5,Lakeland Farms,1867,,2020,102,297,200,Active,,,http://www.redfin.com/MA/Norfolk/47-Cleary-CIR-02056/unit-1/home/170484926,MLS PIN,72614498,N,Y,42.1208961,-71.3230549
MLS Listing,,Single Family Residential,48 Everett St,Norfolk,MA,02056,434900,4,4.0,Norfolk,2530,60663,1841,133,172,,Active,,,http://www.redfin.com/MA/Norfolk/48-Everett-St-02056/home/11496076,MLS PIN,72603694,N,Y,42.0890568,-71.2918986
MLS Listing,,Vacant Land,32 Fredrickson,Norfolk,MA,02056,349900,,,Norfolk,,217914,,150,,,Active,,,http://www.redfin.com/MA/Norfolk/32-Fredrickson-Rd-02056/home/58482534,MLS PIN,72601170,N,Y,42.1080714,-71.3390006
MLS Listing,,Single Family Residential,10 Silver Fox Rd,Norfolk,MA,02056,814900,4,2.5,Norfolk,3267,75576,2017,225,249,,Active,,,http://www.redfin.com/MA/NORFOLK/10-SILVER-FOX-RD-02056/home/110083461,MLS PIN,72574233,N,Y,42.116,-71.3346
MLS Listing,,Vacant Land,0 MacArthur Ave,Norfolk,MA,02056,119000,,,Norfolk,,34450,,240,,,Active,,,http://www.redfin.com/MA/NORFOLK/MACARTHUR-AVE-02056/home/110083459,MLS PIN,72565904,N,Y,42.130647,-71.377178
MLS Listing,,Single Family Residential,Lot 12 Keeney Pond Rd,Norfolk,MA,02056,1999000,5,4.5,The Preserve at Keeney Pond,5000,55000,2019,273,400,,Active,,,http://www.redfin.com/MA/Norfolk/12-Keeney-Pond-Rd-02056/home/25670606,MLS PIN,72550526,N,Y,42.114546,-71.334804
MLS Listing,,Single Family Residential,Lot 11 Keeney Pond Rd (New),Norfolk,MA,02056,1499000,5,5.5,Preserve at Keeney Pond,5000,57000,2019,282,300,,Active,,,http://www.redfin.com/MA/Norfolk/11-Keeney-Pond-Rd-02056/home/28956408,MLS PIN,72545591,N,Y,42.1136456,-71.3350946
MLS Listing,,Vacant Land,17 Fruit St Lot 3,Norfolk,MA,02056,220000,,,Norfolk,,56156,,288,,,Active,,,http://www.redfin.com/MA/Norfolk/17-Fruit-St-02056/unit-3/home/168697379,MLS PIN,72542326,N,Y,42.13907,-71.31456
MLS Listing,,Vacant Land,15 Fruit St Lot 2,Norfolk,MA,02056,220000,,,Norfolk,,58491,,288,,,Active,,,http://www.redfin.com/MA/Norfolk/15-Fruit-St-02056/unit-2/home/168697378,MLS PIN,72542324,N,Y,42.1380522,-71.314127
MLS Listing,,Single Family Residential,4 BOYDE'S Xing,Norfolk,MA,02056,669900,2,2.5,Norfolk,2336,,2019,436,287,,Active,,,http://www.redfin.com/MA/Norfolk/4-Boydes-Xing-02056/home/145257873,MLS PIN,72460546,N,Y,42.1215014,-71.321711
MLS Listing,,Single Family Residential,7 BOYDE'S Xing,Norfolk,MA,02056,619900,2,2.5,Norfolk,2034,,2019,436,305,,Active,,,http://www.redfin.com/MA/Norfolk/7-Boydes-Xing-02056/home/140201828,MLS PIN,72460434,N,Y,42.1215014,-71.321711
MLS Listing,,Condo/Co-op,Unit 2 BOYDE'S Xing #2,Norfolk,MA,02056,669900,2,2.5,Norfolk,2336,,2018,568,287,150,Active,,,http://www.redfin.com/MA/Norfolk/2-Boydes-Xing-02056/unit-2/home/143039476,MLS PIN,72414942,N,Y,42.1216816,-71.3199436
MLS Listing,,Vacant Land,5 Turner St,Norfolk,MA,02056,200000,,,Norfolk,,55756,,583,,,Active,,,http://www.redfin.com/MA/Norfolk/5-Turner-St-02056/home/110083816,MLS PIN,72407905,N,Y,42.135217,-71.329448
MLS Listing,,Vacant Land,Lot 5 Ariana Ln,Norfolk,MA,02056,365000,,,Norfolk,,148654,,628,,,Active,,,http://www.redfin.com/MA/Norfolk/5-Ariana-Ln-02056/home/61533824,MLS PIN,72384528,N,Y,42.1289074,-71.3618784
For-Sale-by-Owner Listing,,Single Family Residential,25 Chicatabut Ave,Norfolk,MA,02056,689000,4,2.5,Norfolk,3134,57934,1982,129,220,,Active,,,http://www.redfin.com/MA/Norfolk/25-Chicatabut-Ave-02056/home/11493417,Fizber.com,5042738,N,Y,42.1410546,-71.3285528
