SALE TYPE,SOLD DATE,PROPERTY TYPE,ADDRESS,CITY,STATE OR PROVINCE,ZIP OR POSTAL CODE,PRICE,BEDS,BATHS,LOCATION,SQUARE FEET,LOT SIZE,YEAR BUILT,DAYS ON MARKET,$/SQUARE FEET,HOA/MONTH,STATUS,NEXT OPEN HOUSE START TIME,NEXT OPEN HOUSE END TIME,URL (SEE http://www.redfin.com/buy-a-home/comparative-market-analysis FOR INFO ON PRICING),SOURCE,MLS#,FAVORITE,INTERESTED,LATITUDE,LONGITUDE
MLS Listing,,Single Family Residential,284 church Ave,Northbridge,MA,01534,339900,4,2.0,Northbridge,1925,15245,1968,1,177,,Active,,,http://www.redfin.com/MA/Northbridge/284-Church-Ave-01534/home/16572793,MLS PIN,72655919,N,Y,42.1498865,-71.6417849
MLS Listing,,Townhouse,122 Quarry Rd #122,Northbridge,MA,01588,309900,2,2.5,Northbridge,1360,,2012,1,228,320,Active,,,http://www.redfin.com/MA/Whitinsville/122-Quarry-Rd-01588/unit-122/home/171653471,MLS PIN,72655388,N,Y,42.123146,-71.658432
MLS Listing,,Single Family Residential,43 Sherry St,Northbridge,MA,01588,269900,4,1.0,Northbridge,1148,10000,1954,1,235,,Active,,,http://www.redfin.com/MA/Whitinsville/43-Sherry-St-01588/home/14816690,MLS PIN,72655384,N,Y,42.1347502,-71.6488176
MLS Listing,,Vacant Land,Lot 1 Puddon St,Northbridge,MA,01534,149900,,,Northbridge,,40059,,2,,,Active,,,http://www.redfin.com/MA/Northbridge/1-Puddon-St-01534/home/171582413,MLS PIN,72654866,N,Y,42.1395096,-71.6385079
MLS Listing,,Single Family Residential,Lot 7 Puddon St,Northbridge,MA,01534,439900,3,2.5,Northbridge,1800,49157,2020,3,244,,Active,,,http://www.redfin.com/MA/Northbridge/7-Puddon-St-01534/home/171577945,MLS PIN,72654368,N,Y,42.1394765,-71.6382799
MLS Listing,,Single Family Residential,379 Fowler Rd,Northbridge,MA,01534,400000,3,1.5,Northbridge,2128,69621,1987,3,188,,Active,,,http://www.redfin.com/MA/Northbridge/379-Fowler-Rd-01534/home/16574326,MLS PIN,72654254,N,Y,42.1440556,-71.6592252
MLS Listing,,Single Family Residential,27 Dudley Ave,Northbridge,MA,01588,289900,3,2.0,Northbridge,1546,19205,1956,5,188,,Active,,,http://www.redfin.com/MA/Whitinsville/27-Dudley-Ave-01588/home/16573772,MLS PIN,72653952,N,Y,42.1300672,-71.6484589
MLS Listing,,Single Family Residential,59 Delwyn Barnes Dr,Northbridge,MA,01588,459900,4,2.5,Delwyn Barnes,2832,30050,1999,5,162,,Active,,,http://www.redfin.com/MA/Whitinsville/59-Delwyn-Barnes-Dr-01588/home/16575168,MLS PIN,72653879,N,Y,42.1255251,-71.6778335
MLS Listing,,Single Family Residential,2653 Providence Rd,Northbridge,MA,01534,55000,1,1.0,Northbridge,714,12632,1940,7,77,,Active,,,http://www.redfin.com/MA/Northbridge/2653-Providence-Rd-01534/home/16574289,MLS PIN,72653223,N,Y,42.1604214,-71.6599653
MLS Listing,,Single Family Residential,191 Ivy Ln,Northbridge,MA,01588,345000,3,1.5,Northbridge,1694,35507,1975,7,204,,Active,,,http://www.redfin.com/MA/Whitinsville/191-Ivy-Ln-01588/home/16576120,MLS PIN,72653059,N,Y,42.107164,-71.685805
MLS Listing,,Single Family Residential,1084 Providence Rd,Northbridge,MA,01588,379900,3,2.5,Northbridge,1852,7080,2020,8,205,,Active,,,http://www.redfin.com/MA/Whitinsville/1084-Providence-Rd-01588/home/16572734,MLS PIN,72652335,N,Y,42.1232617,-71.6443392
MLS Listing,,Single Family Residential,845 Hill St,Northbridge,MA,01588,339000,4,1.5,Whitinsville,1770,11664,1880,8,192,,Active,,,http://www.redfin.com/MA/Whitinsville/845-Hill-St-01588/home/16575121,MLS PIN,72652259,N,Y,42.1323747,-71.6729784
MLS Listing,,Single Family Residential,Lot 57 Puddon St,Northbridge,MA,01534,479900,4,2.5,Northbridge,2250,49222,2020,13,213,,Active,,,http://www.redfin.com/MA/Northbridge/57-Puddon-St-01534/home/171494500,MLS PIN,72650108,N,Y,42.1405511,-71.6377809
MLS Listing,,Single Family Residential,35 Puddon St,Northbridge,MA,01534,469900,4,2.5,Northbridge,2044,40391,2019,13,230,,Active,,,http://www.redfin.com/MA/Northbridge/35-Puddon-St-01534/home/171494291,MLS PIN,72650091,N,Y,42.1400546,-71.6380339
MLS Listing,,Single Family Residential,95 Rocky Rd,Northbridge,MA,01588,774997,7,4.5,Northbridge,5200,88787,2001,22,149,,Active,,,http://www.redfin.com/MA/Whitinsville/95-Rocky-Rd-01588/home/16575552,MLS PIN,72646415,N,Y,42.1338324,-71.6924333
MLS Listing,,Vacant Land,0 Prentice Rd,Northbridge,MA,01588,60000,,,Northbridge,,13503,,23,,,Active,,,http://www.redfin.com/MA/Whitinsville/Prentice-Rd-01588/home/171386425,MLS PIN,72646092,N,Y,42.1124477,-71.6970075
MLS Listing,,Single Family Residential,72 Ivy Ln,Northbridge,MA,01588,369900,3,2.0,Whitinsville,2348,21780,1975,31,158,,Active,,,http://www.redfin.com/MA/Whitinsville/72-Ivy-Ln-01588/home/16576106,MLS PIN,72643334,N,Y,42.1081844,-71.6907648
MLS Listing,,Single Family Residential,198 Hillcrest Rd,Northbridge,MA,01588,469900,4,2.5,The Hills of Whitinsville,2360,19525,2004,31,199,,Active,May-17-2020 11:00 AM,May-17-2020 01:00 PM,http://www.redfin.com/MA/Whitinsville/198-Hillcrest-Rd-01588/home/16571340,MLS PIN,72643275,N,Y,42.1224938,-71.6639748
MLS Listing,,Vacant Land,0 MENDON,Northbridge,MA,01588,300000,,,Northbridge,,812829,,38,,,Active,,,http://www.redfin.com/MA/Northbridge/Mendon-Rd-01588/home/146810995,MLS PIN,72641382,N,Y,42.1243697,-71.612028
MLS Listing,,Single Family Residential,74 Shannon Dr,Northbridge,MA,01588,499900,4,2.5,Reservoir Heights,2692,20061,2004,50,186,,Active,,,http://www.redfin.com/MA/Whitinsville/74-Shannon-Dr-01588/home/16571976,MLS PIN,72637957,N,Y,42.1295683,-71.680151
MLS Listing,,Single Family Residential,131 Macarthur Rd,Northbridge,MA,01534,449900,3,2.5,Graystone Estates,2080,30402,1999,50,216,,Active,May-16-2020 11:00 AM,May-16-2020 01:00 PM,http://www.redfin.com/MA/Northbridge/131-MacArthur-Rd-01534/home/16573580,MLS PIN,72632095,N,Y,42.1440443,-71.6355834
MLS Listing,,Single Family Residential,Lot 14 Windstone Dr,Northbridge,MA,01534,629900,4,3.5,Windstone Drive,2826,51634,2020,51,223,,Active,,,http://www.redfin.com/MA/Northbridge/14-Windstone-Dr-01534/home/171189420,MLS PIN,72637425,N,Y,42.1350315,-71.6631812
MLS Listing,,Vacant Land,Lot 2 Fowler Rd,Northbridge,MA,01534,129900,,,Northbridge,,164221,,58,,,Active,,,http://www.redfin.com/MA/Northbridge/2-Fowler-Rd-01534/home/28634188,MLS PIN,72634933,N,Y,42.1535685,-71.6546268
MLS Listing,,Condo/Co-op,7 Summit St #2,Northbridge,MA,01588,249900,3,1.0,Northbridge,1284,,1930,64,195,,Active,,,http://www.redfin.com/MA/Whitinsville/7-Summit-St-01588/unit-2/home/137275184,MLS PIN,72631946,N,Y,42.1158295,-71.6523404
MLS Listing,,Single Family Residential,192 Shannon Dr,Northbridge,MA,01588,539900,4,2.5,Northbridge,3454,25120,2004,64,156,,Active,,,http://www.redfin.com/MA/Whitinsville/192-Shannon-Dr-01588/home/16571971,MLS PIN,72631403,N,Y,42.1310739,-71.679085
MLS Listing,,Multi-Family (2-4 Unit),7 Johnston Ave,Northbridge,MA,01588,349900,5,3.0,Northbridge,2771,6232,1913,65,126,,Active,,,http://www.redfin.com/MA/Whitinsville/7-Johnston-Ave-01588/home/16573526,MLS PIN,72631171,N,Y,42.1132641,-71.6558169
MLS Listing,,Single Family Residential,181 Shining Rock Dr,Northbridge,MA,01534,849900,5,3.5,Shining Rock Golf Community,5300,29228,2005,68,160,,Active,,,http://www.redfin.com/MA/Northbridge/181-Shining-Rock-Dr-01534/home/16572307,MLS PIN,72629888,N,Y,42.1535937,-71.642722
MLS Listing,,Townhouse,44 D #44,Northbridge,MA,01588,159900,3,1.5,Northbridge,1161,,1910,70,138,225,Active,,,http://www.redfin.com/MA/Whitinsville/44-D-St-01588/unit-44/home/77497171,MLS PIN,72628646,N,Y,42.1143417,-71.6840578
MLS Listing,,Single Family Residential,1548 Providence Rd,Northbridge,MA,01588,317500,3,2.5,Whitinsville,1438,17424,1957,73,221,,Active,,,http://www.redfin.com/MA/WHITINSVILLE/1548-PROVIDENCE-RD-01588/home/16573777,MLS PIN,72626707,N,Y,42.135068,-71.647249
MLS Listing,,Single Family Residential,559 Hill St,Northbridge,MA,01588,175000,2,1.0,Northbridge,1224,33105,1900,83,143,,Active,,,http://www.redfin.com/MA/Whitinsville/559-Hill-St-01588/home/16575440,MLS PIN,72622646,N,Y,42.1245644,-71.672457
MLS Listing,,Single Family Residential,249 Marston Rd,Northbridge,MA,01588,469900,4,3.0,Whitinsville,2360,48000,2001,87,199,,Active,,,http://www.redfin.com/MA/Whitinsville/249-Marston-Rd-01588/home/16571417,MLS PIN,72620521,N,Y,42.1203733,-71.6646212
MLS Listing,,Single Family Residential,Lot 9 Heights of Hill St,Northbridge,MA,01588,629900,4,2.5,Northbridge,2900,48276,2019,162,217,,Active,,,http://www.redfin.com/MA/Whitinsville/9-Heights-of-Hill-St-01588/home/167106441,MLS PIN,72597855,N,Y,42.1301041,-71.6724742
MLS Listing,,Vacant Land,LOT 17 Hill St,Northbridge,MA,01588,620000,,,Whitinsville,,784080,,173,,,Active,,,http://www.redfin.com/MA/Whitinsville/1588-Hill-St-01588/home/169642711,MLS PIN,72595726,N,Y,42.1511496,-71.6794248
MLS Listing,,Single Family Residential,41 Pine St,Northbridge,MA,01588,395000,3,1.5,Whitinsville,1760,38237,1970,173,224,,Active,,,http://www.redfin.com/MA/Whitinsville/41-Pine-St-01588/home/169934205,MLS PIN,72595725,N,Y,42.1139811,-71.6653045
MLS Listing,,Vacant Land,0 Glen Dr,Northbridge,MA,01588,82500,,,Northbridge,,317988,,182,,,Active,,,http://www.redfin.com/MA/Northbridge/Glen-Dr-01588/home/164667888,MLS PIN,72592784,N,Y,42.1248582,-71.681455
MLS Listing,,Single Family Residential,(L)58 Roosevelt Dr,Northbridge,MA,01534,589900,4,2.5,Presidential Farms,2545,36642,2020,238,232,,Active,,,http://www.redfin.com/MA/Northbridge/L-58-Roosevelt-Dr-01534/home/170231676,MLS PIN,72567776,N,Y,42.1604689,-71.6725185
MLS Listing,,Vacant Land,31 Road AHR,Uxbridge,MA,01588,70000,,,Uxbridge,,92347,,260,,,Active,,,http://www.redfin.com/MA/Whitinsville/31-Road-AHR-01588/home/168801702,MLS PIN,72555763,N,Y,42.1170567,-71.6732681
MLS Listing,,Single Family Residential,120 Hill St,Northbridge,MA,01588,1495000,23,11.0,Whitinsville,20000,196020,1890,433,75,,Active,,,http://www.redfin.com/MA/Whitinsville/120-Hill-St-01588/home/40157201,MLS PIN,72462761,N,Y,42.112525,-71.6664051
MLS Listing,,Single Family Residential,902 Quaker St,Northbridge,MA,01534,569500,4,2.5,country road,2914,41034,2018,617,195,,Active,,,http://www.redfin.com/MA/Northbridge/902-Quaker-St-01534/home/166866261,MLS PIN,72388938,N,Y,42.1221069,-71.6256048
