SALE TYPE,SOLD DATE,PROPERTY TYPE,ADDRESS,CITY,STATE OR PROVINCE,ZIP OR POSTAL CODE,PRICE,BEDS,BATHS,LOCATION,SQUARE FEET,LOT SIZE,YEAR BUILT,DAYS ON MARKET,$/SQUARE FEET,HOA/MONTH,STATUS,NEXT OPEN HOUSE START TIME,NEXT OPEN HOUSE END TIME,URL (SEE http://www.redfin.com/buy-a-home/comparative-market-analysis FOR INFO ON PRICING),SOURCE,MLS#,FAVORITE,INTERESTED,LATITUDE,LONGITUDE
MLS Listing,,Single Family Residential,120 Summer St,North Brookfield,MA,01535,169900,2,1.0,North Brookfield,1047,10018,1940,3,162,,Active,,,http://www.redfin.com/MA/North-Brookfield/120-Summer-St-01535/home/16565408,MLS PIN,72654646,N,Y,42.2697389,-72.0918811
MLS Listing,,Vacant Land,56 E Old Brookfield Rd,North Brookfield,MA,01535,199900,,,North Brookfield,,2457655,,3,,,Active,,,http://www.redfin.com/MA/North-Brookfield/56-E-Old-Brookfield-Rd-01535/home/76482314,MLS PIN,72654213,N,Y,42.250204,-72.065136
MLS Listing,,Single Family Residential,10 Chase Rd,North Brookfield,MA,01535,215000,2,1.0,North Brookfield,1034,20909,1850,5,208,,Active,,,http://www.redfin.com/MA/North-Brookfield/10-Chase-Rd-01535/home/16566241,MLS PIN,72653809,N,Y,42.2627437,-72.0727636
MLS Listing,,Single Family Residential,7 E Brookfield Rd,North Brookfield,MA,01535,229900,3,1.0,North Brookfield,1536,11326,1986,6,150,,Active,,,http://www.redfin.com/MA/North-Brookfield/7-E-Brookfield-Rd-01535/home/16566274,MLS PIN,72653600,N,Y,42.2586249,-72.0803899
MLS Listing,,Vacant Land,142 Summer St,North Brookfield,MA,01535,50000,,,North Brookfield,,34412,,26,,,Active,,,http://www.redfin.com/MA/North-Brookfield/142-Summer-St-01535/home/16565400,MLS PIN,72645362,N,Y,42.2706375,-72.0935822
MLS Listing,,Single Family Residential,7 Fullam Hill Rd,North Brookfield,MA,01535,105000,4,1.0,North Brookfield,1553,20038,1850,50,68,,Active,,,http://www.redfin.com/MA/North-Brookfield/7-Fullam-Hill-Rd-01535/home/16565310,MLS PIN,72638020,N,Y,42.2593201,-72.0879003
MLS Listing,,Single Family Residential,51 New Braintree Rd,North Brookfield,MA,01535,299900,4,2.0,North Brookfield,1740,30056,1975,51,172,,Active,,,http://www.redfin.com/MA/North-Brookfield/51-New-Braintree-Rd-01535/home/16565926,MLS PIN,72637487,N,Y,42.2847255,-72.0873912
MLS Listing,,Vacant Land,Lot 4 Bigelow Rd,North Brookfield,MA,01535,55000,,,North Brookfield,,202989,,57,,,Active,,,http://www.redfin.com/MA/North-Brookfield/4-Bigelow-Rd-01535/home/162286825,MLS PIN,72634998,N,Y,42.2732199,-72.100291
MLS Listing,,Vacant Land,8 Ryan Rd,North Brookfield,MA,01535,56900,,,North Brookfield,,66000,,70,,,Active,,,http://www.redfin.com/MA/North-Brookfield/8-Ryan-Rd-01535/home/76482271,MLS PIN,72629129,N,Y,42.2708034,-72.0567875
MLS Listing,,Single Family Residential,150 Summer,North Brookfield,MA,01535,275000,3,1.0,North Brookfield,1260,143748,2020,83,218,,Active,,,http://www.redfin.com/MA/North-Brookfield/150-Summer-St-01535/home/16565825,MLS PIN,72622595,N,Y,42.2715901,-72.0937531
MLS Listing,,Vacant Land,"Lots R,1&2 Waite Corner & Collins Rd",North Brookfield,MA,01535,95000,,,North Brookfield,,561053,,115,,,Active,,,http://www.redfin.com/MA/North-Brookfield/Lots-R-1-2-01535/home/170361847,MLS PIN,72609905,N,Y,42.2800382,-72.1095219
MLS Listing,,Single Family Residential,4 Sandy Dr,North Brookfield,MA,01535,340900,3,2.0,North Brookfield,1801,13503,2019,135,189,,Active,,,http://www.redfin.com/MA/North-Brookfield/4-Sandy-Dr-01535/home/76482301,MLS PIN,72603182,N,Y,42.2803001,-72.0761145
MLS Listing,,Vacant Land,0 New Braintree Rd,North Brookfield,MA,01535,65000,,,North Brookfield,,392040,,176,,,Active,,,http://www.redfin.com/MA/North-Brookfield/New-Braintree-Rd-01535/home/171043992,MLS PIN,72594732,N,Y,42.2948353,-72.0929618
MLS Listing,,Vacant Land,50 Town Farm Rd,North Brookfield,MA,01535,425000,,,North Brookfield,,1748673,,222,,,Active,,,http://www.redfin.com/MA/North-Brookfield/50-Town-Farm-Rd-01535/home/77527951,MLS PIN,72575859,N,Y,42.2387695,-72.0755445
MLS Listing,,Vacant Land,40 lot 1 Hines Bridge Rd,North Brookfield,MA,01535,70000,,,North Brookfield,,65340,,231,,,Active,,,http://www.redfin.com/MA/North-Brookfield/1-Hines-Bridge-Rd-01535/home/40628880,MLS PIN,72571491,N,Y,42.2581273,-72.0337576
MLS Listing,,Single Family Residential,25 Oakham Rd,North Brookfield,MA,01535,237900,4,1.5,North Brookfield,2584,733986,1849,269,92,,Active,,,http://www.redfin.com/MA/North-Brookfield/25-Oakham-Rd-01535/home/16566402,MLS PIN,72551609,N,Y,42.2862181,-72.0751007
MLS Listing,,Vacant Land,13 Cushing St,North Brookfield,MA,01535,40000,,,North Brookfield,,11326,,297,,,Active,,,http://www.redfin.com/MA/North-Brookfield/13-Cushing-St-01535/home/76482272,MLS PIN,72538295,N,Y,42.2642227,-72.0850756
MLS Listing,,Vacant Land,104 S Main St,North Brookfield,MA,01535,40000,,,North Brookfield,,10890,,297,,,Active,,,http://www.redfin.com/MA/North-Brookfield/104-S-Main-St-01535/home/76482277,MLS PIN,72538291,N,Y,42.2651278,-72.0858219
MLS Listing,,Vacant Land,102 S Main St,North Brookfield,MA,01535,40000,,,North Brookfield,,12197,,297,,,Active,,,http://www.redfin.com/MA/North-Brookfield/102-S-Main-St-01535/home/76482279,MLS PIN,72538289,N,Y,42.2647328,-72.0861469
MLS Listing,,Vacant Land,100 S Main St,North Brookfield,MA,01535,40000,,,North Brookfield,,11761,,297,,,Active,,,http://www.redfin.com/MA/North-Brookfield/100-S-Main-St-01535/home/16565049,MLS PIN,72538287,N,Y,42.264888,-72.085182
MLS Listing,,Single Family Residential,37 Walnut St,North Brookfield,MA,01535,325000,3,2.5,North Brookfield,2483,23522,1900,324,131,,Active,,,http://www.redfin.com/MA/North-Brookfield/37-Walnut-St-01535/home/16565083,MLS PIN,72524834,N,Y,42.266033,-72.081605
MLS Listing,,Multi-Family (2-4 Unit),197 N Main St,North Brookfield,MA,01535,254900,4,4.0,North Brookfield,3200,4100,1875,665,80,,Active,,,http://www.redfin.com/MA/North-Brookfield/197-N-Main-St-01535/home/102273667,MLS PIN,72365098,N,Y,42.2689083,-72.0854384
