SALE TYPE,SOLD DATE,PROPERTY TYPE,ADDRESS,CITY,STATE OR PROVINCE,ZIP OR POSTAL CODE,PRICE,BEDS,BATHS,LOCATION,SQUARE FEET,LOT SIZE,YEAR BUILT,DAYS ON MARKET,$/SQUARE FEET,HOA/MONTH,STATUS,NEXT OPEN HOUSE START TIME,NEXT OPEN HOUSE END TIME,URL (SEE http://www.redfin.com/buy-a-home/comparative-market-analysis FOR INFO ON PRICING),SOURCE,MLS#,FAVORITE,INTERESTED,LATITUDE,LONGITUDE
MLS Listing,,Single Family Residential,1 Hebron Ave,Oak Bluffs,MA,02557,435000,2,1.0,Martha's Vineyard Camp Meeting Association,687,,1870,5,633,106,Active,,,http://www.redfin.com/MA/Oak-Bluffs/1-Hebron-Ave-02557/home/107350249,MLS PIN,72653947,N,Y,41.4567629,-70.5591268
MLS Listing,,Single Family Residential,20 Wood Duck Way,Oak Bluffs,MA,02557,1150000,4,2.5,Oak Bluffs,3376,53143,1984,10,341,,Active,,,http://www.redfin.com/MA/OAK-BLUFFS/20-WOOD-DUCK-WAY-02557/home/108521467,MLS PIN,72651247,N,Y,41.421848,-70.572416
MLS Listing,,Single Family Residential,1 Bird St,Oak Bluffs,MA,02557,1095000,4,3.0,Oak Bluffs,2330,9583,2011,12,470,,Active,,,http://www.redfin.com/MA/Oak-Bluffs/1-Bird-St-02557/home/133849003,MLS PIN,72650533,N,Y,41.453834,-70.5686168
MLS Listing,,Single Family Residential,395 Barnes Rd,Oak Bluffs,MA,02557,4350000,4,4.5,Lagoon,4330,60983,1998,13,1005,,Active,,,http://www.redfin.com/MA/Oak-Bluffs/395-Barnes-Rd-02557/home/133860066,MLS PIN,72650399,N,Y,41.4322102,-70.5993253
MLS Listing,,Multi-Family (2-4 Unit),24 Shawmut Ave,Oak Bluffs,MA,02557,700000,3,2.0,Oak Bluffs,1770,10010,2000,63,395,,Active,,,http://www.redfin.com/MA/Oak-Bluffs/24-Shawmut-Ave-02557/home/133859850,MLS PIN,72632585,N,Y,41.4504235,-70.5656994
MLS Listing,,Single Family Residential,53 Circuit Ave,Oak Bluffs,MA,02557,3150000,5,4.5,Oak Bluffs,5200,2614,1900,84,606,,Active,,,http://www.redfin.com/MA/Oak-Bluffs/53-Circuit-Ave-02557/home/160535251,MLS PIN,72621917,N,Y,41.4549524,-70.558867
MLS Listing,,Single Family Residential,225 E Chop Dr,Oak Bluffs,MA,02557,2790000,3,3.5,East Chop,2449,22000,1950,89,1139,,Active,,,http://www.redfin.com/MA/OAK-BLUFFS/225-E-CHOP-DR-02557/home/133857040,MLS PIN,72619904,N,Y,41.470264,-70.566805
MLS Listing,,Single Family Residential,232 Massachusetts Ave,Oak Bluffs,MA,02557,1799000,5,4.0,East Chop,5269,19166,1900,168,341,,Active,,,http://www.redfin.com/MA/OAK-BLUFFS/232-MASSACHUSETTS-AVE-02557/home/133861623,MLS PIN,72596606,N,Y,41.462364,-70.563537
MLS Listing,,Multi-Family (2-4 Unit),1 Winemack St,Oak Bluffs,MA,02557,919900,4,2.5,Oak Bluffs,2167,13068,1999,293,425,,Active,,,http://www.redfin.com/MA/OAK-BLUFFS/1-WINEMACK-ST-02557/home/133860720,MLS PIN,72540769,N,Y,41.462472,-70.576281
