SALE TYPE,SOLD DATE,PROPERTY TYPE,ADDRESS,CITY,STATE OR PROVINCE,ZIP OR POSTAL CODE,PRICE,BEDS,BATHS,LOCATION,SQUARE FEET,LOT SIZE,YEAR BUILT,DAYS ON MARKET,$/SQUARE FEET,HOA/MONTH,STATUS,NEXT OPEN HOUSE START TIME,NEXT OPEN HOUSE END TIME,URL (SEE http://www.redfin.com/buy-a-home/comparative-market-analysis FOR INFO ON PRICING),SOURCE,MLS#,FAVORITE,INTERESTED,LATITUDE,LONGITUDE
MLS Listing,,Single Family Residential,47 Hill Farm Rd,Pembroke,MA,02359,595000,4,2.5,Pembroke,2698,82276,1996,1,221,,Active,,,http://www.redfin.com/MA/Pembroke/47-Hill-Farm-Rd-02359/home/16407589,MLS PIN,72656175,N,Y,42.0574798,-70.7887443
MLS Listing,,Single Family Residential,41 Oakland Sq,Pembroke,MA,02359,699000,4,2.5,Oakland Square,3229,40013,2001,1,216,,Active,,,http://www.redfin.com/MA/Pembroke/Oakland-Square-Dr-02359/home/16409779,MLS PIN,72655383,N,Y,42.033563,-70.790262
MLS Listing,,Townhouse,27 Newbury Dr #27,Pembroke,MA,02359,450000,3,2.5,Pembroke,2208,,2004,3,204,404,Active,,,http://www.redfin.com/MA/Pembroke/27-Newbury-Dr-02359/unit-27/home/145668828,MLS PIN,72654208,N,Y,42.0821653,-70.7821641
MLS Listing,,Single Family Residential,15 Greenwood Ave,Pembroke,MA,02359,395000,3,2.0,Pembroke,1112,12030,1958,7,355,,Active,,,http://www.redfin.com/MA/Pembroke/15-Greenwood-Ave-02359/home/23473967,MLS PIN,72652700,N,Y,42.0641889,-70.8109036
MLS Listing,,Single Family Residential,42 Center St,Pembroke,MA,02359,649000,3,2.0,North Pembroke,2100,87120,2020,13,309,,Active,,,http://www.redfin.com/MA/Pembroke/42-Center-St-02359/home/170380871,MLS PIN,72650019,N,Y,42.073093,-70.8043772
MLS Listing,,Single Family Residential,18 Adams Ave,Pembroke,MA,02359,300000,2,1.0,Olham Village,1117,10000,1940,13,269,,Active,,,http://www.redfin.com/MA/Pembroke/18-Adams-Ave-02359/home/16404742,MLS PIN,72649896,N,Y,42.0680169,-70.8302282
MLS Listing,,Single Family Residential,18 Cynthia Ave,Pembroke,MA,02359,284900,2,1.0,Pembroke,1040,4725,,14,274,,Active,,,http://www.redfin.com/MA/Pembroke/18-Cynthia-Ave-02359/home/16404661,MLS PIN,72649449,N,Y,42.0641189,-70.8286024
MLS Listing,,Single Family Residential,98 Forest St,Pembroke,MA,02359,799900,4,2.5,North Pembroke,2700,138993,2020,17,296,,Active,,,http://www.redfin.com/MA/Pembroke/98-Forest-St-02359/home/171433048,MLS PIN,72648331,N,Y,42.0519742,-70.7835218
MLS Listing,,Single Family Residential,100 Forest St,Pembroke,MA,02359,724900,4,2.5,North Pembroke,2200,137581,2020,17,330,,Active,,,http://www.redfin.com/MA/Pembroke/100-Forest-St-02359/home/171432796,MLS PIN,72648319,N,Y,42.0517137,-70.7837817
MLS Listing,,Single Family Residential,22 Pondview Ave,Pembroke,MA,02359,340000,2,2.0,Pembroke,1092,11350,1928,20,311,,Active,,,http://www.redfin.com/MA/Pembroke/22-Pondview-Ave-02359/home/16404669,MLS PIN,72647531,N,Y,42.0623245,-70.8294385
MLS Listing,,Single Family Residential,99 Hobomock St,Pembroke,MA,02359,689900,5,2.5,Pembroke,3136,55160,1998,20,220,,Active,May-16-2020 11:00 AM,May-16-2020 01:00 PM,http://www.redfin.com/MA/Pembroke/99-Hobomock-St-02359/home/16408294,MLS PIN,72647387,N,Y,42.0508554,-70.8062581
MLS Listing,,Single Family Residential,11 Brisan Way,Pembroke,MA,02359,879900,4,2.5,Villas at Brookview,3211,82764,2020,31,274,,Active,,,http://www.redfin.com/MA/Pembroke/Brisan-Way-02359/home/167710053,MLS PIN,72643538,N,Y,42.077589,-70.784071
MLS Listing,,Single Family Residential,77 Queens Brook Rd,Pembroke,MA,02359,539900,3,2.0,Pembroke,2828,47562,1969,35,191,,Active,,,http://www.redfin.com/MA/Pembroke/77-Queens-Brook-Rd-02359/home/16404307,MLS PIN,72642355,N,Y,42.0565616,-70.8220926
MLS Listing,,Single Family Residential,104 Forest St,Pembroke,MA,02359,619900,3,2.5,North Pembroke,2072,87120,2020,35,299,,Active,,,http://www.redfin.com/MA/Pembroke/104-Forest-St-02359/home/16407125,MLS PIN,72642315,N,Y,42.0510052,-70.7838962
MLS Listing,,Townhouse,45 Bagnell Dr #45,Pembroke,MA,02359,430000,2,2.5,Pembroke,1860,,2002,36,231,297,Active,,,http://www.redfin.com/MA/Pembroke/45-Bagnell-Dr-02359/unit-45/home/171293319,MLS PIN,72641970,N,Y,42.0808736,-70.7819142
MLS Listing,,Single Family Residential,52 Plain St,Pembroke,MA,02359,385000,3,1.0,Pembroke,2507,61420,1978,38,154,,Active,,,http://www.redfin.com/MA/Pembroke/52-Plain-St-02359/home/16408357,MLS PIN,72641456,N,Y,42.0358777,-70.7998454
MLS Listing,,Single Family Residential,9 Debra Rd,Pembroke,MA,02359,689900,5,4.0,Pembroke,4200,46000,1975,39,164,,Active,,,http://www.redfin.com/MA/Pembroke/9-Debra-Rd-02359/home/16406902,MLS PIN,72641266,N,Y,42.0925768,-70.7629833
MLS Listing,,Single Family Residential,10 Emily Ln,Pembroke,MA,02359,699900,4,3.0,Pembroke,2949,40013,2016,49,237,,Active,,,http://www.redfin.com/MA/Pembroke/Unknown-02359/home/67976567,MLS PIN,72638102,N,Y,42.023112,-70.780493
MLS Listing,,Single Family Residential,135 Sunset Way,Pembroke,MA,02359,639000,4,2.5,Edgewater,2216,46545,1984,57,288,,Active,,,http://www.redfin.com/MA/Pembroke/135-Sunset-Way-02359/home/16408065,MLS PIN,72635146,N,Y,42.0851783,-70.7809386
MLS Listing,,Townhouse,15 Liberty Dr #15,Pembroke,MA,02359,475000,2,2.5,Pembroke,1876,,2004,58,253,435,Active,,,http://www.redfin.com/MA/Pembroke/15-Liberty-Dr-02359/unit-15/home/109019303,MLS PIN,72634464,N,Y,42.0628599,-70.811644
MLS Listing,,Single Family Residential,193 Center St,Pembroke,MA,02359,339800,4,2.0,Pembroke,1690,41281,1878,74,201,,Active,,,http://www.redfin.com/MA/Pembroke/193-Center-St-02359/home/16408471,MLS PIN,72626137,N,Y,42.0661058,-70.8103461
MLS Listing,,Vacant Land,11 Lisa's Ln,Pembroke,MA,02359,759900,4,2.5,North Pembroke,2320,45064,2020,77,328,,Active,,,http://www.redfin.com/MA/Pembroke/117-Church-St-02359/home/170380872,MLS PIN,72624803,N,Y,42.1073017,-70.7732571
MLS Listing,,Single Family Residential,17 Lilah Ln,Pembroke,MA,02359,385700,4,3.5,Pembroke,2792,40449,2000,92,138,,Active,,,http://www.redfin.com/MA/Pembroke/17-Lilah-Ln-02359/home/16409670,MLS PIN,72618785,N,Y,42.0828479,-70.7828057
MLS Listing,,Single Family Residential,3 Oldham St,Pembroke,MA,02359,579000,3,3.5,Pembroke,4074,34550,1986,121,142,,Active,,,http://www.redfin.com/MA/Pembroke/3-Oldham-St-02359/home/16404727,MLS PIN,72607881,N,Y,42.0726289,-70.8095463
MLS Listing,,Vacant Land,44 Erickson Ln,Pembroke,MA,02359,299000,,,Pembroke,,40359,,122,,,Active,,,http://www.redfin.com/MA/Pembroke/44-Erikson-Ln-02359/home/17543846,MLS PIN,72607521,N,Y,42.0586343,-70.8145833
MLS Listing,,Vacant Land,139R Oldham Land,Pembroke,MA,02359,900000,,,Pembroke,,802880,,281,,,Active,,,http://www.redfin.com/MA/Pembroke/139-Oldham-St-02359/home/16406093,MLS PIN,72546294,N,Y,42.071898,-70.8203337
MLS Listing,,Single Family Residential,7 Bristol Rd,Pembroke,MA,02359,789900,4,2.5,Bristol Estates - Convenient To Route 3 & Commuter Rail,3059,40638,2019,281,258,,Active,,,http://www.redfin.com/MA/Pembroke/Bristol-Rd-02359/home/167710065,MLS PIN,72546252,N,Y,42.0968,-70.7665
MLS Listing,,Vacant Land,326 W Elm St,Pembroke,MA,02359,825000,,,Pembroke,,1945640,,345,,,Active,,,http://www.redfin.com/MA/Pembroke/326-W-Elm-St-02359/home/16405890,MLS PIN,72512331,N,Y,42.0938098,-70.8243122
MLS Listing,,Single Family Residential,8 Silverwood Rd,Pembroke,MA,02359,599900,3,2.0,Copperwood Circle Estates,1749,21261,2019,363,343,25,Active,,,http://www.redfin.com/MA/Pembroke/Silverwood-Rd-02359/home/144777345,MLS PIN,72502299,N,Y,42.0362,-70.7856
MLS Listing,,Single Family Residential,Lot 147 Copperwood Rd,Pembroke,MA,02359,659900,4,2.5,Copperwood Circle Estates,2175,21261,2019,450,303,25,Active,,,http://www.redfin.com/MA/Pembroke/Lot-147-Copperwood-Rd-02359/home/160496375,MLS PIN,72454651,N,Y,42.0341911,-70.7803917
MLS Listing,,Single Family Residential,8 Bristol Rd,Pembroke,MA,02359,850000,4,2.5,Bristol Estates - Convenient To Route 3 & Commuter Rail,3300,40638,2020,570,258,,Active,,,http://www.redfin.com/MA/Pembroke/8-Bristol-Rd-02359/home/147786376,MLS PIN,72413821,N,Y,42.0698312,-70.8001028
