SALE TYPE,SOLD DATE,PROPERTY TYPE,ADDRESS,CITY,STATE OR PROVINCE,ZIP OR POSTAL CODE,PRICE,BEDS,BATHS,LOCATION,SQUARE FEET,LOT SIZE,YEAR BUILT,DAYS ON MARKET,$/SQUARE FEET,HOA/MONTH,STATUS,NEXT OPEN HOUSE START TIME,NEXT OPEN HOUSE END TIME,URL (SEE http://www.redfin.com/buy-a-home/comparative-market-analysis FOR INFO ON PRICING),SOURCE,MLS#,FAVORITE,INTERESTED,LATITUDE,LONGITUDE
MLS Listing,,Single Family Residential,71 Irish Farm Rd,Peru,ME,04290,219000,3,1.0,Peru,1170,4791,1950,7,187,,Active,,,http://www.redfin.com/ME/Peru/71-Irish-Farm-Rd-04290/home/97613110,MREIS,1451559,N,Y,44.4620677,-70.3946879
MLS Listing,,Vacant Land,561 Acres Greenwoods Rd,Peru,ME,04290,490000,,,Peru,,24437160,,11,,,Active,,,http://www.redfin.com/ME/Peru/561-Acres-Greenwoods-Rd-04290/home/171528571,MREIS,1451023,N,Y,44.4578547,-70.4079869
MLS Listing,,Single Family Residential,444 Auburn Rd,Peru,ME,04290,69000,2,1.0,Peru,768,13939,1948,23,90,,Active,,,http://www.redfin.com/ME/Peru/444-Auburn-Rd-04290/home/97613700,MREIS,1449941,N,Y,44.5163061,-70.424349
MLS Listing,,Single Family Residential,535 Dickvale Rd,Peru,ME,04290,219000,5,3.0,Peru,3314,65340,1860,38,66,,Active,,,http://www.redfin.com/ME/Peru/535-Dickvale-Rd-04290/home/97613482,MREIS,1448961,N,Y,44.4839805,-70.4813318
MLS Listing,,Vacant Land,540 Main St,Dixfield,ME,04224,32000,,,Dixfield,,63597,,160,,,Active,,,http://www.redfin.com/ME/Carthage/540-Main-St-04224/home/170022639,MREIS,1440428,N,Y,44.5267131,-70.4639331
MLS Listing,,Mobile/Manufactured Home,192-194 Auburn Rd,Peru,ME,04290,75000,5,2.0,Peru,1840,35719,1990,232,41,,Active,,,http://www.redfin.com/ME/Peru/192-Auburn-Rd-04290/home/97613333,MREIS,1434344,N,Y,44.4889095,-70.3800193
MLS Listing,,Vacant Land,0 Greenwoods Rd,Peru,ME,04290,32000,,,Peru,,324086,,248,,,Active,,,http://www.redfin.com/ME/Peru/Greenwoods-Rd-Unknown/home/97612285,MREIS,1432430,N,Y,44.458403,-70.413839
MLS Listing,,Vacant Land,TBD Route 16,Concord Twp,ME,04290,329000,,,Concord Twp,,3691710,,324,,,Active,,,http://www.redfin.com/ME/Concord-Twp/TBD-Route-16-04290/home/167131840,MREIS,1421614,N,Y,44.4856378,-70.4292747
MLS Listing,,Vacant Land,0 Packard Rd,Peru,ME,04290,69000,,,Peru,,2570040,,656,,,Active,,,http://www.redfin.com/ME/Peru/Packard-Rd-04290/home/66713905,MREIS,1363508,N,Y,44.4730864,-70.3787184
MLS Listing,,Mobile/Manufactured Home,14 Elwin Ave,Peru,ME,04290,42499,2,1.0,Peru,924,65340,1986,673,46,,Active,,,http://www.redfin.com/ME/Peru/Unknown-04290/home/97612856,MREIS,1360442,N,Y,44.485134,-70.375487
