SALE TYPE,SOLD DATE,PROPERTY TYPE,ADDRESS,CITY,STATE OR PROVINCE,ZIP OR POSTAL CODE,PRICE,BEDS,BATHS,LOCATION,SQUARE FEET,LOT SIZE,YEAR BUILT,DAYS ON MARKET,$/SQUARE FEET,HOA/MONTH,STATUS,NEXT OPEN HOUSE START TIME,NEXT OPEN HOUSE END TIME,URL (SEE http://www.redfin.com/buy-a-home/comparative-market-analysis FOR INFO ON PRICING),SOURCE,MLS#,FAVORITE,INTERESTED,LATITUDE,LONGITUDE
MLS Listing,,Single Family Residential,48 N Main St,Petersham,MA,01366,549900,4,3.5,Petersham,2559,653400,1996,3,215,,Active,,,http://www.redfin.com/MA/Petersham/48-N-Main-St-01366/home/16582440,MLS PIN,72653821,N,Y,42.4943427,-72.1812632
MLS Listing,,Single Family Residential,42 South St,Petersham,MA,01366,209900,2,1.0,Petersham,820,78408,1930,10,256,,Active,,,http://www.redfin.com/MA/Petersham/42-South-St-01366/home/16582574,MLS PIN,72651001,N,Y,42.4768907,-72.1848328
MLS Listing,,Single Family Residential,15 Common St,Petersham,MA,01366,498500,4,5.0,Town Common,3040,30491,1890,18,164,,Active,,,http://www.redfin.com/MA/Petersham/15-Common-St-01366/home/16582242,MLS PIN,72647988,N,Y,42.4888834,-72.1878413
MLS Listing,,Single Family Residential,36 Oliver St,Petersham,MA,01366,1250000,6,3.0,Petersham,6125,1001880,1750,27,204,,Active,,,http://www.redfin.com/MA/Petersham/36-Oliver-St-01366/home/16582453,MLS PIN,72645099,N,Y,42.48604,-72.177652
MLS Listing,,Single Family Residential,111 West Rd,Petersham,MA,01366,119500,1,1.0,Petersham,620,65340,1976,30,193,,Active,,,http://www.redfin.com/MA/Petersham/111-W-Rd-01366/home/16582150,MLS PIN,72643890,N,Y,42.4850035,-72.2060589
MLS Listing,,Vacant Land,27 New Athol Rd,Petersham,MA,01366,389000,,,Petersham,,3615480,,43,,,Active,,,http://www.redfin.com/MA/Petersham/27-New-Athol-Rd-01366/home/16582280,MLS PIN,72639719,N,Y,42.5099936,-72.2285822
MLS Listing,,Vacant Land,Lot 22 Birch Dr,Petersham,MA,01366,80000,,,Petersham,,370260,,63,,,Active,,,http://www.redfin.com/MA/Petersham/22-Birch-Dr-01366/home/147267224,MLS PIN,72632448,N,Y,42.4945563,-72.2301244
MLS Listing,,Single Family Residential,140 popple camp Rd,Petersham,MA,01366,359000,3,3.0,Petersham,1900,87120,2020,86,189,,Active,,,http://www.redfin.com/MA/Petersham/140-Popple-Camp-Rd-01366/home/170588239,MLS PIN,72620686,N,Y,42.5117973,-72.1571387
MLS Listing,,Single Family Residential,1 Old Barre Rd,Petersham,MA,01366,274900,3,2.0,Petersham,1850,69696,1890,97,149,,Active,,,http://www.redfin.com/MA/Petersham/1-Old-Barre-Rd-01366/home/16582462,MLS PIN,72617232,N,Y,42.4812658,-72.1277384
MLS Listing,,Single Family Residential,35 East St,Petersham,MA,01366,109900,5,1.5,Petersham,1993,67518,1946,154,55,,Active,,,http://www.redfin.com/MA/Petersham/35-East-St-01366/home/16582446,MLS PIN,72600245,N,Y,42.4894865,-72.1790744
MLS Listing,,Single Family Residential,25 Phillips Dr,Petersham,MA,01366,550000,3,3.5,Petersham,2550,866843,2007,241,216,,Active,,,http://www.redfin.com/MA/Petersham/25-Phillips-Dr-01366/home/16582178,MLS PIN,72565831,N,Y,42.4842344,-72.2272279
MLS Listing,,Single Family Residential,54 Birch Dr,Petersham,MA,01366,377000,3,2.5,Petersham,2400,146797,1993,246,157,,Active,,,http://www.redfin.com/MA/Petersham/54-Birch-Dr-01366/home/16582198,MLS PIN,72562869,N,Y,42.4964014,-72.228804
MLS Listing,,Single Family Residential,26 S Main St,Petersham,MA,01366,338500,8,1.5,Petersham,3938,435600,1788,272,86,,Active,,,http://www.redfin.com/MA/Petersham/26-S-Main-St-01366/home/16582582,MLS PIN,72551124,N,Y,42.4845883,-72.1870061
MLS Listing,,Single Family Residential,"28 Barre Rd,",Petersham,MA,01366,379900,3,2.0,Petersham,1801,171190,2019,338,211,,Active,,,http://www.redfin.com/MA/Petersham/28-Barre-Rd-01366/home/45473611,MLS PIN,72516839,N,Y,42.481775,-72.183535
MLS Listing,,Vacant Land,Lot 4 Briggs Rd,Petersham,MA,01366,19500,,,Petersham,,43560,,1066,,,Active,,,http://www.redfin.com/MA/Petersham/Lot-4-Briggs-RD-01366/home/169945402,MLS PIN,72181057,N,Y,42.4861078,-72.2126905
