SALE TYPE,SOLD DATE,PROPERTY TYPE,ADDRESS,CITY,STATE OR PROVINCE,ZIP OR POSTAL CODE,PRICE,BEDS,BATHS,LOCATION,SQUARE FEET,LOT SIZE,YEAR BUILT,DAYS ON MARKET,$/SQUARE FEET,HOA/MONTH,STATUS,NEXT OPEN HOUSE START TIME,NEXT OPEN HOUSE END TIME,URL (SEE http://www.redfin.com/buy-a-home/comparative-market-analysis FOR INFO ON PRICING),SOURCE,MLS#,FAVORITE,INTERESTED,LATITUDE,LONGITUDE
MLS Listing,,Single Family Residential,17-3 Laurel,Princeton,MA,01541,549900,4,2.5,Princeton,2292,87120,2020,3,240,,Active,,,http://www.redfin.com/MA/Princeton/13-Laurel-Ln-01541/home/171577541,MLS PIN,72654242,N,Y,42.5050441,-71.8623379
MLS Listing,,Single Family Residential,Lot c 17 Laurel Ln,Princeton,MA,01452,459900,3,2.5,Princeton,1834,87120,2020,3,251,,Active,,,http://www.redfin.com/MA/Princeton/17-Laurel-Ln-01541/home/170229756,MLS PIN,72654236,N,Y,42.5042941,-71.8615154
MLS Listing,,Single Family Residential,252 Ball Hill Rd,Princeton,MA,01541,384900,3,2.0,Princeton,2175,86970,1939,7,177,,Active,,,http://www.redfin.com/MA/Princeton/252-Ball-Hill-Rd-01541/home/14818069,MLS PIN,72653158,N,Y,42.4288911,-71.912478
MLS Listing,,Single Family Residential,Lot 1 Laurel,Princeton,MA,01541,569900,3,2.0,Princeton,1850,87120,2020,7,308,,Active,,,http://www.redfin.com/MA/Princeton/1-Laurel-Ln-01541/home/171555343,MLS PIN,72652699,N,Y,42.5053958,-71.8642274
MLS Listing,,Single Family Residential,43 Brooks Station Rd,Princeton,MA,01541,650000,4,3.0,Princeton,3760,933055,1785,20,173,,Active,,,http://www.redfin.com/MA/Princeton/43-Brooks-Station-Rd-01541/home/67988181,MLS PIN,72647487,N,Y,42.4406363,-71.8869124
MLS Listing,,Single Family Residential,Lot 1 Worcester Rd,Princeton,MA,01541,634900,3,2.5,Princeton,2109,168037,2020,22,301,,Active,,,http://www.redfin.com/MA/Princeton/1-Worcester-Rd-01541/home/168052522,MLS PIN,72646767,N,Y,42.4476978,-71.8753356
MLS Listing,,Single Family Residential,Lot 4 Worcester Rd,Princeton,MA,01541,585000,4,2.5,Princeton,2668,180817,2020,22,219,,Active,,,http://www.redfin.com/MA/Princeton/4-Worcester-Rd-01541/home/167116502,MLS PIN,72646492,N,Y,42.4478822,-71.8764536
MLS Listing,,Single Family Residential,2 Clearings Way,Princeton,MA,01541,569000,4,2.5,Princeton,3254,121097,1986,42,175,,Active,,,http://www.redfin.com/MA/Princeton/2-Clearings-Way-01541/home/14817965,MLS PIN,72640525,N,Y,42.449466,-71.856874
MLS Listing,,Single Family Residential,19 Hubbardston Rd,Princeton,MA,01541,367000,4,2.0,Princeton,2052,24580,1830,55,179,,Active,,,http://www.redfin.com/MA/Princeton/19-Hubbardston-Rd-01541/home/14817921,MLS PIN,72636328,N,Y,42.4497211,-71.879993
MLS Listing,,Single Family Residential,25 Hickory Dr,Princeton,MA,01541,579900,4,2.5,Princeton,2688,87120,2019,69,216,,Active,,,http://www.redfin.com/MA/Princeton/25-Hickory-Dr-01541/home/160502594,MLS PIN,72629286,N,Y,42.420563,-71.872072
MLS Listing,,Single Family Residential,Lot 2 B Worcester Rd,Princeton,MA,01541,539900,4,2.5,Princeton,2264,153252,2020,78,238,,Active,,,http://www.redfin.com/MA/Princeton/2-Worcester-Rd-01541/home/170666040,MLS PIN,72624212,N,Y,42.4481172,-71.8766188
MLS Listing,,Single Family Residential,Lot 3 Worcester Rd,Princeton,MA,01541,624900,4,2.5,Princeton,2953,184343,2020,79,212,,Active,,,http://www.redfin.com/MA/Princeton/3-Worcester-Rd-01541/home/168014265,MLS PIN,72623825,N,Y,42.4472852,-71.8760578
MLS Listing,,Single Family Residential,29 Brooks Station Rd,Princeton,MA,01541,689000,4,3.5,Princeton,3192,155647,2020,91,216,,Active,,,http://www.redfin.com/MA/Princeton/29-Brooks-Station-Rd-01541/home/170552378,MLS PIN,72619138,N,Y,42.441883,-71.883685
MLS Listing,,Vacant Land,Parcel 1 Old Colony Rd,Princeton,MA,01541,115000,,,Princeton,,87120,,274,,,Active,,,http://www.redfin.com/MA/Princeton/1-Old-Colony-Rd-01541/home/144327808,MLS PIN,72549661,N,Y,42.4547854,-71.9503338
MLS Listing,,Vacant Land,Parcel 2 Old Colony Rd,Princeton,MA,01541,160000,,,Princeton,,196020,,274,,,Active,,,http://www.redfin.com/MA/Princeton/2-Old-Colony-Rd-01541/home/171044014,MLS PIN,72549660,N,Y,42.4547857,-71.950331
MLS Listing,,Vacant Land,Parcel 3 Old Colony Rd,Princeton,MA,01541,160000,,,Princeton,,217800,,274,,,Active,,,http://www.redfin.com/MA/Princeton/3-Old-Colony-Rd-01541/home/144327685,MLS PIN,72549652,N,Y,42.4548014,-71.9501573
MLS Listing,,Vacant Land,Parcel 4 Old Colony Rd,Princeton,MA,01541,115000,,,Princeton,,87120,,274,,,Active,,,http://www.redfin.com/MA/Princeton/Parcel-4-Old-Colony-RD-01541/home/169514793,MLS PIN,72549648,N,Y,42.4591686,-71.8689917
MLS Listing,,Vacant Land,Parcel 5 Old Colony Rd,Princeton,MA,01541,110000,,,Princeton,,108900,,274,,,Active,,,http://www.redfin.com/MA/Princeton/5-Old-Colony-Rd-01541/home/144327641,MLS PIN,72549644,N,Y,42.4548174,-71.9499808
MLS Listing,,Vacant Land,Parcel 6 Old Colony Rd,Princeton,MA,01541,105000,,,Princeton,,108900,,274,,,Active,,,http://www.redfin.com/MA/Princeton/6-Old-Colony-Rd-01541/home/144327631,MLS PIN,72549638,N,Y,42.4546279,-71.949833
MLS Listing,,Vacant Land,Lot C Houghton Rd,Princeton,MA,01541,140000,,,Princeton,,234353,,328,,,Active,,,http://www.redfin.com/MA/Princeton/Lot-C-Houghton-Rd-01541/home/167119411,MLS PIN,72523113,N,Y,42.4556872,-71.8419046
MLS Listing,,Single Family Residential,39 Hubbardston Rd,Princeton,MA,01541,194850,4,1.5,Princeton,2204,,1875,343,88,,Active,,,http://www.redfin.com/MA/Princeton/39-Hubbardston-Rd-01541/home/14817918,MLS PIN,72514162,N,Y,42.4513834,-71.883011
MLS Listing,,Vacant Land,Lot 1 Sterling Rd,Princeton,MA,01541,130000,,,Princeton,,268329,,434,,,Active,,,http://www.redfin.com/MA/Princeton/1-Sterling-Rd-01541/home/160612119,MLS PIN,72461914,N,Y,42.4529349,-71.8697894
MLS Listing,,Vacant Land,0 Brooks Station Rd,Princeton,MA,01514,700000,,,Princeton,,8189280,,607,,,Active,,,http://www.redfin.com/MA/Princeton/Brooks-Station-Rd-01541/home/14817788,MLS PIN,72396073,N,Y,42.409791,-71.905251
MLS Listing,,Vacant Land,0 Mountain Rd,Princeton,MA,01541,120000,,,Princeton,,47045,,780,,,Active,,,http://www.redfin.com/MA/PRINCETON/MOUNTAIN-RD-01541/home/67988103,MLS PIN,72298576,N,Y,42.487686,-71.87723
