SALE TYPE,SOLD DATE,PROPERTY TYPE,ADDRESS,CITY,STATE OR PROVINCE,ZIP OR POSTAL CODE,PRICE,BEDS,BATHS,LOCATION,SQUARE FEET,LOT SIZE,YEAR BUILT,DAYS ON MARKET,$/SQUARE FEET,HOA/MONTH,STATUS,NEXT OPEN HOUSE START TIME,NEXT OPEN HOUSE END TIME,URL (SEE http://www.redfin.com/buy-a-home/comparative-market-analysis FOR INFO ON PRICING),SOURCE,MLS#,FAVORITE,INTERESTED,LATITUDE,LONGITUDE
MLS Listing,,Townhouse,482 Shore Rd #7,Truro,MA,02666,499000,1,1.5,Truro,709,,2008,43,704,385,Active,,,http://www.redfin.com/MA/Truro/482-Shore-Rd-02666/unit-7/home/77415666,MLS PIN,72639828,N,Y,42.0546639,-70.1303935
MLS Listing,,Townhouse,26 Alden St #6,Provincetown,MA,02657,995000,2,2.5,Provincetown,1638,31449,2015,2,607,541,Active,,,http://www.redfin.com/MA/Provincetown/26-Alden-St-02657/unit-6/home/90713377,MLS PIN,72654800,N,Y,42.0540229,-70.1886753
MLS Listing,,Single Family Residential,3 Bayberry Ave,Provincetown,MA,02657,2595000,4,3.0,Provincetown,4650,35719,1992,5,558,,Active,,,http://www.redfin.com/MA/Provincetown/3-Bayberry-Ave-02657/home/77482619,CCIMLS,22002675,N,Y,42.0447604,-70.2056496
MLS Listing,,Condo/Co-op,22 Mechanic St Unit B,Provincetown,MA,02657,409000,1,1.0,Provincetown,339,3235,1830,5,1206,,Active,,,http://www.redfin.com/MA/Provincetown/22-Mechanic-St-02657/unit-B/home/171564427,CCIMLS,22002670,N,Y,42.0453512,-70.1946618
MLS Listing,,Timeshare,929 Commercial St Unit 511-Week 34,Provincetown,MA,02657,2700,1,1.0,Sandcastle,272,61855,1970,6,10,,Active,,,http://www.redfin.com/MA/Provincetown/929-Commercial-St-02657/unit-511-Week-34/home/164169426,CCIMLS,22002549,N,Y,42.0627311,-70.1492704
MLS Listing,,Single Family Residential,6 Webster Pl,Provincetown,MA,02657,1850000,4,5.0,Provincetown,2726,6534,1750,7,679,,Active,,,http://www.redfin.com/MA/Provincetown/6-Webster-Pl-02657/home/134682797,CCIMLS,22002629,N,Y,42.051039,-70.1890844
MLS Listing,,Condo/Co-op,333 Commercial St Unit U5,Provincetown,MA,02657,579000,1,1.0,Provincetown,504,11761,2011,7,1149,,Active,,,http://www.redfin.com/MA/Provincetown/333-Commercial-St-02657/unit-U5/home/171557435,CCIMLS,22002624,N,Y,42.0523273,-70.1849528
MLS Listing,,Condo/Co-op,423 Commercial St Unit U4,Provincetown,MA,02657,949000,1,1.0,Provincetown,397,4356,1900,7,2390,,Active,,,http://www.redfin.com/MA/Provincetown/423-Commercial-St-02657/unit-U4/home/146013609,CCIMLS,22002621,N,Y,42.0549797,-70.1812785
MLS Listing,,Townhouse,57 West Vine St Unit UA,Provincetown,MA,02657,979000,2,2.5,Provincetown,1369,7841,2013,7,715,,Active,,,http://www.redfin.com/MA/Provincetown/57-W-Vine-St-02657/unit-UA/home/171555464,CCIMLS,22002595,N,Y,42.0437007,-70.1960748
MLS Listing,,Condo/Co-op,501 Commercial St Unit U3A,Provincetown,MA,02657,925000,2,2.0,Provincetown,1272,34412,1900,10,727,,Active,,,http://www.redfin.com/MA/Provincetown/501-Commercial-St-02657/unit-U3A/home/171532067,CCIMLS,22002522,N,Y,42.0573312,-70.1770693
MLS Listing,,Townhouse,57 West Vine St Unit C,Provincetown,MA,02657,1025000,2,2.5,Provincetown,1272,7841,2013,11,806,,Active,,,http://www.redfin.com/MA/Provincetown/57-W-Vine-St-02657/unit-C/home/170551995,CCIMLS,22002518,N,Y,42.0437007,-70.1960748
MLS Listing,,Townhouse,27 B Conwell St Unit U2,Provincetown,MA,02657,699000,2,1.5,Provincetown,884,10890,1938,13,791,,Active,,,http://www.redfin.com/MA/Provincetown/27B-Conwell-St-02657/unit-U2/home/167961787,CCIMLS,22002485,N,Y,42.0566343,-70.1866562
MLS Listing,,Condo/Co-op,32 Bradford St Unit Free-standing,Provincetown,MA,02657,1299000,3,3.0,Provincetown,1200,4529,2017,16,1083,,Active,,,http://www.redfin.com/MA/Provincetown/32-Bradford-St-02657/home/134665168,CCIMLS,22002427,N,Y,42.046721,-70.1933246
MLS Listing,,Condo/Co-op,100 Alden St Unit U219,Provincetown,MA,02657,349000,1,1.0,Provincetown,656,115870,2008,20,532,,Active,,,http://www.redfin.com/MA/Provincetown/100-Alden-St-02657/unit-U219/home/171415695,CCIMLS,22002363,N,Y,42.0542718,-70.1905108
MLS Listing,,Single Family Residential,296 Commercial St,Provincetown,MA,02657,1100000,11,5.5,Provincetown,1639,3485,1800,27,671,,Active,,,http://www.redfin.com/MA/Provincetown/296-Commercial-St-02657/home/171367210,CCIMLS,22002263,N,Y,42.0517456,-70.1863034
MLS Listing,,Condo/Co-op,331 Commercial St Unit U7,Provincetown,MA,02657,799000,1,1.0,Provincetown,408,11326,1900,28,1958,,Active,,,http://www.redfin.com/MA/Provincetown/331-Commercial-St-02657/unit-U7/home/169291649,CCIMLS,22002245,N,Y,42.0522612,-70.1849993
MLS Listing,,Single Family Residential,94 Commercial St,Provincetown,MA,02657,2150000,5,2.0,Provincetown,1898,3920,1890,28,1133,,Active,,,http://www.redfin.com/MA/Provincetown/94-Commercial-St-02657/home/134690474,MLS PIN,72644538,N,Y,42.0443429,-70.1922632
MLS Listing,,Condo/Co-op,633 Commercial St #4,Provincetown,MA,02657,1349000,2,2.0,Provincetown,1250,7270,1900,43,1079,,Active,,,http://www.redfin.com/MA/Provincetown/633-Commercial-St-02657/unit-4/home/88630314,CCIMLS,22002016,N,Y,42.0603956,-70.1673914
MLS Listing,,Condo/Co-op,405 Commercial St Unit U2,Provincetown,MA,02657,835000,2,1.0,Provincetown,615,3920,1850,44,1358,,Active,,,http://www.redfin.com/MA/Provincetown/405-Commercial-St-02657/unit-U2/home/171238488,CCIMLS,22002003,N,Y,42.0545376,-70.1820808
MLS Listing,,Condo/Co-op,22 Mechanic St Unit A,Provincetown,MA,02657,699000,1,1.0,Provincetown,1138,3235,1830,44,614,,Active,,,http://www.redfin.com/MA/Provincetown/22-Mechanic-St-02657/unit-A/home/171235788,CCIMLS,22001994,N,Y,42.0453512,-70.1946618
MLS Listing,,Condo/Co-op,127 Bradford St Unit U4,Provincetown,MA,02657,389000,1,1.0,Provincetown,573,2178,1850,48,679,,Active,,,http://www.redfin.com/MA/Provincetown/127-Bradford-St-02657/unit-U4/home/171204717,CCIMLS,22001958,N,Y,42.0523292,-70.1869877
MLS Listing,,Condo/Co-op,421 Commercial St Unit U1,Provincetown,MA,02657,799000,2,1.0,Provincetown,685,6098,1850,51,1166,,Active,,,http://www.redfin.com/MA/Provincetown/421-Commercial-St-02657/unit-U1/home/147279782,CCIMLS,22001901,N,Y,42.0548782,-70.1812781
MLS Listing,,Condo/Co-op,43 Race Point Rd Unit UI,Provincetown,MA,02657,309000,1,1.0,Provincetown,370,68825,2006,52,835,132,Active,,,http://www.redfin.com/MA/Provincetown/43-Race-Point-Rd-02657/unit-UI/home/160281904,CCIMLS,22001859,N,Y,42.0607402,-70.1902783
MLS Listing,,Condo/Co-op,577 Commercial St Unit U1E,Provincetown,MA,02657,799000,2,1.0,Provincetown,700,7405,1900,57,1141,,Active,,,http://www.redfin.com/MA/Provincetown/577-Commercial-St-02657/unit-U1E/home/162214088,CCIMLS,22001760,N,Y,42.059376,-70.171364
MLS Listing,,Timeshare,929 Commercial St Unit 309-Wks 33 & 34,Provincetown,MA,02657,7600,1,1.0,Sandcastle,310,61855,1970,61,25,,Active,,,http://www.redfin.com/MA/Provincetown/929-Commercial-St-02657/unit-309-Wks-33-34/home/171096112,CCIMLS,22001675,N,Y,42.0627311,-70.1492704
MLS Listing,,Condo/Co-op,361 Commercial St Unit U3,Provincetown,MA,02657,899000,2,1.0,Provincetown,880,4792,2006,61,1022,248,Active,,,http://www.redfin.com/MA/Provincetown/361-Commercial-St-02657/unit-U3/home/171119071,CCIMLS,22001666,N,Y,42.0533838,-70.1837901
MLS Listing,,Timeshare,929 Commercial St Unit 309-Week 34,Provincetown,MA,02657,3900,1,1.0,Sandcastle,310,61855,1970,62,13,,Active,,,http://www.redfin.com/MA/Provincetown/929-Commercial-St-02657/unit-309-Week-34/home/171096111,CCIMLS,22001595,N,Y,42.0627311,-70.1492704
MLS Listing,,Timeshare,929 Commercial St Unit 309-Week 33,Provincetown,MA,02657,4300,1,1.0,Sandcastle,310,61855,1970,62,14,,Active,,,http://www.redfin.com/MA/Provincetown/929-Commercial-St-02657/unit-309-Week-33/home/171096109,CCIMLS,22001593,N,Y,42.0627311,-70.1492704
MLS Listing,,Condo/Co-op,284B Commerical St #6,Provincetown,MA,08657,960000,4,2.0,Provincetown,1570,,1890,64,611,235,Active,,,http://www.redfin.com/MA/Provincetown/284B-Commercial-St-02657/unit-6/home/134660483,MLS PIN,72631486,N,Y,42.0516232,-70.1864569
MLS Listing,,Condo/Co-op,284 B Commercial St Unit U6,Provincetown,MA,02657,960000,3,2.0,Provincetown,1570,5227,1890,64,611,235,Active,,,http://www.redfin.com/MA/Provincetown/284B-Commercial-St-02657/unit-U6/home/171053828,CCIMLS,22001551,N,Y,42.051888,-70.186952
MLS Listing,,Parking,26 Alden St Unit PS-3,Provincetown,MA,02657,49000,,,Provincetown,144,435,2015,65,340,,Active,,,http://www.redfin.com/MA/Provincetown/26-Alden-St-02657/unit-PS-3/home/103942642,MLS PIN,72631071,N,Y,42.0539811,-70.1886675
MLS Listing,,Condo/Co-op,22 Alden St #2,Provincetown,MA,02657,399900,1,1.0,Provincetown,390,6011,1850,65,1025,121,Active,,,http://www.redfin.com/MA/Provincetown/22-Alden-St-02657/unit-2/home/134685160,MLS PIN,72631051,N,Y,42.0538916,-70.1884859
MLS Listing,,Condo/Co-op,482 Shore Rd #1,Truro,MA,02652,549900,2,1.5,North Truro,686,,2008,66,802,350,Active,,,http://www.redfin.com/MA/Truro/482-Shore-Rd-02666/unit-1/home/77413491,MLS PIN,72630566,N,Y,42.0546639,-70.1303935
MLS Listing,,Condo/Co-op,22 Alden St Unit U2,Provincetown,MA,02657,399900,1,1.0,Provincetown,390,6098,1850,67,1025,121,Active,,,http://www.redfin.com/MA/Provincetown/22-Alden-St-02657/unit-U2/home/171037784,CCIMLS,22001485,N,Y,42.0537572,-70.1883132
MLS Listing,,Timeshare,929 Commercial St Unit 222-Week 16,Provincetown,MA,02657,900,0,1.0,Sandcastle,310,61855,1970,68,3,,Active,,,http://www.redfin.com/MA/Provincetown/929-Commercial-St-02657/unit-222-Week-16/home/171032637,CCIMLS,22001454,N,Y,42.0627311,-70.1492704
MLS Listing,,Condo/Co-op,600 Commercial St Unit U1,Provincetown,MA,02657,649000,1,1.0,Provincetown,558,10454,1900,69,1163,231,Active,,,http://www.redfin.com/MA/Provincetown/600-Commercial-St-02657/unit-U1/home/171028300,CCIMLS,22001447,N,Y,42.0603055,-70.1696972
MLS Listing,,Condo/Co-op,432 Commercial St Unit R2,Provincetown,MA,02657,363000,1,1.0,Provincetown,370,5134,1900,70,981,171,Active,,,http://www.redfin.com/MA/Provincetown/432-Commercial-St-02657/unit-R2/home/134681235,CCIMLS,22001430,N,Y,42.0556711,-70.1805266
MLS Listing,,Condo/Co-op,7 Commercial St Unit U6,Provincetown,MA,02657,1599000,1,1.5,Provincetown,759,14810,1955,72,2107,1534,Active,,,http://www.redfin.com/MA/Provincetown/7-Commercial-St-02657/unit-U6/home/147240198,CCIMLS,22001342,N,Y,42.0381857,-70.1953246
MLS Listing,,Condo/Co-op,566 Shore Rd #7,Truro,MA,02652,525000,2,1.0,Beach Point,1032,33541,1940,72,509,484,Active,,,http://www.redfin.com/MA/Truro/566-Shore-Rd-02666/unit-7/home/135264846,MLS PIN,72627086,N,Y,42.0577234,-70.1382579
MLS Listing,,Condo/Co-op,510 Shore Rd Unit A,Truro,MA,02652,899000,2,2.0,North Truro,1335,,2003,73,673,286,Active,,,http://www.redfin.com/MA/North-Truro/510-Shore-Rd-02652/unit-A/home/170936911,CCIMLS,22001307,N,Y,42.0554923,-70.1327303
MLS Listing,,Condo/Co-op,54 Bradford St Unit UA,Provincetown,MA,02657,639000,1,1.5,Provincetown,768,16553,1988,77,832,488,Active,,,http://www.redfin.com/MA/Provincetown/54-Bradford-St-02657/unit-UA/home/170681363,CCIMLS,22001217,N,Y,42.0483018,-70.1917535
MLS Listing,,Timeshare,929 Commercial St Unit 501 Week 37,Provincetown,MA,02657,2700,1,1.0,Sandcastle,554,61855,1970,78,5,,Active,,,http://www.redfin.com/MA/Provincetown/929-Commercial-St-02657/unit-501-Week-37/home/168680341,CCIMLS,22001175,N,Y,42.0627311,-70.1492704
MLS Listing,,Timeshare,929 Commercial St Unit 503-Week26,Provincetown,MA,02657,3000,1,1.0,Sandcastle,554,61855,1970,78,5,,Active,,,http://www.redfin.com/MA/Provincetown/929-Commercial-St-02657/unit-503-Week26/home/170670670,CCIMLS,22001174,N,Y,42.0627311,-70.1492704
MLS Listing,,Single Family Residential,12 Winthrop St,Provincetown,MA,02657,3249000,18,15.0,Provincetown,4879,6534,1850,83,666,,Active,,,http://www.redfin.com/MA/Provincetown/12-Winthrop-St-02657/home/143209287,CCIMLS,22001078,N,Y,42.0482019,-70.1909992
MLS Listing,,Townhouse,52 Harry Kemp Way #8,Provincetown,MA,02657,719000,2,2.0,Provincetown,1164,23349,2000,83,618,225,Active,,,http://www.redfin.com/MA/Provincetown/52-Harry-Kemp-Way-02657/unit-8/home/170620936,CCIMLS,22001071,N,Y,42.058968,-70.18399
MLS Listing,,Condo/Co-op,179 Commercial St Unit U3,Provincetown,MA,02657,549000,1,1.0,Provincetown,605,3485,1900,85,907,320,Active,,,http://www.redfin.com/MA/Provincetown/179-Commercial-St-02657/unit-U3/home/167093412,CCIMLS,22000945,N,Y,42.048088,-70.1893248
MLS Listing,,Single Family Residential,8 Priscilla Alden Rd,Provincetown,MA,02657,1299000,2,2.0,Provincetown,1276,3049,1970,86,1018,,Active,,,http://www.redfin.com/MA/Provincetown/8-Priscilla-Alden-Rd-02657/home/77376476,CCIMLS,22000990,N,Y,42.0564291,-70.1831389
MLS Listing,,Timeshare,929 Commercial St Unit 123-Week 20,Provincetown,MA,02657,1200,1,1.0,Sandcastle,310,61855,1970,86,4,,Active,,,http://www.redfin.com/MA/Provincetown/929-Commercial-St-02657/unit-123-Week-20/home/168150945,CCIMLS,22000900,N,Y,42.0627311,-70.1492704
MLS Listing,,Condo/Co-op,501 Commercial St Unit 1E,Provincetown,MA,02657,599000,1,1.0,Provincetown,743,,1907,90,806,481,Active,,,http://www.redfin.com/MA/Provincetown/501-Commercial-St-02657/unit-1E/home/134689546,MLS PIN,72619641,N,Y,42.0573312,-70.1770693
MLS Listing,,Condo/Co-op,3 Bradford St Unit U1,Provincetown,MA,02657,369000,1,1.0,Provincetown,278,6534,1960,90,1327,99,Active,,,http://www.redfin.com/MA/Provincetown/3-Bradford-St-02657/unit-U1/home/170574716,CCIMLS,22000909,N,Y,42.0444362,-70.1944874
MLS Listing,,Condo/Co-op,596 Shore Rd Unit E,Truro,MA,02652,565000,2,1.0,North Truro,576,,2000,92,981,180,Active,,,http://www.redfin.com/MA/Truro/596-Shore-RD-02652/unit-E/home/170561725,CCIMLS,22000853,N,Y,42.058369,-70.138141
MLS Listing,,Condo/Co-op,45 Commercial St Unit U1,Provincetown,MA,02657,829000,1,1.0,Provincetown,375,5227,1900,93,2211,309,Active,,,http://www.redfin.com/MA/Provincetown/45-Commercial-St-02657/unit-U1/home/160891491,CCIMLS,22000834,N,Y,42.0411073,-70.1939758
MLS Listing,,Townhouse,5 Georges Path Unit A,Provincetown,MA,02657,759000,2,2.0,Provincetown,1283,9696,2017,94,592,254,Active,,,http://www.redfin.com/MA/Provincetown/5-Georges-Path-02657/unit-A/home/145898572,MLS PIN,72617655,N,Y,42.053189,-70.193335
MLS Listing,,Multi-Family (2-4 Unit),16 Brewster St,Provincetown,MA,02657,995000,4,4.0,Provincetown,2576,4008,1986,94,386,,Active,,,http://www.redfin.com/MA/Provincetown/16-Brewster-St-02657/home/134662761,MLS PIN,72617653,N,Y,42.0566908,-70.1839761
MLS Listing,,Townhouse,446 Commercial St #2,Provincetown,MA,02657,599000,1,1.0,Provincetown,603,9148,1890,95,993,167,Active,,,http://www.redfin.com/MA/Provincetown/446-Commercial-St-02657/unit-2/home/167044677,CCIMLS,22000768,N,Y,42.0565408,-70.1804413
MLS Listing,,Condo/Co-op,945 Commercial St Unit U10D,Provincetown,MA,02657,649000,2,1.0,Provincetown,700,71874,1975,96,927,375,Active,,,http://www.redfin.com/MA/Provincetown/945-Commercial-St-02657/unit-U10D/home/170541932,CCIMLS,22000753,N,Y,42.0628017,-70.1485681
MLS Listing,,Townhouse,5 Georges Path Unit UA,Provincetown,MA,02657,759000,2,2.0,Provincetown,1283,9583,2017,97,592,254,Active,,,http://www.redfin.com/MA/Provincetown/5-Georges-Path-02657/unit-UA/home/170517985,CCIMLS,22000735,N,Y,42.053189,-70.193335
MLS Listing,,Timeshare,929 Commercial St Unit 210/211-Week 35,Provincetown,MA,02657,3800,1,2.0,Sandcastle,620,61855,1970,97,6,,Active,,,http://www.redfin.com/MA/Provincetown/929-Commercial-St-02657/unit-210-211-Week-35/home/145721307,CCIMLS,22000699,N,Y,42.0627311,-70.1492704
MLS Listing,,Single Family Residential,65 Bayberry Ave,Provincetown,MA,02657,2590000,3,3.5,Provincetown,4286,19770,1993,98,604,,Active,,,http://www.redfin.com/MA/Provincetown/65-Bayberry-Ave-02657/home/79145083,CCIMLS,22000722,N,Y,42.0451214,-70.1999755
MLS Listing,,Condo/Co-op,64 Franklin St Unit UE,Provincetown,MA,02657,815000,3,2.0,Provincetown,1197,12632,1988,98,681,292,Active,,,http://www.redfin.com/MA/Provincetown/64-Franklin-St-02657/unit-UE/home/170508685,CCIMLS,22000721,N,Y,42.0469549,-70.196648
MLS Listing,,Timeshare,929 Commercial St Unit 329-Week 41,Provincetown,MA,02657,900,1,1.0,Sandcastle,525,61855,1970,99,2,,Active,,,http://www.redfin.com/MA/Provincetown/929-Commercial-St-02657/unit-329-Week-41/home/170501522,CCIMLS,22000696,N,Y,42.0627311,-70.1492704
MLS Listing,,Single Family Residential,4 Kings Way,Provincetown,MA,02657,650000,3,1.0,Provincetown,1188,5590,1967,104,547,,Active,,,http://www.redfin.com/MA/Provincetown/4-Kings-Way-02657/home/134658826,MLS PIN,72614050,N,Y,42.0481948,-70.194906
MLS Listing,,Timeshare,929 Commercial St Unit 109-Week 22,Provincetown,MA,02657,1000,1,1.0,Sandcastle,310,61855,1970,106,3,,Active,,,http://www.redfin.com/MA/Provincetown/929-Commercial-St-02657/unit-109-Week-22/home/160374675,CCIMLS,22000515,N,Y,42.0627311,-70.1492704
MLS Listing,,Timeshare,929 Commercial St Unit 109-Week 21,Provincetown,MA,02657,1000,1,1.0,Sandcastle,310,61855,1970,106,3,,Active,,,http://www.redfin.com/MA/Provincetown/929-Commercial-St-02657/unit-109-Week-21/home/160374277,CCIMLS,22000514,N,Y,42.0627311,-70.1492704
MLS Listing,,Timeshare,929 Commercial St Unit 414-Week 21,Provincetown,MA,02657,1500,1,1.0,Sandcastle,554,61855,1970,115,3,62,Active,,,http://www.redfin.com/MA/Provincetown/929-Commercial-St-02657/unit-414-Week-21/home/148707946,CCIMLS,22000365,N,Y,42.0627311,-70.1492704
MLS Listing,,Condo/Co-op,29 Alden St Unit U7,Provincetown,MA,02657,289500,0,,Provincetown,324,5663,1880,115,894,50,Active,,,http://www.redfin.com/MA/Provincetown/29-Alden-St-02657/unit-U7/home/170360749,CCIMLS,22000364,N,Y,42.0543404,-70.1886039
MLS Listing,,Condo/Co-op,333 Commercial St #3,Provincetown,MA,02657,795000,1,1.0,Provincetown,552,11660,2011,117,1440,627,Active,,,http://www.redfin.com/MA/Provincetown/333-Commercial-St-02657/unit-3/home/160667241,MLS PIN,72609417,N,Y,42.0523273,-70.1849528
MLS Listing,,Condo/Co-op,21 Bradford Street Ext Unit U9,Provincetown,MA,02657,769000,1,1.5,Provincetown,862,179903,2008,118,892,304,Active,,,http://www.redfin.com/MA/Provincetown/21-Bradford-Street-Ext-02657/unit-U9/home/170334429,CCIMLS,22000276,N,Y,42.0393258,-70.1985856
MLS Listing,,Timeshare,929 Commercial St Unit 131-Week 30,Provincetown,MA,02657,3200,1,1.0,Sandcastle,326,61855,1970,120,10,35,Active,,,http://www.redfin.com/MA/Provincetown/929-Commercial-St-02657/unit-131-Week-30/home/167219666,CCIMLS,22000274,N,Y,42.0627311,-70.1492704
MLS Listing,,Condo/Co-op,46 Nelson #3,Provincetown,MA,02657,439500,2,1.0,Provincetown,727,,1985,120,605,199,Active,,,http://www.redfin.com/MA/Provincetown/46-Nelson-Ave-02657/unit-3/home/77414158,MLS PIN,72608421,N,Y,42.0616253,-70.1884285
MLS Listing,,Condo/Co-op,496 Shore Rd #2,Truro,MA,02652,449000,1,1.0,North Truro,371,32670,1969,120,1210,435,Active,,,http://www.redfin.com/MA/North-Truro/496-Shore-Rd-02652/unit-2/home/160411033,CCIMLS,22000267,N,Y,42.0569308,-70.1360095
MLS Listing,,Condo/Co-op,496 Shore Rd #17,Truro,MA,02652,589000,2,2.0,North Truro,614,32670,1969,120,959,507,Active,,,http://www.redfin.com/MA/North-Truro/496-Shore-Rd-02652/unit-17/home/170303917,CCIMLS,22000266,N,Y,42.0569308,-70.1360095
MLS Listing,,Condo/Co-op,496 Shore Rd #20,Truro,MA,02652,449000,1,1.0,North Truro,403,32670,1969,120,1114,435,Active,,,http://www.redfin.com/MA/North-Truro/496-Shore-Rd-02652/unit-20/home/171425800,CCIMLS,22000265,N,Y,42.0569308,-70.1360095
MLS Listing,,Condo/Co-op,496 Shore Rd #21,Truro,MA,02652,1199000,3,2.0,North Truro,1268,32670,1969,120,946,581,Active,,,http://www.redfin.com/MA/North-Truro/496-Shore-Rd-02652/unit-21/home/170303774,CCIMLS,22000264,N,Y,42.0569308,-70.1360095
MLS Listing,,Condo/Co-op,496 Shore Rd #16,Truro,MA,02652,589000,2,2.0,North Truro,607,,1964,120,970,507,Active,,,http://www.redfin.com/MA/North-Truro/496-Shore-Rd-02652/unit-16/home/170303773,CCIMLS,22000263,N,Y,42.0569308,-70.1360095
MLS Listing,,Condo/Co-op,501 Commercial St Unit 4C,Provincetown,MA,02657,799000,2,2.0,Provincetown,1129,34591,1900,125,708,740,Active,,,http://www.redfin.com/MA/Provincetown/501-Commercial-St-02657/unit-4C/home/134694416,CCIMLS,22000175,N,Y,42.0573312,-70.1770693
MLS Listing,,Condo/Co-op,104 A Bradford St Unit U7,Provincetown,MA,02657,439000,2,2.0,Provincetown,506,7405,1870,127,868,552,Active,,,http://www.redfin.com/MA/Provincetown/104-Bradford-St-02657/unit-U7/home/170233397,CCIMLS,22000145,N,Y,42.0514506,-70.188068
MLS Listing,,Condo/Co-op,953 Commercial St #13,Provincetown,MA,02657,229900,1,1.0,Provincetown,190,15456,1950,133,1210,212,Active,,,http://www.redfin.com/MA/Provincetown/953-Commercial-St-02657/unit-13/home/77415123,MLS PIN,72603614,N,Y,42.0638228,-70.14886
MLS Listing,,Condo/Co-op,953 Commercial St Unit U13,Provincetown,MA,02657,229900,1,1.0,Provincetown,190,15246,1950,134,1210,212,Active,,,http://www.redfin.com/MA/Provincetown/953-Commercial-St-02657/unit-U13/home/170616347,CCIMLS,22000008,N,Y,42.063495,-70.1483016
MLS Listing,,Timeshare,929 Commercial St Unit 330-Week 27,Provincetown,MA,02657,3000,1,1.0,Sandcastle,525,61855,1970,144,6,,Active,,,http://www.redfin.com/MA/Provincetown/929-Commercial-St-02657/unit-330-Week-27/home/170155216,CCIMLS,21908574,N,Y,42.0627311,-70.1492704
MLS Listing,,Timeshare,929 Commercial St Unit 210/211-Week 14,Provincetown,MA,02657,3000,1,2.0,Sandcastle,620,61855,1970,144,5,,Active,,,http://www.redfin.com/MA/Provincetown/929-Commercial-St-02657/unit-210-211-Week-14/home/170155215,CCIMLS,21908573,N,Y,42.0627311,-70.1492704
MLS Listing,,Single Family Residential,436 Commerical St,Provincetown,MA,02657,2950000,4,4.0,Provincetown,3850,9148,1850,148,766,,Active,,,http://www.redfin.com/MA/Provincetown/436-Commercial-St-02657/home/77339196,MLS PIN,72601554,N,Y,42.0558265,-70.1803703
MLS Listing,,Condo/Co-op,166 Bradford St Unit U1,Provincetown,MA,02657,385000,1,1.0,Provincetown,425,5227,1950,153,906,233,Active,,,http://www.redfin.com/MA/Provincetown/166-Bradford-St-02657/unit-U1/home/170072135,CCIMLS,21908487,N,Y,42.0556522,-70.1832026
MLS Listing,,Condo/Co-op,495 Commercial St #9,Provincetown,MA,02657,749000,1,1.0,Provincetown,375,4850,1850,156,1997,675,Active,,,http://www.redfin.com/MA/Provincetown/495-Commercial-St-02657/unit-9/home/134698222,MLS PIN,72599535,N,Y,42.0577196,-70.1769542
MLS Listing,,Condo/Co-op,495 Commercial St Unit U9,Provincetown,MA,02657,749000,1,1.0,Provincetown,375,4792,1850,156,1997,675,Active,,,http://www.redfin.com/MA/Provincetown/495-Commercial-St-02657/unit-U9/home/170616346,CCIMLS,21908462,N,Y,42.057027,-70.177369
MLS Listing,,Condo/Co-op,618 Shore Rd #10,Truro,MA,02652,229000,1,1.0,North Truro,259,105851,1986,170,884,201,Active,,,http://www.redfin.com/MA/North-Truro/618-Shore-Rd-02652/unit-10/home/169963579,CCIMLS,21908326,N,Y,42.0595383,-70.1407664
MLS Listing,,Single Family Residential,26 Winslow St,Provincetown,MA,02657,859000,3,1.5,Provincetown,1474,6098,1920,192,583,,Active,,,http://www.redfin.com/MA/Provincetown/26-Winslow-St-02657/home/134677338,CCIMLS,21907974,N,Y,42.0526788,-70.1908596
MLS Listing,,Single Family Residential,230A Bradford St,Provincetown,MA,02657,748000,2,1.0,Provincetown,768,5227,1920,195,974,,Active,,,http://www.redfin.com/MA/Provincetown/230A-Bradford-St-02657/home/113563712,CCIMLS,21907914,N,Y,42.0592532,-70.1764297
MLS Listing,,Condo/Co-op,503 Shore Rd #26,Truro,MA,02652,249000,1,1.0,North Truro,272,14375,1930,204,915,108,Active,,,http://www.redfin.com/MA/Truro/503-Shore-Rd-02666/unit-26/home/135285811,CCIMLS,21907737,N,Y,42.0559479,-70.1335905
MLS Listing,,Townhouse,26 Alden St Unit U6,Provincetown,MA,02657,995000,2,2.5,Provincetown,1638,31363,2015,204,607,541,Active,,,http://www.redfin.com/MA/Provincetown/26-Alden-St-02657/unit-U6/home/169522136,CCIMLS,21907714,N,Y,42.0539674,-70.1886039
MLS Listing,,Condo/Co-op,93 Commercial St Unit U1,Provincetown,MA,02657,625000,1,1.0,Provincetown,308,5227,1780,205,2029,349,Active,,,http://www.redfin.com/MA/Provincetown/93-Commercial-St-02657/unit-U1/home/169516680,CCIMLS,21907693,N,Y,42.0437303,-70.1922084
MLS Listing,,Multi-Family (2-4 Unit),372 Commercial St Unit 1-3,Provincetown,MA,02657,1695000,4,3.0,Provincetown,2448,3920,1890,207,692,,Active,,,http://www.redfin.com/MA/Provincetown/372-Commercial-St-02657/unit-1-3/home/143813314,CCIMLS,21907658,N,Y,42.0538796,-70.1836505
MLS Listing,,Condo/Co-op,618 Shore Rd #11,Truro,MA,02652,269000,1,1.0,North Truro,453,105851,1986,209,594,336,Active,,,http://www.redfin.com/MA/North-Truro/618-Shore-Rd-02652/unit-11/home/169469328,CCIMLS,21907635,N,Y,42.0595383,-70.1407664
MLS Listing,,Condo/Co-op,482 Shore Rd #5,Truro,MA,02652,284000,1,1.0,North Truro,384,57064,2008,213,740,241,Active,,,http://www.redfin.com/MA/Truro/482-Shore-Rd-02666/unit-5/home/135273674,CCIMLS,21907530,N,Y,42.0546639,-70.1303935
MLS Listing,,Condo/Co-op,618 Shore Rd #5,Truro,MA,02652,459000,2,1.0,North Truro,567,2,1938,219,810,489,Active,,,http://www.redfin.com/MA/North-Truro/618-Shore-Rd-02652/unit-5/home/169298132,CCIMLS,21907377,N,Y,42.0595383,-70.1407664
MLS Listing,,Condo/Co-op,417 Commercial St Unit U3,Provincetown,MA,02657,969000,2,1.0,Provincetown,669,4792,1900,223,1448,211,Active,,,http://www.redfin.com/MA/Provincetown/417-Commercial-St-02657/unit-U3/home/160937956,CCIMLS,21907313,N,Y,42.0547613,-70.1814773
MLS Listing,,Condo/Co-op,501 Commercial St Unit U5B,Provincetown,MA,02657,912000,2,2.0,Provincetown,1293,34412,1900,223,705,864,Active,,,http://www.redfin.com/MA/Provincetown/501-Commercial-St-02657/unit-U5B/home/169287025,CCIMLS,21907309,N,Y,42.0573312,-70.1770693
MLS Listing,,Condo/Co-op,14 Center St Unit UD,Provincetown,MA,02657,389000,1,1.0,Provincetown,423,6534,1850,225,920,162,Active,,,http://www.redfin.com/MA/Provincetown/14-Center-St-02657/unit-UD/home/169256150,CCIMLS,21907232,N,Y,42.0537727,-70.1854412
MLS Listing,,Condo/Co-op,28 Cottage St #1,Provincetown,MA,02657,650000,2,2.0,Provincetown,620,4792,1900,226,1048,218,Active,,,http://www.redfin.com/MA/Provincetown/28-Cottage-St-02657/unit-1/home/169252099,CCIMLS,21907206,N,Y,42.0450988,-70.1952781
MLS Listing,,Condo/Co-op,22 Pearl St Unit U3,Provincetown,MA,02657,699000,2,2.0,Provincetown,877,5663,1850,229,797,415,Active,,,http://www.redfin.com/MA/Provincetown/22-Pearl-St-02657/unit-U3/home/169229856,CCIMLS,21907137,N,Y,42.0553849,-70.1841622
MLS Listing,,Townhouse,350 Bradford St #12,Provincetown,MA,02657,1325000,2,2.5,Provincetown,1160,,2019,230,1142,365,Active,,,http://www.redfin.com/MA/Provincetown/350-Bradford-St-02657/unit-12/home/146222431,MLS PIN,72571725,N,Y,42.0614704,-70.1657205
MLS Listing,,Townhouse,350 Bradford St #5,Provincetown,MA,02657,865000,2,2.5,Provincetown,1115,,2019,230,776,296,Active,,,http://www.redfin.com/MA/Provincetown/350-Bradford-St-02657/unit-5/home/146222324,MLS PIN,72571724,N,Y,42.0614704,-70.1657205
MLS Listing,,Townhouse,350 Bradford St #1,Provincetown,MA,02657,699000,1,1.5,Provincetown,731,,2019,230,956,230,Active,,,http://www.redfin.com/MA/Provincetown/350-Bradford-St-02657/unit-1/home/146092731,MLS PIN,72571722,N,Y,42.0614704,-70.1657205
MLS Listing,,Townhouse,15 Mechanic St #4,Provincetown,MA,02657,1079000,2,3.0,Provincetown,1385,7733,1987,233,779,267,Active,,,http://www.redfin.com/MA/Provincetown/15-Mechanic-St-02657/unit-4/home/134695230,CCIMLS,21907022,N,Y,42.0453931,-70.1941887
MLS Listing,,Condo/Co-op,202A Bradford St Unit U1,Provincetown,MA,02657,599000,1,1.0,Provincetown,600,9148,2003,258,998,225,Active,,,http://www.redfin.com/MA/Provincetown/202A-Bradford-St-02657/unit-U1/home/170482553,CCIMLS,21906253,N,Y,42.0579893,-70.1794422
MLS Listing,,Single Family Residential,2 Harbour Dr,Provincetown,MA,02657,3350000,4,5.5,Provincetown,4792,19166,2008,260,699,,Active,,,http://www.redfin.com/MA/Provincetown/2-Harbour-Dr-02657/home/77345801,MLS PIN,72555822,N,Y,42.0633526,-70.1539296
MLS Listing,,Single Family Residential,649 Commercial St,Provincetown,MA,02657,1649000,5,1.5,Provincetown,1125,3049,1850,276,1466,,Active,,,http://www.redfin.com/MA/Provincetown/649-Commercial-St-02657/home/134678111,CCIMLS,21905832,N,Y,42.0606878,-70.1660228
MLS Listing,,Multi-Family (2-4 Unit),52 Franklin St,Provincetown,MA,02657,899000,4,3.0,Provincetown,2353,8297,1850,281,382,,Active,,,http://www.redfin.com/MA/Provincetown/52-Franklin-St-02657/home/134660781,CCIMLS,21905707,N,Y,42.046422,-70.196589
MLS Listing,,Condo/Co-op,452 Commercial St Unit U3,Provincetown,MA,02657,609000,2,2.0,Provincetown,681,3049,1860,281,894,446,Active,,,http://www.redfin.com/MA/Provincetown/452-Commercial-St-02657/unit-U3/home/168607641,CCIMLS,21905709,N,Y,42.0561303,-70.1796041
MLS Listing,,Condo/Co-op,444 Commercial St Unit U3,Provincetown,MA,02657,569000,1,1.0,Provincetown,631,5227,1850,285,902,417,Active,,,http://www.redfin.com/MA/Provincetown/444-Commercial-St-02657/unit-U3/home/168268783,CCIMLS,21905627,N,Y,42.056011,-70.1799762
MLS Listing,,Condo/Co-op,46 Nelson Ave Unit U3,Provincetown,MA,02657,439500,2,1.0,Provincetown,727,7841,1985,307,605,199,Active,,,http://www.redfin.com/MA/Provincetown/46-Nelson-Ave-02657/unit-U3/home/167270568,CCIMLS,21905115,N,Y,42.061244,-70.188798
MLS Listing,,Condo/Co-op,577 Commercial St Unit U3W,Provincetown,MA,02657,899000,1,2.0,Provincetown,1200,7587,1900,307,749,1095,Active,,,http://www.redfin.com/MA/Provincetown/577-Commercial-St-02657/unit-U3W/home/146959891,CCIMLS,21905084,N,Y,42.059376,-70.171364
MLS Listing,,Condo/Co-op,361 A Commercial St Unit U2,Provincetown,MA,02657,699000,1,1.0,Provincetown,732,4792,2006,334,955,187,Active,,,http://www.redfin.com/MA/Provincetown/361-Commercial-St-02657/unit-U2/home/167097242,CCIMLS,21904411,N,Y,42.0533838,-70.1837901
MLS Listing,,Condo/Co-op,525 Shore Rd #7,Truro,MA,02656,719000,3,2.0,Beach Point,2073,,1973,338,347,261,Active,,,http://www.redfin.com/MA/Truro/525-Shore-Rd-02666/unit-7/home/77403345,MLS PIN,72516688,N,Y,42.0573754,-70.1360289
MLS Listing,,Single Family Residential,70 Bradford St,Provincetown,MA,02657,1395000,6,8.0,Provincetown,2148,4051,1850,349,649,,Active,,,http://www.redfin.com/MA/Provincetown/70-Bradford-St-02657/home/134680107,CCIMLS,21903981,N,Y,42.0495241,-70.1904875
MLS Listing,,Single Family Residential,7 Cook St,Provincetown,MA,02657,2295000,8,8.0,Provincetown,3022,6782,1836,350,759,,Active,,,http://www.redfin.com/MA/Provincetown/7-Cook-St-02657/unit-2/home/134693351,MLS PIN,72508984,N,Y,42.0571581,-70.1784609
MLS Listing,,Single Family Residential,7 Cook St,Provincetown,MA,02657,2295000,8,8.0,Provincetown,3022,6782,1836,350,759,,Active,,,http://www.redfin.com/MA/Provincetown/7-Cook-St-02657/unit-U1-3/home/166893468,CCIMLS,21903937,N,Y,42.0574477,-70.1788599
MLS Listing,,Condo/Co-op,496 Shore Rd #4,Truro,MA,02652,289000,1,1.0,,254,32670,1969,350,1138,362,Active,,,http://www.redfin.com/MA/North-Truro/496-Shore-Rd-02652/unit-4/home/166893258,CCIMLS,21903936,N,Y,42.0569308,-70.1360095
MLS Listing,,Single Family Residential,16 Bradford St,Provincetown,MA,02657,839000,5,1.5,Provincetown,1378,4487,1885,355,609,,Active,,,http://www.redfin.com/MA/Provincetown/16-Bradford-St-02657/home/134689017,CCIMLS,21903815,N,Y,42.0456886,-70.1942083
MLS Listing,,Condo/Co-op,156 Bradford St Unit U3,Provincetown,MA,02657,459000,2,1.0,Provincetown,507,12632,1907,373,905,191,Active,,,http://www.redfin.com/MA/Provincetown/156-Bradford-St-02657/unit-U3/home/165460352,CCIMLS,21903245,N,Y,42.0551001,-70.1844412
MLS Listing,,Multi-Family (2-4 Unit),5 Kiley Ct,Provincetown,MA,02657,2100000,6,6.0,Provincetown,3611,13068,1850,374,582,,Active,,,http://www.redfin.com/MA/Provincetown/5-Kiley-Ct-02657/home/134666921,CCIMLS,21903217,N,Y,42.056037,-70.180862
MLS Listing,,Condo/Co-op,501 Commercial St #23,Provincetown,MA,02657,959000,3,2.0,Provincetown,1150,34591,1900,374,834,805,Active,,,http://www.redfin.com/MA/Provincetown/501-Commercial-St-02657/unit-23/home/134678429,MLS PIN,72494568,N,Y,42.0578669,-70.1765852
MLS Listing,,Condo/Co-op,501 Commercial St Unit U2A,Provincetown,MA,02657,850000,2,2.0,Provincetown,1272,34412,1900,376,668,565,Active,,,http://www.redfin.com/MA/Provincetown/501-Commercial-St-02657/unit-U2A/home/165004072,CCIMLS,21903159,N,Y,42.0573312,-70.1770693
MLS Listing,,Condo/Co-op,168 Bradford Street Ext Unit U3,Provincetown,MA,02657,1749000,3,3.5,Provincetown,2676,27676,2019,380,654,450,Active,,,http://www.redfin.com/MA/Provincetown/168-Bradford-Street-Ext-02657/unit-U3/home/164426175,CCIMLS,21903007,N,Y,42.044214,-70.1958308
MLS Listing,,Condo/Co-op,481 Commercial St Unit U1,Provincetown,MA,02657,849000,1,2.0,Provincetown,1131,7860,1950,381,751,1785,Active,,,http://www.redfin.com/MA/Provincetown/481-Commercial-St-02657/unit-U1/home/164367544,CCIMLS,21902970,N,Y,42.056736,-70.177929
MLS Listing,,Single Family Residential,40 Highland Rd,Truro,MA,02652,475000,3,1.0,North Truro,1312,133294,1947,388,362,,Active,,,http://www.redfin.com/MA/Truro/40-Highland-Rd-02652/home/137824585,MLS PIN,72485495,N,Y,42.037897,-70.076863
MLS Listing,,Vacant Land,27 Court St Unit PF,Provincetown,MA,02657,55000,,,Provincetown,,17860,,392,,21,Active,,,http://www.redfin.com/MA/Provincetown/27-Court-St-02657/unit-PF/home/136192132,CCIMLS,21902685,N,Y,42.0499851,-70.1920224
MLS Listing,,Vacant Land,27 Court St Unit PE,Provincetown,MA,02657,55000,,,Provincetown,,17860,,392,,21,Active,,,http://www.redfin.com/MA/Provincetown/27-Court-St-02657/unit-PE/home/136188865,CCIMLS,21902684,N,Y,42.0499851,-70.1920224
MLS Listing,,Vacant Land,27 Court St Unit PD,Provincetown,MA,02657,55000,,,Provincetown,,17860,,392,,21,Active,,,http://www.redfin.com/MA/Provincetown/27-Court-St-02657/unit-PD/home/136186064,CCIMLS,21902682,N,Y,42.0499851,-70.1920224
MLS Listing,,Vacant Land,27 Court St Unit PB,Provincetown,MA,02657,55000,,,Provincetown,,17860,,392,,21,Active,,,http://www.redfin.com/MA/Provincetown/27-Court-St-02657/unit-PB/home/162615426,CCIMLS,21902681,N,Y,42.0499851,-70.1920224
MLS Listing,,Vacant Land,27 Court St Unit PA,Provincetown,MA,02657,55000,,,Provincetown,,17860,,392,,21,Active,,,http://www.redfin.com/MA/Provincetown/27-Court-St-02657/unit-PA/home/162614782,CCIMLS,21902680,N,Y,42.0499851,-70.1920224
MLS Listing,,Townhouse,16 Carver St Unit A,Provincetown,MA,02657,899000,2,2.5,Provincetown,970,4007,2019,393,927,,Active,,,http://www.redfin.com/MA/Provincetown/16-Carver-St-02657/unit-A/home/162456172,CCIMLS,21902641,N,Y,42.0495461,-70.190662
MLS Listing,,Single Family Residential,158 Bradford St,Provincetown,MA,02657,2195000,10,10.0,Provincetown,2318,6534,1840,395,947,,Active,,,http://www.redfin.com/MA/Provincetown/158-Bradford-St-02657/home/162221675,CCIMLS,21902560,N,Y,42.0551989,-70.1841622
MLS Listing,,Condo/Co-op,553 Commercial St Unit UB,Provincetown,MA,02657,1295000,2,1.5,Provincetown,1220,9148,1900,398,1061,667,Active,,,http://www.redfin.com/MA/Provincetown/553-Commercial-St-02657/unit-UB/home/161583334,CCIMLS,21902450,N,Y,42.058816,-70.172891
MLS Listing,,Condo/Co-op,165 Commercial St Unit U2,Provincetown,MA,02657,2295000,3,3.0,Provincetown,1715,18295,1900,485,1338,1130,Active,,,http://www.redfin.com/MA/Provincetown/165-Commercial-St-02657/unit-U2/home/148723111,CCIMLS,21900282,N,Y,42.0474233,-70.1899759
MLS Listing,,Vacant Land,55R Capt Berties Way,Provincetown,MA,02657,1750000,,,Provincetown,,20909,,554,,,Active,,,http://www.redfin.com/MA/Provincetown/55R-Captain-Bertie-s-Way-02657/home/148032331,CCIMLS,21808457,N,Y,42.053496,-70.19459
MLS Listing,,Vacant Land,491 Shore Rd,Truro,MA,02652,225000,,,Beach Point,,20028,1960,556,,,Active,,,http://www.redfin.com/MA/Truro/491-Shore-Rd-02652/home/137827140,MLS PIN,72420011,N,Y,42.055683,-70.131878
MLS Listing,,Townhouse,350 Bradford St #4,Provincetown,MA,02657,799000,2,1.5,Provincetown,936,39188,2018,559,854,306,Active,,,http://www.redfin.com/MA/Provincetown/350-Bradford-St-02657/unit-4/home/148006037,CCIMLS,21808386,N,Y,42.0614704,-70.1657205
MLS Listing,,Condo/Co-op,350 Bradford #9,Provincetown,MA,02657,1295000,2,2.5,Provincetown,1129,39168,2018,559,1147,375,Active,,,http://www.redfin.com/MA/Provincetown/350-Bradford-St-02657/unit-9/home/148005741,CCIMLS,21808385,N,Y,42.0615011,-70.165714
MLS Listing,,Condo/Co-op,350 Bradford #8,Provincetown,MA,02657,775000,2,1.5,Provincetown,964,39168,2018,559,804,275,Active,,,http://www.redfin.com/MA/Provincetown/350-Bradford-St-02657/unit-8/home/148005667,CCIMLS,21808384,N,Y,42.0615011,-70.165714
MLS Listing,,Condo/Co-op,350 Bradford #7,Provincetown,MA,02657,799500,2,2.5,Provincetown,1202,39168,2018,559,665,330,Active,,,http://www.redfin.com/MA/Provincetown/350-Bradford-St-02657/unit-7/home/148005619,CCIMLS,21808382,N,Y,42.0615011,-70.165714
MLS Listing,,Vacant Land,,Provincetown,MA,02657,105000,,,,,12632,,561,,,Active,,,http://www.redfin.com/MA/Provincetown/Undisclosed-address-02657/home/166896048,CCIMLS,21808333,N,Y,42.0594772,-70.1718676
MLS Listing,,Townhouse,590 Commercial St Unit UC,Provincetown,MA,02657,779000,3,2.0,Provincetown,1570,6534,1986,651,496,,Active,,,http://www.redfin.com/MA/Provincetown/590-Commercial-St-02657/unit-UC/home/146449480,CCIMLS,21805728,N,Y,42.0600659,-70.1706147
MLS Listing,,Condo/Co-op,350 Bradford #11,Provincetown,MA,02657,1225000,2,2.5,Provincetown,1130,39188,2018,671,1084,,Active,,,http://www.redfin.com/MA/Provincetown/350-Bradford-St-02657/unit-11/home/146223489,CCIMLS,21805193,N,Y,42.0614704,-70.1657205
MLS Listing,,Townhouse,350 Bradford St #13,Provincetown,MA,02657,1299000,2,2.5,Provincetown,1232,39188,2018,671,1054,,Active,,,http://www.redfin.com/MA/Provincetown/350-Bradford-St-02657/unit-13/home/146222931,CCIMLS,21805197,N,Y,42.0614704,-70.1657205
MLS Listing,,Condo/Co-op,350 Bradford #6,Provincetown,MA,02657,649000,1,1.5,Provincetown,703,39168,2018,671,923,,Active,,,http://www.redfin.com/MA/Provincetown/350-Bradford-St-02657/unit-6/home/146222496,CCIMLS,21805195,N,Y,42.0614704,-70.1657205
MLS Listing,,Single Family Residential,40 Commercial St,Provincetown,MA,02657,2495000,3,3.5,Provincetown,2217,7797,1820,691,1125,,Active,,,http://www.redfin.com/MA/Provincetown/40-Commercial-St-02657/home/134697644,CCIMLS,21804610,N,Y,42.0412155,-70.1945804
MLS Listing,,Multi-Family (2-4 Unit),7 West Vine St,Provincetown,MA,02657,1995000,3,4.0,Provincetown,2346,3112,1800,712,850,,Active,,,http://www.redfin.com/MA/Provincetown/7-W-Vine-St-02657/home/134688870,CCIMLS,21804014,N,Y,42.0431367,-70.1934642
MLS Listing,,Single Family Residential,29 Point St,Provincetown,MA,02657,2195000,4,4.5,Provincetown,2736,11761,2017,787,802,,Active,,,http://www.redfin.com/MA/Provincetown/29-Point-St-02657/home/113886476,CCIMLS,21801579,N,Y,42.0408975,-70.1954787
