SALE TYPE,SOLD DATE,PROPERTY TYPE,ADDRESS,CITY,STATE OR PROVINCE,ZIP OR POSTAL CODE,PRICE,BEDS,BATHS,LOCATION,SQUARE FEET,LOT SIZE,YEAR BUILT,DAYS ON MARKET,$/SQUARE FEET,HOA/MONTH,STATUS,NEXT OPEN HOUSE START TIME,NEXT OPEN HOUSE END TIME,URL (SEE http://www.redfin.com/buy-a-home/comparative-market-analysis FOR INFO ON PRICING),SOURCE,MLS#,FAVORITE,INTERESTED,LATITUDE,LONGITUDE
MLS Listing,,Townhouse,140 Canton St Unit I-3,Randolph,MA,02368,310000,2,2.5,Randolph,1600,,1981,1,194,331,Active,,,http://www.redfin.com/MA/Randolph/140-Canton-St-02368/unit-I-3/home/77500145,MLS PIN,72656042,N,Y,42.1874745,-71.0683887
MLS Listing,,Single Family Residential,74 Fernandez Cir,Randolph,MA,02368,435000,4,2.0,Randolph,2366,12196,1968,1,184,,Active,,,http://www.redfin.com/MA/Randolph/74-Fernandez-Cir-02368/home/11733987,MLS PIN,72655883,N,Y,42.1622423,-71.0357783
MLS Listing,,Single Family Residential,1 Smith Rd,Randolph,MA,02368,450000,3,2.0,Randolph,1080,12000,1958,1,417,,Active,,,http://www.redfin.com/MA/Randolph/1-Smith-Rd-02368/home/11727873,MLS PIN,72655494,N,Y,42.177137,-71.0597356
MLS Listing,,Single Family Residential,70 Newcomb Ave,Randolph,MA,02368,439900,5,2.0,North Randolph,2200,11773,1962,1,200,,Active,,,http://www.redfin.com/MA/Randolph/70-Newcomb-Ave-02368/home/11723836,MLS PIN,72655306,N,Y,42.1911963,-71.0552785
MLS Listing,,Single Family Residential,9 Desmond Rd,Randolph,MA,02368,390000,3,1.5,Randolph,1888,8058,1953,3,207,,Active,May-16-2020 12:00 PM,May-16-2020 02:00 PM,http://www.redfin.com/MA/Randolph/9-Desmond-Rd-02368/home/11727816,MLS PIN,72646310,N,Y,42.1770912,-71.0625213
MLS Listing,,Single Family Residential,335 S Main St,Randolph,MA,02368,329900,3,1.0,Randolph,896,10265,1950,6,368,,Active,,,http://www.redfin.com/MA/Randolph/335-S-Main-St-02368/home/11737578,MLS PIN,72653648,N,Y,42.1512402,-71.0445883
MLS Listing,,Single Family Residential,48 Fitzgerald St,Randolph,MA,02368,569900,4,3.0,Randolph,2500,12000,2020,7,228,,Active,,,http://www.redfin.com/MA/Randolph/48-Fitzgerald-St-02368/home/171556238,MLS PIN,72652975,N,Y,42.1985709,-71.0564305
MLS Listing,,Single Family Residential,179 High St,Randolph,MA,02368,549900,4,3.0,Randolph,2378,145888,1988,8,231,,Active,,,http://www.redfin.com/MA/Randolph/179-High-St-02368/home/11726802,MLS PIN,72652165,N,Y,42.1801032,-71.0664211
MLS Listing,,Townhouse,12 Grove Sq #12,Randolph,MA,02368,285000,2,1.5,Randolph,1290,,1973,13,221,375,Active,,,http://www.redfin.com/MA/Randolph/12-Grove-Sq-02368/unit-12/home/77515741,MLS PIN,72650247,N,Y,42.1722197,-71.0517929
MLS Listing,,Single Family Residential,336 Canton St,Randolph,MA,02368,545000,3,2.5,The Homes at Blue Hills Randolph,1674,12119,2013,13,326,,Active,,,http://www.redfin.com/MA/Randolph/336-Canton-St-02368/home/43708939,MLS PIN,72650175,N,Y,42.1844843,-71.0848986
MLS Listing,,Single Family Residential,26 Morse St,Randolph,MA,02368,489900,3,3.0,Randolph,1728,8900,1997,17,284,,Active,,,http://www.redfin.com/MA/Randolph/26-Morse-St-02368/home/11724205,MLS PIN,72648069,N,Y,42.1974729,-71.0545357
MLS Listing,,Townhouse,27 Lisa Rd #27,Randolph,MA,02368,344900,3,1.5,Randolph,1404,,1986,24,246,,Active,,,http://www.redfin.com/MA/Randolph/27-Lisa-Rd-02368/unit-27/home/77523266,MLS PIN,72645822,N,Y,42.1672245,-71.0602258
MLS Listing,,Single Family Residential,8 Stacy St,Randolph,MA,02368,429900,4,2.0,Randolph,1572,5000,1920,29,273,,Active,,,http://www.redfin.com/MA/Randolph/8-Stacy-St-02368/home/11720353,MLS PIN,72644291,N,Y,42.1950962,-71.0615463
MLS Listing,,Single Family Residential,29 Hemlock Ter,Randolph,MA,02368,467500,3,2.5,Highland Glen Estates,2160,12000,1975,48,216,,Active,,,http://www.redfin.com/MA/Randolph/29-Hemlock-Ter-02368/home/11735190,MLS PIN,72638496,N,Y,42.1610491,-71.0499393
MLS Listing,,Single Family Residential,318 S Main St,Randolph,MA,02368,435000,4,2.0,Randolph,1668,8158,1940,58,261,,Active,,,http://www.redfin.com/MA/Randolph/318-S-Main-St-02368/home/11737598,MLS PIN,72634833,N,Y,42.151936,-71.0441357
MLS Listing,,Condo/Co-op,21 Jacobs Rd #21,Randolph,MA,02368,369000,3,2.5,Randolph,2000,,1979,58,185,,Active,,,http://www.redfin.com/MA/Randolph/21-Jacobs-Rd-02368/unit-21/home/171143055,MLS PIN,72634800,N,Y,42.168083,-71.0390115
MLS Listing,,Townhouse,1702 Meadow Ln #1702,Randolph,MA,02368,459900,2,2.5,North Randolph,2200,609840,2020,62,209,330,Active,,,http://www.redfin.com/MA/Randolph/1702-Meadow-Ln-02368/unit-1702/home/171113887,MLS PIN,72633461,N,Y,42.1848704,-71.0278513
MLS Listing,,Townhouse,1701 Meadow Ln #1701,Randolph,MA,02368,459900,2,2.5,North Randolph,2200,609840,2020,62,209,330,Active,,,http://www.redfin.com/MA/Randolph/1701-Meadow-Ln-02368/unit-1701/home/171113886,MLS PIN,72633460,N,Y,42.1848704,-71.0278513
MLS Listing,,Townhouse,1602 Meadow Ln #1602,Randolph,MA,02368,459900,2,2.5,North Randolph,2200,609840,2020,62,209,330,Active,,,http://www.redfin.com/MA/Randolph/1602-Meadow-Ln-02368/unit-1602/home/171113885,MLS PIN,72633458,N,Y,42.1848704,-71.0278513
MLS Listing,,Townhouse,1601 Meadow Ln #1601,Randolph,MA,02368,459900,2,2.5,North Randolph,2200,609840,2019,62,209,330,Active,,,http://www.redfin.com/MA/Randolph/1601-Meadow-Ln-02368/unit-1601/home/171113883,MLS PIN,72633457,N,Y,42.1848704,-71.0278513
MLS Listing,,Townhouse,1502 Meadow Ln #1502,Randolph,MA,02368,459900,2,2.5,North Randolph,2200,609840,2020,62,209,330,Active,,,http://www.redfin.com/MA/Randolph/1502-Meadow-Ln-02368/unit-1502/home/171113826,MLS PIN,72633455,N,Y,42.1848704,-71.0278513
MLS Listing,,Townhouse,1501 Meadow Ln #1501,Randolph,MA,02368,459900,2,2.5,North Randolph,2200,609840,2020,62,209,330,Active,,,http://www.redfin.com/MA/Randolph/1501-Meadow-Ln-02368/unit-1501/home/171113824,MLS PIN,72633454,N,Y,42.1848704,-71.0278513
MLS Listing,,Townhouse,159 BITTERSWEET Ln #114,Randolph,MA,02368,180000,1,1.0,Randolph,660,,1978,62,273,397,Active,,,http://www.redfin.com/MA/Randolph/159-Bittersweet-Ln-02368/unit-114/home/11734718,MLS PIN,72633304,N,Y,42.1620029,-71.0531974
MLS Listing,,Single Family Residential,14 Phyllis Dr,Randolph,MA,02368,400000,3,1.0,Randolph,1082,12000,1963,62,370,,Active,,,http://www.redfin.com/MA/Randolph/14-Phyllis-Dr-02368/home/11730533,MLS PIN,72633245,N,Y,42.1725322,-71.0705067
MLS Listing,,Condo/Co-op,1 Royal Crest Dr #5,Randolph,MA,02368,219900,2,1.0,Randolph,1031,,1971,66,213,464,Active,,,http://www.redfin.com/MA/Randolph/1-Royal-Crest-Dr-02368/unit-5/home/11723744,MLS PIN,72630741,N,Y,42.1899354,-71.0582345
MLS Listing,,Single Family Residential,386 Canton St,Randolph,MA,02368,829000,4,2.5,Randolph,2966,25700,2018,66,280,,Active,,,http://www.redfin.com/MA/Randolph/386-Canton-St-02368/home/171039050,MLS PIN,72630322,N,Y,42.1863968,-71.0884229
MLS Listing,,Single Family Residential,104 Lafayette St,Randolph,MA,02368,350000,3,2.0,South Randolph,1333,9300,1951,71,263,,Active,May-17-2020 12:00 PM,May-17-2020 02:00 PM,http://www.redfin.com/MA/Randolph/104-Lafayette-St-02368/home/11730615,MLS PIN,72627726,N,Y,42.1717153,-71.0663747
MLS Listing,,Single Family Residential,10 Phyllis Dr,Randolph,MA,02368,360000,3,1.0,Randolph,1066,12000,1963,78,338,,Active,,,http://www.redfin.com/MA/Randolph/10-Phyllis-Dr-02368/home/11730537,MLS PIN,72624591,N,Y,42.1724879,-71.0698103
MLS Listing,,Single Family Residential,19 Amelian Rd,Randolph,MA,02368,539900,4,2.5,North Randolph,1770,4480,2020,79,305,,Active,,,http://www.redfin.com/MA/Randolph/19-Amelian-Rd-02368/home/11723550,MLS PIN,72623730,N,Y,42.1916411,-71.0565205
MLS Listing,,Single Family Residential,128 High St,Randolph,MA,02368,379000,3,2.5,Randolph,1456,17869,1952,83,260,,Active,,,http://www.redfin.com/MA/Randolph/128-High-St-02368/home/11727552,MLS PIN,72622330,N,Y,42.1763274,-71.0672104
MLS Listing,,Single Family Residential,10 Kelli Rd,Randolph,MA,02368,729900,4,3.0,Spring Estates,2900,12000,2020,89,252,,Active,,,http://www.redfin.com/MA/Randolph/10-Norfolk-Rd-02368/home/11735740,MLS PIN,72620016,N,Y,42.1575292,-71.0445999
MLS Listing,,Condo/Co-op,232 Canton St #211,Randolph,MA,02368,250000,2,1.0,North Randolph,1030,,1982,98,243,372,Active,,,http://www.redfin.com/MA/Randolph/232-Canton-St-02368/unit-211/home/11722048,MLS PIN,72616360,N,Y,42.1854967,-71.0763089
MLS Listing,,Condo/Co-op,49 Nelson Dr Unit B,Randolph,MA,02368,249999,2,1.0,Randolph,842,,1960,99,297,,Active,,,http://www.redfin.com/MA/Randolph/49-Nelson-Dr-02368/unit-B/home/11732000,MLS PIN,72616020,N,Y,42.1700248,-71.0512393
MLS Listing,,Single Family Residential,1115 N Main,Randolph,MA,02368,410000,3,1.0,Randolph,1358,5000,1930,135,302,,Active,,,http://www.redfin.com/MA/Randolph/1115-N-Main-St-02368/home/170186000,MLS PIN,72603245,N,Y,42.1935077,-71.0598749
MLS Listing,,Single Family Residential,21 Allen St,Randolph,MA,02368,425000,4,1.5,Randolph,1824,10680,1900,137,233,,Active,May-16-2020 02:00 PM,May-16-2020 03:00 PM,http://www.redfin.com/MA/Randolph/21-Allen-St-02368/home/11731544,MLS PIN,72602916,N,Y,42.1711593,-71.0450178
