SALE TYPE,SOLD DATE,PROPERTY TYPE,ADDRESS,CITY,STATE OR PROVINCE,ZIP OR POSTAL CODE,PRICE,BEDS,BATHS,LOCATION,SQUARE FEET,LOT SIZE,YEAR BUILT,DAYS ON MARKET,$/SQUARE FEET,HOA/MONTH,STATUS,NEXT OPEN HOUSE START TIME,NEXT OPEN HOUSE END TIME,URL (SEE http://www.redfin.com/buy-a-home/comparative-market-analysis FOR INFO ON PRICING),SOURCE,MLS#,FAVORITE,INTERESTED,LATITUDE,LONGITUDE
MLS Listing,,Single Family Residential,37 MAYFLOWER Ln,Rochester,MA,02770,512000,4,2.5,Mayflower Woods,2152,70132,2003,24,238,,Active,,,http://www.redfin.com/MA/Rochester/37-Mayflower-Ln-02770/home/16433443,MLS PIN,72645662,N,Y,41.7768825,-70.8099745
MLS Listing,,Single Family Residential,63 New Bedford,Rochester,MA,02770,339900,3,1.5,Rochester,1294,58370,1960,51,263,,Active,,,http://www.redfin.com/MA/Rochester/63-New-Bedford-Rd-02770/home/16432622,MLS PIN,72637613,N,Y,41.7175203,-70.8654378
MLS Listing,,Single Family Residential,77 Hiller Rd,Rochester,MA,02770,889000,5,3.5,East Rochester,5124,86684,2002,72,173,,Active,,,http://www.redfin.com/MA/Rochester/77-Hiller-Rd-02770/home/16432511,MLS PIN,72627062,N,Y,41.7504431,-70.8092777
MLS Listing,,Single Family Residential,129 Dexter Ln,Rochester,MA,02770,862000,5,3.5,Rochester,4542,196455,2006,93,190,,Active,,,http://www.redfin.com/MA/Rochester/129-Dexter-Ln-02770/home/16433305,MLS PIN,72618051,N,Y,41.7252193,-70.8123204
MLS Listing,,Single Family Residential,38 Wordell St,Rochester,MA,02770,550000,3,3.5,Rochester,2000,261796,2001,108,275,,Active,,,http://www.redfin.com/MA/Rochester/38-Wordell-St-02770/home/16433421,MLS PIN,72612267,N,Y,41.7792728,-70.9122113
MLS Listing,,Vacant Land,22 High St,Rochester,MA,02770,300000,,1.0,Rochester,1284,363290,1850,132,234,,Active,,,http://www.redfin.com/MA/Rochester/22-High-St-02770/home/16432841,MLS PIN,72604230,N,Y,41.767294,-70.817635
MLS Listing,,Vacant Land,Lot 11D Dexter Ln,Rochester,MA,02770,176000,,,Rochester,,111077,,185,,,Active,,,http://www.redfin.com/MA/Rochester/11-Dexter-Ln-02770/home/142994969,MLS PIN,72590953,N,Y,41.7314116,-70.8186244
MLS Listing,,Single Family Residential,Lot 80/8 Martin Cir,Rochester,MA,02770,570000,4,2.5,CONNET WOODS,2580,41382,2020,195,221,23,Active,,,http://www.redfin.com/MA/Rochester/Lot-80-8-Martin-CIR-02770/home/169631623,MLS PIN,72587420,N,Y,41.7601408,-70.8357792
MLS Listing,,Single Family Residential,Lot 83/9 Martin Cir,Rochester,MA,02770,514000,4,2.5,CONNET WOODS,2082,42253,2020,213,247,23,Active,,,http://www.redfin.com/MA/Rochester/Lot-83-9-Martin-CIR-02770/home/169415574,MLS PIN,72579495,N,Y,41.7601408,-70.8357792
MLS Listing,,Vacant Land,0 Snipatuit Rd,Rochester,MA,02770,159900,,,Rochester,,60548,,323,,,Active,,,http://www.redfin.com/MA/ROCHESTER/SNIPATUIT-RD-02770/home/86087800,MLS PIN,72525293,N,Y,41.750133,-70.858267
MLS Listing,,Vacant Land,0 Hiller Rd,Rochester,MA,02770,1250000,,,Rochester,,5314320,,359,,,Active,,,http://www.redfin.com/MA/ROCHESTER/HILLER-RD-02770/home/86087592,MLS PIN,72504102,N,Y,41.751527,-70.810867
MLS Listing,,Single Family Residential,30 Vaughan Hill Rd,Rochester,MA,02770,1995000,4,4.5,Rochester,5302,381150,2002,398,376,,Active,,,http://www.redfin.com/MA/Rochester/30-Vaughan-Hill-Rd-02770/home/16432278,MLS PIN,72481822,N,Y,41.7286934,-70.8376084
MLS Listing,,Single Family Residential,200 Mattapoisett Rd,Rochester,MA,02770,625000,4,5.0,Rochester,5603,70567,2004,428,112,,Active,,,http://www.redfin.com/MA/Rochester/200-Mattapoisett-Rd-02770/home/16433613,MLS PIN,72464450,N,Y,41.7188781,-70.8412141
