SALE TYPE,SOLD DATE,PROPERTY TYPE,ADDRESS,CITY,STATE OR PROVINCE,ZIP OR POSTAL CODE,PRICE,BEDS,BATHS,LOCATION,SQUARE FEET,LOT SIZE,YEAR BUILT,DAYS ON MARKET,$/SQUARE FEET,HOA/MONTH,STATUS,NEXT OPEN HOUSE START TIME,NEXT OPEN HOUSE END TIME,URL (SEE http://www.redfin.com/buy-a-home/comparative-market-analysis FOR INFO ON PRICING),SOURCE,MLS#,FAVORITE,INTERESTED,LATITUDE,LONGITUDE
MLS Listing,,Single Family Residential,176 Barre Paxton Rd,Rutland,MA,01543,379900,4,2.0,Rutland,1624,80586,1979,1,234,,Active,,,http://www.redfin.com/MA/Rutland/176-Barre-Paxton-Rd-01543/home/16586546,MLS PIN,72656087,N,Y,42.3442417,-71.978732
MLS Listing,,Single Family Residential,89 Campbell St,Rutland,MA,01543,489900,3,2.0,Rutland,1836,65340,2020,2,267,,Active,,,http://www.redfin.com/MA/Rutland/89-Campbell-St-01543/home/171586383,MLS PIN,72655016,N,Y,42.4126124,-71.9570193
MLS Listing,,Condo/Co-op,176 Maple Ave Unit 1-28,Rutland,MA,01543,95000,2,1.0,Rutland,773,,1972,6,123,270,Active,,,http://www.redfin.com/MA/Rutland/176-Maple-Ave-01543/unit-1-28/home/16586506,MLS PIN,72653490,N,Y,42.3582459,-71.9429697
MLS Listing,,Townhouse,211 Barre Paxton Rd #2,Rutland,MA,01543,285000,2,2.5,North Rutland,1483,,2015,8,192,235,Active,,,http://www.redfin.com/MA/Rutland/211-Barre-Paxton-Rd-01543/unit-2/home/110060880,MLS PIN,72652603,N,Y,42.3469003,-71.9830759
MLS Listing,,Townhouse,24 Soucy Dr #3,Rutland,MA,01543,349900,2,2.5,Rutland,1622,,2020,33,216,260,Active,,,http://www.redfin.com/MA/Rutland/133-Pommogussett-Rd-01543/unit-3/home/168148201,MLS PIN,72643020,N,Y,42.3946462,-71.9623876
MLS Listing,,Townhouse,238 BARRE PAXTON Rd #2,Rutland,MA,01543,299900,2,2.5,Rutland,1407,217800,2020,35,213,250,Active,,,http://www.redfin.com/MA/Rutland/238-Barre-Paxton-Rd-01543/unit-2/home/171299645,MLS PIN,72642519,N,Y,42.3506583,-71.985964
MLS Listing,,Townhouse,236 BARRE PAXTON Rd #1,Rutland,MA,01543,299900,2,2.5,Rutland,1407,217800,2020,35,213,260,Active,,,http://www.redfin.com/MA/Rutland/236-Barre-Paxton-Rd-01543/unit-1/home/171299644,MLS PIN,72642515,N,Y,42.3507399,-71.9857582
MLS Listing,,Vacant Land,00 Sassawanna,Rutland,MA,01543,550000,,,Rutland,,14069880,,38,,,Active,,,http://www.redfin.com/MA/Rutland/Sassawanna-Rd-01543/home/171277044,MLS PIN,72641347,N,Y,42.395309,-71.9749756
MLS Listing,,Single Family Residential,27 Marjorie Ln,Rutland,MA,01543,469900,3,3.5,Highlands at Brunelle West,3075,15228,2007,49,153,,Active,,,http://www.redfin.com/MA/Rutland/27-Marjorie-Ln-01543/home/16584037,MLS PIN,72638273,N,Y,42.3910548,-71.967989
MLS Listing,,Single Family Residential,lot 74R Woodside Ave,Rutland,MA,01543,409900,4,2.5,Brice Estates,2488,70340,2020,61,165,,Active,,,http://www.redfin.com/MA/Rutland/lot-74R-Woodside-Ave-01543/home/171120525,MLS PIN,72633783,N,Y,42.3781224,-71.9792433
MLS Listing,,Single Family Residential,Lot 111R-1 Main St,Rutland,MA,01543,379900,3,2.5,Brice Estates,2248,16107,2020,61,169,,Active,,,http://www.redfin.com/MA/Rutland/1-Main-St-01543/home/109892009,MLS PIN,72633773,N,Y,42.3712776,-71.9252483
MLS Listing,,Single Family Residential,Lot 4 Teresa Dr,Rutland,MA,01543,459900,4,2.5,Maple Hill Estates,3064,19697,2020,61,150,,Active,,,http://www.redfin.com/MA/Rutland/Lot-4-Teresa-DR-01543/home/171120402,MLS PIN,72633763,N,Y,42.3717748,-71.975699
MLS Listing,,Single Family Residential,Lot 5 Teresa Dr,Rutland,MA,01543,409900,4,2.5,Maple Hill Estates,2488,21169,2020,61,165,,Active,,,http://www.redfin.com/MA/Rutland/Lot-5-Teresa-DR-01543/home/171120371,MLS PIN,72633755,N,Y,42.3717748,-71.975699
MLS Listing,,Single Family Residential,Lot 1 Teresa Dr,Rutland,MA,01543,424900,4,2.5,Maple Hill Estates,2488,43748,2020,61,171,,Active,,,http://www.redfin.com/MA/Rutland/Lot-1-Teresa-DR-01543/home/171120362,MLS PIN,72633751,N,Y,42.3717748,-71.975699
MLS Listing,,Single Family Residential,339 Pommogussett,Rutland,MA,01543,479900,4,2.5,North Rutland,2360,67427,2020,68,203,,Active,,,http://www.redfin.com/MA/Rutland/339-Pommogussett-Rd-01543/home/171033985,MLS PIN,72629877,N,Y,42.4217624,-71.9656944
MLS Listing,,Vacant Land,43&45 Emerald Rd & 60 & 0 Walnut St,Rutland,MA,01543,269700,,,Rutland,,543193,,71,,,Active,,,http://www.redfin.com/MA/Rutland/45-Emerald-Rd-01543/home/110060813,MLS PIN,72627934,N,Y,42.3497016,-71.9496092
MLS Listing,,Single Family Residential,4 Lowry Ln,Rutland,MA,01543,515000,3,2.5,Rutland,2560,81893,2020,74,201,,Active,,,http://www.redfin.com/MA/Rutland/4-Lowry-Ln-01543/home/110061305,MLS PIN,72626189,N,Y,42.4123807,-71.9296264
MLS Listing,,Vacant Land,86 Maple Ave,Rutland,MA,01543,1,,,Rutland,,1524600,,76,,,Active,,,http://www.redfin.com/MA/Rutland/86-Maple-Ave-01543/home/170686051,MLS PIN,72625620,N,Y,42.3705174,-71.9488671
MLS Listing,,Single Family Residential,2 John Robert Dr,Rutland,MA,01543,499900,4,2.5,Central Tree Estates,3064,33727,2020,90,163,,Active,,,http://www.redfin.com/MA/Rutland/2-John-Robert-Dr-01543/home/110061316,MLS PIN,72619698,N,Y,42.378104,-71.930961
MLS Listing,,Condo/Co-op,20 Soucy Dr #4,Rutland,MA,01543,314900,2,2.0,Rutland,1462,,2019,97,215,260,Active,,,http://www.redfin.com/MA/Rutland/133-Pommogussett-Rd-01543/unit-4/home/168148199,MLS PIN,72616896,N,Y,42.3946462,-71.9623876
MLS Listing,,Condo/Co-op,18 Soucy Dr #2,Rutland,MA,01543,294900,2,2.0,Rutland,1160,,2019,97,254,260,Active,,,http://www.redfin.com/MA/Rutland/133-Pommogussett-Rd-01543/unit-2/home/168148081,MLS PIN,72616892,N,Y,42.3946462,-71.9623876
MLS Listing,,Vacant Land,Lot 4 Welch Ave,Rutland,MA,01543,69900,,,Rutland,,66000,,160,,,Active,,,http://www.redfin.com/MA/Rutland/4-Welch-Ave-01543/home/170021494,MLS PIN,72598599,N,Y,42.3468379,-71.9459128
MLS Listing,,Vacant Land,Lot 3 Welch Ave,Rutland,MA,01543,69900,,,Rutland,,66000,,160,,,Active,,,http://www.redfin.com/MA/Rutland/3-Welch-Ave-01543/home/170021490,MLS PIN,72598597,N,Y,42.3468704,-71.9457856
MLS Listing,,Vacant Land,Lot 2 Welch Ave,Rutland,MA,01543,69900,,,Rutland,,66000,,160,,,Active,,,http://www.redfin.com/MA/Rutland/2-Welch-Ave-01543/home/170021489,MLS PIN,72598596,N,Y,42.346932,-71.945545
MLS Listing,,Vacant Land,Lot 1 Welch Ave,Rutland,MA,01543,69900,,,Rutland,,66000,,160,,,Active,,,http://www.redfin.com/MA/Rutland/1-Welch-Ave-01543/home/49750529,MLS PIN,72598595,N,Y,42.346932,-71.945545
MLS Listing,,Single Family Residential,Lot 33R Brice Ests,Rutland,MA,01543,419900,4,2.5,Brice Estates,2488,22698,,176,169,,Active,,,http://www.redfin.com/MA/Rutland/Lot-33R-01543/home/169904912,MLS PIN,72594623,N,Y,42.3773144,-71.9812101
MLS Listing,,Single Family Residential,1 MILNE Rd,Rutland,MA,01543,310000,4,1.5,Rutland,1568,334105,1969,223,198,,Active,,,http://www.redfin.com/MA/Rutland/1-Milne-Rd-01543/home/16585438,MLS PIN,72575727,N,Y,42.4088689,-71.9305567
MLS Listing,,Single Family Residential,4-A Watson Ln,Rutland,MA,01543,785000,4,4.5,Rutland,4537,91040,1997,252,173,,Active,,,http://www.redfin.com/MA/Rutland/4a-Watson-Ln-01543/home/113200414,MLS PIN,72560167,N,Y,42.3805092,-71.9483333
MLS Listing,,Vacant Land,LOT 1-2 Glenwood Rd,Rutland,MA,01543,1100000,,,Rutland,,3049200,,252,,,Active,,,http://www.redfin.com/MA/Rutland/2-Glenwood-Rd-01543/home/168913315,MLS PIN,72559948,N,Y,42.3797779,-71.9397467
MLS Listing,,Single Family Residential,Lot 1 Wachusett,Rutland,MA,01543,379900,3,2.0,Rutland,1801,106286,2018,546,211,,Active,,,http://www.redfin.com/MA/Rutland/1-Wachusett-St-01543/home/105445161,MLS PIN,72424314,N,Y,42.3863629,-71.9390574
MLS Listing,,Single Family Residential,Lot 3 Wachusett St,Rutland,MA,01543,379900,3,2.0,Rutland,1801,65775,2019,546,211,,Active,,,http://www.redfin.com/MA/Rutland/3-Wachusett-St-01543/home/105445191,MLS PIN,72424313,N,Y,42.386986,-71.9390329
MLS Listing,,Single Family Residential,LOT 2 Wachusett St,Rutland,MA,01543,405900,3,2.0,Rutland,1801,213008,2018,546,225,,Active,,,http://www.redfin.com/MA/Rutland/2-Wachusett-St-01543/home/105445175,MLS PIN,72424311,N,Y,42.3863593,-71.9390668
MLS Listing,,Vacant Land,90 Bushy Ln,Rutland,MA,01543,200000,,,Rutland,,1781168,,1121,,,Active,,,http://www.redfin.com/MA/Rutland/90-Bushy-Ln-01543/home/113745381,MLS PIN,72148324,N,Y,42.4248888,-71.9488335
