SALE TYPE,SOLD DATE,PROPERTY TYPE,ADDRESS,CITY,STATE OR PROVINCE,ZIP OR POSTAL CODE,PRICE,BEDS,BATHS,LOCATION,SQUARE FEET,LOT SIZE,YEAR BUILT,DAYS ON MARKET,$/SQUARE FEET,HOA/MONTH,STATUS,NEXT OPEN HOUSE START TIME,NEXT OPEN HOUSE END TIME,URL (SEE http://www.redfin.com/buy-a-home/comparative-market-analysis FOR INFO ON PRICING),SOURCE,MLS#,FAVORITE,INTERESTED,LATITUDE,LONGITUDE
MLS Listing,,Multi-Family (2-4 Unit),39 Lafayette Pl,Salem,MA,01970,629000,6,2.0,Salem,2999,7070,1920,1,210,,Active,,,http://www.redfin.com/MA/Salem/39-Lafayette-Pl-01970/home/8393112,MLS PIN,72655993,N,Y,42.5126255,-70.8899156
MLS Listing,,Multi-Family (2-4 Unit),1 Geneva St,Salem,MA,01970,584900,4,2.0,Salem,2228,4791,1917,1,263,,Active,,,http://www.redfin.com/MA/Salem/1-Geneva-St-01970/home/8391384,MLS PIN,72655991,N,Y,42.5122977,-70.8953033
MLS Listing,,Single Family Residential,27 Liberty Hill Ave,Salem,MA,01970,549000,3,1.5,North Salem/Kernwood,1651,2692,1895,1,333,,Active,May-16-2020 12:00 PM,May-16-2020 02:00 PM,http://www.redfin.com/MA/Salem/27-Liberty-Hill-Ave-01970/home/8384904,MLS PIN,72655965,N,Y,42.5313408,-70.9057999
MLS Listing,,Single Family Residential,20 Abbott St,Salem,MA,01970,479000,3,2.0,Salem,1786,3319,1957,1,268,,Active,,,http://www.redfin.com/MA/Salem/20-Abbott-St-01970/home/11346947,MLS PIN,72655956,N,Y,42.5197744,-70.9193615
MLS Listing,,Condo/Co-op,140 Washington St Unit 1C,Salem,MA,01970,449900,2,2.0,Salem,1210,,1900,1,372,233,Active,,,http://www.redfin.com/MA/Salem/140-Washington-St-01970/unit-1C/home/8414482,MLS PIN,72655735,N,Y,42.5206476,-70.8957551
MLS Listing,,Single Family Residential,2 Forest Ave,Salem,MA,01970,475000,4,2.5,Salem,2149,3446,1900,1,221,,Active,May-17-2020 01:00 PM,May-17-2020 02:30 PM,http://www.redfin.com/MA/Salem/2-Forest-Ave-01970/home/8392546,MLS PIN,72655565,N,Y,42.5070572,-70.891727
MLS Listing,,Single Family Residential,19 Buchanan Rd,Salem,MA,01970,499900,3,1.5,South Salem,1823,5802,1930,2,274,,Active,May-16-2020 12:00 PM,May-16-2020 03:00 PM,http://www.redfin.com/MA/Salem/19-Buchanan-Rd-01970/home/8388546,MLS PIN,72655192,N,Y,42.4946775,-70.8915877
MLS Listing,,Townhouse,80 Boston St #80,Salem,MA,01970,529900,3,2.5,Salem,2183,,2019,2,243,200,Active,,,http://www.redfin.com/MA/Salem/80-Boston-St-01970/unit-80/home/171585129,MLS PIN,72654994,N,Y,42.5204093,-70.9110214
MLS Listing,,Single Family Residential,9 Davis Ter,Peabody,MA,01960,579000,3,3.0,Peabody,2000,7658,2019,2,290,,Active,,,http://www.redfin.com/MA/Peabody/9-Davis-Ter-01960/home/11379213,MLS PIN,72654745,N,Y,42.530341,-70.914654
MLS Listing,,Single Family Residential,15 Cedar St,Salem,MA,01970,569000,3,2.0,South Salem,1755,4430,1915,3,324,,Active,,,http://www.redfin.com/MA/Salem/15-Cedar-St-01970/home/8394614,MLS PIN,72654492,N,Y,42.5149729,-70.8934455
MLS Listing,,Single Family Residential,27 Becket St,Salem,MA,01970,499000,3,2.0,Derby Historic District,1232,2400,1880,3,405,,Active,,,http://www.redfin.com/MA/Salem/27-Becket-St-01970/home/11349919,MLS PIN,72654472,N,Y,42.5235865,-70.8829835
MLS Listing,,Single Family Residential,14 Nurse Way,Salem,MA,01970,699900,4,2.5,Salem,2150,8100,2020,4,326,,Active,,,http://www.redfin.com/MA/Salem/14-Nurse-Way-01970/home/67980029,MLS PIN,72654177,N,Y,42.5104789,-70.9141985
MLS Listing,,Single Family Residential,26 Columbus Ave,Salem,MA,01970,674999,3,1.5,Salem Willows,1340,7749,1900,4,504,,Active,,,http://www.redfin.com/MA/Salem/26-Columbus-Ave-01970/home/8405581,MLS PIN,72654154,N,Y,42.5322897,-70.8712438
MLS Listing,,Townhouse,16 Aurora Ln #16,Salem,MA,01970,389000,2,2.5,Salem,2065,,1988,6,188,312,Active,,,http://www.redfin.com/MA/Salem/16-Aurora-Ln-01970/unit-16/home/77466977,MLS PIN,72653317,N,Y,42.4981129,-70.920011
MLS Listing,,Condo/Co-op,289 Essex St #507,Salem,MA,01970,584900,2,2.5,Salem,1349,,1987,7,434,308,Active,,,http://www.redfin.com/MA/Salem/289-Essex-St-01970/unit-507/home/11350995,MLS PIN,72653085,N,Y,42.5211029,-70.8980229
MLS Listing,,Townhouse,36 Irving St Unit A,Salem,MA,01970,350000,2,1.5,Salem,1016,,1980,8,344,250,Active,,,http://www.redfin.com/MA/Salem/36-Irving-St-01970/unit-A/home/8369034,MLS PIN,72652589,N,Y,42.5270491,-70.9120906
MLS Listing,,Townhouse,38 Cavendish Cir #38,Salem,MA,01970,419000,2,2.5,Salem,2440,,1999,8,172,347,Active,May-17-2020 11:00 AM,May-17-2020 01:00 PM,http://www.redfin.com/MA/Salem/38-Cavendish-Cir-01970/unit-38/home/171550716,MLS PIN,72652015,N,Y,42.4975669,-70.922548
MLS Listing,,Multi-Family (2-4 Unit),11 Shore Ave,Salem,MA,01970,699900,4,2.0,Salem,1814,3868,1920,10,386,,Active,,,http://www.redfin.com/MA/Salem/11-Shore-Ave-01970/home/8393923,MLS PIN,72651380,N,Y,42.5078683,-70.8876397
MLS Listing,,Single Family Residential,3 Abbott St,Salem,MA,01970,499900,3,2.0,Salem,2250,4356,1963,13,222,,Active,May-16-2020 02:00 PM,May-16-2020 04:00 PM,http://www.redfin.com/MA/Salem/3-Abbott-St-01970/home/8367918,MLS PIN,72650314,N,Y,42.521231,-70.919137
MLS Listing,,Condo/Co-op,88 Ocean Ave #3,Salem,MA,01970,419900,3,1.5,Salem,1491,,1910,14,282,167,Active,,,http://www.redfin.com/MA/Salem/88-Ocean-Ave-01970/unit-3/home/171477135,MLS PIN,72649638,N,Y,42.5080781,-70.8950711
MLS Listing,,Townhouse,98 Freedom Holw #98,Salem,MA,01970,475000,3,3.0,Salem,2184,,1980,15,217,513,Active,,,http://www.redfin.com/MA/Salem/98-Freedom-Holw-01970/unit-98/home/77501675,MLS PIN,72649205,N,Y,42.4872526,-70.9051809
MLS Listing,,Single Family Residential,10 Hathorne,Salem,MA,01970,550000,4,1.5,Salem,2060,3825,1888,15,267,,Active,,,http://www.redfin.com/MA/Salem/10-Hathorne-St-01970/home/8379277,MLS PIN,72648942,N,Y,42.5170618,-70.9014805
MLS Listing,,Single Family Residential,8 Memorial Dr,Salem,MA,01970,489000,4,2.0,Salem Willows,1550,7109,1949,22,315,,Active,,,http://www.redfin.com/MA/Salem/8-Memorial-Dr-01970/home/11349992,MLS PIN,72646497,N,Y,42.527227,-70.8796044
MLS Listing,,Townhouse,10 S Mason #2,Salem,MA,01970,549999,3,2.5,Salem,1688,,2018,27,326,250,Active,,,http://www.redfin.com/MA/Salem/S-Mason-St-01970/unit-2/home/137548955,MLS PIN,72645111,N,Y,42.525313,-70.900898
MLS Listing,,Townhouse,18 Putnam St #1,Salem,MA,01970,424900,2,2.5,Salem,1635,7841,2006,30,260,90,Active,,,http://www.redfin.com/MA/Salem/18-Putnam-St-01970/unit-1/home/18969684,MLS PIN,72643889,N,Y,42.5190384,-70.9103637
MLS Listing,,Condo/Co-op,50 Freedom Holw #413,Salem,MA,01970,425000,2,2.0,Salem,1364,,1980,36,312,373,Active,,,http://www.redfin.com/MA/Salem/50-Freedom-Holw-01970/unit-413/home/8373230,MLS PIN,72641958,N,Y,42.4879194,-70.9059294
MLS Listing,,Condo/Co-op,289 Essex St #304,Salem,MA,01970,316900,1,1.0,Salem,722,,1987,38,439,233,Active,,,http://www.redfin.com/MA/Salem/289-Essex-St-01970/unit-304/home/8415043,MLS PIN,72641585,N,Y,42.5211029,-70.8980229
MLS Listing,,Condo/Co-op,70 Weatherly Dr #206,Salem,MA,01970,449000,2,2.0,Salem,1503,,1980,41,299,555,Active,,,http://www.redfin.com/MA/Salem/70-Weatherly-Dr-01970/unit-206/home/8372668,MLS PIN,72640664,N,Y,42.4855249,-70.9097766
MLS Listing,,Condo/Co-op,15 1St St Unit D1,Salem,MA,01970,347900,2,2.0,Salem,1853,,1986,41,188,358,Active,,,http://www.redfin.com/MA/Salem/15-1st-St-01970/unit-D1/home/8364274,MLS PIN,72640605,N,Y,42.503361,-70.9155059
MLS Listing,,Condo/Co-op,107 Highland Ave #6,Salem,MA,01970,275000,1,1.0,Salem,511,16988,1930,42,538,243,Active,,,http://www.redfin.com/MA/Salem/107-Highland-Ave-01970/unit-6/home/77450317,MLS PIN,72640149,N,Y,42.5104998,-70.909719
MLS Listing,,Multi-Family (2-4 Unit),17 Hazel St,Salem,MA,01970,589000,6,2.0,Salem,2424,4356,1914,46,243,,Active,,,http://www.redfin.com/MA/Salem/17-Hazel-St-01970/home/8391947,MLS PIN,72638987,N,Y,42.5102481,-70.8941422
MLS Listing,,Townhouse,49 Washington Sq #49,Salem,MA,01970,399900,4,1.5,Salem,2186,,1834,48,183,350,Active,,,http://www.redfin.com/MA/Salem/49-Washington-Sq-01970/unit-49/home/171202421,MLS PIN,72638457,N,Y,42.525494,-70.8891555
MLS Listing,,Condo/Co-op,11 Gardner St #2,Salem,MA,01970,349000,2,1.0,South Salem,1075,,1900,52,325,150,Active,,,http://www.redfin.com/MA/Salem/11-Gardner-St-01970/unit-2/home/8409253,MLS PIN,72637195,N,Y,42.5133158,-70.8937458
MLS Listing,,Condo/Co-op,11-1/2 Mason St #3,Salem,MA,01970,314900,2,1.0,Salem,900,2613,1870,55,350,150,Active,May-17-2020 12:00 PM,May-17-2020 02:00 PM,http://www.redfin.com/MA/Salem/11-1-2-Mason-St-01970/unit-3/home/171168567,MLS PIN,72636610,N,Y,42.522284,-70.9092875
MLS Listing,,Condo/Co-op,11-1/2 Mason St #2,Salem,MA,01970,298900,2,1.0,Salem,750,2613,1870,55,399,150,Active,May-17-2020 12:00 PM,May-17-2020 02:00 PM,http://www.redfin.com/MA/Salem/11-1-2-Mason-St-01970/unit-2/home/171168566,MLS PIN,72636609,N,Y,42.522284,-70.9092875
MLS Listing,,Condo/Co-op,11-1/2 Mason St #1,Salem,MA,01970,338900,2,1.0,Salem,800,2613,1900,55,424,150,Active,,,http://www.redfin.com/MA/Salem/11-1-2-Mason-St-01970/unit-1/home/171168565,MLS PIN,72636608,N,Y,42.522284,-70.9092875
MLS Listing,,Single Family Residential,29 Briggs St,Salem,MA,01970,900000,6,3.0,Salem Commons,2681,5044,1808,56,336,,Active,,,http://www.redfin.com/MA/Salem/29-Briggs-St-01970/home/8400168,MLS PIN,72635945,N,Y,42.5263062,-70.8866158
MLS Listing,,Condo/Co-op,50 Freedom Holw #307,Salem,MA,01970,459000,2,2.0,Salem,1367,,1980,67,336,373,Active,,,http://www.redfin.com/MA/Salem/50-Freedom-Holw-01970/unit-307/home/8373130,MLS PIN,72630077,N,Y,42.4879194,-70.9059294
MLS Listing,,Multi-Family (2-4 Unit),90 Broadway,Salem,MA,01970,599900,7,2.0,Salem,2340,4339,1900,69,256,,Active,,,http://www.redfin.com/MA/Salem/90-Broadway-01970/home/8388802,MLS PIN,72629569,N,Y,42.5042546,-70.8962787
MLS Listing,,Multi-Family (2-4 Unit),88 Broadway,Salem,MA,01970,549900,4,3.0,Salem,2150,3049,1920,70,256,,Active,,,http://www.redfin.com/MA/Salem/88-Broadway-01970/home/8388806,MLS PIN,72628926,N,Y,42.5043735,-70.8963251
MLS Listing,,Townhouse,5 Settlers Way #5,Salem,MA,01970,609900,2,1.5,Salem,1993,,1980,72,306,629,Active,,,http://www.redfin.com/MA/Salem/5-Settlers-Way-01970/unit-05/home/137012132,MLS PIN,72627099,N,Y,42.530032,-70.881085
MLS Listing,,Vacant Land,0 Scranton Way,Lynn,MA,01904,165000,,,Lynn,,12000,,72,,,Active,,,http://www.redfin.com/MA/LYNN/SCRANTON-WAY-01904/home/69073562,MLS PIN,72626957,N,Y,42.492468,-70.941485
MLS Listing,,Multi-Family (2-4 Unit),2 Wheatland St,Salem,MA,01970,749999,6,3.0,Salem,2850,2622,1900,78,263,,Active,,,http://www.redfin.com/MA/Salem/2-Wheatland-St-01970/home/8377442,MLS PIN,72624703,N,Y,42.5070433,-70.9012948
MLS Listing,,Condo/Co-op,85 Bridge St #4,Salem,MA,01970,375000,2,2.0,Salem,814,5001,1990,78,461,180,Active,,,http://www.redfin.com/MA/Salem/85-Bridge-St-01970/unit-4/home/144795820,MLS PIN,72624146,N,Y,42.5297769,-70.8893323
MLS Listing,,Single Family Residential,2 Ober St,Salem,MA,01970,283000,3,1.0,Salem,1527,7100,1890,80,185,,Active,,,http://www.redfin.com/MA/Salem/2-Ober-St-01970/home/11347233,MLS PIN,72623399,N,Y,42.5203508,-70.9153558
MLS Listing,,Condo/Co-op,50 Freedom Holw #406,Salem,MA,01970,499000,2,2.0,Salem,1355,,1980,83,368,373,Active,,,http://www.redfin.com/MA/Salem/50-Freedom-Holw-01970/unit-406/home/8373200,MLS PIN,72622576,N,Y,42.4879194,-70.9059294
MLS Listing,,Townhouse,106 Bridge St #00,Salem,MA,01970,605000,3,2.5,Salem,2000,,2020,86,303,175,Active,,,http://www.redfin.com/MA/Salem/106-Bridge-St-01970/unit-00/home/170595082,MLS PIN,72620926,N,Y,42.5285793,-70.8905426
MLS Listing,,Townhouse,12 S Mason #00,Salem,MA,01970,530000,3,2.5,Salem,1500,58000,2020,86,353,250,Active,,,http://www.redfin.com/MA/Salem/12-South-St-01970/unit-00/home/170589933,MLS PIN,72620800,N,Y,42.5180346,-70.9152745
MLS Listing,,Townhouse,1 Majestic Way Unit 121C,Salem,MA,01970,379900,2,2.5,Salem,1955,,1986,105,194,396,Active,,,http://www.redfin.com/MA/Salem/1-Majestic-Way-01970/unit-121C/home/77516626,MLS PIN,72613860,N,Y,42.495747,-70.918545
MLS Listing,,Condo/Co-op,1002 Paradise Rd Unit 3E,Swampscott,MA,01907,309900,2,2.0,Swampscott,1171,,1973,107,265,466,Active,,,http://www.redfin.com/MA/Swampscott/1002-Paradise-Rd-01907/unit-3E/home/11364807,MLS PIN,72612799,N,Y,42.4839479,-70.9003645
MLS Listing,,Single Family Residential,137 Ocean W,Salem,MA,01970,434900,3,1.0,Salem,1525,4792,1900,118,285,,Active,,,http://www.redfin.com/MA/Salem/137-Ocean-Ave-W-01970/home/8377386,MLS PIN,72608985,N,Y,42.5077383,-70.8984616
MLS Listing,,Multi-Family (2-4 Unit),99 North St,Salem,MA,01970,919990,8,3.0,Salem,5866,4792,1890,156,157,,Active,,,http://www.redfin.com/MA/Salem/99-North-St-01970/home/8409737,MLS PIN,72599530,N,Y,42.5260227,-70.900691
MLS Listing,,Vacant Land,"3,7,13,15 Wyman",Salem,MA,01970,300000,,,Salem,,57934,,196,,,Active,,,http://www.redfin.com/MA/Salem/13-Wyman-St-01970/home/147596772,MLS PIN,72587163,N,Y,42.492349,-70.933526
MLS Listing,,Single Family Residential,2 Oliver St,Salem,MA,01970,1750000,5,3.5,Salem,7416,6534,1810,273,236,,Active,,,http://www.redfin.com/MA/Salem/2-Oliver-St-01970/home/11349379,MLS PIN,72550335,N,Y,42.5249583,-70.8901827
MLS Listing,,Vacant Land,11 Wyman Rd,Salem,MA,01970,159900,,,Salem,,108900,,300,,,Active,,,http://www.redfin.com/MA/Salem/11-Wyman-St-01970/home/55372487,MLS PIN,72537231,N,Y,42.492166,-70.933642
MLS Listing,,Condo/Co-op,1006 Paradise Rd Unit 3M,Swampscott,MA,01907,315000,2,2.0,Swampscott,1044,,1973,321,302,495,Active,,,http://www.redfin.com/MA/Swampscott/1006-Paradise-Rd-01907/unit-3M/home/11364634,MLS PIN,72527330,N,Y,42.4840231,-70.9003669
MLS Listing,,Vacant Land,419 Highland Ave,Salem,MA,01970,599900,,,Salem,,109382,,400,,,Active,,,http://www.redfin.com/MA/Salem/419-Highland-Ave-01970/home/8359401,MLS PIN,72479831,N,Y,42.495242,-70.932644
