SALE TYPE,SOLD DATE,PROPERTY TYPE,ADDRESS,CITY,STATE OR PROVINCE,ZIP OR POSTAL CODE,PRICE,BEDS,BATHS,LOCATION,SQUARE FEET,LOT SIZE,YEAR BUILT,DAYS ON MARKET,$/SQUARE FEET,HOA/MONTH,STATUS,NEXT OPEN HOUSE START TIME,NEXT OPEN HOUSE END TIME,URL (SEE http://www.redfin.com/buy-a-home/comparative-market-analysis FOR INFO ON PRICING),SOURCE,MLS#,FAVORITE,INTERESTED,LATITUDE,LONGITUDE
Redfin Data,,Single Family Residential,4 Shore Dr,Forestdale,MA,02644,349900,2,1.0,Forestdale,816,10019,1973,1,429,,Pre On-Market,,,http://www.redfin.com/MA/Forestdale/4-Shore-Dr-02644/home/134926186,Coming Soon,55631,N,Y,41.6810906,-70.4999747
MLS Listing,,Vacant Land,84 Boardley Rd,Sandwich,MA,02563,145000,,,Sandwich,,44866,,1,,,Active,,,http://www.redfin.com/MA/Sandwich/84-Boardley-Rd-02563/home/134818886,MLS PIN,72656020,N,Y,41.68163,-70.4673
MLS Listing,,Single Family Residential,152 Old County Rd,Sandwich,MA,02537,449900,4,3.0,Sandwich,2389,42253,1983,1,188,,Active,,,http://www.redfin.com/MA/East-Sandwich/152-Old-County-Rd-02537/home/134860562,MLS PIN,72655523,N,Y,41.7247409,-70.4224797
MLS Listing,,Single Family Residential,371 Route 6A,Sandwich,MA,02563,850000,4,3.0,Sandwich,2274,60113,1780,2,374,,Active,,,http://www.redfin.com/MA/Sandwich/371-Route-6A-02563/home/171597942,CCIMLS,22002721,N,Y,41.742397,-70.451983
MLS Listing,,Single Family Residential,371 Route 6A,Sandwich,MA,02537,850000,4,3.0,East Sandwich,2274,60113,1780,2,374,,Active,,,http://www.redfin.com/MA/East-Sandwich/371-MA-6A-02537/home/134900225,MLS PIN,72655153,N,Y,41.7423977,-70.4519902
MLS Listing,,Vacant Land,40 Route 6A,Sandwich,MA,02563,199000,,,Sandwich,,14810,,2,,,Active,,,http://www.redfin.com/MA/Sandwich/40-MA-6A-02563/home/134876078,MLS PIN,72655086,N,Y,41.7654042,-70.5140128
MLS Listing,,Single Family Residential,4 Freeman Ave,Sandwich,MA,02563,409900,2,1.0,Sandwich (Village),720,6098,1957,2,569,,Active,,,http://www.redfin.com/MA/Sandwich/4-Freeman-Ave-02563/home/134923310,MLS PIN,72654841,N,Y,41.7717049,-70.4919329
MLS Listing,,Single Family Residential,324 Cotuit Rd,Sandwich,MA,02563,377000,3,2.0,Sandwich,2000,46174,1981,3,189,,Active,,,http://www.redfin.com/MA/Sandwich/324-Cotuit-Rd-02563/home/77382197,MLS PIN,72654323,N,Y,41.708846,-70.4864012
MLS Listing,,Single Family Residential,5 Great Hills Dr,Sandwich,MA,02537,595900,3,3.5,Great Hills Estates,2930,35719,1975,4,203,,Active,,,http://www.redfin.com/MA/East-Sandwich/5-Great-Hills-Dr-02537/home/105682885,MLS PIN,72654099,N,Y,41.7199241,-70.4157849
MLS Listing,,Single Family Residential,44 Anchor Dr,Sandwich,MA,02644,639000,4,2.5,Pimlico Pond Estates,2752,41382,1998,6,232,67,Active,,,http://www.redfin.com/MA/Forestdale/44-Anchor-Dr-02644/home/134903197,MLS PIN,72653525,N,Y,41.679541,-70.5058782
MLS Listing,,Single Family Residential,11 Tupper Rd,Sandwich,MA,02563,389900,2,1.0,Sandwich,999,154202,1954,6,390,,Active,,,http://www.redfin.com/MA/Sandwich/11-Tupper-Rd-02563/home/134875947,CCIMLS,22002642,N,Y,41.7679758,-70.5177779
MLS Listing,,Single Family Residential,44 Anchor Dr,Sandwich,MA,02563,639000,4,2.5,Pimlico Pond Estates,2752,41382,1998,6,232,,Active,,,http://www.redfin.com/MA/Sandwich/44-Anchor-DR-02563/home/169447331,CCIMLS,22002641,N,Y,41.679478,-70.505767
MLS Listing,,Vacant Land,0 Magnusson Ct,Sandwich,MA,02537,262000,,,East Sandwich,,60112,,6,,,Active,,,http://www.redfin.com/MA/Sandwich/Magnusson-Ct-02537/home/169889977,MLS PIN,72653425,N,Y,41.73854,-70.45871
MLS Listing,,Single Family Residential,2 Kiahs Way,Sandwich,MA,02537,650000,4,3.0,Lakewood Hills,1947,30492,1970,6,334,,Active,,,http://www.redfin.com/MA/East-Sandwich/2-Kiahs-Way-02537/home/132636115,MLS PIN,72649867,N,Y,41.707265,-70.4538138
MLS Listing,,Single Family Residential,11 Viking Ln,Sandwich,MA,02563,479900,4,3.0,Sandwich,2734,41382,1990,8,176,,Active,,,http://www.redfin.com/MA/Sandwich/11-Viking-Ln-02563/home/77471584,MLS PIN,72652515,N,Y,41.6835103,-70.4721764
MLS Listing,,Single Family Residential,1 Tyler Dr,Sandwich,MA,02563,339900,3,1.0,Sandwich (Village),929,14810,1952,8,366,,Active,,,http://www.redfin.com/MA/Sandwich/1-Tyler-Dr-02563/home/133593556,MLS PIN,72652110,N,Y,41.7649991,-70.5170342
MLS Listing,,Single Family Residential,4 Lantern Ln,Sandwich,MA,02563,729000,5,4.0,Sandwich,3920,22216,1987,8,186,,Active,,,http://www.redfin.com/MA/Sandwich/4-Lantern-Ln-02563/home/134831376,CCIMLS,22002567,N,Y,41.6954913,-70.4318011
MLS Listing,,Multi-Family (5+ Unit),35 Route 130,Sandwich,MA,02644,579000,5,5.0,Sandwich,2054,20473,1800,9,282,,Active,,,http://www.redfin.com/MA/Forestdale/35-MA-130-02644/home/134799900,MLS PIN,72651899,N,Y,41.6803045,-70.510769
MLS Listing,,Vacant Land,68 Cranberry Trl,Sandwich,MA,02537,299500,,,East Sandwich,,40075,,9,,,Active,,,http://www.redfin.com/MA/Sandwich/68-Cranberry-Trl-02537/home/113247251,CCIMLS,22002555,N,Y,41.736771,-70.393929
MLS Listing,,Single Family Residential,8 Dexter Ave,Sandwich,MA,02563,335000,2,1.0,Sandwich (Village),800,8712,1971,12,419,,Active,,,http://www.redfin.com/MA/Sandwich/8-Dexter-Ave-02563/home/77369521,MLS PIN,72650703,N,Y,41.7678033,-70.4999747
MLS Listing,,Single Family Residential,42 Boulder Brook Rd,Sandwich,MA,02537,769000,4,3.0,East Sandwich,2522,30056,1984,12,305,,Active,,,http://www.redfin.com/MA/East-Sandwich/42-Boulder-Brook-Rd-02537/home/131376336,MLS PIN,72650559,N,Y,41.7543494,-70.4573934
MLS Listing,,Single Family Residential,5 Jasper Ln,Sandwich,MA,02644,389900,2,1.5,Forestdale,1444,21344,1985,13,270,,Active,,,http://www.redfin.com/MA/Forestdale/5-Jasper-Ln-02644/home/77370760,CCIMLS,22002495,N,Y,41.679209,-70.531955
MLS Listing,,Single Family Residential,35 Deep Wood Dr,Sandwich,MA,02563,460000,2,2.0,Country Farm Estates,1512,28749,2004,15,304,,Active,,,http://www.redfin.com/MA/Sandwich/35-Deep-Wood-DR-02563/home/171447943,MLS PIN,72649181,N,Y,41.7521548,-70.5145939
MLS Listing,,Vacant Land,12 Brewster Ln,Sandwich,MA,02563,210000,,,Sandwich,,30056,,15,,,Active,,,http://www.redfin.com/MA/Sandwich/12-Brewster-LN-02563/home/170266092,CCIMLS,22002435,N,Y,41.750396,-70.475707
MLS Listing,,Single Family Residential,47 Ploughed Neck Rd,Sandwich,MA,02537,425900,3,2.0,East Sandwich,1361,5227,1957,16,313,,Active,,,http://www.redfin.com/MA/East-Sandwich/47-Ploughed-Neck-Rd-02537/home/77361931,MLS PIN,72648650,N,Y,41.7447731,-70.4416918
MLS Listing,,Condo/Co-op,225 N Shore Blvd Unit I,Sandwich,MA,02537,375000,1,1.0,Sandwich,459,,1955,17,817,40,Active,,,http://www.redfin.com/MA/East-Sandwich/225-N-Shore-Blvd-02537/unit-I/home/134902189,MLS PIN,72648236,N,Y,41.7487457,-70.4305528
MLS Listing,,Vacant Land,18 Seneca Ln,Sandwich,MA,02563,249000,,,Sandwich (Village),,25264,,17,,,Active,,,http://www.redfin.com/MA/Sandwich/18-Seneca-Ln-02563/home/77398950,MLS PIN,72648097,N,Y,41.7614648,-70.5126077
MLS Listing,,Single Family Residential,25 Falmouth Sandwich Rd,Sandwich,MA,02644,524900,4,3.0,Forestdale,2015,19602,2020,22,260,,Active,,,http://www.redfin.com/MA/Forestdale/25-Falmouth-Sandwich-Rd-02644/home/134822357,MLS PIN,72646789,N,Y,41.670135,-70.51528
MLS Listing,,Single Family Residential,2 Captain Teach Rd,Sandwich,MA,02537,320000,3,2.0,Sandwich,1736,,1970,24,184,,Active,,,http://www.redfin.com/MA/East-Sandwich/2-Captain-Teach-Rd-02537/home/134938349,MLS PIN,72645643,N,Y,41.7377328,-70.4177841
MLS Listing,,Condo/Co-op,72 Highview #72,Sandwich,MA,02563,249000,2,2.0,Sandwich,1062,,1978,26,234,297,Active,,,http://www.redfin.com/MA/Sandwich/72-Highview-Dr-02563/unit-72/home/138386194,MLS PIN,72645369,N,Y,41.7437561,-70.5056794
MLS Listing,,Single Family Residential,14 Old Forge Rd,Sandwich,MA,02563,353900,3,1.5,Lakefield Farms,968,20038,1978,26,366,,Active,,,http://www.redfin.com/MA/Sandwich/14-Old-Forge-Rd-02563/home/112996979,MLS PIN,72641182,N,Y,41.6911192,-70.4321963
MLS Listing,,Single Family Residential,27 Tabor Rd,Sandwich,MA,02644,395000,3,2.0,Forestdale,1308,12632,1985,28,302,,Active,,,http://www.redfin.com/MA/Forestdale/27-Tabor-Rd-02644/home/134891039,MLS PIN,72644486,N,Y,41.6765951,-70.517499
MLS Listing,,Single Family Residential,45 Easterly Dr,Sandwich,MA,02537,484600,4,2.0,Sandwich,2369,,1995,31,205,,Active,,,http://www.redfin.com/MA/East-Sandwich/45-Easterly-Dr-02537/home/134932038,MLS PIN,72643328,N,Y,41.6994744,-70.4772434
MLS Listing,,Single Family Residential,131 North Shr,Sandwich,MA,02537,749000,2,1.5,Sandwich,1110,,2016,35,675,113,Active,,,http://www.redfin.com/MA/East-Sandwich/131-N-Shore-Blvd-02537/unit-10/home/77478734,MLS PIN,72642351,N,Y,41.7507248,-70.4391065
MLS Listing,,Single Family Residential,18 Weeks Pond Dr,Sandwich,MA,02644,425000,3,2.0,Sandwich,2400,22651,1997,38,177,,Active,,,http://www.redfin.com/MA/Forestdale/18-Weeks-Pond-Dr-02644/home/134959941,MLS PIN,72641532,N,Y,41.677631,-70.5259588
MLS Listing,,Single Family Residential,83 Snake Pond Rd,Sandwich,MA,02644,529900,3,3.5,Sandwich,2500,29621,1986,38,212,,Active,,,http://www.redfin.com/MA/Forestdale/83-Snake-Pond-Rd-02644/home/77478838,MLS PIN,72641487,N,Y,41.6812871,-70.5256334
MLS Listing,,Condo/Co-op,1 Hilltop Dr,Sandwich,MA,02563,257000,2,2.0,Sandwich,1461,,1984,39,176,,Active,,,http://www.redfin.com/MA/Sandwich/1-Hilltop-Dr-02563/home/134904350,CCIMLS,22002076,N,Y,41.7435653,-70.5021679
MLS Listing,,Single Family Residential,18 Dogwood,Sandwich,MA,02644,529900,4,2.5,Dogwood Estates,3144,25265,1986,39,169,,Active,,,http://www.redfin.com/MA/Forestdale/18-Dogwood-Dr-02644/home/77373953,MLS PIN,72641189,N,Y,41.6928234,-70.504321
MLS Listing,,Single Family Residential,5 Nantucket Trl,Sandwich,MA,02563,389900,3,1.0,Sandwich,1826,19602,1987,39,214,,Active,,,http://www.redfin.com/MA/Sandwich/5-Nantucket-Trl-02563/home/134922211,MLS PIN,72641163,N,Y,41.6929289,-70.4777548
MLS Listing,,Single Family Residential,5 Meadow Spring Dr,Sandwich,MA,02537,2250000,5,2.0,East Sandwich,2947,472190,1705,42,763,,Active,,,http://www.redfin.com/MA/East-Sandwich/5-Meadow-Spring-Dr-02537/home/134854940,CCIMLS,22002044,N,Y,41.731761,-70.403079
MLS Listing,,Single Family Residential,3 Little Hog Pond Ln,Sandwich,MA,02563,629000,3,2.0,Forestdale,1832,45230,2016,42,343,,Active,,,http://www.redfin.com/MA/Sandwich/3-Little-Hog-Pond-Ln-02563/home/134952027,MLS PIN,72640341,N,Y,41.6824581,-70.4534822
MLS Listing,,Single Family Residential,35 Deep Wood Dr,Sandwich,MA,02644,460000,2,2.0,Forestdale,1512,28750,2004,43,304,,Active,,,http://www.redfin.com/MA/Forestdale/35-Deep-Wood-Dr-02644/home/102838696,CCIMLS,22002018,N,Y,41.6730497,-70.5177082
MLS Listing,,Single Family Residential,7 Juniper Hl,Sandwich,MA,02537,799000,3,2.5,East Sandwich,2720,43996,1968,47,294,,Active,,,http://www.redfin.com/MA/East-Sandwich/7-Juniper-Hill-Rd-02537/home/134832330,MLS PIN,72638765,N,Y,41.749312,-70.464506
MLS Listing,,Single Family Residential,13 Locust Ln,Sandwich,MA,02537,545000,4,2.5,East Sandwich,2324,43996,1987,48,235,,Active,,,http://www.redfin.com/MA/East-Sandwich/13-Locust-Ln-02537/home/134830991,MLS PIN,72638530,N,Y,41.7216389,-70.424165
MLS Listing,,Single Family Residential,9 Meadow Spring Dr,Sandwich,MA,02537,695000,2,1.0,East Sandwich,2000,,1840,50,348,,Active,,,http://www.redfin.com/MA/East-Sandwich/9-Meadow-Spring-Dr-02537/home/134798239,CCIMLS,22001921,N,Y,41.7315867,-70.4027206
MLS Listing,,Single Family Residential,25 Widow Coombs Walk,Sandwich,MA,02563,465000,3,3.0,Southfield Estates,2056,20473,1988,51,226,4,Active,,,http://www.redfin.com/MA/Sandwich/25-Widow-Coombs-Walk-02563/home/77371692,MLS PIN,72637481,N,Y,41.6709497,-70.4647385
MLS Listing,,Single Family Residential,18 State St,Sandwich,MA,02563,224000,3,2.0,Sandwich,1884,10454,1920,52,119,,Active,,,http://www.redfin.com/MA/Sandwich/18-State-St-02563/home/104066998,MLS PIN,72637186,N,Y,41.7629455,-70.4925837
MLS Listing,,Single Family Residential,5 Maxwell Ln,Sandwich,MA,02563,619000,3,2.0,Lookout Ridge,2050,20473,2021,52,302,,Active,,,http://www.redfin.com/MA/Sandwich/5-Maxwell-Ln-02563/home/134974564,MLS PIN,72637165,N,Y,41.7040846,-70.4220442
MLS Listing,,Single Family Residential,9 Maxwell Ln,Sandwich,MA,02563,659000,3,2.0,Sandwich,2050,27007,2021,52,321,38,Active,,,http://www.redfin.com/MA/Sandwich/9-Maxwell-Ln-02563/home/134949073,MLS PIN,72637144,N,Y,41.7035668,-70.4222966
MLS Listing,,Single Family Residential,20 Checkerberry Ln,Sandwich,MA,02644,449900,5,3.0,Forestdale Estates,2358,27007,1979,55,191,,Active,,,http://www.redfin.com/MA/Forestdale/20-Checkerberry-Ln-02644/home/134818135,CCIMLS,22001835,N,Y,41.691555,-70.5042513
MLS Listing,,Condo/Co-op,70 Highview Dr #70,Sandwich,MA,02563,289000,2,2.0,Sandwich (Village),1354,,1978,55,213,486,Active,,,http://www.redfin.com/MA/Sandwich/70-Highview-Dr-02563/unit-70/home/143809451,MLS PIN,72636207,N,Y,41.7437238,-70.5058167
MLS Listing,,Condo/Co-op,70 Highview Dr,Sandwich,MA,02563,289000,2,2.0,Sandwich,1354,,1978,55,213,,Active,,,http://www.redfin.com/MA/Sandwich/70-Highview-Dr-02563/home/77408313,CCIMLS,22001806,N,Y,41.7437238,-70.5058167
MLS Listing,,Single Family Residential,19 Quaker Village Ln,Sandwich,MA,02537,520000,4,2.0,Sandwich,1912,72310,1992,57,272,,Active,,,http://www.redfin.com/MA/East-Sandwich/19-Quaker-Village-Ln-02537/home/114083085,MLS PIN,72635184,N,Y,41.7249425,-70.4616238
MLS Listing,,Townhouse,50 Southpoint Dr Unit H,Sandwich,MA,02563,305000,2,2.0,Sandwich,1368,,1986,57,223,,Active,,,http://www.redfin.com/MA/Sandwich/50-Southpoint-Dr-02563/unit-H/home/171146069,CCIMLS,22001744,N,Y,41.6876829,-70.4619102
MLS Listing,,Single Family Residential,94 Town Neck Rd,Sandwich,MA,02563,795000,4,3.0,Sandwich,2378,4792,1992,59,334,,Active,,,http://www.redfin.com/MA/Sandwich/94-Town-Neck-Rd-02563/home/134928825,CCIMLS,22001702,N,Y,41.7717574,-70.4924442
MLS Listing,,Single Family Residential,10 Indian Summer Ln,Sandwich,MA,02563,749000,4,3.5,Sandwich,3669,27007,2001,59,204,967,Active,,,http://www.redfin.com/MA/Sandwich/10-Indian-Summer-Ln-02563/home/77464187,MLS PIN,72634107,N,Y,41.6814319,-70.4430516
MLS Listing,,Vacant Land,4 Sprague Ct,Sandwich,MA,02563,299000,,,Sandwich,,23522,,59,,,Active,,,http://www.redfin.com/MA/Sandwich/4-Sprague-Ct-02563/home/134968649,MLS PIN,72634045,N,Y,41.769544,-70.498427
MLS Listing,,Single Family Residential,5 Old Farm Ln,Sandwich,MA,02537,710000,4,3.5,Quaker Farms,3861,61855,1991,61,184,,Active,,,http://www.redfin.com/MA/East-Sandwich/5-Old-Farm-Ln-02537/home/134946428,MLS PIN,72633720,N,Y,41.7404422,-70.4590205
MLS Listing,,Single Family Residential,100 Tupper Rd,Sandwich,MA,02563,599000,5,4.0,Sandwich,2872,18295,1815,62,209,,Active,,,http://www.redfin.com/MA/Sandwich/100-Tupper-Rd-02563/home/77356643,MLS PIN,72633506,N,Y,41.7633108,-70.4990218
MLS Listing,,Condo/Co-op,72 Highview Dr,Sandwich,MA,02563,249000,2,2.0,Sandwich,1062,,1978,62,234,297,Active,,,http://www.redfin.com/MA/Sandwich/72-Highview-Dr-02563/home/77496536,CCIMLS,22001636,N,Y,41.7437561,-70.5056794
MLS Listing,,Single Family Residential,7 West Rd,Sandwich,MA,02644,318000,3,1.5,Forestdale,1500,4792,1954,63,212,,Active,,,http://www.redfin.com/MA/Forestdale/7-W-Rd-02644/home/77463436,CCIMLS,22001589,N,Y,41.6825953,-70.4977086
MLS Listing,,Single Family Residential,78 Cotuit Rd,Sandwich,MA,02563,558000,4,4.0,Sandwich,2340,25700,1860,64,238,,Active,,,http://www.redfin.com/MA/Sandwich/78-Cotuit-Rd-02563/home/108556144,MLS PIN,72632065,N,Y,41.6762629,-70.4740359
MLS Listing,,Single Family Residential,3 Locust Ln,Sandwich,MA,02537,599900,4,2.5,The Village Old Coun,3200,45302,1989,66,187,,Active,,,http://www.redfin.com/MA/East-Sandwich/3-Locust-Ln-02537/home/77385546,CCIMLS,22001506,N,Y,41.7238593,-70.4221543
MLS Listing,,Single Family Residential,36 Open Space Dr,Sandwich,MA,02563,1250000,4,7.0,The Ridge Club,5124,61420,2001,66,244,242,Active,,,http://www.redfin.com/MA/Sandwich/36-Open-Space-Dr-02563/home/77390658,MLS PIN,72630668,N,Y,41.679537,-70.446876
MLS Listing,,Vacant Land,3 Lot 39 Norse Pines Dr,Sandwich,MA,02537,225000,,,Norse Pine Estates,,31799,,68,,38,Active,,,http://www.redfin.com/MA/East-Sandwich/3-Norse-Pines-Dr-02537/home/134951538,CCIMLS,22001473,N,Y,41.7448482,-70.4540532
MLS Listing,,Single Family Residential,64 Kiahs Way,Sandwich,MA,02537,399900,4,2.0,Sandwich,1428,14810,1969,68,280,,Active,,,http://www.redfin.com/MA/East-Sandwich/64-Kiahs-Way-02537/home/134849580,MLS PIN,72629780,N,Y,41.7147035,-70.4634833
MLS Listing,,Single Family Residential,5 Bowmans Way,Sandwich,MA,02563,709900,4,3.0,Sandwich,3281,30056,2013,69,216,,Active,,,http://www.redfin.com/MA/Sandwich/5-Bowmans-Way-02563/home/77529556,MLS PIN,72629772,N,Y,41.7024414,-70.4352588
MLS Listing,,Single Family Residential,34 Cove Rd,Sandwich,MA,02644,1149000,5,3.5,Sandwich,3600,63598,1963,69,319,,Active,,,http://www.redfin.com/MA/Forestdale/34-Cove-Rd-02644/home/77353557,MLS PIN,72629584,N,Y,41.67581,-70.4947339
MLS Listing,,Single Family Residential,6 Holly Berry Dr,Sandwich,MA,02563,765000,4,4.5,Sandwich,3400,16117,1995,69,225,250,Active,,,http://www.redfin.com/MA/Sandwich/6-Holly-Berry-Dr-02563/home/100585444,MLS PIN,72629574,N,Y,41.6761967,-70.4504666
MLS Listing,,Single Family Residential,234 Route 6A,Sandwich,MA,02537,389000,3,2.0,Sandwich,1632,17860,1969,70,238,,Active,,,http://www.redfin.com/MA/East-Sandwich/234-MA-6A-02537/home/134828106,MLS PIN,72628688,N,Y,41.7487816,-70.4755234
MLS Listing,,Single Family Residential,16 Pierre Vernier Dr,Sandwich,MA,02563,385000,3,2.5,Sandwich,1568,25700,1995,71,246,,Active,,,http://www.redfin.com/MA/Sandwich/16-Pierre-Vernier-Dr-02563/home/99481581,MLS PIN,72628086,N,Y,41.6857736,-70.4888649
MLS Listing,,Single Family Residential,17 Grove,Sandwich,MA,02563,599000,3,2.0,Sandwich,1800,10890,1639,72,333,,Active,,,http://www.redfin.com/MA/Sandwich/17-Grove-02563/home/170947267,MLS PIN,72627053,N,Y,41.755815,-70.501203
MLS Listing,,Single Family Residential,43 Tupper Ave,Sandwich,MA,02563,609900,3,2.0,Town Neck,2052,4792,1990,73,297,,Active,,,http://www.redfin.com/MA/Sandwich/43-Tupper-Ave-02563/home/77372339,CCIMLS,22001303,N,Y,41.7690689,-70.4914216
MLS Listing,,Single Family Residential,17 Grove St,Sandwich,MA,02563,599000,3,2.0,Sandwich,1800,10890,1639,77,333,,Active,,,http://www.redfin.com/MA/Sandwich/17-Grove-St-02563/home/77479869,CCIMLS,22001208,N,Y,41.7561416,-70.5009509
MLS Listing,,Single Family Residential,24 Shawme Rd,Sandwich,MA,02563,499000,3,2.5,Sandwich,2420,20038,1970,77,206,,Active,,,http://www.redfin.com/MA/Sandwich/24-Shawme-Rd-02563/home/134961331,MLS PIN,72625227,N,Y,41.7446824,-70.4995796
MLS Listing,,Vacant Land,56 Evergreen Dr,Sandwich,MA,02563,235000,,,Holly Ridge,,47480,,84,,,Active,,,http://www.redfin.com/MA/Sandwich/56-Evergreen-Dr-02563/home/134914295,CCIMLS,22001052,N,Y,41.6752593,-70.4522216
MLS Listing,,Vacant Land,20 Quiet,Sandwich,MA,02537,245000,,,East Sandwich,,30056,,85,,500,Active,,,http://www.redfin.com/MA/East-Sandwich/20-Quiet-St-02537/home/108447414,MLS PIN,72621414,N,Y,41.7455535,-70.4487233
MLS Listing,,Single Family Residential,7 Bodfish Ave,Sandwich,MA,02563,449900,3,1.5,Town Neck,1120,4792,1960,85,402,,Active,,,http://www.redfin.com/MA/Sandwich/7-Bodfish-Ave-02563/home/104460140,MLS PIN,72621308,N,Y,41.7699919,-70.4968254
MLS Listing,,Single Family Residential,10 Mossy Bottom Ln,Sandwich,MA,02563,895000,4,4.0,The Ridge Club,3712,20038,2005,85,241,,Active,,,http://www.redfin.com/MA/Sandwich/10-Mossy-Bottom-Ln-02563/home/130714754,MLS PIN,72621258,N,Y,41.6780825,-70.4452134
MLS Listing,,Single Family Residential,1 Captain Towne Rd,Sandwich,MA,02537,549000,3,2.5,Scorton Shores,1848,20038,1984,97,297,15,Active,,,http://www.redfin.com/MA/East-Sandwich/1-Captain-Towne-Rd-02537/home/134919351,CCIMLS,22000727,N,Y,41.7385084,-70.4170867
MLS Listing,,Single Family Residential,272 Route 6A,Sandwich,MA,02537,572000,4,3.0,Sandwich,2581,48787,1847,99,222,,Active,,,http://www.redfin.com/MA/East-Sandwich/272-MA-6A-02537/home/134890714,MLS PIN,72616138,N,Y,41.7469338,-70.4697126
MLS Listing,,Vacant Land,12 Chase Rd,Sandwich,MA,02537,189500,,,East Sandwich,,126324,,103,,,Active,,,http://www.redfin.com/MA/East-Sandwich/12-Chase-Rd-02537/home/77529395,MLS PIN,72614316,N,Y,41.709477,-70.420219
MLS Listing,,Single Family Residential,3 Windynow,Sandwich,MA,02537,709900,4,2.5,East Sandwich,2523,135907,2001,104,281,,Active,,,http://www.redfin.com/MA/East-Sandwich/3-Windynow-LN-02537/home/170465414,MLS PIN,72614142,N,Y,41.724892,-70.410641
MLS Listing,,Vacant Land,62 W Meetinghouse Rd,Sandwich,MA,02537,278500,,,East Sandwich,,97138,,107,,,Active,,,http://www.redfin.com/MA/East-Sandwich/62-W-Meeting-House-Rd-02537/home/134845383,MLS PIN,72612775,N,Y,41.7157306,-70.4104727
MLS Listing,,Single Family Residential,341 Phillips Rd,Sandwich,MA,02563,569900,2,1.0,Sandwich,636,18731,1968,107,896,85,Active,,,http://www.redfin.com/MA/SANDWICH/341-PHILLIPS-RD-02563/home/134856941,MLS PIN,72612546,N,Y,41.782258,-70.505156
MLS Listing,,Single Family Residential,22 Boardley Rd,Sandwich,MA,02563,393000,3,2.0,Sandwich,1638,56628,1989,108,240,,Active,,,http://www.redfin.com/MA/Sandwich/22-Boardley-Rd-02563/home/134811333,CCIMLS,22000489,N,Y,41.6858678,-70.4575212
MLS Listing,,Single Family Residential,3 Joslin Ln,Sandwich,MA,02537,649000,3,2.5,East Sandwich,2128,60548,1993,109,305,,Active,,,http://www.redfin.com/MA/East-Sandwich/3-Joslin-Ln-02537/home/134839299,MLS PIN,72612052,N,Y,41.7362057,-70.4159244
MLS Listing,,Single Family Residential,5 Vineyard Cir,Sandwich,MA,02644,699000,3,2.5,Forestdale,1916,159865,1996,112,365,,Active,,,http://www.redfin.com/MA/Forestdale/5-Vineyard-Cir-02644/home/134919741,CCIMLS,22000450,N,Y,41.6796173,-70.5090856
MLS Listing,,Single Family Residential,11 Norse Pines Dr,Sandwich,MA,02537,899000,4,3.5,Norse Pines,2808,35719,2020,113,320,,Active,,,http://www.redfin.com/MA/East-Sandwich/11-Norse-Pines-Dr-02537/home/77464684,MLS PIN,72610436,N,Y,41.7448348,-70.4518462
MLS Listing,,Single Family Residential,6 Glacier Path,Sandwich,MA,02537,650000,4,2.5,Sandwich,2328,65340,2020,115,279,,Active,,,http://www.redfin.com/MA/East-Sandwich/6-Glacier-Path-02537/home/113886656,MLS PIN,72609833,N,Y,41.7098165,-70.4147311
MLS Listing,,Vacant Land,27 Holly Ridge Dr,Sandwich,MA,02563,159000,,,Sandwich,,20909,,119,,,Active,,,http://www.redfin.com/MA/Sandwich/27-Holly-Ridge-Dr-02563/home/134921998,MLS PIN,72608484,N,Y,41.675947,-70.459485
MLS Listing,,Single Family Residential,430 Quaker Meeting House Rd,Sandwich,MA,02537,499900,2,1.0,Sandwich,1500,86249,1710,122,333,,Active,,,http://www.redfin.com/MA/EAST-SANDWICH/430-QUAKER-MEETING-HOUSE-RD-02537/home/134877825,MLS PIN,72607465,N,Y,41.743404,-70.457256
MLS Listing,,Single Family Residential,50 Wing Blvd E,Sandwich,MA,02537,550000,2,1.5,East Sandwich,1344,10018,1957,122,409,25,Active,,,http://www.redfin.com/MA/East-Sandwich/50-Wing-Blvd-E-02537/home/134872128,MLS PIN,72607439,N,Y,41.7390579,-70.4096015
MLS Listing,,Single Family Residential,430 Quaker Meetinghouse Rd,Sandwich,MA,02537,499900,2,1.0,East Sandwich,1340,86249,1710,124,373,,Active,,,http://www.redfin.com/MA/Sandwich/430-Quaker-Meetinghouse-RD-02537/home/167115241,CCIMLS,22000194,N,Y,41.743401,-70.457248
MLS Listing,,Single Family Residential,2 Old Farm Ln,Sandwich,MA,02537,695999,4,2.5,East Sandwich,3020,82764,2005,125,230,,Active,,,http://www.redfin.com/MA/East-Sandwich/2-Old-Farm-Ln-02537/home/134967854,MLS PIN,72606638,N,Y,41.7415422,-70.4579197
MLS Listing,,Single Family Residential,9 Reflection Dr,Sandwich,MA,02563,859000,3,2.5,South Sandwich,3409,19166,1995,133,252,2900,Active,,,http://www.redfin.com/MA/Sandwich/9-Reflection-Dr-02563/home/77341325,MLS PIN,72603884,N,Y,41.6796056,-70.4487465
MLS Listing,,Single Family Residential,1 Water St,Sandwich,MA,02563,695000,4,4.0,Sandwich (Village),2800,12341,1740,149,248,,Active,,,http://www.redfin.com/MA/Sandwich/1-Water-St-02563/home/77482770,MLS PIN,72601363,N,Y,41.7572738,-70.4995099
MLS Listing,,Single Family Residential,15 Lost Meadows Rd,Sandwich,MA,02537,1195000,4,3.5,Sandwich,3987,48787,1999,154,300,408,Active,,,http://www.redfin.com/MA/East-Sandwich/15-Lost-Mdws-02537/home/107330423,MLS PIN,72600239,N,Y,41.7360088,-70.4024184
MLS Listing,,Single Family Residential,2 Golf Link Cir,Sandwich,MA,02563,409900,4,1.5,Sandwich,1756,23958,1977,154,233,,Active,,,http://www.redfin.com/MA/Sandwich/Unknown-02563/home/77373277,MLS PIN,72600222,N,Y,41.679896,-70.462538
MLS Listing,,Single Family Residential,4 Astrid Way,Sandwich,MA,02563,649900,3,2.5,Sandwich,2265,24394,2020,158,287,,Active,,,http://www.redfin.com/MA/Sandwich/4-Astrid-Way-02563/home/134938994,CCIMLS,21908445,N,Y,41.700044,-70.4257804
MLS Listing,,Single Family Residential,6 Astrid Way,Sandwich,MA,02563,639900,3,2.5,Sandwich,2465,23522,2020,158,260,,Active,,,http://www.redfin.com/MA/Sandwich/6-Astrid-Way-02563/home/134925150,CCIMLS,21908444,N,Y,41.7003302,-70.4256279
MLS Listing,,Single Family Residential,8 Astrid Way,Sandwich,MA,02563,749900,4,2.5,Sandwich,2800,25700,2020,158,268,,Active,,,http://www.redfin.com/MA/Sandwich/8-Astrid-Way-02563/home/134925324,CCIMLS,21908443,N,Y,41.7006032,-70.4258179
MLS Listing,,Single Family Residential,7 Astrid Way,Sandwich,MA,02563,749900,4,2.5,Sandwich,2800,31363,2020,158,268,,Active,,,http://www.redfin.com/MA/Sandwich/7-Astrid-Way-02563/home/134956585,CCIMLS,21908441,N,Y,41.7007367,-70.4263478
MLS Listing,,Single Family Residential,5 Astrid Way,Sandwich,MA,02563,639900,4,2.5,Sandwich,2215,30056,2020,158,289,,Active,,,http://www.redfin.com/MA/Sandwich/5-Astrid-Way-02563/home/134949084,CCIMLS,21908440,N,Y,41.7005726,-70.4268209
MLS Listing,,Single Family Residential,3 Astrid Way,Sandwich,MA,02563,639900,3,2.5,Sandwich,2265,,2020,158,283,,Active,,,http://www.redfin.com/MA/Sandwich/3-Astrid-Way-02563/home/134974757,CCIMLS,21908438,N,Y,41.7002786,-70.427058
MLS Listing,,Single Family Residential,23 Pimlico Pond Rd,Sandwich,MA,02644,459900,3,3.0,Sandwich,3000,24829,1985,164,153,,Active,,,http://www.redfin.com/MA/Forestdale/23-Pimlico-Pond-Rd-02644/home/77383048,MLS PIN,72597411,N,Y,41.6807575,-70.5059712
MLS Listing,,Single Family Residential,19 Laurel Ln,Sandwich,MA,02644,459900,5,2.5,Country Farm Estates,2872,20038,1977,167,160,,Active,,,http://www.redfin.com/MA/Forestdale/19-Laurel-Ln-02644/home/134917952,MLS PIN,72596777,N,Y,41.6764326,-70.5197767
MLS Listing,,Single Family Residential,4 Lookout Ln,Sandwich,MA,02563,1479000,4,3.5,Sandwich,4142,126324,1985,167,357,,Active,,,http://www.redfin.com/MA/Sandwich/4-Lookout-Ln-02563/home/77478269,MLS PIN,72596714,N,Y,41.7467483,-70.4883303
MLS Listing,,Single Family Residential,7 Harpers Holw,Sandwich,MA,02563,574900,4,2.5,Great Hills,3000,41818,1985,173,192,,Active,,,http://www.redfin.com/MA/Sandwich/7-Harpers-HOLW-02563/home/169929338,CCIMLS,21908289,N,Y,41.715126,-70.415133
MLS Listing,,Single Family Residential,1 Dillingham,Sandwich,MA,02563,834900,4,3.0,Sandwich,2500,,2019,180,334,,Active,,,http://www.redfin.com/MA/Sandwich/1-Dillingham-Ave-02563/home/79055074,MLS PIN,72593305,N,Y,41.769636,-70.499274
MLS Listing,,Single Family Residential,1 Dillingham Ave,Sandwich,MA,02563,834900,4,2.5,Sandwich,2500,,2019,182,334,,Active,,,http://www.redfin.com/MA/Sandwich/1-Dillingham-Ave-02563/home/169830040,CCIMLS,21908152,N,Y,41.7696898,-70.4993844
MLS Listing,,Vacant Land,2 Maxwell Ln,Sandwich,MA,02563,159000,,,Sandwich,,21344,,192,,,Active,,,http://www.redfin.com/MA/Sandwich/2-Maxwell-Ln-02563/home/134964726,MLS PIN,72588505,N,Y,41.7044977,-70.4229057
MLS Listing,,Single Family Residential,6 Mossy Bottom Ln,Sandwich,MA,02563,684900,3,3.5,The Ridge Club,2721,17860,2002,203,252,,Active,,,http://www.redfin.com/MA/Sandwich/6-Mossy-Bottom-Ln-02563/home/77484907,MLS PIN,72584397,N,Y,41.6786261,-70.4459572
MLS Listing,,Single Family Residential,376 Route 6A #16,Sandwich,MA,02537,299999,2,2.0,Sandwich,1878,,1983,205,160,496,Active,,,http://www.redfin.com/MA/East-Sandwich/376-MA-6A-02537/unit-16/home/134878974,MLS PIN,72583083,N,Y,41.7395199,-70.4527109
MLS Listing,,Single Family Residential,39 Jarves St,Sandwich,MA,02563,499000,4,2.5,Sandwich,2616,11761,1830,207,191,,Active,,,http://www.redfin.com/MA/Sandwich/39-Jarves-St-02563/home/134968419,CCIMLS,21907663,N,Y,41.7599664,-70.4927495
MLS Listing,,Single Family Residential,364 Route 6A,Sandwich,MA,02537,759900,4,3.5,East Sandwich,2300,86684,1954,210,330,,Active,,,http://www.redfin.com/MA/East-Sandwich/364-MA-6A-02537/home/134854554,MLS PIN,72581655,N,Y,41.7419106,-70.4531165
MLS Listing,,Single Family Residential,34 Goose Point Ln,Sandwich,MA,02537,1797000,4,4.0,Sandwich,4640,40075,1995,233,387,,Active,,,http://www.redfin.com/MA/East-Sandwich/34-Goose-Point-Ln-02537/home/77475281,MLS PIN,72569799,N,Y,41.7431924,-70.4239907
MLS Listing,,Single Family Residential,17 Atwood Stroll,Sandwich,MA,02537,890000,4,2.5,East Sandwich,3000,37462,2020,237,297,,Active,,,http://www.redfin.com/MA/East-Sandwich/17-Atwood-Stroll-02537/home/77480313,CCIMLS,21906935,N,Y,41.7426761,-70.4502473
MLS Listing,,Single Family Residential,34 Stowe Rd,Sandwich,MA,02563,699000,4,2.5,Sandwich,2620,89298,1932,244,267,,Active,,,http://www.redfin.com/MA/Sandwich/34-Stowe-Rd-02563/home/113752350,MLS PIN,72564674,N,Y,41.6948707,-70.4596248
MLS Listing,,Single Family Residential,15 Shaker House Rd,Sandwich,MA,02563,679000,4,4.0,Sandwich (Village),3192,27007,1983,244,213,,Active,,,http://www.redfin.com/MA/Sandwich/15-Shaker-House-Rd-02563/home/134904376,MLS PIN,72564625,N,Y,41.7445188,-70.500672
MLS Listing,,Townhouse,64 Southpoint Dr Unit K,Sandwich,MA,02563,289000,2,2.0,Sandwich,1424,,1986,247,203,489,Active,,,http://www.redfin.com/MA/Sandwich/64-Southpoint-Dr-02563/unit-K/home/147307600,MLS PIN,72562195,N,Y,41.6873428,-70.462868
MLS Listing,,Single Family Residential,44 Water St,Sandwich,MA,02563,600000,4,3.5,Sandwich,3106,69696,1690,255,193,,Active,,,http://www.redfin.com/MA/Sandwich/44-Water-St-02563/home/77349725,MLS PIN,72557305,N,Y,41.7495546,-70.4967208
MLS Listing,,Single Family Residential,358 Route 6A #8,Sandwich,MA,02537,129900,1,1.0,Sandwich,297,109335,1938,263,437,,Active,,,http://www.redfin.com/MA/East-Sandwich/358-MA-6A-02537/unit-8/home/168735339,MLS PIN,72554740,N,Y,41.7426364,-70.4540462
MLS Listing,,Single Family Residential,358 Route 6A #6,Sandwich,MA,02537,129900,1,1.0,Sandwich,308,109335,1938,263,422,,Active,,,http://www.redfin.com/MA/East-Sandwich/358-MA-6A-02537/unit-6/home/168735338,MLS PIN,72554737,N,Y,41.7426364,-70.4540462
MLS Listing,,Single Family Residential,33 Fort Hill Rd,Sandwich,MA,02537,999999,4,3.0,East Sandwich,1816,94525,1963,293,551,,Active,,,http://www.redfin.com/MA/East-Sandwich/33-Fort-Hill-Rd-02537/home/134836299,MLS PIN,72540703,N,Y,41.7389211,-70.4248275
MLS Listing,,Single Family Residential,20 Carleton Dr E,Sandwich,MA,02537,1750000,4,5.5,East Sandwich,6831,148104,1996,294,256,,Active,,,http://www.redfin.com/MA/East-Sandwich/20-Carleton-Dr-E-02537/home/134938501,MLS PIN,72539864,N,Y,41.739761,-70.4002258
MLS Listing,,Vacant Land,6 Raccoon Ln,Sandwich,MA,02644,175000,,,Sandwich,,51401,,296,,,Active,,,http://www.redfin.com/MA/Forestdale/6-Racoon-Ln-02644/home/77396832,MLS PIN,72538415,N,Y,41.687181,-70.521325
MLS Listing,,Vacant Land,5 Gully Ln,Sandwich,MA,02537,325000,,,East Sandwich,,77101,,304,,,Active,,,http://www.redfin.com/MA/East-Sandwich/5-Gully-Ln-02537/home/77398464,MLS PIN,72534576,N,Y,41.7475305,-70.4747392
MLS Listing,,Vacant Land,8 Reflection Dr,Sandwich,MA,02563,299900,,,The Ridge Club,,20038,,309,,,Active,,,http://www.redfin.com/MA/Sandwich/8-Reflection-Dr-02563/home/77397604,CCIMLS,21905034,N,Y,41.680327,-70.449372
MLS Listing,,Vacant Land,0 Shaw Rd,Sandwich,MA,02563,189900,,,East Sandwich,,39640,,314,,,Active,,,http://www.redfin.com/MA/Sandwich/Shaw-Rd-Unknown/home/167178161,MLS PIN,72529477,N,Y,41.7356695,-70.389708
MLS Listing,,Single Family Residential,14 Scorton Marsh Rd,Sandwich,MA,02537,799900,4,4.0,Carleton Shores,3038,44867,1998,318,263,33,Active,,,http://www.redfin.com/MA/East-Sandwich/14-Scorton-Marsh-Rd-02537/home/134836574,MLS PIN,72528153,N,Y,41.7371761,-70.4013956
MLS Listing,,Single Family Residential,295 Route 6A,Sandwich,MA,02537,575000,4,2.5,Sandwich,2132,39640,1971,321,270,,Active,,,http://www.redfin.com/MA/East-Sandwich/295-MA-6A-02537/home/77472698,MLS PIN,72527063,N,Y,41.7460642,-70.4652033
MLS Listing,,Vacant Land,118 Old County Rd,Sandwich,MA,02537,175000,,,East Sandwich,,60113,,345,,,Active,,,http://www.redfin.com/MA/East-Sandwich/118-Old-County-Rd-02537/home/134907845,CCIMLS,21904085,N,Y,41.7261499,-70.428648
MLS Listing,,Single Family Residential,497-A Route 6A,Sandwich,MA,02537,429000,1,1.0,Sandwich (Village),750,101485,2008,356,572,,Active,,,http://www.redfin.com/MA/East-Sandwich/497A-MA-6A-02537/home/131127981,MLS PIN,72505939,N,Y,41.7386921,-70.4296277
MLS Listing,,Single Family Residential,2 Tabor Rd,Sandwich,MA,02644,448900,3,2.0,Forestdale,1540,19602,1978,407,291,,Active,,,http://www.redfin.com/MA/Forestdale/2-Tabor-Rd-02644/home/134821745,CCIMLS,21902096,N,Y,41.67782,-70.5129437
MLS Listing,,Single Family Residential,2 Jillson Way,Sandwich,MA,02537,1049000,4,3.5,East Sandwich,4200,57935,1999,427,250,300,Active,,,http://www.redfin.com/MA/East-Sandwich/2-Jillson-Way-02537/home/77472241,MLS PIN,72465107,N,Y,41.7332027,-70.4068817
MLS Listing,,Vacant Land,306 Route 6a,Sandwich,MA,02537,849000,,,East Sandwich,,702623,,640,,,Active,,,http://www.redfin.com/MA/East-Sandwich/306-MA-6A-02537/home/77396131,CCIMLS,21806017,N,Y,41.7433072,-70.4649673
MLS Listing,,Vacant Land,306 Route 6A,Sandwich,MA,02563,849000,,,East Sandwich,,702622,,642,,,Active,,,http://www.redfin.com/MA/Sandwich/306-Route-6A-02563/home/148164126,MLS PIN,72377634,N,Y,41.7521548,-70.5145939
MLS Listing,,Single Family Residential,25 Water,Sandwich,MA,02563,336000,4,2.5,Sandwich (Village),2500,54885,1730,708,134,,Active,,,http://www.redfin.com/MA/Sandwich/25-Water-St-02563/home/91483884,MLS PIN,72341239,N,Y,41.7536113,-70.4969997
MLS Listing,,Single Family Residential,91 Great Marsh Rd,Barnstable,MA,02668,899000,3,2.0,West Barnstable,2005,43560,,776,448,35,Active,,,http://www.redfin.com/MA/Barnstable/91-Great-Marsh-Rd-02668/home/148157690,CCIMLS,21801858,N,Y,41.716775,-70.405873
MLS Listing,,Single Family Residential,71 Main St,Sandwich,MA,02563,499000,4,3.5,Sandwich (Village),3113,55321,1659,909,160,,Active,,,http://www.redfin.com/MA/Sandwich/71-Main-St-02563/home/77344933,MLS PIN,72256736,N,Y,41.7596778,-70.5116887
MLS Listing,,Vacant Land,19 Manor Dr,Sandwich,MA,02537,219900,,,East Sandwich,,39898,,947,,,Active,,,http://www.redfin.com/MA/East-Sandwich/19-Manor-Dr-02537/home/104218241,MLS PIN,72240840,N,Y,41.7374972,-70.4518192
MLS Listing,,Single Family Residential,350 Quaker Meetinghouse Rd,Sandwich,MA,02537,1350000,9,6.5,no,6500,65775,2007,1057,208,,Active,,,http://www.redfin.com/MA/East-Sandwich/350-Quaker-Meeting-House-Rd-02537/home/129861296,MLS PIN,72187758,N,Y,41.734011,-70.455368
MLS Listing,,Single Family Residential,14 Beach Way,Sandwich,MA,02537,2199000,5,5.0,East Sandwich,3771,74923,1982,1116,583,,Active,,,http://www.redfin.com/MA/East-Sandwich/14-Beach-Way-02537/home/113781427,MLS PIN,72151595,N,Y,41.7404203,-70.392707
