SALE TYPE,SOLD DATE,PROPERTY TYPE,ADDRESS,CITY,STATE OR PROVINCE,ZIP OR POSTAL CODE,PRICE,BEDS,BATHS,LOCATION,SQUARE FEET,LOT SIZE,YEAR BUILT,DAYS ON MARKET,$/SQUARE FEET,HOA/MONTH,STATUS,NEXT OPEN HOUSE START TIME,NEXT OPEN HOUSE END TIME,URL (SEE http://www.redfin.com/buy-a-home/comparative-market-analysis FOR INFO ON PRICING),SOURCE,MLS#,FAVORITE,INTERESTED,LATITUDE,LONGITUDE
MLS Listing,,Single Family Residential,3 Fairview St,Saugus,MA,01906,515000,4,1.5,Saugus,1851,5663,1960,1,278,,Active,,,http://www.redfin.com/MA/Saugus/3-Fairview-St-01906/home/8393445,MLS PIN,72656038,N,Y,42.4703819,-71.003183
MLS Listing,,Townhouse,9 Johnson St #9,Saugus,MA,01906,385000,2,1.5,Saugus,1258,,2004,1,306,,Active,,,http://www.redfin.com/MA/Saugus/9-Johnson-St-01906/unit-9/home/113246530,MLS PIN,72655633,N,Y,42.455003,-70.988727
MLS Listing,,Single Family Residential,53 Hesper St,Saugus,MA,01906,449000,3,1.0,Lynnhurst,1160,5998,1970,1,387,,Active,May-16-2020 11:00 AM,May-16-2020 03:00 PM,http://www.redfin.com/MA/Saugus/53-Hesper-St-01906/home/11348866,MLS PIN,72655430,N,Y,42.4682636,-71.0031368
MLS Listing,,Single Family Residential,21 Denver St,Saugus,MA,01906,369900,2,1.0,Saugus,1243,3990,1890,2,298,,Active,May-15-2020 04:00 PM,May-15-2020 05:30 PM,http://www.redfin.com/MA/Saugus/21-Denver-St-01906/home/11348281,MLS PIN,72655143,N,Y,42.4601078,-71.0116726
MLS Listing,,Single Family Residential,12 Seagirt,Saugus,MA,01906,469900,3,2.0,Saugus,1420,5227,1910,3,331,,Active,May-14-2020 05:30 PM,May-14-2020 07:30 PM,http://www.redfin.com/MA/Saugus/12-Seagirt-Ave-01906/home/8371840,MLS PIN,72654636,N,Y,42.44888,-70.995762
MLS Listing,,Townhouse,1911 Lewis O Gray Dr #1911,Saugus,MA,01906,459900,2,2.5,Saugus,2173,,1984,3,212,484,Active,,,http://www.redfin.com/MA/Saugus/1911-Lewis-O-Gray-Dr-01906/unit-1911/home/113221232,MLS PIN,72654192,N,Y,42.4686635,-71.0382261
MLS Listing,,Single Family Residential,93 Saville St,Saugus,MA,01906,449900,3,1.5,Saugus,1084,9705,1960,4,415,,Active,,,http://www.redfin.com/MA/Saugus/93-Saville-St-01906/home/8393046,MLS PIN,72654049,N,Y,42.4723487,-71.0060154
MLS Listing,,Single Family Residential,40 Boulder Rd,Saugus,MA,01906,458000,4,2.0,Saugus,1956,13673,1950,13,234,,Active,,,http://www.redfin.com/MA/Saugus/40-Boulder-Rd-01906/home/8398149,MLS PIN,72649958,N,Y,42.4788482,-71.0474321
MLS Listing,,Condo/Co-op,15 Maple St #15,Saugus,MA,01906,324900,3,1.0,Saugus,1400,,1905,16,232,,Active,,,http://www.redfin.com/MA/Saugus/15-Maple-St-01906/unit-15/home/171440055,MLS PIN,72648717,N,Y,42.4506089,-71.0142341
MLS Listing,,Condo/Co-op,13 Maple St #13,Saugus,MA,01906,324900,3,1.0,Saugus,1400,,1905,16,232,,Active,,,http://www.redfin.com/MA/Saugus/13-Maple-St-01906/unit-13/home/171440040,MLS PIN,72648715,N,Y,42.4506542,-71.0142323
MLS Listing,,Single Family Residential,31 Hilltop Ave,Saugus,MA,01906,949000,4,3.5,Twin Spring Estates,3732,26571,2012,21,254,,Active,,,http://www.redfin.com/MA/Saugus/31-Hilltop-Ave-01906/home/40317343,MLS PIN,72646861,N,Y,42.4668473,-70.9974716
MLS Listing,,Single Family Residential,69 Hammersmith Dr,Saugus,MA,01906,829900,3,2.5,Saugus,3072,44126,1993,24,270,17,Active,,,http://www.redfin.com/MA/Saugus/69-Hammersmith-Dr-01906/home/8383442,MLS PIN,72645773,N,Y,42.4638165,-71.0420463
MLS Listing,,Single Family Residential,5- Wormstead St,Saugus,MA,01906,674798,3,2.5,Saugus,2450,8274,1950,27,275,,Active,May-17-2020 01:30 PM,May-17-2020 02:30 PM,http://www.redfin.com/MA/Saugus/5-Wormstead-St-01906/home/8389356,MLS PIN,72645148,N,Y,42.4651257,-71.0027651
MLS Listing,,Single Family Residential,17 Guild Rd,Saugus,MA,01906,539999,4,3.0,Saugus,1650,5624,1950,34,327,,Active,,,http://www.redfin.com/MA/Saugus/17-Guild-Rd-01906/home/8371768,MLS PIN,72642997,N,Y,42.4512746,-70.99111
MLS Listing,,Single Family Residential,55 Saugus Ave,Saugus,MA,01906,695000,4,2.5,Saugus,3600,19998,2011,41,193,,Active,May-17-2020 12:00 PM,May-17-2020 02:00 PM,http://www.redfin.com/MA/Saugus/55-Saugus-Ave-01906/home/11774217,MLS PIN,72640680,N,Y,42.443041,-71.0027186
MLS Listing,,Single Family Residential,3 Homeland Cir,Saugus,MA,01906,905000,5,4.5,Saugus,4500,20478,1995,50,201,,Active,,,http://www.redfin.com/MA/Saugus/3-Homeland-Cir-01906/home/8404397,MLS PIN,72637763,N,Y,42.4988573,-71.0348729
MLS Listing,,Single Family Residential,25 Shore Rd,Saugus,MA,01906,399900,2,2.0,Saugus,1654,2400,1945,57,242,,Active,,,http://www.redfin.com/MA/Saugus/25-Shore-Rd-01906/home/8394219,MLS PIN,72635351,N,Y,42.4763197,-71.0484536
MLS Listing,,Single Family Residential,1 Cleveland Ave,Saugus,MA,01906,599000,3,2.0,Lynnhurst,2360,6068,1952,64,254,,Active,,,http://www.redfin.com/MA/Saugus/1-Cleveland-Ave-01906/home/8397526,MLS PIN,72624952,N,Y,42.4743857,-70.9980288
MLS Listing,,Single Family Residential,25 Winter St,Saugus,MA,01906,529900,3,2.0,Saugus,2546,10071,1915,65,208,,Active,,,http://www.redfin.com/MA/Saugus/25-Winter-St-01906/home/11348420,MLS PIN,72631116,N,Y,42.4566789,-70.9938961
MLS Listing,,Vacant Land,1 Centre St,Saugus,MA,01906,64900,,,Saugus,,19741,,74,,,Active,,,http://www.redfin.com/MA/Saugus/1-Centre-St-01906/home/170934072,MLS PIN,72626313,N,Y,42.4762027,-71.0478999
MLS Listing,,Vacant Land,39 Granite St,Saugus,MA,01906,59000,,,Saugus,,17594,,84,,,Active,,,http://www.redfin.com/MA/Saugus/39-Granite-St-01906/home/56917521,MLS PIN,72621926,N,Y,42.4745786,-71.0473465
MLS Listing,,Single Family Residential,5 Adelaide Ave,Saugus,MA,01906,585000,2,1.0,Saugus,816,51008,1950,104,717,,Active,,,http://www.redfin.com/MA/Saugus/5-Adelaide-Ave-01906/home/8366811,MLS PIN,72614151,N,Y,42.4447909,-71.0040652
MLS Listing,,Single Family Residential,224 Lincoln Ave,Saugus,MA,01906,530000,5,2.5,East Saugus,2640,34199,1785,112,201,,Active,,,http://www.redfin.com/MA/Saugus/224-Lincoln-Ave-01906/home/8371955,MLS PIN,72611289,N,Y,42.4503131,-70.9937103
MLS Listing,,Townhouse,11A Newhall St Unit A,Saugus,MA,01906,469900,3,2.0,Saugus,1100,,,129,427,,Active,,,http://www.redfin.com/MA/Saugus/11-Newhall-St-01906/unit-A/home/170215881,MLS PIN,72604700,N,Y,42.4556337,-70.9895312
MLS Listing,,Vacant Land,0 Hilldale Ave,Saugus,MA,01906,99900,,,Saugus,,20000,,202,,,Active,,,http://www.redfin.com/MA/Saugus/Hilldale-Ave-01906/home/169568405,MLS PIN,72584920,N,Y,42.4548155,-71.0015477
MLS Listing,,Vacant Land,0 Basswood Ave,Saugus,MA,01906,125000,,,Saugus,,31280,,223,,,Active,,,http://www.redfin.com/MA/Saugus/Basswood-Ave-01906/home/85675699,MLS PIN,72575563,N,Y,42.443751,-71.009746
MLS Listing,,Vacant Land,Lot 1 & 2 Waverly Ave,Saugus,MA,01906,300000,,,Saugus,,1360,,232,,,Active,,,http://www.redfin.com/MA/Saugus/2-Waverly-Ave-01906/home/8365654,MLS PIN,72570744,N,Y,42.4452537,-71.0093586
MLS Listing,,Vacant Land,64 Saugus Ave,Saugus,MA,01906,300000,,,Saugus,,33231,,302,,,Active,,,http://www.redfin.com/MA/Saugus/64-Saugus-Ave-01906/home/85675728,MLS PIN,72535896,N,Y,42.4423673,-71.0035014
MLS Listing,,Vacant Land,6 Hanson Rd,Saugus,MA,01906,161000,,,Saugus,,15242,,339,,,Active,,,http://www.redfin.com/MA/Saugus/6-Hanson-Rd-01906/home/85675938,MLS PIN,72516044,N,Y,42.4643181,-70.9968012
MLS Listing,,Vacant Land,54 Boulder Rd,Saugus,MA,01906,159900,,,Saugus,,31019,,600,,,Active,,,http://www.redfin.com/MA/Saugus/54-Boulder-Rd-01906/home/52533137,MLS PIN,72399836,N,Y,42.4785053,-71.0470894
