SALE TYPE,SOLD DATE,PROPERTY TYPE,ADDRESS,CITY,STATE OR PROVINCE,ZIP OR POSTAL CODE,PRICE,BEDS,BATHS,LOCATION,SQUARE FEET,LOT SIZE,YEAR BUILT,DAYS ON MARKET,$/SQUARE FEET,HOA/MONTH,STATUS,NEXT OPEN HOUSE START TIME,NEXT OPEN HOUSE END TIME,URL (SEE http://www.redfin.com/buy-a-home/comparative-market-analysis FOR INFO ON PRICING),SOURCE,MLS#,FAVORITE,INTERESTED,LATITUDE,LONGITUDE
MLS Listing,,Single Family Residential,35 Spywood Rd,Sherborn,MA,01770,849900,4,2.5,Sherborn,3688,189922,1974,56,230,,Active,,,http://www.redfin.com/MA/Sherborn/35-Spywood-Rd-01770/home/8680595,MLS PIN,72635755,N,Y,42.204073,-71.3732643
MLS Listing,,Single Family Residential,191 S Main St,Sherborn,MA,01770,625000,3,2.0,Sherborn,1812,44867,1961,1,345,,Active,May-16-2020 11:00 AM,May-16-2020 01:00 PM,http://www.redfin.com/MA/Sherborn/191-S-Main-St-01770/home/8679282,MLS PIN,72655841,N,Y,42.2180936,-71.3617242
MLS Listing,,Single Family Residential,19 Sawin St,Sherborn,MA,01770,725000,3,1.5,Sherborn,1834,43560,1956,1,395,,Active,,,http://www.redfin.com/MA/Sherborn/19-Sawin-St-01770/home/8678630,MLS PIN,72655409,N,Y,42.2379499,-71.3733914
MLS Listing,,Single Family Residential,27 DEERFIELD Rd,Sherborn,MA,01770,1199000,5,3.5,Sherborn,4804,88862,1978,2,250,,Active,May-16-2020 12:00 PM,May-16-2020 02:00 PM,http://www.redfin.com/MA/Sherborn/27-Deerfield-Rd-01770/home/11649508,MLS PIN,72655254,N,Y,42.2247347,-71.3776593
MLS Listing,,Single Family Residential,13 Course Brook Rd,Sherborn,MA,01770,798000,4,2.5,Sherborn,3512,43560,1970,8,227,,Active,,,http://www.redfin.com/MA/Sherborn/13-Course-Brook-Rd-01770/home/8673857,MLS PIN,72652278,N,Y,42.2518422,-71.4042858
MLS Listing,,Single Family Residential,100 Maple St,Sherborn,MA,01770,499900,3,2.0,Sherborn,1687,93654,1951,10,296,,Active,,,http://www.redfin.com/MA/Sherborn/100-Maple-St-01770/home/8676131,MLS PIN,72651065,N,Y,42.240085,-71.390118
MLS Listing,,Single Family Residential,63 Nason Hill Rd,Sherborn,MA,01770,1900000,5,2.5,Sherborn,2905,402930,1954,15,654,,Active,,,http://www.redfin.com/MA/Sherborn/63-Nason-Hill-Rd-01770/home/8676857,MLS PIN,72649010,N,Y,42.2080775,-71.3767079
MLS Listing,,Townhouse,7 Southfield Ln #7,Sherborn,MA,01770,630000,2,2.5,Sherborn,1840,,2020,21,342,375,Active,,,http://www.redfin.com/MA/Sherborn/7-Southfield-LN-01770/unit-7/home/171408706,MLS PIN,72647142,N,Y,42.2433966,-71.3705616
MLS Listing,,Single Family Residential,56 S Main,Sherborn,MA,01770,1500000,5,4.5,Sherborn,5397,90265,2020,22,278,,Active,May-16-2020 01:00 PM,May-16-2020 03:00 PM,http://www.redfin.com/MA/Sherborn/56-S-Main-St-01770/home/8678466,MLS PIN,72646815,N,Y,42.234238,-71.368965
MLS Listing,,Single Family Residential,21 Russett Hill Rd,Sherborn,MA,01770,886000,4,2.5,Sherborn,3066,87556,1973,22,289,,Active,May-16-2020 12:30 PM,May-16-2020 02:30 PM,http://www.redfin.com/MA/Sherborn/21-Russett-Hill-Rd-01770/home/8676500,MLS PIN,72646470,N,Y,42.2295419,-71.3800019
MLS Listing,,Single Family Residential,46 N Main St,Sherborn,MA,01770,739000,4,2.5,Sherborn,3102,43996,1790,25,238,,Active,,,http://www.redfin.com/MA/Sherborn/46-N-Main-St-01770/home/8678776,MLS PIN,72645586,N,Y,42.249825,-71.368781
MLS Listing,,Vacant Land,Lot 69F Lake St,Sherborn,MA,01770,625000,,,Sherborn,,131116,,59,,,Active,,,http://www.redfin.com/MA/Sherborn/69-Lake-St-01770/home/59298155,MLS PIN,72634093,N,Y,42.2406364,-71.3512825
MLS Listing,,Single Family Residential,30 Stoneybrook Rd,Sherborn,MA,01770,795000,4,2.0,Sherborn,2363,145926,1973,60,336,,Active,,,http://www.redfin.com/MA/Sherborn/30-Stoney-Brook-Rd-01770/home/8679916,MLS PIN,72633895,N,Y,42.2183316,-71.3658066
MLS Listing,,Single Family Residential,29 Greenwood St,Sherborn,MA,01770,1325000,5,4.5,Sherborn,4900,205603,1999,78,270,,Active,,,http://www.redfin.com/MA/Sherborn/29-Greenwood-St-01770/home/8676356,MLS PIN,72624261,N,Y,42.2279977,-71.3850119
MLS Listing,,Single Family Residential,111 Lake St,Sherborn,MA,01770,2295000,5,6.0,Farm Pond Area,8575,130680,2004,79,268,,Active,,,http://www.redfin.com/MA/Sherborn/111-Lake-St-01770/home/8678981,MLS PIN,72623493,N,Y,42.2450254,-71.3539767
MLS Listing,,Single Family Residential,59 N Main St #9,Sherborn,MA,01770,929900,2,2.5,Sherborn,2331,,2020,89,399,515,Active,,,http://www.redfin.com/MA/Sherborn/59-N-Main-St-01770/unit-9/home/170580031,MLS PIN,72619940,N,Y,42.251696,-71.370354
MLS Listing,,Single Family Residential,55 Farm Rd,Sherborn,MA,01770,1199000,4,4.0,Sherborn,5029,358499,1980,97,238,,Active,,,http://www.redfin.com/MA/Sherborn/55-Farm-Rd-01770/home/8678882,MLS PIN,72617207,N,Y,42.24016,-71.359573
MLS Listing,,Single Family Residential,24 Pleasant St,Sherborn,MA,01770,725000,3,2.5,Sherborn,2829,87120,1978,98,256,,Active,,,http://www.redfin.com/MA/Sherborn/24-Pleasant-St-01770/home/8674341,MLS PIN,72616373,N,Y,42.2331128,-71.4006445
MLS Listing,,Single Family Residential,167 S Main St,Sherborn,MA,01770,1245000,5,3.5,Sherborn,4822,95832,2000,105,258,,Active,,,http://www.redfin.com/MA/Sherborn/167-S-Main-St-01770/home/8673305,MLS PIN,72613850,N,Y,42.221049,-71.36196
MLS Listing,,Vacant Land,90 Maple St,Sherborn,MA,01770,2900000,,,Sherborn,,3920400,,157,,,Active,,,http://www.redfin.com/MA/Sherborn/90-Maple-St-01770/home/76481237,MLS PIN,72599377,N,Y,42.243386,-71.3889585
MLS Listing,,Single Family Residential,34 Great Rock Rd,Sherborn,MA,01770,1800000,3,2.5,Sherborn,2510,597643,1962,161,717,,Active,,,http://www.redfin.com/MA/Sherborn/34-Great-Rock-Rd-01770/home/8679200,MLS PIN,72598185,N,Y,42.2346384,-71.3584304
MLS Listing,,Vacant Land,1 Knollcrest Farm Dr,Sherborn,MA,01770,499900,,,Sherborn,,103673,,287,,,Active,,,http://www.redfin.com/MA/Sherborn/1-Knollcrest-Ln-01770/home/171532752,MLS PIN,72543284,N,Y,42.2207907,-71.4043566
MLS Listing,,Condo/Co-op,16 Millstone Dr #16,Sherborn,MA,01770,799000,3,2.5,Sherborn,2700,,2019,294,296,500,Active,,,http://www.redfin.com/MA/Sherborn/16-Mill-Stone-Dr-01770/unit-16/home/144055222,MLS PIN,72540069,N,Y,42.2388275,-71.4173755
MLS Listing,,Single Family Residential,40 Bogastow Brook Rd,Sherborn,MA,01770,1699000,5,4.0,Bogastow,6089,522720,1982,359,279,,Active,,,http://www.redfin.com/MA/Sherborn/40-Bogastow-Brook-Rd-01770/home/8680825,MLS PIN,72504260,N,Y,42.19652,-71.370524
MLS Listing,,Vacant Land,121-129 Washington St,Sherborn,MA,01770,1595000,,,Sherborn,,807167,,385,,,Active,,,http://www.redfin.com/MA/Sherborn/121-Washington-St-01770/home/163758969,MLS PIN,72488529,N,Y,42.2297539,-71.3867082
MLS Listing,,Single Family Residential,3 Knollcrest Farm Ln,Sherborn,MA,01770,1200000,7,7.0,KNOLLCREST FARM,6470,91476,2005,441,185,,Active,,,http://www.redfin.com/MA/Sherborn/Knollcrest-Ln-01770/home/8681284,MLS PIN,72458383,N,Y,42.221374,-71.404643
MLS Listing,,Vacant Land,Lot 79 Prospect St,Sherborn,MA,01770,1995000,,,Sherborn,,1574258,,742,,,Active,,,http://www.redfin.com/MA/Sherborn/79-Prospect-St-01770/home/144931920,MLS PIN,72320272,N,Y,42.2598691,-71.3881075
