SALE TYPE,SOLD DATE,PROPERTY TYPE,ADDRESS,CITY,STATE OR PROVINCE,ZIP OR POSTAL CODE,PRICE,BEDS,BATHS,LOCATION,SQUARE FEET,LOT SIZE,YEAR BUILT,DAYS ON MARKET,$/SQUARE FEET,HOA/MONTH,STATUS,NEXT OPEN HOUSE START TIME,NEXT OPEN HOUSE END TIME,URL (SEE http://www.redfin.com/buy-a-home/comparative-market-analysis FOR INFO ON PRICING),SOURCE,MLS#,FAVORITE,INTERESTED,LATITUDE,LONGITUDE
MLS Listing,,Single Family Residential,328 Maple Ave Unit B,Shrewsbury,MA,01545,499900,3,2.5,HANA PLACE CONDOMINIUM,2324,20000,2013,1,215,,Active,,,http://www.redfin.com/MA/Shrewsbury/328-Maple-Ave-01545/unit-B/home/66765262,MLS PIN,72656062,N,Y,42.27896,-71.7346816
MLS Listing,,Condo/Co-op,65 Commons Dr #210,Shrewsbury,MA,01545,235000,2,2.0,Shrewsbury,1134,,1974,1,207,406,Active,,,http://www.redfin.com/MA/Shrewsbury/65-Commons-Dr-01545/unit-210/home/16590059,MLS PIN,72656070,N,Y,42.2749072,-71.6834474
MLS Listing,,Single Family Residential,138 Gulf St,Shrewsbury,MA,01545,729900,4,2.5,Shrewsbury,2869,30075,2020,1,254,,Active,,,http://www.redfin.com/MA/Shrewsbury/138-Gulf-St-01545/home/113767915,MLS PIN,72655737,N,Y,42.3098295,-71.7273602
MLS Listing,,Single Family Residential,36-38 Hancock St,Shrewsbury,MA,01545,299900,2,1.0,Shrewsbury,1314,14000,1937,1,228,,Active,,,http://www.redfin.com/MA/Shrewsbury/36-Hancock-St-01545/home/16589936,MLS PIN,72655728,N,Y,42.2712928,-71.7444907
MLS Listing,,Single Family Residential,83 Crescent St,Shrewsbury,MA,01545,375000,4,2.0,Shrewsbury,1535,10996,1953,1,244,,Active,May-17-2020 11:30 AM,May-17-2020 01:00 PM,http://www.redfin.com/MA/Shrewsbury/83-Crescent-St-01545/home/16593486,MLS PIN,72655439,N,Y,42.2834402,-71.7210399
MLS Listing,,Single Family Residential,6 Arrowwood Dr,Shrewsbury,MA,01545,529000,4,3.0,Shrewsbury,2219,17050,1993,2,238,,Active,,,http://www.redfin.com/MA/Shrewsbury/6-Arrowwood-Dr-01545/home/16587598,MLS PIN,72655121,N,Y,42.254872,-71.7260797
MLS Listing,,Single Family Residential,43 Bay View Dr,Shrewsbury,MA,01545,929900,6,4.0,Shrewsbury,3174,7930,2005,2,293,,Active,,,http://www.redfin.com/MA/Shrewsbury/43-Bay-View-Dr-01545/home/16587405,MLS PIN,72655052,N,Y,42.2462586,-71.7436663
MLS Listing,,Single Family Residential,271 Gulf St,Shrewsbury,MA,01545,1099999,5,4.0,Shrewsbury,4900,29980,2020,4,224,,Active,,,http://www.redfin.com/MA/Shrewsbury/271-Gulf-St-01545/home/113767914,MLS PIN,72654043,N,Y,42.3143651,-71.7374148
MLS Listing,,Single Family Residential,16 Chamberlain Rd,Shrewsbury,MA,01545,290000,2,1.5,Shrewsbury,1518,20000,1916,5,191,,Active,,,http://www.redfin.com/MA/Shrewsbury/16-Chamberlain-Rd-01545/home/16595635,MLS PIN,72654021,N,Y,42.3074235,-71.7574521
MLS Listing,,Single Family Residential,17 Howe Ave,Shrewsbury,MA,01545,450000,3,2.0,Shrewsbury,2391,31488,1939,6,188,,Active,May-16-2020 12:00 PM,May-16-2020 02:00 PM,http://www.redfin.com/MA/Shrewsbury/17-Howe-Ave-01545/home/16589419,MLS PIN,72649590,N,Y,42.2714909,-71.7287676
MLS Listing,,Townhouse,41 Cortland Grove Dr #41,Shrewsbury,MA,01545,419900,2,3.0,Shrewsbury,2006,,2005,8,209,407,Active,,,http://www.redfin.com/MA/Shrewsbury/41-Orchard-Meadow-Dr-01545/unit-41/home/77505215,MLS PIN,72652475,N,Y,42.246719,-71.715539
MLS Listing,,Condo/Co-op,65 Commons Dr #603,Shrewsbury,MA,01545,215000,2,2.0,Shrewsbury,1093,,1974,9,197,406,Active,,,http://www.redfin.com/MA/Shrewsbury/65-Commons-Dr-01545/unit-603/home/16590030,MLS PIN,72651773,N,Y,42.2749072,-71.6834474
MLS Listing,,Condo/Co-op,2 Williamsburg Ct #23,Shrewsbury,MA,01545,173000,1,1.0,Shrewsbury,694,,1971,10,249,352,Active,,,http://www.redfin.com/MA/Shrewsbury/2-Williamsburg-Ct-01545/unit-23/home/16590775,MLS PIN,72650956,N,Y,42.2781242,-71.7300462
MLS Listing,,Single Family Residential,30 Walnut St,Shrewsbury,MA,01545,402500,3,2.0,Shrewsbury,1841,27500,1911,10,219,,Active,,,http://www.redfin.com/MA/Shrewsbury/30-Walnut-St-01545/home/16593736,MLS PIN,72647043,N,Y,42.2940352,-71.6887602
MLS Listing,,Single Family Residential,31 Bumble Bee Cir,Shrewsbury,MA,01545,495000,4,2.0,Shrewsbury,1786,12500,1958,12,277,,Active,,,http://www.redfin.com/MA/Shrewsbury/31-Bumble-Bee-Cir-01545/home/16592355,MLS PIN,72650691,N,Y,42.2837537,-71.6877985
MLS Listing,,Single Family Residential,6 Blackthorn Rd,Shrewsbury,MA,01545,759900,5,3.0,Shrewsbury,3329,34355,1994,13,228,,Active,,,http://www.redfin.com/MA/Shrewsbury/6-Blackthorn-Rd-01545/home/16595188,MLS PIN,72650318,N,Y,42.3134796,-71.6871496
MLS Listing,,Single Family Residential,221 S Quinsigamond Ave,Shrewsbury,MA,01545,515900,4,2.5,Shrewsbury,2608,19500,1850,13,198,,Active,,,http://www.redfin.com/MA/Shrewsbury/221-S-Quinsigamond-Ave-01545/home/44591918,MLS PIN,72649932,N,Y,42.2604821,-71.7476498
MLS Listing,,Townhouse,19 Old Laxfield Rd #19,Shrewsbury,MA,01545,329400,2,2.5,Shrewsbury,1590,,1986,13,207,461,Active,,,http://www.redfin.com/MA/Shrewsbury/19-Old-Laxfield-Rd-01545/unit-19/home/169040295,MLS PIN,72649836,N,Y,42.274037,-71.701922
MLS Listing,,Condo/Co-op,5 Abby Ln #5,Shrewsbury,MA,01545,469900,2,2.0,Shrewsbury,1500,,2020,15,313,250,Active,,,http://www.redfin.com/MA/Shrewsbury/5-Abby-LN-01545/unit-5/home/171444376,MLS PIN,72648853,N,Y,42.2834603,-71.726659
MLS Listing,,Condo/Co-op,1 Abby Ln #1,Shrewsbury,MA,01545,464900,2,2.0,Shrewsbury,1500,,2020,15,310,250,Active,,,http://www.redfin.com/MA/Shrewsbury/1-Abby-LN-01545/unit-1/home/171444324,MLS PIN,72648850,N,Y,42.2834603,-71.726659
MLS Listing,,Condo/Co-op,7 Abby Ln #7,Shrewsbury,MA,01545,469900,2,2.0,Shrewsbury,1500,,2020,15,313,250,Active,,,http://www.redfin.com/MA/Shrewsbury/7-Abby-LN-01545/unit-7/home/171444303,MLS PIN,72648848,N,Y,42.2834603,-71.726659
MLS Listing,,Single Family Residential,Lot 2 Gold St,Shrewsbury,MA,01545,699900,4,3.5,Shrewsbury,2800,25066,2020,17,250,,Active,,,http://www.redfin.com/MA/Shrewsbury/2-Gold-St-01545/home/132755507,MLS PIN,72648274,N,Y,42.2679572,-71.7124504
MLS Listing,,Single Family Residential,20 Oakland Ave,Shrewsbury,MA,01545,299900,2,2.5,Oakland Ave and Old Main Street,3000,5000,1955,27,100,,Active,,,http://www.redfin.com/MA/Shrewsbury/20-Oakland-Ave-01545/home/16594998,MLS PIN,72645229,N,Y,42.296429,-71.757467
MLS Listing,,Single Family Residential,27 Toblin Hill Dr,Shrewsbury,MA,01545,599000,4,2.5,Shrewsbury,2251,16315,1999,34,266,,Active,,,http://www.redfin.com/MA/Shrewsbury/27-Toblin-Hill-Dr-01545/home/16586755,MLS PIN,72642876,N,Y,42.2846191,-71.6769993
MLS Listing,,Single Family Residential,4 Keyes House Rd,Shrewsbury,MA,01545,750000,5,3.5,Shrewsbury Hills,3250,38919,1990,42,231,,Active,,,http://www.redfin.com/MA/Shrewsbury/4-Keyes-House-Rd-01545/home/16596735,MLS PIN,72640253,N,Y,42.3242205,-71.697207
MLS Listing,,Single Family Residential,28 Saxon Ln,Shrewsbury,MA,01545,800000,4,2.5,Jamestown Heights,3339,23487,2000,49,240,,Active,,,http://www.redfin.com/MA/Shrewsbury/28-Saxon-Ln-01545/home/16587003,MLS PIN,72638199,N,Y,42.3185051,-71.6979949
MLS Listing,,Vacant Land,193 Spring St,Shrewsbury,MA,01545,299000,,,Shrewsbury,,60113,,52,,,Active,,,http://www.redfin.com/MA/Shrewsbury/193-Spring-St-01545/home/167708857,MLS PIN,72637070,N,Y,42.3042977,-71.6952939
MLS Listing,,Single Family Residential,30 Eaton Pl,Shrewsbury,MA,01545,824900,3,2.5,Shrewsbury,2500,30607,2020,54,330,,Active,,,http://www.redfin.com/MA/Shrewsbury/30-Eaton-Pl-01545/home/21782772,MLS PIN,72636714,N,Y,42.2926,-71.690941
MLS Listing,,Single Family Residential,389 Prospect St,Shrewsbury,MA,01545,699000,4,3.0,Chamberlayne Woods,3109,23170,1998,55,225,,Active,,,http://www.redfin.com/MA/Shrewsbury/389-Prospect-St-01545/home/16596614,MLS PIN,72636515,N,Y,42.3231734,-71.7035101
MLS Listing,,Single Family Residential,1 Sargents Is,Shrewsbury,MA,01545,599900,1,1.5,Shrewsbury,912,186001,1987,57,658,,Active,,,http://www.redfin.com/MA/SHREWSBURY/1-SARGENTS-IS-01545/home/16587190,MLS PIN,72635125,N,Y,42.2438,-71.729207
MLS Listing,,Single Family Residential,1 Hemlock Cir,Shrewsbury,MA,01545,739000,4,2.5,Rawson Hill Estates,2655,23661,2003,57,278,,Active,,,http://www.redfin.com/MA/Shrewsbury/1-Hemlock-Cir-01545/home/14818829,MLS PIN,72635065,N,Y,42.3206127,-71.7094423
MLS Listing,,Single Family Residential,8 Amherst Rd,Shrewsbury,MA,01545,689900,4,2.5,Shrewsbury,3876,21435,2000,58,178,,Active,,,http://www.redfin.com/MA/Shrewsbury/8-Amherst-Rd-01545/home/16587070,MLS PIN,72634914,N,Y,42.2653258,-71.6641602
MLS Listing,,Single Family Residential,119 Gulf St,Shrewsbury,MA,01545,339000,3,1.5,Shrewsbury,1104,33661,1962,59,307,,Active,,,http://www.redfin.com/MA/Shrewsbury/119-Gulf-St-01545/home/16596245,MLS PIN,72634334,N,Y,42.3086129,-71.7257437
MLS Listing,,Single Family Residential,7 Travis Rd,Shrewsbury,MA,01545,1225000,5,4.0,Shrewsbury,5942,41980,2002,59,206,,Active,,,http://www.redfin.com/MA/Shrewsbury/7-Travis-Rd-01545/home/16586999,MLS PIN,72634314,N,Y,42.3173708,-71.6992463
MLS Listing,,Single Family Residential,8 Dickinson Cir,Shrewsbury,MA,01545,845000,4,2.5,Shrewsbury,3254,24939,1999,60,260,,Active,,,http://www.redfin.com/MA/Shrewsbury/8-Dickinson-Cir-01545/home/16587138,MLS PIN,72633927,N,Y,42.2600445,-71.72557
MLS Listing,,Single Family Residential,24 Phillips Ave,Shrewsbury,MA,01545,649999,4,3.0,Shrewsbury,2486,9792,2020,63,261,,Active,,,http://www.redfin.com/MA/Shrewsbury/24-Phillips-Ave-01545/home/16591732,MLS PIN,72633089,N,Y,42.2817323,-71.7509068
MLS Listing,,Single Family Residential,50 Brook St,Shrewsbury,MA,01545,629000,3,2.5,Shrewsbury,2010,60388,2019,63,313,,Active,,,http://www.redfin.com/MA/Shrewsbury/50-Brook-St-01545/home/167708876,MLS PIN,72632369,N,Y,42.2704771,-71.6722282
MLS Listing,,Condo/Co-op,29 Wyman #18,Shrewsbury,MA,01545,575000,2,2.5,Shrewsbury,2043,,2020,69,281,375,Active,,,http://www.redfin.com/MA/Shrewsbury/29-Wyman-01545/unit-18/home/171028292,MLS PIN,72629534,N,Y,42.2834603,-71.726659
MLS Listing,,Condo/Co-op,25 Wyman #20,Shrewsbury,MA,01545,575000,2,2.5,Shrewsbury,2488,,2020,69,231,375,Active,,,http://www.redfin.com/MA/Shrewsbury/25-Wyman-01545/unit-20/home/171028265,MLS PIN,72629522,N,Y,42.2834603,-71.726659
MLS Listing,,Condo/Co-op,15 Wyman #25,Shrewsbury,MA,01545,575000,2,2.5,Shrewsbury,2043,,2020,69,281,375,Active,,,http://www.redfin.com/MA/Shrewsbury/15-Wyman-01545/unit-25/home/171028105,MLS PIN,72629507,N,Y,42.2834603,-71.726659
MLS Listing,,Condo/Co-op,31 Wyman #17,Shrewsbury,MA,01545,610000,2,2.5,Shrewsbury,2488,,2020,69,245,375,Active,,,http://www.redfin.com/MA/Shrewsbury/31-Wyman-01545/unit-17/home/171027929,MLS PIN,72629494,N,Y,42.2834603,-71.726659
MLS Listing,,Condo/Co-op,24 Wyman #10,Shrewsbury,MA,01545,610000,2,2.5,Shrewsbury,2239,,2020,69,272,375,Active,,,http://www.redfin.com/MA/Shrewsbury/24-Wyman-01545/unit-10/home/171027450,MLS PIN,72629462,N,Y,42.2834603,-71.726659
MLS Listing,,Condo/Co-op,20 Wyman #8,Shrewsbury,MA,01545,610000,2,2.5,Shrewsbury,2239,,2020,69,272,375,Active,,,http://www.redfin.com/MA/Shrewsbury/20-Wyman-01545/unit-8/home/171027360,MLS PIN,72629453,N,Y,42.2834603,-71.726659
MLS Listing,,Townhouse,11 Blossom Tree Dr #102,Shrewsbury,MA,01545,429900,2,2.5,Shrewsbury,1896,,2005,70,227,428,Active,,,http://www.redfin.com/MA/Shrewsbury/11-Blossom-Tree-Dr-01545/unit-102/home/171022137,MLS PIN,72629219,N,Y,42.2471351,-71.7179716
MLS Listing,,Single Family Residential,85 Colonial Dr,Shrewsbury,MA,01545,675000,4,3.5,Shrewsbury,3152,30329,1993,70,214,,Active,,,http://www.redfin.com/MA/Shrewsbury/85-Colonial-Dr-01545/home/16596993,MLS PIN,72628560,N,Y,42.3276065,-71.7023978
MLS Listing,,Condo/Co-op,36 Wyman #14,Shrewsbury,MA,01545,630000,2,2.5,Shrewsbury,2239,,2020,71,281,,Active,,,http://www.redfin.com/MA/Shrewsbury/36-Wyman-01545/unit-14/home/170950953,MLS PIN,72627618,N,Y,42.2834603,-71.726659
MLS Listing,,Condo/Co-op,33 Wyman #16,Shrewsbury,MA,01545,630000,2,2.5,Shrewsbury,2239,,2020,71,281,375,Active,,,http://www.redfin.com/MA/Shrewsbury/33-Wyman-01545/unit-16/home/170950931,MLS PIN,72627609,N,Y,42.2834603,-71.726659
MLS Listing,,Condo/Co-op,85 Commons Dr #312,Shrewsbury,MA,01545,219900,2,2.0,Shrewsbury,1134,,1973,73,194,415,Active,,,http://www.redfin.com/MA/Shrewsbury/85-Commons-Dr-01545/unit-312/home/16591207,MLS PIN,72626520,N,Y,42.2733307,-71.6836091
MLS Listing,,Single Family Residential,158 Boylston St,Shrewsbury,MA,01545,499900,3,2.5,Shrewsbury,2003,28275,1965,75,250,,Active,,,http://www.redfin.com/MA/Shrewsbury/158-Boylston-St-01545/home/16595832,MLS PIN,72626008,N,Y,42.307547,-71.7164867
MLS Listing,,Single Family Residential,363 Spring St,Shrewsbury,MA,01545,799900,4,3.5,Grey Ledge Hill,5059,54014,1993,78,158,42,Active,,,http://www.redfin.com/MA/Shrewsbury/363-Spring-St-01545/home/16595052,MLS PIN,72623974,N,Y,42.3040787,-71.6847735
MLS Listing,,Single Family Residential,2 Nelson Point Rd,Shrewsbury,MA,01545,699000,3,2.5,Shrewsbury,2325,21536,2020,91,301,,Active,,,http://www.redfin.com/MA/Shrewsbury/2-Nelson-Point-Rd-01545/home/66765300,MLS PIN,72619296,N,Y,42.2531555,-71.7317408
MLS Listing,,Single Family Residential,81 Main Cir,Shrewsbury,MA,01545,775000,4,2.5,Shrewsbury,3695,18396,2004,91,210,,Active,,,http://www.redfin.com/MA/Shrewsbury/81-Main-Cir-01545/home/16597757,MLS PIN,72619151,N,Y,42.2989621,-71.6867325
MLS Listing,,Single Family Residential,Lot 35R Summit Ridge Ests,Shrewsbury,MA,01545,829900,4,4.0,Summit Ridge Estates,3247,20501,2020,92,256,,Active,,,http://www.redfin.com/MA/Shrewsbury/Lot-35R-Laurel-Ridge-Ln-01545/home/170563396,MLS PIN,72618872,N,Y,42.3081916,-71.700742
MLS Listing,,Single Family Residential,Lot 34R Summit Ridge Ests,Shrewsbury,MA,01545,879900,5,4.0,Summit Ridge Estates,3700,20045,2020,92,238,,Active,,,http://www.redfin.com/MA/Shrewsbury/Lot-34R-Laurel-Ridge-Ln-01545/home/170561418,MLS PIN,72618715,N,Y,42.3081916,-71.700742
MLS Listing,,Townhouse,70 Harrington Farms Way #70,Shrewsbury,MA,01545,399999,2,3.0,Shrewsbury,2595,,1988,92,154,478,Active,,,http://www.redfin.com/MA/Shrewsbury/70-Harrington-Farms-Way-01545/unit-70/home/168139918,MLS PIN,72618404,N,Y,42.279528,-71.714149
MLS Listing,,Single Family Residential,141 Spring St,Shrewsbury,MA,01545,2100000,4,6.0,Shrewsbury,12000,132858,1993,93,175,,Active,,,http://www.redfin.com/MA/Shrewsbury/141-Spring-St-01545/home/16595301,MLS PIN,72618076,N,Y,42.3052429,-71.6984758
MLS Listing,,Single Family Residential,162 Green St,Shrewsbury,MA,01545,879800,4,2.5,Shrewsbury,3000,67082,2020,96,293,,Active,,,http://www.redfin.com/MA/Shrewsbury/162-Green-St-01545/home/167708880,MLS PIN,72617297,N,Y,42.2619752,-71.6789219
MLS Listing,,Single Family Residential,44 Janet Cir,Shrewsbury,MA,01545,380000,4,2.0,Shrewsbury,1794,8524,1953,98,212,,Active,,,http://www.redfin.com/MA/Shrewsbury/44-Janet-Cir-01545/home/16590647,MLS PIN,72616822,N,Y,42.2803861,-71.7193484
MLS Listing,,Townhouse,210 S Quinsigamond Ave #1,Shrewsbury,MA,01545,499900,3,3.5,Shrewsbury,2200,,2014,100,227,315,Active,,,http://www.redfin.com/MA/Shrewsbury/210-S-Quinsigamond-Ave-01545/unit-1/home/109932234,MLS PIN,72615429,N,Y,42.2612955,-71.7481773
MLS Listing,,Single Family Residential,68 Bay View Dr,Shrewsbury,MA,01545,499900,5,2.0,Shrewsbury,3104,12740,1929,101,161,,Active,,,http://www.redfin.com/MA/Shrewsbury/68-Bay-View-Dr-01545/home/16587780,MLS PIN,72614687,N,Y,42.2473,-71.7428553
MLS Listing,,Single Family Residential,105 Hartford Tpke,Shrewsbury,MA,01545,365000,4,2.0,Shrewsbury,2288,6510,1920,106,160,,Active,,,http://www.redfin.com/MA/Shrewsbury/105-Hartford-Tpke-01545/home/16587347,MLS PIN,72612912,N,Y,42.2462619,-71.7333554
MLS Listing,,Single Family Residential,6 Ivy Path,Shrewsbury,MA,01545,649900,4,2.5,Shrewsbury,3064,20000,,114,212,,Active,,,http://www.redfin.com/MA/Shrewsbury/6-Ivy-Path-01545/home/66765328,MLS PIN,72610271,N,Y,42.311558,-71.741597
MLS Listing,,Single Family Residential,20 Shady Lane Ave,Shrewsbury,MA,01545,329000,4,1.0,Shrewsbury,1394,7539,1955,118,236,,Active,,,http://www.redfin.com/MA/Shrewsbury/20-Shady-Ln-Ave-01545/home/16593465,MLS PIN,72609313,N,Y,42.2845552,-71.7202868
MLS Listing,,Multi-Family (2-4 Unit),8 Walnut St,Shrewsbury,MA,01545,400000,7,2.0,Shrewsbury,2842,35097,1927,122,141,,Active,,,http://www.redfin.com/MA/Shrewsbury/8-Walnut-St-01545/home/16593742,MLS PIN,72607182,N,Y,42.2952506,-71.6899769
MLS Listing,,Condo/Co-op,65 Commons Dr #202,Shrewsbury,MA,01545,250000,2,2.0,Shrewsbury,1134,,1974,127,220,268,Active,,,http://www.redfin.com/MA/Shrewsbury/65-Commons-Dr-01545/unit-202/home/16590065,MLS PIN,72605981,N,Y,42.2749072,-71.6834474
MLS Listing,,Single Family Residential,65 North St,Shrewsbury,MA,01545,859000,4,3.5,Shrewsbury,3409,13450,2019,133,252,,Active,,,http://www.redfin.com/MA/Shrewsbury/65-North-St-01545/home/167708851,MLS PIN,72603828,N,Y,42.3109786,-71.7010921
MLS Listing,,Townhouse,3 Patriot Ln Unit 17A,Shrewsbury,MA,01545,619900,2,2.5,Shrewsbury,2673,,2007,161,232,540,Active,,,http://www.redfin.com/MA/Shrewsbury/3-Patriot-Ln-01545/unit-17A/home/170013688,MLS PIN,72598162,N,Y,42.271205,-71.707949
MLS Listing,,Condo/Co-op,3 Abby Ln #3,Shrewsbury,MA,01545,469900,2,2.0,Shrewsbury,1500,,2020,177,313,250,Active,,,http://www.redfin.com/MA/Shrewsbury/3-Abby-LN-01545/unit-3/home/160809053,MLS PIN,72593885,N,Y,42.2834603,-71.726659
MLS Listing,,Single Family Residential,34 Venus Dr,Shrewsbury,MA,01545,524000,4,2.5,Shrewsbury,2489,21800,1978,180,211,,Active,,,http://www.redfin.com/MA/Shrewsbury/34-Venus-Dr-01545/home/16595675,MLS PIN,72593307,N,Y,42.3091931,-71.7144939
MLS Listing,,Vacant Land,29 Hill St,Shrewsbury,MA,01545,799000,,,Shrewsbury,,289238,,216,,,Active,,,http://www.redfin.com/MA/Shrewsbury/29-Hill-St-01545/home/167708847,MLS PIN,72578677,N,Y,42.3138158,-71.7132041
MLS Listing,,Vacant Land,75 High,Shrewsbury,MA,01545,340000,,,Shrewsbury,,38866,,288,,,Active,,,http://www.redfin.com/MA/Shrewsbury/75-High-St-01545/home/146991552,MLS PIN,72542978,N,Y,42.308997,-71.6950564
MLS Listing,,Condo/Co-op,19 Wyman Dr #23,Shrewsbury,MA,01545,550000,2,2.5,Shrewsbury,2043,,2019,321,269,375,Active,,,http://www.redfin.com/MA/Shrewsbury/19-Wyman-DR-01545/unit-23/home/167150188,MLS PIN,72527101,N,Y,42.2834603,-71.726659
MLS Listing,,Condo/Co-op,21 Wyman Dr #22,Shrewsbury,MA,01545,550000,2,2.5,Shrewsbury,2043,,2019,321,269,375,Active,,,http://www.redfin.com/MA/Shrewsbury/21-Wyman-DR-01545/unit-22/home/167150133,MLS PIN,72527094,N,Y,42.2834603,-71.726659
MLS Listing,,Condo/Co-op,23 Wyman Dr #21,Shrewsbury,MA,01545,575000,2,2.5,Shrewsbury,2488,,2019,321,231,375,Active,,,http://www.redfin.com/MA/Shrewsbury/23-Wyman-DR-01545/unit-21/home/167150018,MLS PIN,72527081,N,Y,42.2834603,-71.726659
MLS Listing,,Vacant Land,"257 Gulf St, Lot 6",Shrewsbury,MA,01545,215000,,,Shrewsbury,,61429,,452,,,Active,,,http://www.redfin.com/MA/Shrewsbury/257-Gulf-St-01545/unit-6/home/160489915,MLS PIN,72454225,N,Y,42.3111033,-71.7371574
MLS Listing,,Vacant Land,Lots 1-5 Cypress St,Shrewsbury,MA,01545,650000,,,Shrewsbury,,1121040,,453,,,Active,,,http://www.redfin.com/MA/Shrewsbury/1-Cypress-Ave-01545/home/16595785,MLS PIN,72453949,N,Y,42.3140792,-71.739009
