SALE TYPE,SOLD DATE,PROPERTY TYPE,ADDRESS,CITY,STATE OR PROVINCE,ZIP OR POSTAL CODE,PRICE,BEDS,BATHS,LOCATION,SQUARE FEET,LOT SIZE,YEAR BUILT,DAYS ON MARKET,$/SQUARE FEET,HOA/MONTH,STATUS,NEXT OPEN HOUSE START TIME,NEXT OPEN HOUSE END TIME,URL (SEE http://www.redfin.com/buy-a-home/comparative-market-analysis FOR INFO ON PRICING),SOURCE,MLS#,FAVORITE,INTERESTED,LATITUDE,LONGITUDE
MLS Listing,,Multi-Family (2-4 Unit),4-6 Hamlet St,Somerville,MA,02143,1450000,7,3.0,Somerville,3724,3898,1900,1,389,,Active,,,http://www.redfin.com/MA/Somerville/4-Hamlet-St-02143/home/171601659,MLS PIN,72655720,N,Y,42.3842475,-71.0927474
MLS Listing,,Condo/Co-op,9 Greene St #1,Somerville,MA,02143,999500,3,3.0,Somerville,1882,,1900,42,531,,Active,,,http://www.redfin.com/MA/Somerville/9-Greene-St-02143/unit-1/home/54816367,MLS PIN,72640272,N,Y,42.384342,-71.1036266
MLS Listing,,Condo/Co-op,11 Lee St #1,Somerville,MA,02145,749000,3,2.0,Somerville,1636,,1900,1,458,250,Active,,,http://www.redfin.com/MA/Somerville/11-Lee-St-02145/unit-1/home/143937260,MLS PIN,72655813,N,Y,42.390273,-71.0991507
MLS Listing,,Condo/Co-op,163 Elm St #1,Somerville,MA,02144,949000,2,2.5,Davis Square,1187,6651,1885,1,799,173,Active,,,http://www.redfin.com/MA/Somerville/163-Elm-St-02144/unit-1/home/8697596,MLS PIN,72655803,N,Y,42.3922066,-71.1193368
MLS Listing,,Single Family Residential,92 Myrtle St,Somerville,MA,02145,975000,5,3.0,East Somerville,2228,3130,1915,1,438,,Active,,,http://www.redfin.com/MA/Somerville/92-Myrtle-St-02145/home/8747708,MLS PIN,72655802,N,Y,42.3852835,-71.0829487
MLS Listing,,Condo/Co-op,168 Lowell #3,Somerville,MA,02143,585000,2,1.0,Somerville,1036,,1900,1,565,144,Active,,,http://www.redfin.com/MA/Somerville/168-Lowell-St-02143/unit-3/home/8682803,MLS PIN,72655767,N,Y,42.3899544,-71.1084102
MLS Listing,,Condo/Co-op,250 Willow Ave #2,Somerville,MA,02144,1350000,3,2.5,Ball Square,2446,,1905,1,552,315,Active,,,http://www.redfin.com/MA/Somerville/250-Willow-Ave-02144/unit-2/home/8752762,MLS PIN,72655408,N,Y,42.3990224,-71.1137573
MLS Listing,,Single Family Residential,167 Central St,Somerville,MA,02145,749900,3,1.5,Winter Hill,1480,3773,1900,1,507,,Active,May-14-2020 05:00 PM,May-14-2020 06:30 PM,http://www.redfin.com/MA/Somerville/167-Central-St-02145/home/8715302,MLS PIN,72655393,N,Y,42.3935134,-71.0996614
MLS Listing,,Condo/Co-op,48 Porter St #2,Somerville,MA,02143,659000,2,1.0,Spring Hill,924,,1896,1,713,175,Active,,,http://www.redfin.com/MA/Somerville/48-Porter-St-02143/unit-2/home/8756183,MLS PIN,72655380,N,Y,42.388786,-71.1121789
MLS Listing,,Condo/Co-op,262 Monsignor O'Brien Hwy #307,Cambridge,MA,02141,634999,1,1.0,East Cambridge,528,,2018,2,1203,353,Active,,,http://www.redfin.com/MA/Cambridge/262-Monsignor-O-Brien-Hwy-02141/unit-307/home/171592850,MLS PIN,72655113,N,Y,42.3731839,-71.0819506
MLS Listing,,Condo/Co-op,29 Windsor Rd #29,Somerville,MA,02144,724900,2,2.0,Davis Square,839,,1910,3,864,150,Active,May-14-2020 05:30 PM,May-14-2020 06:00 PM,http://www.redfin.com/MA/Somerville/29A-Windsor-Rd-02144/unit-29/home/101850066,MLS PIN,72654693,N,Y,42.3934652,-71.1165208
MLS Listing,,Condo/Co-op,15 Mossland St #2,Somerville,MA,02143,999000,2,2.0,Somerville,1292,,2020,5,773,999999,Active,,,http://www.redfin.com/MA/Somerville/15-Mossland-St-02144/unit-2/home/171572062,MLS PIN,72653988,N,Y,42.3875875,-71.1157836
MLS Listing,,Single Family Residential,9 Porter St,Somerville,MA,02143,1089900,4,3.0,Porter Square,1660,2080,1900,7,657,,Active,,,http://www.redfin.com/MA/Somerville/9-Porter-St-02143/home/8707289,MLS PIN,72652942,N,Y,42.3866005,-71.1132515
MLS Listing,,Multi-Family (2-4 Unit),11 Robinson St,Somerville,MA,02145,1275000,5,3.0,Somerville,3112,3236,1900,7,410,,Active,May-16-2020 01:00 PM,May-16-2020 02:00 PM,http://www.redfin.com/MA/Somerville/11-Robinson-St-02145/home/8715421,MLS PIN,72652904,N,Y,42.3923682,-71.1011585
MLS Listing,,Townhouse,69 Rush Unit C,Somerville,MA,02145,879900,2,2.5,East Somerville,1800,4678,2019,7,489,150,Active,,,http://www.redfin.com/MA/Somerville/69-Rush-St-02145/unit-C/home/171554950,MLS PIN,72652658,N,Y,42.3850872,-71.0874519
MLS Listing,,Townhouse,51 Oliver St #2,Somerville,MA,02145,949000,3,2.5,East Somerville,2000,4678,2020,7,475,175,Active,,,http://www.redfin.com/MA/Somerville/51-Oliver-St-02145/unit-2/home/171554953,MLS PIN,72652657,N,Y,42.3841194,-71.0880468
MLS Listing,,Condo/Co-op,18 Pearson Ave #2,Somerville,MA,02144,619000,2,1.0,Somerville,813,,1900,8,761,172,Active,,,http://www.redfin.com/MA/Somerville/18-Pearson-Ave-02144/unit-2/home/8758126,MLS PIN,72652211,N,Y,42.3955888,-71.112524
MLS Listing,,Condo/Co-op,19 Laurel St #2,Somerville,MA,02143,849000,3,2.0,Spring Hill,1717,,1900,9,494,250,Active,,,http://www.redfin.com/MA/Somerville/19-Laurel-St-02143/unit-2/home/136771356,MLS PIN,72651957,N,Y,42.3836829,-71.104675
MLS Listing,,Multi-Family (2-4 Unit),382 Broadway,Somerville,MA,02145,1500000,6,3.0,Winter Hill,4045,6840,1900,9,371,,Active,,,http://www.redfin.com/MA/Somerville/382-Broadway-02145/home/8745420,MLS PIN,72651582,N,Y,42.3944769,-71.0974795
MLS Listing,,Multi-Family (2-4 Unit),25 Bay State Ave,Somerville,MA,02144,1450000,7,3.0,Somerville,3279,3705,1905,10,442,,Active,,,http://www.redfin.com/MA/Somerville/25-Bay-State-Ave-02144/home/8694267,MLS PIN,72651310,N,Y,42.3998865,-71.1150735
MLS Listing,,Multi-Family (2-4 Unit),16-18 DOVER St,Cambridge,MA,02140,1650000,6,3.0,Cambridge,3300,5040,1857,10,500,,Active,May-17-2020 12:00 PM,May-17-2020 02:00 PM,http://www.redfin.com/MA/Cambridge/16-Dover-St-02140/home/171531361,MLS PIN,72647309,N,Y,42.39478,-71.1262609
MLS Listing,,Multi-Family (2-4 Unit),124 Walnut St,Somerville,MA,02145,1750000,0,5.0,Somerville,5240,5420,1905,12,334,,Active,,,http://www.redfin.com/MA/Somerville/124-Walnut-St-02145/home/8722600,MLS PIN,72650578,N,Y,42.3880938,-71.0931157
MLS Listing,,Condo/Co-op,235 Lowell St #2,Somerville,MA,02144,698000,1,1.0,Somerville,974,,2015,14,717,84,Active,,,http://www.redfin.com/MA/Somerville/235-Lowell-St-02144/unit-2/home/83459820,MLS PIN,72649527,N,Y,42.3918746,-71.1065626
MLS Listing,,Condo/Co-op,303 Lowell St #6,Somerville,MA,02145,459900,2,1.0,Magoun Square,810,,1979,14,568,364,Active,,,http://www.redfin.com/MA/Somerville/303-Lowell-St-02145/unit-6/home/26778633,MLS PIN,72649488,N,Y,42.3942952,-71.1048481
MLS Listing,,Condo/Co-op,14 Mead St Unit C,Somerville,MA,02144,1249000,3,2.5,Davis Square,1480,4633,2020,14,844,175,Active,,,http://www.redfin.com/MA/Somerville/14-Mead-St-02144/unit-C/home/171469202,MLS PIN,72649336,N,Y,42.4003112,-71.1280248
MLS Listing,,Condo/Co-op,110 Pearl St #5,Somerville,MA,02145,499000,2,1.0,Somerville,985,,1920,15,507,420,Active,,,http://www.redfin.com/MA/Somerville/110-Pearl-St-02145/unit-5/home/8749385,MLS PIN,72649098,N,Y,42.3850422,-71.0867479
MLS Listing,,Condo/Co-op,8 Jefferson St #1,Cambridge,MA,02141,899900,3,2.0,Cambridge,1046,,1873,23,860,167,Active,May-16-2020 10:30 AM,May-16-2020 11:30 AM,http://www.redfin.com/MA/Cambridge/8-Jefferson-St-02141/unit-1/home/170391986,MLS PIN,72646133,N,Y,42.3728666,-71.0885411
MLS Listing,,Townhouse,228 Fellsway #228,Somerville,MA,02145,1269900,3,3.0,Somerville,2145,,1987,28,592,387,Active,,,http://www.redfin.com/MA/Somerville/228-Fellsway-02145/unit-228/home/11925999,MLS PIN,72644877,N,Y,42.3980103,-71.0849861
MLS Listing,,Condo/Co-op,375 Canal St Ph 101,Somerville,MA,02145,1050000,2,2.0,Assembly Square,1092,,2018,31,962,975,Active,,,http://www.redfin.com/MA/Somerville/375-Canal-St-02145/unit-101/home/170504608,MLS PIN,72643262,N,Y,42.3939216,-71.0796346
MLS Listing,,Multi-Family (2-4 Unit),82-84 Hooker Ave,Somerville,MA,02144,1199000,6,2.0,Teele Square,2434,4225,1929,33,493,,Active,,,http://www.redfin.com/MA/Somerville/82-Hooker-Ave-02144/home/171308942,MLS PIN,72643017,N,Y,42.4034462,-71.1329363
MLS Listing,,Condo/Co-op,227 Cedar St #2,Somerville,MA,02145,1098000,2,2.5,Somerville,1668,,2019,42,658,382,Active,,,http://www.redfin.com/MA/Somerville/227-Cedar-St-02145/unit-2/home/171245583,MLS PIN,72640163,N,Y,42.395999,-71.1094565
MLS Listing,,Condo/Co-op,21 Edmands St #3,Somerville,MA,02145,585000,3,1.0,Somerville,1234,,1900,42,474,150,Active,,,http://www.redfin.com/MA/Somerville/21-Edmands-St-02145/unit-3/home/18907017,MLS PIN,72640162,N,Y,42.3889299,-71.0895347
MLS Listing,,Townhouse,56 Upland Rd #56,Somerville,MA,02144,1045000,3,2.5,Tufts University,2158,,1920,43,484,150,Active,May-16-2020 11:00 AM,May-16-2020 11:30 AM,http://www.redfin.com/MA/Somerville/56-Upland-Rd-02144/unit-56/home/170669024,MLS PIN,72640073,N,Y,42.4096109,-71.1257229
MLS Listing,,Single Family Residential,56 Upland Rd,Somerville,MA,02144,1045000,3,2.5,Tufts University,2158,,1920,43,484,,Active,May-16-2020 11:00 AM,May-16-2020 11:30 AM,http://www.redfin.com/MA/Somerville/56-Upland-Rd-02144/home/8685395,MLS PIN,72639875,N,Y,42.4096109,-71.1257229
MLS Listing,,Single Family Residential,36 Summer St,Somerville,MA,02143,635000,0,0.5,Union Square,788,980,1910,45,806,,Active,,,http://www.redfin.com/MA/Somerville/36-Summer-St-02143/home/171227782,MLS PIN,72639200,N,Y,42.3829732,-71.0991868
MLS Listing,,Condo/Co-op,9 Kidder Ave #2,Somerville,MA,02144,575000,4,2.0,Somerville,867,,1894,46,663,275,Active,,,http://www.redfin.com/MA/Somerville/9-Kidder-Ave-02144/unit-2/home/11925226,MLS PIN,72639004,N,Y,42.399099,-71.1185087
MLS Listing,,Condo/Co-op,111 Woodstock St #2,Somerville,MA,02144,429000,1,1.0,Somerville,550,,1920,46,780,348,Active,,,http://www.redfin.com/MA/Somerville/111-Woodstock-St-02144/unit-2/home/12389774,MLS PIN,72638923,N,Y,42.4042906,-71.1338179
MLS Listing,,Condo/Co-op,163 Glen St #302,Somerville,MA,02145,669900,2,1.0,East Somerville,868,,2020,50,772,225,Active,,,http://www.redfin.com/MA/Somerville/163-Glen-St-02145/unit-302/home/168690956,MLS PIN,72637906,N,Y,42.3825119,-71.087906
MLS Listing,,Condo/Co-op,163 Glen St #104,Somerville,MA,02145,649900,2,1.0,East Somerville,1250,,2020,50,520,225,Active,,,http://www.redfin.com/MA/Somerville/163-Glen-St-02145/unit-104/home/171194805,MLS PIN,72637905,N,Y,42.3825119,-71.087906
MLS Listing,,Condo/Co-op,20 Prichard Ave #20,Somerville,MA,02144,849900,2,2.0,Somerville,1299,,1900,50,654,150,Active,,,http://www.redfin.com/MA/Somerville/20-Prichard-Ave-02144/unit-20/home/79718674,MLS PIN,72637796,N,Y,42.3954108,-71.1117404
MLS Listing,,Multi-Family (2-4 Unit),8 Lincoln St,Somerville,MA,02145,1100000,6,3.0,Somerville,3062,,1900,52,359,,Active,,,http://www.redfin.com/MA/Somerville/8-Lincoln-St-02145/home/8739353,MLS PIN,72637251,N,Y,42.386358,-71.0807668
MLS Listing,,Multi-Family (2-4 Unit),773 Broadway,Somerville,MA,02144,1800000,7,3.5,Powderhouse Square,4135,6110,1900,52,435,,Active,,,http://www.redfin.com/MA/Somerville/773-Broadway-02144/home/8693947,MLS PIN,72637102,N,Y,42.4011027,-71.1150271
MLS Listing,,Multi-Family (2-4 Unit),459 Medford St,Somerville,MA,02145,1350000,5,4.0,Somerville,3672,4376,1900,54,368,,Active,,,http://www.redfin.com/MA/Somerville/459-Medford-St-02145/home/8708750,MLS PIN,72636774,N,Y,42.3939333,-71.1014718
MLS Listing,,Condo/Co-op,30 Chester St #1,Somerville,MA,02144,469900,1,1.0,Davis Square,690,,1959,58,681,310,Active,,,http://www.redfin.com/MA/Somerville/30-Chester-St-02144/unit-1/home/8755797,MLS PIN,72634897,N,Y,42.3939468,-71.1236551
MLS Listing,,Condo/Co-op,79 Josephine Ave #2,Somerville,MA,02144,1245000,4,2.5,Ball Square,2156,,1900,62,577,250,Active,,,http://www.redfin.com/MA/Somerville/79-Josephine-Ave-02144/unit-2/home/171102122,MLS PIN,72633207,N,Y,42.3978772,-71.1130774
MLS Listing,,Townhouse,429 Norfolk St #13,Somerville,MA,02143,849000,3,2.5,Inman Square,1663,,2003,63,511,635,Active,,,http://www.redfin.com/MA/Somerville/429-Norfolk-St-02143/unit-13/home/11433266,MLS PIN,72632948,N,Y,42.3747843,-71.0950091
MLS Listing,,Multi-Family (2-4 Unit),455 McGrath Hwy,Somerville,MA,02145,849000,3,2.0,Somerville,2200,2202,1900,64,386,,Active,,,http://www.redfin.com/MA/Somerville/455-McGrath-Hwy-02143/home/8738403,MLS PIN,72632221,N,Y,42.3832608,-71.0910792
MLS Listing,,Townhouse,35 Hamlet St #2,Somerville,MA,02143,1074900,3,3.0,Somerville,1780,6247,1900,64,604,250,Active,,,http://www.redfin.com/MA/Somerville/35-Hamlet-St-02143/unit-2/home/171059992,MLS PIN,72632180,N,Y,42.3834756,-71.0935567
MLS Listing,,Multi-Family (2-4 Unit),28 Brook St,Somerville,MA,02145,850000,4,2.5,Somerville,2056,2301,1890,64,413,,Active,,,http://www.redfin.com/MA/Somerville/28-Brook-St-02145/home/8736146,MLS PIN,72632165,N,Y,42.3872369,-71.0865699
MLS Listing,,Condo/Co-op,9 Medford St #505,Somerville,MA,02143,545000,1,1.0,Brickbottom-Inner Belt,656,,1916,70,831,499,Active,,,http://www.redfin.com/MA/Somerville/9-Medford-St-02143/unit-505/home/170504411,MLS PIN,72629072,N,Y,42.3742011,-71.0868252
MLS Listing,,Condo/Co-op,9 Medford St #405,Somerville,MA,02143,525000,1,1.0,Brickbottom-Inner Belt,656,,1916,70,800,478,Active,,,http://www.redfin.com/MA/Somerville/9-Medford-St-02143/unit-405/home/167150933,MLS PIN,72629065,N,Y,42.3742011,-71.0868252
MLS Listing,,Condo/Co-op,9 Medford St #601,Somerville,MA,02143,935000,2,2.0,Brickbottom-Inner Belt,1118,,1916,70,836,814,Active,,,http://www.redfin.com/MA/Somerville/9-Medford-St-02143/unit-601/home/167151304,MLS PIN,72629060,N,Y,42.3742011,-71.0868252
MLS Listing,,Condo/Co-op,9 Medford St #712,Somerville,MA,02143,798000,1,1.0,Brickbottom-Inner Belt,969,,1916,71,824,657,Active,,,http://www.redfin.com/MA/Somerville/9-Medford-St-02143/unit-712/home/170010181,MLS PIN,72628451,N,Y,42.3742011,-71.0868252
MLS Listing,,Condo/Co-op,9 Medford St #708,Somerville,MA,02143,985000,2,2.0,Brickbottom-Inner Belt,1274,,1916,71,773,885,Active,,,http://www.redfin.com/MA/Somerville/9-Medford-St-02143/unit-708/home/170504432,MLS PIN,72628447,N,Y,42.3742011,-71.0868252
MLS Listing,,Condo/Co-op,388 Washington St #1,Somerville,MA,02143,669900,2,1.0,Union Square,770,2073,1900,71,870,210,Active,,,http://www.redfin.com/MA/Somerville/388-Washington-St-02143/unit-1/home/170955148,MLS PIN,72628405,N,Y,42.3784328,-71.1052466
MLS Listing,,Condo/Co-op,9 Medford St #513,Somerville,MA,02143,730000,1,1.0,Brickbottom-Inner Belt,1006,,1916,71,726,630,Active,,,http://www.redfin.com/MA/Somerville/9-Medford-St-02143/unit-513/home/170448485,MLS PIN,72628294,N,Y,42.3742011,-71.0868252
MLS Listing,,Condo/Co-op,9 Medford St #713,Somerville,MA,02143,795000,1,1.0,Brickbottom-Inner Belt,1010,,1916,71,787,651,Active,,,http://www.redfin.com/MA/Somerville/9-Medford-St-02143/unit-713/home/170504435,MLS PIN,72628287,N,Y,42.3742011,-71.0868252
MLS Listing,,Condo/Co-op,9 Medford St #701,Somerville,MA,02143,958000,2,2.0,Brickbottom-Inner Belt,1103,,1916,71,869,825,Active,,,http://www.redfin.com/MA/Somerville/9-Medford-St-02143/unit-701/home/170504428,MLS PIN,72628217,N,Y,42.3742011,-71.0868252
MLS Listing,,Condo/Co-op,9 Medford #614,Somerville,MA,02143,965000,2,2.0,Brickbottom-Inner Belt,1057,,1916,71,913,809,Active,,,http://www.redfin.com/MA/Somerville/9-Medford-St-02143/unit-614/home/170504427,MLS PIN,72628174,N,Y,42.3742011,-71.0868252
MLS Listing,,Multi-Family (2-4 Unit),36 Hamlet St,Somerville,MA,02143,874900,3,2.0,Somerville,2150,7000,1900,71,407,,Active,May-16-2020 11:00 AM,May-16-2020 12:00 PM,http://www.redfin.com/MA/Somerville/36-Hamlet-St-02143/home/8732474,MLS PIN,72628162,N,Y,42.3833606,-71.0932085
MLS Listing,,Condo/Co-op,25 Carver St #2,Cambridge,MA,02138,1875000,4,2.5,Agassiz,2120,,1886,71,884,458,Active,,,http://www.redfin.com/MA/Cambridge/25-Carver-St-02138/unit-2/home/170951978,MLS PIN,72627883,N,Y,42.3820402,-71.1128917
MLS Listing,,Condo/Co-op,48 Garrison Ave #48,Somerville,MA,02144,999000,3,2.5,Teele Square,2232,,1930,71,448,238,Active,,,http://www.redfin.com/MA/Somerville/48-Garrison-Ave-02144/unit-48/home/170950614,MLS PIN,72626544,N,Y,42.4039909,-71.1317637
MLS Listing,,Multi-Family (2-4 Unit),81 Gilman St,Somerville,MA,02145,1390000,6,2.0,Somerville,2582,2565,1900,72,538,,Active,,,http://www.redfin.com/MA/Somerville/81-Gilman-St-02145/home/8732174,MLS PIN,72627492,N,Y,42.3861017,-71.0920943
MLS Listing,,Multi-Family (2-4 Unit),527 - 529 Mystic Valley Pkwy,Somerville,MA,02144,1688888,6,6.0,Somerville,3730,5208,1933,76,453,,Active,,,http://www.redfin.com/MA/Somerville/527-529-Mystic-Valley-PKWY-02144/home/170683099,MLS PIN,72625418,N,Y,42.3991718,-71.1240559
MLS Listing,,Townhouse,51 Oliver St #3,Somerville,MA,02145,989000,3,2.5,East Somerville,2000,4678,2020,77,495,175,Active,,,http://www.redfin.com/MA/Somerville/51-Oliver-St-02145/unit-3/home/171554943,MLS PIN,72625258,N,Y,42.3841194,-71.0880468
MLS Listing,,Condo/Co-op,31 Gorham St Unit B,Somerville,MA,02144,889900,3,1.0,Somerville,1165,,1900,77,764,217,Active,,,http://www.redfin.com/MA/Somerville/31-Gorham-St-02144/unit-B/home/170676034,MLS PIN,72625079,N,Y,42.3989485,-71.1261216
MLS Listing,,Single Family Residential,7 Meacham St,Somerville,MA,02145,589000,2,1.5,Somerville,1170,1740,1950,77,503,,Active,,,http://www.redfin.com/MA/Somerville/7-Meacham-St-02145/home/11795970,MLS PIN,72624815,N,Y,42.3975853,-71.0960752
MLS Listing,,Condo/Co-op,18-1 Irving St #1,Somerville,MA,02144,1349000,3,3.0,Somerville,1644,4500,1920,84,821,295,Active,,,http://www.redfin.com/MA/Somerville/18-Irving-St-02144/unit-1/home/167133089,MLS PIN,72622078,N,Y,42.3991761,-71.1237542
MLS Listing,,Condo/Co-op,35 Moreland St #3,Somerville,MA,02145,869000,3,2.0,Somerville,1500,5543,2019,93,579,160,Active,,,http://www.redfin.com/MA/Somerville/35-Moreland-St-02145/unit-3/home/170555041,MLS PIN,72618115,N,Y,42.3971928,-71.0975259
MLS Listing,,Multi-Family (2-4 Unit),107 Cross St,Somerville,MA,02145,1299900,5,3.0,East Somerville,2794,5000,1890,105,465,,Active,,,http://www.redfin.com/MA/Somerville/107-Cross-St-02145/home/8738018,MLS PIN,72611738,N,Y,42.3844964,-71.0891
MLS Listing,,Condo/Co-op,165 Cedar St #101,Somerville,MA,02143,1299000,2,2.5,Somerville,1802,3920,2020,111,721,200,Active,,,http://www.redfin.com/MA/Somerville/165-Cedar-St-02145/unit-101/home/170553500,MLS PIN,72611507,N,Y,42.3941284,-71.1107484
MLS Listing,,Condo/Co-op,20 Highland Ave #2,Somerville,MA,02143,839999,3,2.0,Somerville,1810,5000,1900,113,464,,Active,,,http://www.redfin.com/MA/Somerville/20-Highland-Ave-02143/unit-2/home/18906840,MLS PIN,72610987,N,Y,42.3847345,-71.0937581
MLS Listing,,Condo/Co-op,35 Dane St #2,Somerville,MA,02143,969000,2,2.0,Somerville,1325,7500,2020,125,731,225,Active,,,http://www.redfin.com/MA/Somerville/35-Dane-St-02143/unit-2/home/170250146,MLS PIN,72606529,N,Y,42.380958,-71.1043028
MLS Listing,,Condo/Co-op,386 Washington St Unit 2B,Somerville,MA,02143,639000,2,1.0,Somerville,800,,1900,127,799,310,Active,,,http://www.redfin.com/MA/Somerville/386-Washington-St-02143/unit-2B/home/8759119,MLS PIN,72605757,N,Y,42.378432,-71.105
MLS Listing,,Condo/Co-op,86 Fremont St #3,Somerville,MA,02145,915000,3,2.0,Somerville,1571,,1910,203,582,180,Active,,,http://www.redfin.com/MA/Somerville/86-Fremont-St-02145/unit-3/home/169542945,MLS PIN,72584186,N,Y,42.3994293,-71.0971545
MLS Listing,,Condo/Co-op,26 Henderson St #1,Somerville,MA,02145,459000,1,1.0,Magoun Square,703,,1910,268,653,,Active,,,http://www.redfin.com/MA/Somerville/26-Henderson-St-02145/unit-1/home/17285566,MLS PIN,72552458,N,Y,42.3949853,-71.1061263
MLS Listing,,Condo/Co-op,35 Moreland St #2,Somerville,MA,02145,849000,3,2.0,Somerville,1500,5543,2019,278,566,160,Active,,,http://www.redfin.com/MA/Somerville/35-Moreland-St-02145/unit-2/home/168636827,MLS PIN,72547982,N,Y,42.3971928,-71.0975259
MLS Listing,,Multi-Family (5+ Unit),669 Somerville Ave,Somerville,MA,02143,4300000,14,8.0,Somerville,8415,3725,1920,490,511,,Active,,,http://www.redfin.com/MA/Somerville/669-Somerville-Ave-02143/home/11649800,MLS PIN,72439568,N,Y,42.3850555,-71.1124043
