SALE TYPE,SOLD DATE,PROPERTY TYPE,ADDRESS,CITY,STATE OR PROVINCE,ZIP OR POSTAL CODE,PRICE,BEDS,BATHS,LOCATION,SQUARE FEET,LOT SIZE,YEAR BUILT,DAYS ON MARKET,$/SQUARE FEET,HOA/MONTH,STATUS,NEXT OPEN HOUSE START TIME,NEXT OPEN HOUSE END TIME,URL (SEE http://www.redfin.com/buy-a-home/comparative-market-analysis FOR INFO ON PRICING),SOURCE,MLS#,FAVORITE,INTERESTED,LATITUDE,LONGITUDE
MLS Listing,,Multi-Family (2-4 Unit),104 Dresser St,Southbridge,MA,01550,259900,5,2.0,Southbridge,2044,5100,1920,1,127,,Active,,,http://www.redfin.com/MA/Southbridge/104-Dresser-St-01550/home/16603435,MLS PIN,72656044,N,Y,42.0748707,-72.0383212
MLS Listing,,Multi-Family (5+ Unit),2-4 Cross St,Southbridge,MA,01550,650000,17,6.0,Southbridge,4992,5227,1900,1,130,,Active,,,http://www.redfin.com/MA/Southbridge/2-Cross-St-01550/home/16604054,MLS PIN,72655942,N,Y,42.0822452,-72.0385216
MLS Listing,,Single Family Residential,32 Riverview Dr,Southbridge,MA,01550,234900,3,2.0,Southbridge,1296,18240,1976,5,181,,Active,,,http://www.redfin.com/MA/Southbridge/32-Riverview-Dr-01550/home/16602238,MLS PIN,72653996,N,Y,42.0580706,-72.0012442
MLS Listing,,Multi-Family (2-4 Unit),42 PLEASANT St,Southbridge,MA,01550,90000,4,2.0,Southbridge,2218,4937,1900,6,41,,Active,,,http://www.redfin.com/MA/Southbridge/42-Pleasant-St-01550/home/16604009,MLS PIN,72653533,N,Y,42.082633,-72.0453582
MLS Listing,,Townhouse,610 Charlton St #610,Southbridge,MA,01550,180000,3,1.5,Southbridge,1048,25314,2003,7,172,,Active,,,http://www.redfin.com/MA/Southbridge/610-Charlton-St-01550/unit-610/home/171555334,MLS PIN,72652690,N,Y,42.0921207,-72.0191805
MLS Listing,,Single Family Residential,610 Charlton St,Southbridge,MA,01550,180000,3,1.5,Southbridge,1048,25314,2003,7,172,,Active,,,http://www.redfin.com/MA/Southbridge/610-Charlton-St-01550/home/16601140,MLS PIN,72652693,N,Y,42.0921207,-72.0191805
MLS Listing,,Single Family Residential,119 Marcy St,Southbridge,MA,01550,179900,2,2.0,Southbridge,1656,5000,1967,8,109,,Active,,,http://www.redfin.com/MA/Southbridge/119-Marcy-St-01550/home/16603398,MLS PIN,72652375,N,Y,42.076601,-72.0379045
MLS Listing,,Multi-Family (2-4 Unit),14 Dresser St,Southbridge,MA,01550,279900,5,4.0,Southbridge,2902,4200,1900,8,96,,Active,,,http://www.redfin.com/MA/Southbridge/14-Dresser-St-01550/home/16603226,MLS PIN,72652234,N,Y,42.0738912,-72.0352656
MLS Listing,,Multi-Family (2-4 Unit),18-20 Dresser St,Southbridge,MA,01550,314900,7,5.0,Southbridge,4383,11761,1920,8,72,,Active,,,http://www.redfin.com/MA/Southbridge/18-Dresser-St-01550/home/16603227,MLS PIN,72652233,N,Y,42.0739734,-72.0355434
MLS Listing,,Single Family Residential,318 Lebanon Hill Rd,Southbridge,MA,01550,229900,3,1.0,Southbridge,1025,12632,1960,14,224,,Active,May-16-2020 11:00 AM,May-16-2020 01:00 PM,http://www.redfin.com/MA/Southbridge/318-Lebanon-Hill-Rd-01550/home/16601427,MLS PIN,72649594,N,Y,42.0523682,-72.0374416
MLS Listing,,Single Family Residential,1089 Dennison Dr,Southbridge,MA,01550,289900,4,2.0,Southbridge,1642,69696,1976,14,177,,Active,,,http://www.redfin.com/MA/Southbridge/1089-Dennison-Dr-01550/home/16601400,MLS PIN,72649390,N,Y,42.0515754,-72.0566861
MLS Listing,,Multi-Family (2-4 Unit),238 Pleasant,Southbridge,MA,01550,249900,7,3.0,Southbridge,3765,13600,1915,33,66,,Active,,,http://www.redfin.com/MA/Southbridge/238-Pleasant-St-01550/home/16604889,MLS PIN,72643010,N,Y,42.087747,-72.0427538
MLS Listing,,Single Family Residential,28 Servant Way,Southbridge,MA,01550,284900,3,2.5,Southbridge,2020,22818,2007,34,141,,Active,,,http://www.redfin.com/MA/Southbridge/28-Servant-Way-01550/home/18977516,MLS PIN,72637739,N,Y,42.0621368,-72.0620377
MLS Listing,,Multi-Family (2-4 Unit),412 Charlton St,Southbridge,MA,01550,247500,4,2.0,Southbridge,2240,46173,1920,34,110,,Active,,,http://www.redfin.com/MA/Southbridge/412-Charlton-St-01550/home/16605021,MLS PIN,72642742,N,Y,42.0859192,-72.0220744
MLS Listing,,Single Family Residential,242 Dennison Dr,Southbridge,MA,01550,228800,3,2.0,Southbridge,2046,17400,1900,48,112,,Active,,,http://www.redfin.com/MA/Southbridge/242-Dennison-Dr-01550/home/16602753,MLS PIN,72638441,N,Y,42.0767246,-72.0517093
MLS Listing,,Single Family Residential,21 Dean St,Southbridge,MA,01550,180900,2,1.5,Southbridge,962,4310,1900,49,188,,Active,,,http://www.redfin.com/MA/Southbridge/21-Dean-St-01550/home/16603600,MLS PIN,72638130,N,Y,42.0758115,-72.028622
MLS Listing,,Single Family Residential,803 Charlton St,Southbridge,MA,01550,439900,5,3.0,Southbridge,3316,263538,2012,59,133,,Active,,,http://www.redfin.com/MA/Southbridge/803-Charlton-St-01550/home/16604683,MLS PIN,72634400,N,Y,42.0968114,-72.0171172
MLS Listing,,Single Family Residential,22 Glenwood Ave,Southbridge,MA,01550,219900,3,1.0,Neighborhood,864,12700,1957,61,255,,Active,,,http://www.redfin.com/MA/Southbridge/22-Glenwood-Ave-01550/home/16604163,MLS PIN,72633698,N,Y,42.0842017,-72.0518394
MLS Listing,,Vacant Land,Lots 9-10 Alpine Dr,Southbridge,MA,01550,49900,,,Southbridge,,43995,,69,,,Active,,,http://www.redfin.com/MA/Southbridge/910-Alpine-Dr-01550/home/168601841,MLS PIN,72629591,N,Y,42.0294984,-72.0446688
MLS Listing,,Vacant Land,Lot 7 Alpine Dr,Southbridge,MA,01550,45000,,,Southbridge,,374572,,69,,,Active,,,http://www.redfin.com/MA/Southbridge/7-Alpine-Dr-01550/home/112351729,MLS PIN,72629590,N,Y,42.0526014,-72.0372761
MLS Listing,,Single Family Residential,Lot 20 Pleasant Hill Ests,Southbridge,MA,01550,259900,3,2.0,Southbridge,1100,13939,2020,71,236,,Active,,,http://www.redfin.com/MA/Southbridge/20-Pleasant-St-01550/home/25686046,MLS PIN,72627779,N,Y,42.0821009,-72.0458231
MLS Listing,,Single Family Residential,Lot 6 Pleasant Hill Ests,Southbridge,MA,01550,299900,3,2.0,Southbridge,1400,18730,2020,71,214,,Active,,,http://www.redfin.com/MA/Southbridge/6-Pleasant-St-01550/home/77480968,MLS PIN,72627741,N,Y,42.0817634,-72.0462246
MLS Listing,,Multi-Family (5+ Unit),11 Pleasant,Southbridge,MA,01550,310000,12,2.0,Southbridge,5528,4148,1880,75,56,,Active,,,http://www.redfin.com/MA/Southbridge/11-Pleasant-St-01550/home/16604106,MLS PIN,72626073,N,Y,42.0821084,-72.0460526
MLS Listing,,Single Family Residential,389 Torrey Rd,Southbridge,MA,01550,265000,3,2.0,Southbridge,1358,234352,1994,79,195,,Active,,,http://www.redfin.com/MA/Southbridge/389-Torrey-Rd-01550/home/16604584,MLS PIN,72623582,N,Y,42.0887575,-71.9965591
MLS Listing,,Single Family Residential,105 Country Club Pl,Southbridge,MA,01550,398000,3,3.5,Southbridge,2809,54014,1961,80,142,,Active,,,http://www.redfin.com/MA/Southbridge/105-Country-Club-Pl-01550/home/16602179,MLS PIN,72623322,N,Y,42.0610175,-72.0389
MLS Listing,,Single Family Residential,27 Bellevue Ave,Southbridge,MA,01550,279000,3,2.0,Southbridge,2080,8990,1960,84,134,,Active,,,http://www.redfin.com/MA/Southbridge/27-Bellevue-Ave-01550/home/16602777,MLS PIN,72621760,N,Y,42.0780814,-72.0545244
MLS Listing,,Single Family Residential,124 Lebanon Hill Rd,Southbridge,MA,01550,289900,5,2.0,Southbridge,2368,44431,1892,92,122,,Active,,,http://www.redfin.com/MA/Southbridge/124-Lebanon-Hill-Rd-01550/home/16602202,MLS PIN,72618912,N,Y,42.0594992,-72.0377018
MLS Listing,,Vacant Land,Lot 1 Hilltop Dr,Southbridge,MA,01550,60000,,,Southbridge,,405108,,98,,,Active,,,http://www.redfin.com/MA/Southbridge/1-Hilltop-Dr-01550/home/170506536,MLS PIN,72616445,N,Y,42.0472156,-72.0325368
MLS Listing,,Multi-Family (5+ Unit),66-70 Central St,Southbridge,MA,01550,439900,15,7.5,Southbridge,7869,8276,1900,104,56,,Active,,,http://www.redfin.com/MA/Southbridge/66-Central-St-01550/home/16603983,MLS PIN,72613952,N,Y,42.0762742,-72.0323952
MLS Listing,,Multi-Family (2-4 Unit),18 Benefit St,Southbridge,MA,01550,154900,4,2.0,Southbridge,1505,5227,1900,104,103,,Active,,,http://www.redfin.com/MA/Southbridge/18-Benefit-St-01550/home/16603763,MLS PIN,72613951,N,Y,42.0760285,-72.0290155
MLS Listing,,Multi-Family (2-4 Unit),62 School,Southbridge,MA,01550,154900,3,2.5,Southbridge,1940,17400,1900,108,80,,Active,,,http://www.redfin.com/MA/Southbridge/62-School-St-01550/home/167728076,MLS PIN,72612139,N,Y,42.0784622,-72.0472287
MLS Listing,,Single Family Residential,45 Lens St,Southbridge,MA,01550,149900,4,1.5,Southbridge,1496,5000,1900,113,100,,Active,,,http://www.redfin.com/MA/Southbridge/45-Lens-St-01550/home/16603774,MLS PIN,72610974,N,Y,42.0750667,-72.0282788
MLS Listing,,Multi-Family (2-4 Unit),12 Cohasse St,Southbridge,MA,01550,215000,8,4.5,Southbridge,4440,7100,1890,114,48,,Active,,,http://www.redfin.com/MA/Southbridge/12-Cohasse-St-01550/home/16602414,MLS PIN,72610268,N,Y,42.069078,-72.0347804
MLS Listing,,Single Family Residential,56 Litchfield Ave,Southbridge,MA,01550,189900,4,2.0,Southbridge,2246,7500,1900,118,85,,Active,,,http://www.redfin.com/MA/Southbridge/56-Litchfield-Ave-01550/home/16603068,MLS PIN,72609067,N,Y,42.0749799,-72.0499693
MLS Listing,,Single Family Residential,0 N Woodstock Rd,Southbridge,MA,01550,334900,3,2.0,Southbridge,1801,29863,2019,118,186,,Active,,,http://www.redfin.com/MA/Southbridge/0-N-N-Woodstock-Rd-01550/home/170327780,MLS PIN,72609029,N,Y,42.0490233,-72.015166
MLS Listing,,Vacant Land,Lot A Alpine Dr,Southbridge,MA,01550,14900,,,Southbridge,,26538,,122,,,Active,,,http://www.redfin.com/MA/Southbridge/503-E-Main-St-01550/home/109428598,MLS PIN,72607188,N,Y,42.0691114,-72.0082272
MLS Listing,,Single Family Residential,Lot 45 Maria Ave,Southbridge,MA,01550,327900,3,2.0,Southbridge,1801,42125,2019,137,182,,Active,,,http://www.redfin.com/MA/Southbridge/45-Maria-Ave-01550/home/167101276,MLS PIN,72602876,N,Y,42.0626761,-72.0331553
MLS Listing,,Single Family Residential,10 Hilltop Dr,Southbridge,MA,01550,249400,4,2.0,Established Cul De Sac Neighborhood,1606,20496,1990,183,155,,Active,,,http://www.redfin.com/MA/Southbridge/10-Hilltop-Dr-01550/home/16601295,MLS PIN,72592226,N,Y,42.0469571,-72.0333936
MLS Listing,,Single Family Residential,Lot 1 N Woodstock Rd,Southbridge,MA,01550,359900,3,2.0,Southbridge,1801,103672,2018,308,200,,Active,,,http://www.redfin.com/MA/Southbridge/1-N-Woodstock-Rd-01550/home/21781287,MLS PIN,72532870,N,Y,42.0710368,-72.0152686
MLS Listing,,Single Family Residential,0 Old Dudley Rd,Southbridge,MA,01550,354900,3,2.0,Southbridge,1801,212137,2019,367,197,,Active,,,http://www.redfin.com/MA/Southbridge/0-Old-Dudley-Rd-01550/home/146257543,MLS PIN,72498895,N,Y,42.0749668,-72.0336857
MLS Listing,,Vacant Land,LOT 3R Guelphwood Rd,Southbridge,MA,01550,19000,,,Southbridge,,36962,,419,,,Active,,,http://www.redfin.com/MA/Southbridge/3-Guelphwood-Rd-01550/home/21780732,MLS PIN,72469534,N,Y,42.0813669,-72.0233716
MLS Listing,,Vacant Land,0 Briarwood Ave,Southbridge,MA,01550,150000,,,Southbridge,,135907,,646,,,Active,,,http://www.redfin.com/MA/SOUTHBRIDGE/BRIARWOOD-AVE-01550/home/55738112,MLS PIN,72375274,N,Y,42.058695,-72.054793
MLS Listing,,Vacant Land,215 Morris St,Southbridge,MA,01550,34900,,,Southbridge,,43150,,707,,,Active,,,http://www.redfin.com/MA/Southbridge/215-Morris-St-01550/home/16603569,MLS PIN,72342143,N,Y,42.066516,-72.0269284
