SALE TYPE,SOLD DATE,PROPERTY TYPE,ADDRESS,CITY,STATE OR PROVINCE,ZIP OR POSTAL CODE,PRICE,BEDS,BATHS,LOCATION,SQUARE FEET,LOT SIZE,YEAR BUILT,DAYS ON MARKET,$/SQUARE FEET,HOA/MONTH,STATUS,NEXT OPEN HOUSE START TIME,NEXT OPEN HOUSE END TIME,URL (SEE http://www.redfin.com/buy-a-home/comparative-market-analysis FOR INFO ON PRICING),SOURCE,MLS#,FAVORITE,INTERESTED,LATITUDE,LONGITUDE
MLS Listing,,Single Family Residential,20 Fox Run Rd,Sterling,MA,01564,429900,5,2.0,Sterling,4050,62290,1985,3,106,,Active,,,http://www.redfin.com/MA/Sterling/20-Fox-Run-Rd-01564/home/16609232,MLS PIN,72649634,N,Y,42.4171296,-71.8133129
MLS Listing,,Single Family Residential,5 Karen Dr,Sterling,MA,01564,425000,4,3.0,Sterling,2196,26098,1966,3,194,,Active,,,http://www.redfin.com/MA/Sterling/5-Karen-Dr-01564/home/16610792,MLS PIN,72654240,N,Y,42.416874,-71.7768209
MLS Listing,,Multi-Family (2-4 Unit),181 Clinton Rd,Sterling,MA,01564,409395,4,2.0,Sterling,2958,135907,1865,6,138,,Active,,,http://www.redfin.com/MA/Sterling/181-Clinton-Rd-01564/home/16611351,MLS PIN,72653361,N,Y,42.4438897,-71.7207039
MLS Listing,,Vacant Land,Lot 0 Redemption Rock Trl,Princeton,MA,01541,352350,,,Princeton,,1058508,,15,,,Active,,,http://www.redfin.com/MA/Princeton/Lot-0-Redemption-Rock-Trl-01541/home/171448737,MLS PIN,72649204,N,Y,42.4508494,-71.8191189
MLS Listing,,Single Family Residential,4 Malvern Hill Rd,Sterling,MA,01564,519900,4,2.5,Hampton Roads Estates,3072,46609,2000,15,169,,Active,,,http://www.redfin.com/MA/Sterling/4-Malvern-Hill-Rd-01564/home/16610610,MLS PIN,72649036,N,Y,42.4287965,-71.7530234
MLS Listing,,Single Family Residential,133 Kendall Hill Rd,Sterling,MA,01564,389000,3,2.0,Sterling,1420,41307,1949,36,274,,Active,,,http://www.redfin.com/MA/Sterling/133-Kendall-Hill-Rd-01564/home/16609853,MLS PIN,72642165,N,Y,42.4202568,-71.7378158
MLS Listing,,Single Family Residential,46 Osgood Rd,Sterling,MA,01564,459900,5,2.0,Sterling,2583,62291,1967,48,178,,Active,,,http://www.redfin.com/MA/Sterling/46-Osgood-Rd-01564/home/16610544,MLS PIN,72638630,N,Y,42.4482405,-71.7834004
MLS Listing,,Single Family Residential,376 Redemption Rock Trl,Sterling,MA,01564,369900,4,2.5,Sterling,2250,182952,1759,57,164,,Active,,,http://www.redfin.com/MA/Sterling/376-Redemption-Rock-Trl-01564/home/16610286,MLS PIN,72635192,N,Y,42.4561438,-71.8203268
MLS Listing,,Vacant Land,Map 137-5 Worcester Rd,Sterling,MA,01564,115000,,,Sterling,,21918,,59,,,Active,,,http://www.redfin.com/MA/Sterling/137-Worcester-Rd-01564/home/171128942,MLS PIN,72634230,N,Y,42.4210759,-71.7751386
MLS Listing,,Single Family Residential,31 Mellon Hollow Rd,Sterling,MA,01564,269900,4,2.0,Sterling,1840,65340,1910,66,147,,Active,,,http://www.redfin.com/MA/Sterling/31-Mellon-Hollow-Rd-01564/home/16611422,MLS PIN,72630709,N,Y,42.4620536,-71.7464822
MLS Listing,,Single Family Residential,4 Sandy Way,Sterling,MA,01564,635000,4,3.5,Sterling,3200,103237,2004,78,198,,Active,,,http://www.redfin.com/MA/Sterling/4-Sandy-Way-01564/home/16611183,MLS PIN,72624668,N,Y,42.4573991,-71.7217698
MLS Listing,,Single Family Residential,36 Legate Hill Rd,Sterling,MA,01564,329900,4,2.5,Sterling,2192,48352,1988,87,151,,Active,,,http://www.redfin.com/MA/Sterling/36-Legate-Hill-Rd-01564/home/21489006,MLS PIN,72620389,N,Y,42.4769782,-71.743973
MLS Listing,,Single Family Residential,35 Redemption Rock Trl,Sterling,MA,01564,293900,2,1.5,Pratt Junction,1212,52708,1900,115,242,,Active,,,http://www.redfin.com/MA/Sterling/35-Redemption-Rock-Trl-01564/home/16609056,MLS PIN,72609989,N,Y,42.4054276,-71.7981808
MLS Listing,,Vacant Land,11 N Cove Rd,Sterling,MA,01564,139900,,,Sterling,,122404,,147,,,Active,,,http://www.redfin.com/MA/Sterling/11-N-Cove-Rd-01564/home/170136897,MLS PIN,72601778,N,Y,42.4177081,-71.7441837
MLS Listing,,Single Family Residential,Lot 10 Adam Taylor Rd,Sterling,MA,01564,750000,4,2.5,Sterling,3000,96703,2020,201,250,,Active,,,http://www.redfin.com/MA/Sterling/10-Adam-Taylor-Rd-01564/home/16610620,MLS PIN,72585170,N,Y,42.4260773,-71.7523781
MLS Listing,,Vacant Land,9 Malvern Hl,Sterling,MA,01564,189900,,,Sterling,,60984,,209,,,Active,,,http://www.redfin.com/MA/Sterling/9-Malvern-Hl-01564/home/169465463,MLS PIN,72582016,N,Y,42.428741,-71.7533871
MLS Listing,,Single Family Residential,Lot 10 Stephanie Anne Ln,Sterling,MA,01564,950000,4,2.5,Sterling,3400,84000,2019,270,279,,Active,,,http://www.redfin.com/MA/Sterling/10-Stephanie-Anne-Ln-01564/home/16869326,MLS PIN,72551560,N,Y,42.4240262,-71.7513407
MLS Listing,,Single Family Residential,1B Stephanie Anne Ln,Sterling,MA,01564,650000,3,2.0,Hampton Rhodes,2400,111949,2019,727,271,,Active,,,http://www.redfin.com/MA/Sterling/1-Stephanie-Anne-Ln-01564/home/16610623,MLS PIN,72330571,N,Y,42.4265649,-71.7509464
