SALE TYPE,SOLD DATE,PROPERTY TYPE,ADDRESS,CITY,STATE OR PROVINCE,ZIP OR POSTAL CODE,PRICE,BEDS,BATHS,LOCATION,SQUARE FEET,LOT SIZE,YEAR BUILT,DAYS ON MARKET,$/SQUARE FEET,HOA/MONTH,STATUS,NEXT OPEN HOUSE START TIME,NEXT OPEN HOUSE END TIME,URL (SEE http://www.redfin.com/buy-a-home/comparative-market-analysis FOR INFO ON PRICING),SOURCE,MLS#,FAVORITE,INTERESTED,LATITUDE,LONGITUDE
MLS Listing,,Single Family Residential,25 Fellsmere,Stoneham,MA,02180,559900,3,2.0,Stoneham,1976,7840,1960,1,283,,Active,,,http://www.redfin.com/MA/STONEHAM/25-FELLSMERE-AVE-02180/home/11651877,MLS PIN,72655677,N,Y,42.480535,-71.077325
MLS Listing,,Condo/Co-op,148 Marble St #104,Stoneham,MA,02180,259000,1,1.0,Stoneham,632,,1975,2,410,288,Active,,,http://www.redfin.com/MA/Stoneham/148-S-Marble-St-02180/unit-104/home/11666981,MLS PIN,72655082,N,Y,42.4732648,-71.1077126
MLS Listing,,Condo/Co-op,144 Marble St #506,Stoneham,MA,02180,373000,2,2.0,Stoneham,1295,,1978,2,288,433,Active,,,http://www.redfin.com/MA/Stoneham/144-S-Marble-St-02180/unit-506/home/11667331,MLS PIN,72655070,N,Y,42.4725894,-71.1083944
MLS Listing,,Condo/Co-op,320 Fellsview Ter #323,Stoneham,MA,02180,479900,3,2.0,Stoneham,1560,,1979,7,308,619,Active,,,http://www.redfin.com/MA/Stoneham/320-Fellsview-Ter-02180/unit-323/home/11653003,MLS PIN,72652955,N,Y,42.4582731,-71.0821655
MLS Listing,,Single Family Residential,12 Brackett Ave,Stoneham,MA,02180,419900,3,1.0,Stoneham,1238,10511,1925,10,339,,Active,,,http://www.redfin.com/MA/Stoneham/12-Brackett-Ave-02180/home/11654313,MLS PIN,72651451,N,Y,42.489071,-71.0875448
MLS Listing,,Multi-Family (2-4 Unit),102 William St,Stoneham,MA,02180,1400000,6,5.0,Stoneham,5200,10890,2020,10,269,,Active,,,http://www.redfin.com/MA/Stoneham/102-William-St-02180/home/11658618,MLS PIN,72651346,N,Y,42.4842849,-71.0987793
MLS Listing,,Townhouse,102 William St #1,Stoneham,MA,02180,729900,3,2.5,Stoneham,2600,10890,2020,10,281,125,Active,,,http://www.redfin.com/MA/Stoneham/102-William-St-02180/unit-1/home/171537184,MLS PIN,72651339,N,Y,42.4842849,-71.0987793
MLS Listing,,Townhouse,102 William St #2,Stoneham,MA,02180,729900,3,2.5,Stoneham,2600,10890,2020,10,281,125,Active,,,http://www.redfin.com/MA/Stoneham/102-William-St-02180/unit-2/home/171537162,MLS PIN,72651334,N,Y,42.4842849,-71.0987793
MLS Listing,,Single Family Residential,8 Hill St,Stoneham,MA,02180,869000,3,3.5,Stoneham,2323,7105,2004,58,374,,Active,,,http://www.redfin.com/MA/Stoneham/8-Hill-St-02180/home/11669434,MLS PIN,72634917,N,Y,42.4738639,-71.1097814
MLS Listing,,Condo/Co-op,159 Main St Unit 10C,Stoneham,MA,02180,394900,2,2.0,Stoneham,1050,,1981,62,376,364,Active,,,http://www.redfin.com/MA/STONEHAM/159-MAIN-ST-02180/unit-10C/home/11660928,MLS PIN,72633544,N,Y,42.491394,-71.100626
MLS Listing,,Condo/Co-op,144 Marble St #502,Stoneham,MA,02180,399000,2,2.0,Stoneham,1266,,1978,71,315,433,Active,,,http://www.redfin.com/MA/Stoneham/144-S-Marble-St-02180/unit-502/home/11667301,MLS PIN,72628061,N,Y,42.4725894,-71.1083944
MLS Listing,,Townhouse,224 Park St Unit C9,Stoneham,MA,02180,434900,2,1.5,Stoneham,1845,,1984,79,236,503,Active,,,http://www.redfin.com/MA/Stoneham/224-Park-St-02180/unit-C9/home/11665224,MLS PIN,72623923,N,Y,42.4701864,-71.10584
