SALE TYPE,SOLD DATE,PROPERTY TYPE,ADDRESS,CITY,STATE OR PROVINCE,ZIP OR POSTAL CODE,PRICE,BEDS,BATHS,LOCATION,SQUARE FEET,LOT SIZE,YEAR BUILT,DAYS ON MARKET,$/SQUARE FEET,HOA/MONTH,STATUS,NEXT OPEN HOUSE START TIME,NEXT OPEN HOUSE END TIME,URL (SEE http://www.redfin.com/buy-a-home/comparative-market-analysis FOR INFO ON PRICING),SOURCE,MLS#,FAVORITE,INTERESTED,LATITUDE,LONGITUDE
MLS Listing,,Single Family Residential,27 Golden Rd,Stoughton,MA,02072,499900,4,2.0,Stoughton,2810,17624,1965,1,178,,Active,May-16-2020 02:00 PM,May-16-2020 04:00 PM,http://www.redfin.com/MA/Stoughton/27-Golden-Rd-02072/home/11737701,MLS PIN,72655503,N,Y,42.135392,-71.0961332
MLS Listing,,Condo/Co-op,39 Christopher Dr Unit C,Stoughton,MA,02072,250000,2,2.0,Stoughton,1250,,1973,2,200,368,Active,,,http://www.redfin.com/MA/Stoughton/39-Christopher-Dr-02072/unit-C/home/11742350,MLS PIN,72655167,N,Y,42.137276,-71.14258
MLS Listing,,Single Family Residential,42 Duncan Rd,Stoughton,MA,02072,324900,3,2.0,Stoughton,1827,15000,1963,4,178,,Active,,,http://www.redfin.com/MA/Stoughton/42-Duncan-Rd-02072/home/11735185,MLS PIN,72654168,N,Y,42.1147279,-71.0936727
MLS Listing,,Single Family Residential,144 Lincoln St,Stoughton,MA,02072,525000,5,2.5,Stoughton,2435,8800,1940,8,216,,Active,,,http://www.redfin.com/MA/Stoughton/144-Lincoln-St-02072/home/11736702,MLS PIN,72652497,N,Y,42.1297359,-71.0964117
MLS Listing,,Condo/Co-op,66 Brian Dr Unit G,Stoughton,MA,02072,265000,2,2.0,Stoughton,1250,,1973,9,212,384,Active,,,http://www.redfin.com/MA/Stoughton/66-Brian-Dr-02072/unit-G/home/11722560,MLS PIN,72651889,N,Y,42.1365936,-71.143275
MLS Listing,,Townhouse,203 Copperwood Dr #46,Stoughton,MA,02072,369000,2,2.5,Stoughton,2301,,1987,15,160,379,Active,,,http://www.redfin.com/MA/Stoughton/203-Copperwood-Dr-02072/unit-46/home/171453185,MLS PIN,72649281,N,Y,42.1409497,-71.1377074
MLS Listing,,Single Family Residential,1451 Central St,Stoughton,MA,02072,550000,5,3.5,Stoughton,3890,41800,2018,16,141,,Active,,,http://www.redfin.com/MA/Stoughton/1451-Central-St-02072/home/11729650,MLS PIN,72648461,N,Y,42.1320318,-71.117998
MLS Listing,,Single Family Residential,191 William Kelley Rd,Stoughton,MA,02072,469900,3,1.5,Stoughton,2400,16040,1977,19,196,,Active,,,http://www.redfin.com/MA/Stoughton/191-William-Kelley-Rd-02072/home/11498357,MLS PIN,72647798,N,Y,42.1206124,-71.0785383
MLS Listing,,Townhouse,84 Frances Dr #84,Stoughton,MA,02072,349900,2,2.5,Stoughton,1776,,1977,20,197,456,Active,,,http://www.redfin.com/MA/Stoughton/84-Frances-Dr-02072/unit-84/home/77494170,MLS PIN,72647321,N,Y,42.1360727,-71.1349178
MLS Listing,,Condo/Co-op,43 McCormick Ter #55,Stoughton,MA,02072,210000,2,1.0,Stoughton,965,,1971,24,218,500,Active,,,http://www.redfin.com/MA/Stoughton/43-McCormick-Ter-02072/unit-55/home/11733727,MLS PIN,72645909,N,Y,42.1348674,-71.1038795
MLS Listing,,Single Family Residential,47 Columbia St,Stoughton,MA,02072,310800,2,1.0,Stoughton,1083,12000,1900,28,287,,Active,,,http://www.redfin.com/MA/Stoughton/47-Columbia-St-02072/home/11729987,MLS PIN,72644833,N,Y,42.1364721,-71.1145164
MLS Listing,,Townhouse,48 Kim Ter Unit U48,Stoughton,MA,02072,550000,4,3.5,Stoughton,3998,,1987,29,138,668,Active,,,http://www.redfin.com/MA/Stoughton/48-Kim-Ter-02072/unit-U48/home/171351353,MLS PIN,72644290,N,Y,42.1331946,-71.1351535
MLS Listing,,Single Family Residential,134 Carey Cir,Stoughton,MA,02072,369900,3,2.0,Stoughton,1925,7500,1953,29,192,,Active,,,http://www.redfin.com/MA/Stoughton/134-Carey-Cir-02072/home/11729899,MLS PIN,72638796,N,Y,42.1371786,-71.1182301
MLS Listing,,Single Family Residential,56 Scofield Dr,Stoughton,MA,02072,719900,4,2.5,Goddard Highlands,2650,12854,2020,34,272,80,Active,,,http://www.redfin.com/MA/Stoughton/56-Scofield-DR-02072/home/171304316,MLS PIN,72642751,N,Y,42.1229099,-71.1092012
MLS Listing,,Single Family Residential,159 Stoughton St,Stoughton,MA,02072,260000,3,1.0,Pinecrest Acres,1080,8796,1948,37,241,,Active,,,http://www.redfin.com/MA/Stoughton/159-Stoughton-St-02072/home/11730534,MLS PIN,72641714,N,Y,42.1398773,-71.1092824
MLS Listing,,Single Family Residential,1049 Sumner St,Stoughton,MA,02072,749900,4,3.5,Stoughton,3500,57290,2020,41,214,,Active,,,http://www.redfin.com/MA/Stoughton/1049-Sumner-St-02072/home/11738698,MLS PIN,72640820,N,Y,42.0971239,-71.0798847
MLS Listing,,Single Family Residential,53 Sumner,Stoughton,MA,02072,535000,6,2.0,Stoughton,3133,15200,1930,41,171,,Active,,,http://www.redfin.com/MA/Stoughton/53-Sumner-St-02072/home/11735917,MLS PIN,72640721,N,Y,42.1204579,-71.096226
MLS Listing,,Townhouse,93 Rosewood Dr #93,Stoughton,MA,02072,312900,3,1.5,Stoughton,1295,,1974,44,242,532,Active,,,http://www.redfin.com/MA/Stoughton/93-Rosewood-Dr-02072/unit-93/home/171236388,MLS PIN,72639486,N,Y,42.1420662,-71.1341719
MLS Listing,,Townhouse,243 Greenbrook #243,Stoughton,MA,02072,309900,3,1.5,Stoughton,1260,,1974,45,246,532,Active,,,http://www.redfin.com/MA/Stoughton/243-Greenbrook-Dr-02072/unit-243/home/59290669,MLS PIN,72639327,N,Y,42.1425409,-71.1344821
MLS Listing,,Single Family Residential,143 Eagle Rock Rd,Stoughton,MA,02072,694000,4,2.5,Stoughton,2814,46174,2000,56,247,,Active,,,http://www.redfin.com/MA/Stoughton/143-Eagle-Rock-Rd-02072/home/11742284,MLS PIN,72636002,N,Y,42.0783771,-71.1315063
MLS Listing,,Single Family Residential,153 Stoughton St,Stoughton,MA,02072,384900,4,1.0,Stoughton,1665,9161,1948,70,231,,Active,,,http://www.redfin.com/MA/Stoughton/153-Stoughton-St-02072/home/11730536,MLS PIN,72628957,N,Y,42.1399801,-71.1095029
MLS Listing,,Townhouse,53 Elderwood Dr #53,Stoughton,MA,02072,299000,3,1.5,Stoughton,1240,,1980,70,241,394,Active,,,http://www.redfin.com/MA/Stoughton/53-Elderwood-Dr-02072/unit-53/home/113214246,MLS PIN,72628731,N,Y,42.1397311,-71.1331477
MLS Listing,,Single Family Residential,1449 West St,Stoughton,MA,02072,799900,4,3.5,Stoughton,3200,80000,2020,79,250,,Active,,,http://www.redfin.com/MA/Stoughton/1449-West-St-02072/home/170665953,MLS PIN,72623840,N,Y,42.0956509,-71.1167046
MLS Listing,,Single Family Residential,23 Kenmore Rd,Stoughton,MA,02072,450000,3,2.0,Stoughton,1860,11114,1948,92,242,,Active,,,http://www.redfin.com/MA/Stoughton/23-Kenmore-Rd-02072/home/11730298,MLS PIN,72618647,N,Y,42.1380552,-71.1108956
MLS Listing,,Vacant Land,0 West St,Stoughton,MA,02072,400000,,,Stoughton,,1071576,,101,,,Active,,,http://www.redfin.com/MA/STOUGHTON/WEST-ST-02072/home/76484152,MLS PIN,72614882,N,Y,42.092017,-71.115609
MLS Listing,,Single Family Residential,Lot 79 Scofield Dr,Stoughton,MA,02072,664900,3,2.5,Goddard Highlands,2172,11720,2019,107,306,80,Active,,,http://www.redfin.com/MA/Stoughton/Lot-79-Scofield-DR-02072/home/170446508,MLS PIN,72612607,N,Y,42.1229099,-71.1092012
MLS Listing,,Condo/Co-op,81 Summer St #1,Stoughton,MA,02072,395000,3,2.0,Stoughton,1433,,2002,204,276,295,Active,,,http://www.redfin.com/MA/Stoughton/81-Summer-St-02072/unit-1/home/144815067,MLS PIN,72582846,N,Y,42.124392,-71.1063
MLS Listing,,Single Family Residential,7 Scofield Dr,Stoughton,MA,02072,629900,3,2.5,Goddard Highlands,1912,11414,2019,267,329,80,Active,,,http://www.redfin.com/MA/Stoughton/7-7th-St-02072/home/168696241,MLS PIN,72552789,N,Y,42.1144725,-71.0770253
