SALE TYPE,SOLD DATE,PROPERTY TYPE,ADDRESS,CITY,STATE OR PROVINCE,ZIP OR POSTAL CODE,PRICE,BEDS,BATHS,LOCATION,SQUARE FEET,LOT SIZE,YEAR BUILT,DAYS ON MARKET,$/SQUARE FEET,HOA/MONTH,STATUS,NEXT OPEN HOUSE START TIME,NEXT OPEN HOUSE END TIME,URL (SEE http://www.redfin.com/buy-a-home/comparative-market-analysis FOR INFO ON PRICING),SOURCE,MLS#,FAVORITE,INTERESTED,LATITUDE,LONGITUDE
MLS Listing,,Townhouse,38 Arbor Glen Dr #38,Stow,MA,01775,499500,2,3.5,Stow,3100,,2008,8,161,416,Active,,,http://www.redfin.com/MA/Stow/38-Arbor-Glen-Dr-01775/unit-38/home/170932739,MLS PIN,72652557,N,Y,42.4301078,-71.5351649
MLS Listing,,Single Family Residential,160 Crescent St,Stow,MA,01775,779900,4,2.5,Stow,3892,68825,1914,8,200,,Active,,,http://www.redfin.com/MA/Stow/160-Crescent-St-01775/home/8700083,MLS PIN,72652380,N,Y,42.43601,-71.4946112
MLS Listing,,Single Family Residential,8 Deacon Benham,Stow,MA,01775,670000,4,2.5,Stow,4000,88427,1986,47,168,,Active,,,http://www.redfin.com/MA/Stow/8-Deacon-Benham-Rd-01775/home/8693356,MLS PIN,72638723,N,Y,42.4184096,-71.5211362
MLS Listing,,Condo/Co-op,34 Meeting House Ln #211,Stow,MA,01775,325000,2,2.0,Stow,1197,,2002,49,272,669,Active,,,http://www.redfin.com/MA/Stow/34-Meeting-House-Ln-01775/unit-211/home/8701874,MLS PIN,72638190,N,Y,42.4365181,-71.4891219
MLS Listing,,Single Family Residential,59 Edgehill Rd,Stow,MA,01775,624900,5,2.5,Stow,2580,45738,1968,55,242,,Active,May-17-2020 12:00 PM,May-17-2020 02:00 PM,http://www.redfin.com/MA/Stow/59-Edgehill-Rd-01775/home/8692391,MLS PIN,72636418,N,Y,42.4146996,-71.5512064
MLS Listing,,Single Family Residential,86 Dunster Dr,Stow,MA,01775,885000,4,3.5,Derby Woods,4346,37462,2011,57,204,,Active,May-16-2020 01:00 PM,May-16-2020 03:00 PM,http://www.redfin.com/MA/Stow/86-Dunster-Dr-01775/home/45392407,MLS PIN,72635239,N,Y,42.449498,-71.5350472
MLS Listing,,Vacant Land,5 Pennie Ln,Stow,MA,01775,235000,,,Stow,,402494,,61,,,Active,,,http://www.redfin.com/MA/Stow/5-Pennie-LN-01775/home/166926483,MLS PIN,72633686,N,Y,42.4195323,-71.5130445
MLS Listing,,Vacant Land,4 Pennie Ln,Stow,MA,01775,235000,,,Stow,,200375,,61,,,Active,,,http://www.redfin.com/MA/Stow/4-Pennie-LN-01775/home/166925561,MLS PIN,72633685,N,Y,42.4195323,-71.5130445
MLS Listing,,Vacant Land,3 Pennie Ln,Stow,MA,01775,215000,,,Stow,,182080,,61,,,Active,,,http://www.redfin.com/MA/Stow/3-Pennie-LN-01775/home/166922126,MLS PIN,72633684,N,Y,42.4195323,-71.5130445
MLS Listing,,Vacant Land,"2,3,4,5 Pennie Ln",Stow,MA,01775,875000,,,Stow,,948301,,61,,,Active,,,http://www.redfin.com/MA/Stow/2-3-4-5-Pennie-LN-01775/home/171119200,MLS PIN,72633683,N,Y,42.4195323,-71.5130445
MLS Listing,,Vacant Land,2 Pennie Ln,Stow,MA,01775,215000,,,Stow,,163350,,61,,,Active,,,http://www.redfin.com/MA/Stow/2-Pennie-LN-01775/home/166921766,MLS PIN,72633681,N,Y,42.4195323,-71.5130445
MLS Listing,,Single Family Residential,29 Pine Ridge Rd,Stow,MA,01775,898000,5,3.5,Stow,5245,111949,1977,225,171,,Active,,,http://www.redfin.com/MA/Stow/29-Pine-Ridge-Rd-01775/home/8694438,MLS PIN,72574199,N,Y,42.4224366,-71.5049525
