SALE TYPE,SOLD DATE,PROPERTY TYPE,ADDRESS,CITY,STATE OR PROVINCE,ZIP OR POSTAL CODE,PRICE,BEDS,BATHS,LOCATION,SQUARE FEET,LOT SIZE,YEAR BUILT,DAYS ON MARKET,$/SQUARE FEET,HOA/MONTH,STATUS,NEXT OPEN HOUSE START TIME,NEXT OPEN HOUSE END TIME,URL (SEE http://www.redfin.com/buy-a-home/comparative-market-analysis FOR INFO ON PRICING),SOURCE,MLS#,FAVORITE,INTERESTED,LATITUDE,LONGITUDE
MLS Listing,,Single Family Residential,6 Millbury Ter,Millbury,MA,01527,295000,3,1.0,Millbury,1256,11641,1950,1,235,,Active,,,http://www.redfin.com/MA/Millbury/6-Millbury-Ter-01527/home/16562682,MLS PIN,72655294,N,Y,42.2245499,-71.7624103
MLS Listing,,Townhouse,270 Sunderland #48,Worcester,MA,01604,169900,2,1.5,Worcester,900,,1985,3,189,300,Active,,,http://www.redfin.com/MA/Worcester/270-Sunderland-Rd-01604/unit-48/home/16660854,MLS PIN,72654604,N,Y,42.2429006,-71.7598474
MLS Listing,,Single Family Residential,33 GORDON,Worcester,MA,01604,445865,4,3.0,Worcester,2376,12009,2020,3,188,,Active,,,http://www.redfin.com/MA/Worcester/33-Gordon-St-01604/home/171577895,MLS PIN,72654358,N,Y,42.259264,-71.7711938
MLS Listing,,Townhouse,56 Weatherstone Dr #56,Worcester,MA,01604,239900,2,2.5,Worcester,2000,,1988,6,120,416,Active,,,http://www.redfin.com/MA/Worcester/56-Weatherstone-Dr-01604/unit-56/home/77492782,MLS PIN,72653304,N,Y,42.2340515,-71.7552012
MLS Listing,,Single Family Residential,44 Ernest Ave,Worcester,MA,01604,329900,3,2.0,Worcester,1512,6075,1964,7,218,,Active,,,http://www.redfin.com/MA/Worcester/44-Ernest-Ave-01604/home/16654891,MLS PIN,72653218,N,Y,42.2547418,-71.7663953
MLS Listing,,Single Family Residential,5 Sandy Bar Dr,Worcester,MA,01604,315000,3,1.5,Worcester,1152,4000,1921,10,273,,Active,,,http://www.redfin.com/MA/Worcester/5-Sandy-Bar-Dr-01604/home/16652032,MLS PIN,72651294,N,Y,42.2533103,-71.7517882
MLS Listing,,Townhouse,74 Weatherstone #74,Worcester,MA,01604,245000,2,2.0,Worcester,1506,,2003,12,163,410,Active,,,http://www.redfin.com/MA/Worcester/74-Weatherstone-Dr-01604/unit-74/home/69371122,MLS PIN,72650715,N,Y,42.2342815,-71.7560299
MLS Listing,,Single Family Residential,28 Nightview Pl,Millbury,MA,01527,424900,3,2.5,Millbury,1608,7455,2017,12,264,,Active,,,http://www.redfin.com/MA/Millbury/28-Nightview-Pl-01527/home/113389817,MLS PIN,72650597,N,Y,42.2275758,-71.7528309
MLS Listing,,Multi-Family (2-4 Unit),402 Grafton St,Worcester,MA,01604,405000,9,3.0,Worcester,3654,4601,1920,18,111,,Active,May-16-2020 12:00 PM,May-16-2020 01:00 PM,http://www.redfin.com/MA/Worcester/402-Grafton-St-01604/home/16670371,MLS PIN,72648032,N,Y,42.2538302,-71.7835858
MLS Listing,,Single Family Residential,9 Anderson Ave,Worcester,MA,01604,280000,3,1.5,Worcester,1614,10837,1910,20,173,,Active,,,http://www.redfin.com/MA/Worcester/9-Anderson-Ave-01604/home/16670768,MLS PIN,72647346,N,Y,42.2572606,-71.7658392
MLS Listing,,Single Family Residential,4 Suntaug Rd,Worcester,MA,01604,649900,4,3.5,Worcester,4000,8520,1984,35,162,,Active,,,http://www.redfin.com/MA/Worcester/4-Suntaug-Rd-01604/home/16651946,MLS PIN,72642516,N,Y,42.2443591,-71.7474417
MLS Listing,,Single Family Residential,4 Benoit St,Worcester,MA,01604,289900,3,2.5,Worcester,1568,6592,2005,60,185,,Active,,,http://www.redfin.com/MA/Worcester/4-Benoit-St-01604/home/28460515,MLS PIN,72633829,N,Y,42.2482089,-71.7633819
MLS Listing,,Single Family Residential,235 Hamilton St,Worcester,MA,01604,379900,4,2.0,Worcester,3091,8535,1910,68,123,,Active,,,http://www.redfin.com/MA/Worcester/235-Hamilton-St-01604/home/16667558,MLS PIN,72629839,N,Y,42.2567878,-71.77228
MLS Listing,,Multi-Family (2-4 Unit),36 Vale St,Worcester,MA,01604,279900,4,2.0,Worcester,1600,2619,1910,84,175,,Active,,,http://www.redfin.com/MA/Worcester/36-Vale-St-01604/home/16663974,MLS PIN,72621937,N,Y,42.2522524,-71.7873852
MLS Listing,,Single Family Residential,496 Hamilton St,Worcester,MA,01604,359900,3,2.5,Hamilton of Lake Ave.,1792,40000,2019,121,201,,Active,,,http://www.redfin.com/MA/Worcester/496-Hamilton-St-01604/home/16670295,MLS PIN,72607852,N,Y,42.2590178,-71.7601861
MLS Listing,,Single Family Residential,8 Corrine St,Worcester,MA,01604,225000,3,1.0,Worcester,1145,7500,1927,174,197,,Active,,,http://www.redfin.com/MA/Worcester/8-Corrine-St-01604/home/16665412,MLS PIN,72595521,N,Y,42.2498938,-71.7686658
