SALE TYPE,SOLD DATE,PROPERTY TYPE,ADDRESS,CITY,STATE OR PROVINCE,ZIP OR POSTAL CODE,PRICE,BEDS,BATHS,LOCATION,SQUARE FEET,LOT SIZE,YEAR BUILT,DAYS ON MARKET,$/SQUARE FEET,HOA/MONTH,STATUS,NEXT OPEN HOUSE START TIME,NEXT OPEN HOUSE END TIME,URL (SEE http://www.redfin.com/buy-a-home/comparative-market-analysis FOR INFO ON PRICING),SOURCE,MLS#,FAVORITE,INTERESTED,LATITUDE,LONGITUDE
MLS Listing,,Townhouse,10 English Cmns #10,Topsfield,MA,01983,949900,2,3.0,Topsfield,3900,2983860,2011,13,244,835,Active,,,http://www.redfin.com/MA/Topsfield/10-English-Cmns-01983/unit-10/home/171494687,MLS PIN,72650126,N,Y,42.6051496,-70.9596489
MLS Listing,,Single Family Residential,9 Millbrook Ln,Topsfield,MA,01983,790000,3,2.5,Topsfield,2964,75183,1985,27,267,,Active,,,http://www.redfin.com/MA/Topsfield/9-Millbrook-Ln-01983/home/8383787,MLS PIN,72644911,N,Y,42.642251,-70.9704922
MLS Listing,,Condo/Co-op,37 Main #3,Topsfield,MA,01983,349900,2,1.5,Topsfield,1202,,1834,43,291,235,Active,,,http://www.redfin.com/MA/Topsfield/37-Main-St-01983/unit-3/home/11535541,MLS PIN,72639683,N,Y,42.6395811,-70.950245
MLS Listing,,Single Family Residential,86 Howlett St,Topsfield,MA,01983,599000,3,4.5,Topsfield,3500,174240,1675,75,171,,Active,,,http://www.redfin.com/MA/Topsfield/86-Howlett-St-01983/home/8385205,MLS PIN,72626014,N,Y,42.6428794,-70.9378919
MLS Listing,,Single Family Residential,85 HILL St,Topsfield,MA,01983,1199000,4,3.5,Topsfield,5863,86685,1978,129,205,,Active,,,http://www.redfin.com/MA/Topsfield/85-Hill-St-01983/home/8389174,MLS PIN,72604991,N,Y,42.6184207,-70.9642109
MLS Listing,,Single Family Residential,16 Howlett St,Topsfield,MA,01983,779000,4,3.5,Topsfield,3487,52272,1983,202,223,,Active,,,http://www.redfin.com/MA/Topsfield/16-Howlett-St-01983/home/8384930,MLS PIN,72584838,N,Y,42.6458102,-70.9491304
MLS Listing,,Single Family Residential,68 Coppermine Rd,Topsfield,MA,01983,1949000,5,5.5,Ferncroft Country Club,7726,93218,2001,246,252,,Active,,,http://www.redfin.com/MA/Topsfield/68-Coppermine-Rd-01983/home/11535539,MLS PIN,72563281,N,Y,42.608731,-70.9762969
MLS Listing,,Townhouse,470 Boston St #4,Topsfield,MA,01983,685000,2,2.5,Topsfield,2160,588060,2020,279,317,464,Active,May-16-2020 10:00 AM,May-16-2020 04:00 PM,http://www.redfin.com/MA/Topsfield/470-Boston-St-01983/unit-4/home/168625988,MLS PIN,72547569,N,Y,42.664442,-70.931157
MLS Listing,,Single Family Residential,77 Coppermine Rd,Topsfield,MA,01983,2499000,4,5.0,Ferncroft Country Club,8780,94961,2002,283,285,,Active,,,http://www.redfin.com/MA/Topsfield/77-Coppermine-Rd-01983/home/11350440,MLS PIN,72545310,N,Y,42.6065398,-70.9759022
MLS Listing,,Vacant Land,37 River Rd,Topsfield,MA,01983,950000,,,Topsfield,,1200949,,399,,,Active,,,http://www.redfin.com/MA/Topsfield/37-River-Rd-01983/home/67984699,MLS PIN,72481090,N,Y,42.630543,-70.950633
MLS Listing,,Townhouse,470 Boston St #20,Topsfield,MA,01983,836000,2,3.0,Topsfield,3450,588060,2020,504,242,567,Active,May-16-2020 10:00 AM,May-16-2020 04:00 PM,http://www.redfin.com/MA/Topsfield/470-Boston-St-01983/unit-20/home/148560368,MLS PIN,72434909,N,Y,42.664442,-70.931157
MLS Listing,,Townhouse,470 Boston St #2,Topsfield,MA,01983,685000,2,2.5,Topsfield,2160,588060,2019,863,317,464,Active,May-16-2020 10:00 AM,May-16-2020 04:00 PM,http://www.redfin.com/MA/Topsfield/470-Boston-St-01983/unit-2/home/144621660,MLS PIN,72266904,N,Y,42.664442,-70.931157
For-Sale-by-Owner Listing,,Single Family Residential,207 Rowley Bridge Rd,Topsfield,MA,01983,899000,6,3.0,Topsfield,3200,404,1964,43,281,,Active,,,http://www.redfin.com/MA/Topsfield/207-Rowley-Bridge-Rd-01983/home/8389800,Fizber.com,5052543,N,Y,42.6095691,-70.9702136
