SALE TYPE,SOLD DATE,PROPERTY TYPE,ADDRESS,CITY,STATE OR PROVINCE,ZIP OR POSTAL CODE,PRICE,BEDS,BATHS,LOCATION,SQUARE FEET,LOT SIZE,YEAR BUILT,DAYS ON MARKET,$/SQUARE FEET,HOA/MONTH,STATUS,NEXT OPEN HOUSE START TIME,NEXT OPEN HOUSE END TIME,URL (SEE http://www.redfin.com/buy-a-home/comparative-market-analysis FOR INFO ON PRICING),SOURCE,MLS#,FAVORITE,INTERESTED,LATITUDE,LONGITUDE
MLS Listing,,Single Family Residential,9 Cooperage Way,Townsend,MA,01469,525900,4,2.5,Townsend,3247,50530,2006,1,162,,Active,May-16-2020 12:00 PM,May-16-2020 02:00 PM,http://www.redfin.com/MA/Townsend/9-Cooperage-Way-01469/home/11447010,MLS PIN,72655929,N,Y,42.648406,-71.6711592
MLS Listing,,Single Family Residential,198 N End Rd,Townsend,MA,01469,529900,4,2.0,Townsend,2532,1883970,1892,21,209,,Active,,,http://www.redfin.com/MA/Townsend/198-N-End-Rd-01469/home/11442506,MLS PIN,72646930,N,Y,42.701157,-71.6694799
MLS Listing,,Condo/Co-op,5 Turnpike Rd #334,Townsend,MA,01469,74900,1,1.0,Townsend,573,,1791,36,131,235,Active,,,http://www.redfin.com/MA/Townsend/5-Turnpike-Rd-01469/unit-334/home/11444013,MLS PIN,72642280,N,Y,42.6711262,-71.7109335
MLS Listing,,Townhouse,40 W Meadow Estates Dr #40,Townsend,MA,01474,205000,2,2.5,Townsend,1971,,2005,52,104,375,Active,,,http://www.redfin.com/MA/Townsend/40-W-Meadow-Estates-Dr-01474/unit-40/home/138311629,MLS PIN,72637099,N,Y,42.6883608,-71.7705025
MLS Listing,,Single Family Residential,96 Fitchburg Rd,Townsend,MA,01469,224900,3,2.5,Townsend,1638,251341,1900,64,137,,Active,,,http://www.redfin.com/MA/Townsend/96-Fitchburg-Rd-01469/home/11437573,MLS PIN,72632059,N,Y,42.6527869,-71.7157321
MLS Listing,,Townhouse,328 Main #8,Townsend,MA,01469,175900,2,2.0,Townsend,1596,,1985,65,110,260,Active,,,http://www.redfin.com/MA/Townsend/328-Main-St-01469/unit-8/home/11447082,MLS PIN,72630995,N,Y,42.6708639,-71.7184862
MLS Listing,,Single Family Residential,153 Wallace Hill Rd,Townsend,MA,01469,1400000,3,2.5,Townsend,1950,2453473,1994,68,718,,Active,,,http://www.redfin.com/MA/Townsend/153-Wallace-Hill-Rd-01469/home/11441900,MLS PIN,72630010,N,Y,42.669089,-71.666704
MLS Listing,,Single Family Residential,44 Old Battery Rd,Townsend,MA,01474,349900,3,1.5,Townsend,1684,130680,1983,88,208,,Active,,,http://www.redfin.com/MA/West-Townsend/44-Old-Battery-Rd-01474/home/11436228,MLS PIN,72620133,N,Y,42.6702806,-71.7509647
MLS Listing,,Single Family Residential,1 Lois Ln,Townsend,MA,01469,249000,3,1.0,Townsend,1100,11719,2019,98,226,,Active,,,http://www.redfin.com/MA/Townsend/1-Lois-Ln-01469/home/85686761,MLS PIN,72616258,N,Y,42.6679907,-71.6879006
MLS Listing,,Vacant Land,238 South Row,Townsend,MA,01469,169000,,,Townsend,,243500,,129,,,Active,,,http://www.redfin.com/MA/Townsend/238-South-ROW-01469/home/171581591,MLS PIN,72604821,N,Y,42.6334226,-71.7031269
MLS Listing,,Vacant Land,141 Dudley Rd,Townsend,MA,01469,169000,,1.0,Townsend,1328,30086,1967,175,127,,Active,,,http://www.redfin.com/MA/Townsend/141-Dudley-Rd-01469/home/11439448,MLS PIN,72595059,N,Y,42.6817775,-71.717877
MLS Listing,,Vacant Land,Lot 1 W Meadow Rd,Townsend,MA,01469,110000,,,Townsend,,126759,,178,,,Active,,,http://www.redfin.com/MA/Townsend/1-W-Meadow-Rd-01474/home/21782064,MLS PIN,72593452,N,Y,42.6766029,-71.7566918
MLS Listing,,Vacant Land,Lot 3 W Meadow Rd,Townsend,MA,01469,110000,,,Townsend,,185130,,179,,,Active,,,http://www.redfin.com/MA/Townsend/3-W-Meadow-Rd-01474/home/133073429,MLS PIN,72593447,N,Y,42.6767025,-71.7567686
MLS Listing,,Vacant Land,Lot 2 W Meadow Rd,Townsend,MA,01469,110000,,,Townsend,,160736,,179,,,Active,,,http://www.redfin.com/MA/Townsend/2-W-Meadow-Rd-01474/home/135846386,MLS PIN,72593445,N,Y,42.6765698,-71.7566659
MLS Listing,,Single Family Residential,98 Turner Rd,Townsend,MA,01469,589000,3,3.0,Townsend,3439,126498,1720,192,171,,Active,,,http://www.redfin.com/MA/Townsend/98-Turner-Rd-01469/home/11440598,MLS PIN,72588374,N,Y,42.6217405,-71.6685635
MLS Listing,,Vacant Land,142 Fitchburg Rd,Townsend,MA,01469,110000,,,Townsend,,500940,,234,,,Active,,,http://www.redfin.com/MA/Townsend/142-Fitchburg-Rd-01469/home/11437466,MLS PIN,72569073,N,Y,42.644031,-71.720279
MLS Listing,,Single Family Residential,187 N End Rd,Townsend,MA,01469,459000,3,2.5,Townsend,2015,87120,2020,241,228,,Active,,,http://www.redfin.com/MA/Townsend/187-N-End-Rd-01469/home/11443082,MLS PIN,72565454,N,Y,42.701331,-71.657582
