SALE TYPE,SOLD DATE,PROPERTY TYPE,ADDRESS,CITY,STATE OR PROVINCE,ZIP OR POSTAL CODE,PRICE,BEDS,BATHS,LOCATION,SQUARE FEET,LOT SIZE,YEAR BUILT,DAYS ON MARKET,$/SQUARE FEET,HOA/MONTH,STATUS,NEXT OPEN HOUSE START TIME,NEXT OPEN HOUSE END TIME,URL (SEE http://www.redfin.com/buy-a-home/comparative-market-analysis FOR INFO ON PRICING),SOURCE,MLS#,FAVORITE,INTERESTED,LATITUDE,LONGITUDE
MLS Listing,,Single Family Residential,87 Pine St,Walpole,MA,02081,519900,4,1.5,Walpole,1758,15003,1954,1,296,,Active,May-16-2020 11:00 AM,May-16-2020 02:00 PM,http://www.redfin.com/MA/Walpole/87-Pine-St-02081/home/8978155,MLS PIN,72655783,N,Y,42.1119559,-71.2501826
MLS Listing,,Single Family Residential,12 CHARLES St,Walpole,MA,02081,409900,2,1.0,Walpole,1106,7647,1924,1,371,,Active,,,http://www.redfin.com/MA/Walpole/12-Charles-St-02081/home/8965372,MLS PIN,72655374,N,Y,42.1398452,-71.2479435
MLS Listing,,Condo/Co-op,1211 Pennington Dr #1211,Walpole,MA,02081,433000,1,1.0,Walpole,1030,,2020,4,420,350,Active,,,http://www.redfin.com/MA/Walpole/1211-Pennington-DR-02081/unit-1211/home/161770384,MLS PIN,72654083,N,Y,42.1470851,-71.2517835
MLS Listing,,Single Family Residential,525 Cedar St,Walpole,MA,02081,799000,4,3.0,Walpole,3965,80150,2001,5,202,,Active,,,http://www.redfin.com/MA/Walpole/525-Cedar-St-02081/home/8972642,MLS PIN,72653950,N,Y,42.1284877,-71.2828982
MLS Listing,,Condo/Co-op,1203 Pennington Dr #1203,Walpole,MA,02081,382310,1,1.0,Walpole,955,,2020,6,400,332,Active,May-16-2020 11:00 AM,May-16-2020 03:00 PM,http://www.redfin.com/MA/Walpole/1203-Pennington-DR-02081/unit-1203/home/161778395,MLS PIN,72653679,N,Y,42.1470851,-71.2517835
MLS Listing,,Condo/Co-op,1201 Pennington Dr #1201,Walpole,MA,02081,518230,2,2.0,Walpole,1470,,2020,6,353,430,Active,May-16-2020 11:00 AM,May-16-2020 03:00 PM,http://www.redfin.com/MA/Walpole/1201-Pennington-DR-02081/unit-1201/home/171560688,MLS PIN,72653676,N,Y,42.1470851,-71.2517835
MLS Listing,,Condo/Co-op,1308 Pennington Dr #1308,Walpole,MA,02081,489375,2,2.0,Walpole,1325,,2020,6,369,400,Active,May-16-2020 11:00 AM,May-16-2020 03:00 PM,http://www.redfin.com/MA/Walpole/1308-Pennington-DR-02081/unit-1308/home/171560524,MLS PIN,72653664,N,Y,42.1470851,-71.2517835
MLS Listing,,Single Family Residential,158 Pine St,Walpole,MA,02081,525000,3,2.0,Walpole,1800,40016,1971,7,292,,Active,,,http://www.redfin.com/MA/Walpole/158-Pine-St-02081/home/8979035,MLS PIN,72653080,N,Y,42.109958,-71.2412262
MLS Listing,,Single Family Residential,46 IRVING Dr,Walpole,MA,02081,535000,4,2.0,Walpole,1579,15006,1957,7,339,,Active,,,http://www.redfin.com/MA/Walpole/46-Irving-Dr-02081/home/8978543,MLS PIN,72652795,N,Y,42.1067065,-71.2535701
MLS Listing,,Single Family Residential,337 Fisher St,Walpole,MA,02081,649000,4,2.0,Walpole,1888,20803,1928,8,344,,Active,,,http://www.redfin.com/MA/Walpole/337-Fisher-St-02081/home/8950372,MLS PIN,72652466,N,Y,42.1734295,-71.242108
MLS Listing,,Condo/Co-op,18 Rainbow Pond Dr Unit C2,Walpole,MA,02081,319900,2,2.0,Walpole,1167,,1980,8,274,668,Active,,,http://www.redfin.com/MA/Walpole/18-Rainbow-Pond-Dr-02081/unit-C2/home/8959411,MLS PIN,72652372,N,Y,42.1472898,-71.2390141
MLS Listing,,Single Family Residential,198 Kendall St,Walpole,MA,02081,629900,4,3.0,Walpole Center,2390,26766,1720,9,264,,Active,May-16-2020 11:00 AM,May-16-2020 01:00 PM,http://www.redfin.com/MA/Walpole/198-Kendall-St-02081/home/8960045,MLS PIN,72651833,N,Y,42.1508129,-71.2466441
MLS Listing,,Single Family Residential,7 Village Dr,Walpole,MA,02081,734900,3,2.5,Walpole,2526,20121,1981,11,291,,Active,May-17-2020 02:00 PM,May-17-2020 03:30 PM,http://www.redfin.com/MA/Walpole/7-Village-Dr-02081/home/8954280,MLS PIN,72650831,N,Y,42.1662876,-71.2331515
MLS Listing,,Single Family Residential,8 Gigis Way,Walpole,MA,02081,1799000,4,3.5,Walpole,4200,178966,2019,13,428,,Active,,,http://www.redfin.com/MA/Walpole/8-Gigis-WAY-02081/home/169621248,MLS PIN,72649970,N,Y,42.1470851,-71.2517835
MLS Listing,,Single Family Residential,82 Walnut St,Walpole,MA,02081,639000,3,2.0,Walpole,1974,19364,1948,16,324,,Active,,,http://www.redfin.com/MA/Walpole/82-Walnut-St-02081/home/8952745,MLS PIN,72648572,N,Y,42.1590441,-71.2551479
MLS Listing,,Single Family Residential,12 Wedgemere Ct,Walpole,MA,02081,549900,3,2.0,Walpole,1848,11761,1943,17,298,,Active,,,http://www.redfin.com/MA/Walpole/12-Wedgemere-Ct-02081/home/8958158,MLS PIN,72648039,N,Y,42.149436,-71.2492545
MLS Listing,,Single Family Residential,418 Washington St,Walpole,MA,02032,429900,3,3.0,Walpole,1359,21194,1979,18,316,,Active,,,http://www.redfin.com/MA/East-Walpole/418-Washington-St-02032/home/8960612,MLS PIN,72647950,N,Y,42.1530147,-71.2232202
MLS Listing,,Single Family Residential,93 Mill Brook Ave,Walpole,MA,02081,945000,4,2.5,Walpole Heights,3758,41943,2003,28,251,,Active,,,http://www.redfin.com/MA/Walpole/93-Mill-Brook-Ave-02081/home/11724315,MLS PIN,72644642,N,Y,42.1685562,-71.2651632
MLS Listing,,Single Family Residential,271 Main St,Walpole,MA,02081,545900,3,2.0,North Walpole,2186,16073,1923,38,250,,Active,,,http://www.redfin.com/MA/Walpole/271-Main-St-02081/home/8954753,MLS PIN,72641515,N,Y,42.1644886,-71.2337548
MLS Listing,,Single Family Residential,11 Dutton Park Dr,Walpole,MA,02081,845500,4,2.5,Dutton Park,4683,104544,1984,39,181,117,Active,,,http://www.redfin.com/MA/Walpole/11-Dutton-Park-Dr-02081/home/8957004,MLS PIN,72641206,N,Y,42.1569127,-71.2727413
MLS Listing,,Condo/Co-op,1309 Pennington Dr #1309,Walpole,MA,02081,452255,2,2.0,Walpole,1325,,2020,39,341,400,Active,May-16-2020 11:00 AM,May-16-2020 03:00 PM,http://www.redfin.com/MA/Walpole/1309-Pennington-DR-02081/unit-1309/home/171271378,MLS PIN,72641164,N,Y,42.1470851,-71.2517835
MLS Listing,,Townhouse,401 East St #4,Walpole,MA,02081,469900,2,2.0,East Walpole,2115,174240,1830,48,222,325,Active,,,http://www.redfin.com/MA/Walpole/401-East-St-02081/unit-4/home/8962422,MLS PIN,72638489,N,Y,42.1547291,-71.231297
MLS Listing,,Single Family Residential,8 Shady Ln,Walpole,MA,02081,1499000,5,4.5,High Oaks Estates,7717,41609,2005,64,194,,Active,,,http://www.redfin.com/MA/Walpole/8-Shady-Ln-02081/home/8948477,MLS PIN,72632260,N,Y,42.1678432,-71.269069
MLS Listing,,Townhouse,24 Glenwood Ave #6,Walpole,MA,02081,429900,2,2.5,Walpole,1464,,2004,71,294,300,Active,,,http://www.redfin.com/MA/Walpole/24-Glenwood-Ave-02081/unit-6/home/11724330,MLS PIN,72628273,N,Y,42.1463994,-71.2538066
MLS Listing,,Single Family Residential,4 Lost Brook Trl,Walpole,MA,02081,1379900,4,3.0,Northwood Estates,4122,127977,2020,72,335,,Active,,,http://www.redfin.com/MA/Walpole/4-Lost-Brook-TRL-02081/home/170948524,MLS PIN,72627190,N,Y,42.1470851,-71.2517835
MLS Listing,,Condo/Co-op,1107 Pennington Dr #1107,Walpole,MA,02081,507110,2,2.0,Walpole,1470,,2020,72,345,430,Active,May-16-2020 11:00 AM,May-16-2020 03:00 PM,http://www.redfin.com/MA/Walpole/1107-Pennington-DR-02081/unit-1107/home/170948183,MLS PIN,72627146,N,Y,42.1470851,-71.2517835
MLS Listing,,Single Family Residential,LOT 2 BUBBLING BROOK Rd,Walpole,MA,02081,1699000,6,5.5,Walpole,6000,238029,2020,72,283,,Active,,,http://www.redfin.com/MA/Walpole/2-Bubbling-Brook-Rd-02081/home/56895014,MLS PIN,72626923,N,Y,42.1958693,-71.2495874
MLS Listing,,Single Family Residential,8 Kittredge St,Walpole,MA,02081,798500,4,3.5,Walpole,4430,40001,1986,74,180,,Active,,,http://www.redfin.com/MA/Walpole/8-Kittredge-St-02081/home/11723235,MLS PIN,72626177,N,Y,42.1461502,-71.2822704
MLS Listing,,Condo/Co-op,1105 Pennington Dr #1105,Walpole,MA,02081,338210,1,1.0,Walpole,945,,2020,75,358,332,Active,May-16-2020 11:00 AM,May-16-2020 03:00 PM,http://www.redfin.com/MA/Walpole/1105-Pennington-DR-02081/unit-1105/home/170930724,MLS PIN,72626024,N,Y,42.1470851,-71.2517835
MLS Listing,,Vacant Land,8 Gigi's Way,Walpole,MA,02081,540000,,,Walpole,,178966,,80,,,Active,,,http://www.redfin.com/MA/Walpole/8-Gigi-s-WAY-02081/home/170652674,MLS PIN,72623145,N,Y,42.1470851,-71.2517835
MLS Listing,,Vacant Land,1070 North St,Walpole,MA,02081,650000,,,Walpole,,85377,,87,,,Active,,,http://www.redfin.com/MA/Walpole/1070-North-St-02081/home/139478731,MLS PIN,72620276,N,Y,42.1876767,-71.2468194
MLS Listing,,Single Family Residential,15 Delapa Cir,Walpole,MA,02081,989900,4,2.5,Walpole,3208,20821,2020,87,309,,Active,,,http://www.redfin.com/MA/Walpole/15-Delapa-CIR-02081/home/170582366,MLS PIN,72620236,N,Y,42.1470851,-71.2517835
MLS Listing,,Single Family Residential,Lot 2 Boyden Ln,Walpole,MA,02081,989000,4,2.5,New Subdivision- Boyden Estates,3375,42522,2020,90,293,,Active,,,http://www.redfin.com/MA/Walpole/Lot-2-Boyden-LN-02081/home/170574958,MLS PIN,72619644,N,Y,42.1470851,-71.2517835
MLS Listing,,Condo/Co-op,23 Rainbow Pond Dr Unit C2,Walpole,MA,02081,314900,2,2.0,Walpole,1167,,1980,96,270,674,Active,,,http://www.redfin.com/MA/Walpole/23-Rainbow-Pond-Dr-02081/unit-C2/home/8968700,MLS PIN,72617302,N,Y,42.1458131,-71.2380905
MLS Listing,,Single Family Residential,2098 Main St,Walpole,MA,02081,459900,3,3.0,Walpole,2100,8746,1948,100,219,,Active,,,http://www.redfin.com/MA/Walpole/2098-Main-St-02081/home/8977275,MLS PIN,72615540,N,Y,42.1145881,-71.2821871
MLS Listing,,Multi-Family (2-4 Unit),19-21 Norton Ave,Walpole,MA,02081,589000,4,2.0,Walpole,2332,10140,1900,113,253,,Active,,,http://www.redfin.com/MA/Walpole/19-Norton-Ave-02081/home/8958222,MLS PIN,72610945,N,Y,42.1502341,-71.2484755
MLS Listing,,Single Family Residential,34 Chandler Ave,Walpole,MA,02081,449900,3,2.0,Walpole,1444,16082,1956,121,312,,Active,,,http://www.redfin.com/MA/Walpole/34-Chandler-Ave-02081/home/8972377,MLS PIN,72607905,N,Y,42.1338129,-71.2824328
MLS Listing,,Single Family Residential,2208 Main St,Walpole,MA,02081,359900,3,1.0,Walpole,1128,13323,1965,126,319,,Active,,,http://www.redfin.com/MA/Walpole/2208-Main-St-02081/home/8977710,MLS PIN,72606495,N,Y,42.1105308,-71.2844281
MLS Listing,,Condo/Co-op,881 Main St #11,Walpole,MA,02081,209900,2,1.0,Walpole,846,,1965,153,248,180,Active,,,http://www.redfin.com/MA/Walpole/881-Main-St-02081/unit-11/home/8982675,MLS PIN,72600571,N,Y,42.1488839,-71.2512514
MLS Listing,,Single Family Residential,15 ARLINGTON Ln,Walpole,MA,02081,969900,4,3.5,BRUSH HILL ESTATES,3700,69000,2020,156,262,,Active,,,http://www.redfin.com/MA/Walpole/15-Arlington-Ln-02081/home/144732137,MLS PIN,72599759,N,Y,42.168445,-71.259267
MLS Listing,,Single Family Residential,7 Boyden Ln,Walpole,MA,02081,1198000,4,3.5,New Subdivision- Boyden Estates,3600,40043,2019,195,333,,Active,,,http://www.redfin.com/MA/Walpole/7-Boyden-LN-02081/home/169633170,MLS PIN,72587576,N,Y,42.1470851,-71.2517835
MLS Listing,,Condo/Co-op,1307 Pennington Dr #1307,Walpole,MA,02081,535620,2,2.0,Walpole,1470,,2020,222,364,430,Active,May-16-2020 11:00 AM,May-16-2020 03:00 PM,http://www.redfin.com/MA/Walpole/1307-Pennington-DR-02081/unit-1307/home/169288662,MLS PIN,72575852,N,Y,42.1470851,-71.2517835
MLS Listing,,Vacant Land,14 ARLINGTON Ln Lot 14,Walpole,MA,02081,399900,,,Walpole,,92537,,225,,,Active,,,http://www.redfin.com/MA/Walpole/14-Arlington-Ln-02081/unit-14/home/169254539,MLS PIN,72573689,N,Y,42.1676692,-71.26058
MLS Listing,,Vacant Land,13 Arlington Ln Lot 13,Walpole,MA,02081,399900,,,Walpole,,115442,,225,,,Active,,,http://www.redfin.com/MA/Walpole/13-Arlington-Ln-02081/unit-13/home/169254538,MLS PIN,72573687,N,Y,42.1682809,-71.2592204
MLS Listing,,Single Family Residential,1062 North St,Walpole,MA,02081,949000,4,2.5,Walpole,3153,102366,1740,280,301,,Active,,,http://www.redfin.com/MA/Walpole/1062-North-St-02081/home/8947751,MLS PIN,72546964,N,Y,42.1871998,-71.2470734
MLS Listing,,Condo/Co-op,1102 Pennington Dr #1102,Walpole,MA,02081,355385,1,1.0,Walpole,955,,2020,335,372,332,Active,May-16-2020 11:00 AM,May-16-2020 03:00 PM,http://www.redfin.com/MA/Walpole/1102-Pennington-DR-02081/unit-1102/home/167094433,MLS PIN,72519272,N,Y,42.1470851,-71.2517835
MLS Listing,,Condo/Co-op,1312 Pennington Dr #1312,Walpole,MA,02081,531110,2,2.0,Walpole,1470,,2020,335,361,430,Active,May-16-2020 11:00 AM,May-16-2020 03:00 PM,http://www.redfin.com/MA/Walpole/1312-Pennington-DR-02081/unit-1312/home/167094280,MLS PIN,72519256,N,Y,42.1470851,-71.2517835
MLS Listing,,Condo/Co-op,1304 Pennington Dr #1304,Walpole,MA,02081,363235,1,1.0,Walpole,955,,2020,364,380,332,Active,May-16-2020 11:00 AM,May-16-2020 03:00 PM,http://www.redfin.com/MA/Walpole/1304-Pennington-DR-02081/unit-1304/home/166698381,MLS PIN,72501834,N,Y,42.1470851,-71.2517835
MLS Listing,,Condo/Co-op,1306 Pennington Dr #1306,Walpole,MA,02081,519135,2,2.0,Walpole,1470,,2020,384,353,430,Active,May-16-2020 11:00 AM,May-16-2020 03:00 PM,http://www.redfin.com/MA/Walpole/1306-Pennington-DR-02081/unit-1306/home/163840199,MLS PIN,72489092,N,Y,42.1470851,-71.2517835
New Construction Plan,,Condo/Co-op,Moreland,Walpole,MA,02081,378850,1,1.0,Pennington Crossing,1021,,,,371,,Active,,,http://www.redfin.com/MA/Walpole/Pennington-Crossing/Moreland/home/161210380,NewHomeSource.com,Plan-111592498,N,Y,42.1474897,-71.2429201
