SALE TYPE,SOLD DATE,PROPERTY TYPE,ADDRESS,CITY,STATE OR PROVINCE,ZIP OR POSTAL CODE,PRICE,BEDS,BATHS,LOCATION,SQUARE FEET,LOT SIZE,YEAR BUILT,DAYS ON MARKET,$/SQUARE FEET,HOA/MONTH,STATUS,NEXT OPEN HOUSE START TIME,NEXT OPEN HOUSE END TIME,URL (SEE http://www.redfin.com/buy-a-home/comparative-market-analysis FOR INFO ON PRICING),SOURCE,MLS#,FAVORITE,INTERESTED,LATITUDE,LONGITUDE
MLS Listing,,Townhouse,11 Oak St #18,Wellesley,MA,02482,680000,2,1.5,Wellesley,1171,,1967,41,581,530,Active,,,http://www.redfin.com/MA/Wellesley/11-Oak-St-02482/unit-18/home/110082876,MLS PIN,72640643,N,Y,42.3022772,-71.2932998
MLS Listing,,Single Family Residential,3 Wilde Rd,Wellesley,MA,02481,2095000,4,5.5,Wellesley,4361,10000,2014,1,480,,Active,,,http://www.redfin.com/MA/Wellesley/3-Wilde-Rd-02481/home/8997361,MLS PIN,72656223,N,Y,42.3080469,-71.3134575
MLS Listing,,Single Family Residential,39 Skyline Dr,Wellesley,MA,02482,1489000,4,2.5,Wellesley,2422,33011,1955,1,615,,Active,,,http://www.redfin.com/MA/Wellesley/39-Skyline-Dr-02482/home/8973432,MLS PIN,72656018,N,Y,42.2959954,-71.2727812
MLS Listing,,Townhouse,16 Wiswall Cir #16,Wellesley,MA,02482,985000,2,2.5,Wellesley,1732,,1983,1,569,400,Active,,,http://www.redfin.com/MA/Wellesley/16-Wiswall-Cir-02482/unit-16/home/138148381,MLS PIN,72655678,N,Y,42.2948965,-71.2939658
MLS Listing,,Single Family Residential,17 Hill Top Rd,Wellesley,MA,02482,1237000,4,2.5,"Highly desirable Linden Square area. Walk to everything- Sprague, WMS, WHS, shopping, grocery, train",2062,6290,1926,1,600,,Active,May-16-2020 11:00 AM,May-16-2020 02:00 PM,http://www.redfin.com/MA/Wellesley/17-Hill-Top-Rd-02482/home/8983195,MLS PIN,72655534,N,Y,42.3026913,-71.2904718
MLS Listing,,Single Family Residential,43 Woodridge Rd,Wellesley,MA,02482,1750000,4,3.5,Dana Hall,3310,20000,1954,1,529,,Active,,,http://www.redfin.com/MA/Wellesley/43-Woodridge-Rd-02482/home/8981279,MLS PIN,72655474,N,Y,42.2911492,-71.283848
MLS Listing,,Single Family Residential,90 Overbrook Dr,Wellesley,MA,02482,1629900,5,4.5,Wellesley,4169,12800,2020,1,391,,Active,,,http://www.redfin.com/MA/Wellesley/90-Overbrook-Dr-02482/home/9000855,MLS PIN,72655427,N,Y,42.3100352,-71.3278569
MLS Listing,,Single Family Residential,11 Mansfield Rd,Wellesley,MA,02481,1995000,5,4.5,Wellesley,4725,10208,2019,1,422,,Active,,,http://www.redfin.com/MA/Wellesley/11-Mansfield-Rd-02481/home/8992142,MLS PIN,72655422,N,Y,42.306517,-71.3065143
MLS Listing,,Single Family Residential,66 Standish Cir,Wellesley,MA,02481,2495000,5,4.5,Standish Estates,5200,17000,2013,1,480,,Active,,,http://www.redfin.com/MA/Wellesley/66-Standish-Cir-02481/home/8966198,MLS PIN,72655311,N,Y,42.309444,-71.2566328
MLS Listing,,Multi-Family (2-4 Unit),62-64 Prospect St,Wellesley,MA,02481,1099000,6,3.0,Wellesley,3236,8866,1925,2,340,,Active,,,http://www.redfin.com/MA/Wellesley/62-Prospect-St-02481/home/8966594,MLS PIN,72654995,N,Y,42.3227249,-71.2581734
MLS Listing,,Single Family Residential,36 Emerson Rd,Wellesley,MA,02481,1795000,4,3.5,Wellesley,3979,14250,1927,2,451,,Active,,,http://www.redfin.com/MA/Wellesley/36-Emerson-Rd-02481/home/8965209,MLS PIN,72654771,N,Y,42.3191407,-71.2568184
MLS Listing,,Single Family Residential,16 Ledyard St,Wellesley,MA,02481,1895000,5,4.5,Wellesley,4076,13876,2020,3,465,,Active,,,http://www.redfin.com/MA/Wellesley/16-Ledyard-St-02481/home/8968145,MLS PIN,72654494,N,Y,42.324645,-71.263605
MLS Listing,,Single Family Residential,15 Woodcliff Rd,Wellesley,MA,02481,4495000,6,7.0,Wellesley Hills,7945,48065,1933,7,566,,Active,,,http://www.redfin.com/MA/Wellesley/15-Woodcliff-Rd-02481/home/8978797,MLS PIN,72653133,N,Y,42.3166085,-71.2867481
MLS Listing,,Single Family Residential,32 Peirce Rd,Wellesley,MA,02481,3495000,6,5.5,Peirce Estates,6011,30600,1939,7,581,,Active,,,http://www.redfin.com/MA/Wellesley/32-Peirce-Rd-02481/home/8981911,MLS PIN,72652960,N,Y,42.3207984,-71.2898801
MLS Listing,,Single Family Residential,46 Garden Rd,Wellesley,MA,02481,2699000,4,4.5,Wellesley Farms,4636,34609,1907,7,582,,Active,,,http://www.redfin.com/MA/Wellesley/46-Garden-Rd-02481/home/8974019,MLS PIN,72652679,N,Y,42.3160401,-71.2775374
MLS Listing,,Single Family Residential,30 Alba Rd,Wellesley,MA,02481,2195000,4,5.0,Wellesley,4301,11845,2008,8,510,,Active,,,http://www.redfin.com/MA/Wellesley/30-Alba-Rd-02481/home/8979300,MLS PIN,72652612,N,Y,42.3059728,-71.2873977
MLS Listing,,Single Family Residential,35 Pinewood Rd,Wellesley,MA,02482,1495000,4,4.0,Wellesley Hills,2990,10044,2013,8,500,,Active,,,http://www.redfin.com/MA/Wellesley/35-Pinewood-Rd-02482/home/8990701,MLS PIN,72652600,N,Y,42.3051378,-71.3042872
MLS Listing,,Single Family Residential,257 Oakland St,Wellesley,MA,02481,1425000,4,3.5,Wellesley,2909,12919,1950,8,490,,Active,,,http://www.redfin.com/MA/Wellesley/257-Oakland-St-02481/home/8964893,MLS PIN,72652379,N,Y,42.3071961,-71.2512499
MLS Listing,,Single Family Residential,302 Grove St,Wellesley,MA,02482,1895000,6,5.0,Dana Hall,6500,30267,1969,9,292,,Active,,,http://www.redfin.com/MA/Wellesley/302-Grove-St-02482/home/8981752,MLS PIN,72651897,N,Y,42.278873,-71.2873745
MLS Listing,,Single Family Residential,69 Forest St,Wellesley,MA,02481,2495000,4,4.5,Country Club,4200,14694,2017,9,594,,Active,,,http://www.redfin.com/MA/Wellesley/69-Forest-St-02481/home/8974891,MLS PIN,72651731,N,Y,42.3044917,-71.2748693
MLS Listing,,Single Family Residential,241 Lowell Rd,Wellesley,MA,02481,3199900,5,5.5,Cliff Estates,6650,20933,2020,11,481,,Active,,,http://www.redfin.com/MA/Wellesley-Hills/241-Lowell-Rd-02481/home/8987589,MLS PIN,72650841,N,Y,42.3109792,-71.2983481
MLS Listing,,Single Family Residential,9 Crown Ridge Rd,Wellesley,MA,02482,1895000,5,4.5,College Heights,5415,13060,2005,13,350,,Active,,,http://www.redfin.com/MA/Wellesley/9-Crown-Ridge-Rd-02482/home/8988733,MLS PIN,72650293,N,Y,42.3006533,-71.2979769
MLS Listing,,Single Family Residential,8 Monadnock Rd,Wellesley,MA,02481,2795000,5,5.0,Peirce Estates,7486,25425,1947,13,373,,Active,,,http://www.redfin.com/MA/Wellesley/8-Monadnock-Rd-02481/home/8981948,MLS PIN,72650214,N,Y,42.3201077,-71.2908546
MLS Listing,,Single Family Residential,119 Brook St,Wellesley,MA,02482,1875000,4,3.5,Dana Hall,3631,20012,2011,13,516,,Active,,,http://www.redfin.com/MA/Wellesley/119-Brook-St-02482/home/11725234,MLS PIN,72650079,N,Y,42.2918063,-71.2805768
MLS Listing,,Single Family Residential,27 Hunnewell St,Wellesley,MA,02481,1575000,4,4.5,Wellesley,4248,26810,2013,13,371,,Active,,,http://www.redfin.com/MA/Wellesley/27-Hunnewell-St-02481/home/8963550,MLS PIN,72649843,N,Y,42.310141,-71.2453564
MLS Listing,,Single Family Residential,12 Earle Rd,Wellesley,MA,02481,2095000,5,4.5,Wellesley,4527,10066,2020,14,463,,Active,May-17-2020 12:30 PM,May-17-2020 01:30 PM,http://www.redfin.com/MA/Wellesley/12-Earle-Rd-02481/home/11726093,MLS PIN,72649710,N,Y,42.3065652,-71.3087878
MLS Listing,,Single Family Residential,10 Vane St,Wellesley,MA,02482,1750000,5,3.5,Wellesley,3403,12200,1934,15,514,,Active,,,http://www.redfin.com/MA/Wellesley/10-Vane-St-02482/home/8986767,MLS PIN,72649302,N,Y,42.2864794,-71.293105
MLS Listing,,Single Family Residential,5 Greenlawn Ave,Wellesley,MA,02481,875000,3,1.5,Wellesley,1568,7500,1930,17,558,,Active,May-17-2020 01:00 PM,May-17-2020 02:00 PM,http://www.redfin.com/MA/Wellesley/5-Greenlawn-Ave-02481/home/8968003,MLS PIN,72648207,N,Y,42.3253502,-71.2656352
MLS Listing,,Condo/Co-op,85 Grove St #3,Wellesley,MA,02482,989000,2,2.0,Wellesley,1488,,1973,18,665,668,Active,,,http://www.redfin.com/MA/Wellesley/85-Grove-St-02482/unit-3/home/12424549,MLS PIN,72647914,N,Y,42.2949119,-71.2920075
MLS Listing,,Single Family Residential,10 Pleasant St #10,Wellesley,MA,02482,1450000,4,3.5,Wellesley,2738,,2011,20,530,,Active,,,http://www.redfin.com/MA/Wellesley/10-Pleasant-St-02482/unit-10/home/77523650,MLS PIN,72647376,N,Y,42.3003582,-71.2955641
MLS Listing,,Single Family Residential,7 Sprague Rd,Wellesley,MA,02481,2695000,7,6.5,Cliff Estates,6500,20443,2020,21,415,,Active,,,http://www.redfin.com/MA/Wellesley/7-Sprague-Rd-02481/home/8985341,MLS PIN,72646999,N,Y,42.3076531,-71.2936154
MLS Listing,,Townhouse,15 Brook St #15,Wellesley,MA,02482,785000,3,1.5,Wellesley,2158,22000,1966,21,364,,Active,,,http://www.redfin.com/MA/Wellesley/15-Brook-St-02482/unit-15/home/171362688,MLS PIN,72646885,N,Y,42.29624,-71.2886771
MLS Listing,,Single Family Residential,375 Linden St,Wellesley,MA,02481,1839000,5,4.5,Linden Square,4500,9690,2020,22,409,,Active,,,http://www.redfin.com/MA/Wellesley/375-Linden-St-02481/home/8976823,MLS PIN,72646842,N,Y,42.3070808,-71.2820616
MLS Listing,,Single Family Residential,18 Oxford Rd,Wellesley,MA,02481,1275000,3,2.5,Northgate,1923,10061,1952,22,663,,Active,,,http://www.redfin.com/MA/Wellesley/18-Oxford-Rd-02481/home/8995915,MLS PIN,72646770,N,Y,42.3156276,-71.3139148
MLS Listing,,Townhouse,17 Brook St #17,Wellesley,MA,02482,785000,3,1.5,Wellesley,2158,22000,1966,28,364,250,Active,,,http://www.redfin.com/MA/Wellesley/17-Brook-St-02482/unit-17/home/171362687,MLS PIN,72644721,N,Y,42.29624,-71.2886771
MLS Listing,,Single Family Residential,31 Edmunds Rd,Wellesley,MA,02481,1195000,3,2.5,Cliff Estates,2265,16036,1928,31,528,,Active,,,http://www.redfin.com/MA/Wellesley/31-Edmunds-Rd-02481/home/8976411,MLS PIN,72643321,N,Y,42.311842,-71.2831752
MLS Listing,,Multi-Family (2-4 Unit),121 Washington,Wellesley,MA,02481,1799000,8,7.0,Wellesley Farms,4136,8122,1900,36,435,,Active,,,http://www.redfin.com/MA/Wellesley/121-Washington-St-02481/home/8968292,MLS PIN,72642255,N,Y,42.3191193,-71.265496
MLS Listing,,Single Family Residential,4 Stevens Rd,Wellesley,MA,02482,1149000,3,1.5,Fells,2521,18750,1967,37,456,,Active,,,http://www.redfin.com/MA/Wellesley/4-Stevens-Rd-02482/home/9000177,MLS PIN,72641874,N,Y,42.3067584,-71.3245164
MLS Listing,,Single Family Residential,1 Standish Rd,Wellesley,MA,02481,735000,2,1.5,Wellesley,1572,15540,1938,57,468,,Active,,,http://www.redfin.com/MA/Wellesley/1-Standish-Rd-02481/home/8967559,MLS PIN,72635527,N,Y,42.3135486,-71.26096
MLS Listing,,Single Family Residential,46 River Rdg,Wellesley,MA,02481,795000,2,2.5,Wellesley,1314,13711,1871,59,605,,Active,,,http://www.redfin.com/MA/Wellesley/46-River-Rdg-02481/home/8964330,MLS PIN,72634337,N,Y,42.3225426,-71.2505538
MLS Listing,,Single Family Residential,142 Oakland St,Wellesley,MA,02481,749000,3,1.5,Wellesley,1100,8254,1939,62,681,,Active,,,http://www.redfin.com/MA/Wellesley/142-Oakland-St-02481/home/8967721,MLS PIN,72633379,N,Y,42.308532,-71.2611134
MLS Listing,,Single Family Residential,20 Donizetti St,Wellesley,MA,02482,1195000,5,3.0,Wellesley,2875,25925,1905,64,416,,Active,,,http://www.redfin.com/MA/Wellesley/20-Donizetti-St-02482/home/8983262,MLS PIN,72632187,N,Y,42.3032308,-71.2901105
MLS Listing,,Single Family Residential,74 Leighton Rd,Wellesley,MA,02482,1195000,4,2.5,Dana Hall,2331,9258,1930,64,513,,Active,,,http://www.redfin.com/MA/Wellesley/74-Leighton-Rd-02482/home/8986708,MLS PIN,72631970,N,Y,42.2876227,-71.2937082
MLS Listing,,Townhouse,37 Linden St #18,Wellesley,MA,02482,630000,3,1.5,Wellesley,1200,,1952,64,525,335,Active,,,http://www.redfin.com/MA/Wellesley/37-Linden-St-02482/unit-18/home/12424607,MLS PIN,72631884,N,Y,42.2968542,-71.2974578
MLS Listing,,Single Family Residential,40 Upwey Rd,Wellesley,MA,02481,1165000,4,2.5,Wellesley,2344,15843,1938,64,497,,Active,,,http://www.redfin.com/MA/Wellesley/40-Upwey-Rd-02481/home/8979510,MLS PIN,72631881,N,Y,42.3078693,-71.2856345
MLS Listing,,Single Family Residential,8 Bay View Rd,Wellesley,MA,02482,1185000,4,2.0,Hardy,2152,10000,1941,64,551,,Active,,,http://www.redfin.com/MA/Wellesley/8-Bay-View-Rd-02482/home/11726405,MLS PIN,72631647,N,Y,42.3022684,-71.3155155
MLS Listing,,Single Family Residential,3 Peck Ave,Wellesley,MA,02481,1795000,4,4.5,Country Club,4200,10152,2019,65,427,,Active,,,http://www.redfin.com/MA/Wellesley/3-Peck-Ave-02481/home/8974752,MLS PIN,72631038,N,Y,42.3019944,-71.2776999
MLS Listing,,Single Family Residential,39 Denton Rd,Wellesley,MA,02482,1850000,6,5.5,Dana Hall,5707,11883,2006,66,324,,Active,,,http://www.redfin.com/MA/Wellesley/39-Denton-Rd-02482/home/8986400,MLS PIN,72630696,N,Y,42.291511,-71.2925018
MLS Listing,,Single Family Residential,1 Kenilworth Rd,Wellesley,MA,02482,6995000,7,8.5,Wellesley,10099,36020,2020,70,693,,Active,,,http://www.redfin.com/MA/Wellesley/1-Kenilworth-Rd-02482/home/8983994,MLS PIN,72629181,N,Y,42.2840175,-71.2877689
MLS Listing,,Single Family Residential,26 Eisenhower Cir,Wellesley,MA,02482,1495000,4,3.5,Wellesley,2648,20038,1974,70,565,,Active,,,http://www.redfin.com/MA/Wellesley/26-Eisenhower-Cir-02482/home/8975458,MLS PIN,72629175,N,Y,42.289755,-71.2772358
MLS Listing,,Townhouse,282 Linden St #282,Wellesley,MA,02482,749000,2,2.5,Wellesley,1677,,1986,71,447,345,Active,,,http://www.redfin.com/MA/Wellesley/282-Linden-St-02482/unit-282/home/77500935,MLS PIN,72628141,N,Y,42.3025791,-71.2882844
MLS Listing,,Single Family Residential,26 Roberts Rd,Wellesley,MA,02481,1149000,3,1.5,Wellesley,2109,22756,1957,71,545,,Active,May-16-2020 10:00 AM,May-16-2020 02:00 PM,http://www.redfin.com/MA/Wellesley/26-Roberts-Rd-02481/home/8988054,MLS PIN,72628005,N,Y,42.3072749,-71.2964457
MLS Listing,,Vacant Land,8 Lowell Rd,Wellesley,MA,02481,1945000,,,Wellesley,,35841,,71,,,Active,,,http://www.redfin.com/MA/Wellesley/8-Lowell-Rd-02481/home/8978893,MLS PIN,72627539,N,Y,42.3166311,-71.2841265
MLS Listing,,Single Family Residential,11 Appian Dr,Wellesley,MA,02481,1999000,5,4.5,Peirce Estates,4267,27684,1968,75,468,,Active,,,http://www.redfin.com/MA/Wellesley/11-Appian-Dr-02481/home/8984526,MLS PIN,72625889,N,Y,42.3165443,-71.2933138
MLS Listing,,Single Family Residential,11 Wildon Rd,Wellesley,MA,02482,949000,3,1.5,Dana Hall,1570,11451,1945,77,604,,Active,,,http://www.redfin.com/MA/Wellesley/11-Wildon-Rd-02482/home/8975604,MLS PIN,72625349,N,Y,42.2921363,-71.2773518
MLS Listing,,Single Family Residential,144 Glen Rd,Wellesley,MA,02481,2950000,5,5.0,Wellesley,5993,40195,2005,78,492,,Active,,,http://www.redfin.com/MA/Wellesley/144-Glen-Rd-02481/home/11831406,MLS PIN,72624194,N,Y,42.3248569,-71.2765862
MLS Listing,,Single Family Residential,102 Great Plain Ave,Wellesley,MA,02482,1750000,6,4.5,Wellesley,4640,39474,1881,78,377,,Active,,,http://www.redfin.com/MA/Wellesley/102-Great-Plain-Ave-02482/home/8973356,MLS PIN,72623993,N,Y,42.2943679,-71.2738253
MLS Listing,,Single Family Residential,106 Edgemoor,Wellesley,MA,02482,1299000,3,2.5,Overbrook Neighborhood,2935,4800,2016,85,443,,Active,,,http://www.redfin.com/MA/Wellesley/106-Edgemoor-Ave-02482/home/9000935,MLS PIN,72621444,N,Y,42.3124573,-71.3294344
MLS Listing,,Single Family Residential,68 Washburn Ave,Wellesley,MA,02481,1130000,3,2.0,Wellesley,1955,14525,1949,92,578,,Active,,,http://www.redfin.com/MA/Wellesley/68-Washburn-Ave-02481/home/8966929,MLS PIN,72618648,N,Y,42.3162086,-71.2590459
MLS Listing,,Single Family Residential,108 Dover Rd,Wellesley,MA,02482,6575000,8,6.5,Dana Hall,10000,84384,1999,92,658,,Active,,,http://www.redfin.com/MA/Wellesley/108-Dover-Rd-02482/home/8984001,MLS PIN,72618437,N,Y,42.2846983,-71.2909242
MLS Listing,,Single Family Residential,1 & 11 Kenilworth Rd,Wellesley,MA,02482,9495000,7,8.5,Wellesley,10099,67082,2020,94,940,,Active,,,http://www.redfin.com/MA/Wellesley/11-Kenilworth-Rd-02482/home/8981422,MLS PIN,72617745,N,Y,42.283963,-71.287011
MLS Listing,,Single Family Residential,24 Pine Plain Rd,Wellesley,MA,02481,925000,3,1.5,Wellesley Hills,1873,8750,1929,99,494,,Active,,,http://www.redfin.com/MA/Wellesley/24-Pine-Plain-Rd-02481/home/8996876,MLS PIN,72616018,N,Y,42.3120787,-71.313706
MLS Listing,,Single Family Residential,65 Royalston Rd,Wellesley,MA,02481,3695000,7,6.0,Peirce Estates,8419,30550,2020,120,439,,Active,,,http://www.redfin.com/MA/Wellesley/65-Royalston-Rd-02481/home/11831591,MLS PIN,72608266,N,Y,42.3178164,-71.2987657
MLS Listing,,Single Family Residential,16 Ridge Hill Farm Rd,Wellesley,MA,02482,4995000,5,6.0,Dana Hall,7451,40168,2019,153,670,,Active,,,http://www.redfin.com/MA/Wellesley/16-Ridge-Hill-Farm-Rd-02482/home/8986865,MLS PIN,72600449,N,Y,42.2793344,-71.2946362
MLS Listing,,Single Family Residential,50 Woodridge Rd,Wellesley,MA,02482,3950000,5,6.5,Dana Hall,7500,19144,2020,181,527,,Active,,,http://www.redfin.com/MA/Wellesley/50-Woodridge-Rd-02482/home/8981110,MLS PIN,72592940,N,Y,42.2906896,-71.2844861
MLS Listing,,Single Family Residential,934 Worcester St,Wellesley,MA,02482,610000,3,2.0,Wellesley,1344,11435,1961,182,454,,Active,,,http://www.redfin.com/MA/Wellesley/934-Worcester-St-02482/home/8999197,MLS PIN,72592746,N,Y,42.3044952,-71.3210933
MLS Listing,,Single Family Residential,14 Boulder Rd,Wellesley,MA,02481,2995000,6,5.5,Farms,7700,22472,2019,197,389,,Active,,,http://www.redfin.com/MA/Wellesley/14-Boulder-Rd-02481/home/8971700,MLS PIN,72586477,N,Y,42.3245161,-71.2732453
MLS Listing,,Single Family Residential,1 Sunnyside Ave,Wellesley,MA,02482,695000,3,2.0,Wellesley,1968,19397,1955,199,353,,Active,,,http://www.redfin.com/MA/Wellesley/1-Sunnyside-Ave-02482/home/11498972,MLS PIN,72585700,N,Y,42.3130633,-71.3270682
MLS Listing,,Single Family Residential,10 Albion Rd,Wellesley,MA,02481,5995000,6,7.5,Cliff Estates,7900,24794,2019,204,759,,Active,,,http://www.redfin.com/MA/Wellesley/10-Albion-Rd-02481/home/8978461,MLS PIN,72584090,N,Y,42.3187437,-71.2864581
MLS Listing,,Single Family Residential,103 Livingston Rd,Wellesley,MA,02482,7750000,7,8.0,Wellesley,8667,62973,2018,204,894,,Active,,,http://www.redfin.com/MA/Wellesley/103-Livingston-Rd-02482/home/8986876,MLS PIN,72583851,N,Y,42.2799782,-71.2960281
MLS Listing,,Single Family Residential,110 Cliff Rd,Wellesley,MA,02481,3695000,7,6.5,Wellesley Hills,7000,20250,2020,206,528,,Active,,,http://www.redfin.com/MA/WELLESLEY/110-CLIFF-RD-02481/home/8978886,MLS PIN,72582836,N,Y,42.316868,-71.283914
MLS Listing,,Single Family Residential,1 Edmunds Rd,Wellesley,MA,02481,2450000,8,8.5,Wellesley,8677,30904,1890,209,282,,Active,,,http://www.redfin.com/MA/Wellesley/1-Edmunds-Rd-02481/home/11725153,MLS PIN,72582127,N,Y,42.3108018,-71.2812076
MLS Listing,,Single Family Residential,33 Hickory Rd,Wellesley,MA,02482,2049000,5,4.5,Wellesley,4595,10017,2019,216,446,,Active,,,http://www.redfin.com/MA/Wellesley/33-Hickory-Rd-02482/home/8992865,MLS PIN,72578873,N,Y,42.3048667,-71.3075351
MLS Listing,,Townhouse,19 Brook St #19,Wellesley,MA,02482,839000,3,1.5,Wellesley,1536,,1910,224,546,250,Active,,,http://www.redfin.com/MA/Wellesley/19-Brook-St-02482/unit-19/home/77525391,MLS PIN,72574879,N,Y,42.29624,-71.2886771
MLS Listing,,Single Family Residential,1 Ingleside Rd,Wellesley,MA,02482,1850000,5,4.5,Wellesley,4600,15212,2019,232,402,,Active,,,http://www.redfin.com/MA/Wellesley/1-Ingleside-Rd-02482/home/9000940,MLS PIN,72570771,N,Y,42.3128448,-71.3295272
MLS Listing,,Single Family Residential,2 Dewing Path,Wellesley,MA,02482,2849000,5,5.5,Dana Hall,6800,33054,2015,253,419,,Active,,,http://www.redfin.com/MA/Wellesley/2-Dewing-Path-02482/home/8978041,MLS PIN,72558783,N,Y,42.290308,-71.2817322
MLS Listing,,Single Family Residential,75 Old Farm Rd,Wellesley,MA,02481,2395000,5,2.5,Wellesley Farms,4000,28314,1978,254,599,,Active,May-17-2020 03:00 PM,May-17-2020 04:15 PM,http://www.redfin.com/MA/Wellesley/75-Old-Farm-Rd-02481/home/8978541,MLS PIN,72557548,N,Y,42.3218463,-71.2845209
MLS Listing,,Vacant Land,26 Lantern Ln,Wellesley,MA,02481,679000,,,Wellesley,,10247,,265,,,Active,,,http://www.redfin.com/MA/Wellesley/26-Lantern-Ln-02481/home/66769927,MLS PIN,72554441,N,Y,42.316896,-71.238854
MLS Listing,,Single Family Residential,55 Ridge Hill Farm Rd,Wellesley,MA,02482,4995000,5,6.5,Dana Hall,8700,40159,2010,351,574,,Active,,,http://www.redfin.com/MA/Wellesley/55-Ridge-Hill-Farm-Rd-02482/home/8987064,MLS PIN,72508404,N,Y,42.2775372,-71.2932442
MLS Listing,,Condo/Co-op,75 Grove St #328,Wellesley,MA,02482,859999,2,2.0,Wellesley,1522,,1973,380,565,1076,Active,,,http://www.redfin.com/MA/Wellesley/75-Grove-St-02482/unit-328/home/12424537,MLS PIN,72490684,N,Y,42.2953954,-71.2923724
For-Sale-by-Owner Listing,,Single Family Residential,231 Weston Rd,Wellesley,MA,02482,899000,3,2.0,Wellesley,1872,8595,1930,181,480,,Active,,,http://www.redfin.com/MA/Wellesley/231-Weston-Rd-02482/home/11726003,Fizber.com,5039083,N,Y,42.3007454,-71.3047048
