SALE TYPE,SOLD DATE,PROPERTY TYPE,ADDRESS,CITY,STATE OR PROVINCE,ZIP OR POSTAL CODE,PRICE,BEDS,BATHS,LOCATION,SQUARE FEET,LOT SIZE,YEAR BUILT,DAYS ON MARKET,$/SQUARE FEET,HOA/MONTH,STATUS,NEXT OPEN HOUSE START TIME,NEXT OPEN HOUSE END TIME,URL (SEE http://www.redfin.com/buy-a-home/comparative-market-analysis FOR INFO ON PRICING),SOURCE,MLS#,FAVORITE,INTERESTED,LATITUDE,LONGITUDE
MLS Listing,,Single Family Residential,275 Pond Rd,West Tisbury,MA,02575,2595000,4,3.5,West Tisbury,3769,60113,2004,72,689,,Active,,,http://www.redfin.com/MA/West-Tisbury/275-Pond-RD-02575/home/166691778,MLS PIN,72627452,N,Y,41.4223551,-70.6474739
MLS Listing,,Single Family Residential,44 Forest Rd,West Tisbury,MA,02575,12800000,5,4.0,Seven gates Farm Corporation,4436,182952,2005,72,2885,,Active,,,http://www.redfin.com/MA/West-Tisbury/44-Forest-RD-02575/home/170947466,MLS PIN,72627080,N,Y,41.4223551,-70.6474739
MLS Listing,,Single Family Residential,14 Factory Brook Rd,West Tisbury,MA,02575,869000,3,2.0,In-town,1443,28749,1972,84,602,,Active,,,http://www.redfin.com/MA/West-Tisbury/14-Factory-Brook-RD-02575/home/170606008,MLS PIN,72622164,N,Y,41.4223551,-70.6474739
MLS Listing,,Single Family Residential,4 Stonewood Ln,West Tisbury,MA,02575,989000,3,3.0,West Tisbury,1992,77972,1991,108,496,,Active,,,http://www.redfin.com/MA/West-Tisbury/4-Stonewood-Ln-02575/home/130686672,MLS PIN,72612192,N,Y,41.4223551,-70.6474739
MLS Listing,,Single Family Residential,50 Red Pony Rd,West Tisbury,MA,02575,1485000,5,3.5,Pastoral,3552,131551,2005,181,418,,Active,,,http://www.redfin.com/MA/West-Tisbury/50-Red-Pony-RD-02575/home/163840818,MLS PIN,72593128,N,Y,41.4223551,-70.6474739
MLS Listing,,Single Family Residential,131 Indian Hill Rd,West Tisbury,MA,02575,1700000,3,3.0,West Tisbury,2442,131116,1984,218,696,,Active,,,http://www.redfin.com/MA/West-Tisbury/131-Indian-Hill-RD-02575/home/169366263,MLS PIN,72577516,N,Y,41.4223551,-70.6474739
