SALE TYPE,SOLD DATE,PROPERTY TYPE,ADDRESS,CITY,STATE OR PROVINCE,ZIP OR POSTAL CODE,PRICE,BEDS,BATHS,LOCATION,SQUARE FEET,LOT SIZE,YEAR BUILT,DAYS ON MARKET,$/SQUARE FEET,HOA/MONTH,STATUS,NEXT OPEN HOUSE START TIME,NEXT OPEN HOUSE END TIME,URL (SEE http://www.redfin.com/buy-a-home/comparative-market-analysis FOR INFO ON PRICING),SOURCE,MLS#,FAVORITE,INTERESTED,LATITUDE,LONGITUDE
MLS Listing,,Townhouse,19 Littleton Rd #208,Westford,MA,01886,585000,2,2.5,Westford,2050,,2020,1,285,285,Active,,,http://www.redfin.com/MA/Westford/19-Littleton-Rd-01886/unit-208/home/169645111,MLS PIN,72656201,N,Y,42.5767799,-71.4034667
MLS Listing,,Single Family Residential,8 Long Meadow Rd,Westford,MA,01886,599000,4,2.5,"PAPERCLIP FOR PLOT PLAN, SELLERS' DISCLOSURE & HOME IMPROVEMENTS",2210,40641,1972,1,271,,Active,,,http://www.redfin.com/MA/Westford/8-Long-Meadow-Rd-01886/home/11685027,MLS PIN,72655798,N,Y,42.5871976,-71.4579272
MLS Listing,,Single Family Residential,11 Stony Brook Rd,Westford,MA,01886,695000,4,2.5,"PAPERCLIP FOR HOME IMPROVEMENTS, PLOT PLAN & SELLERS' DISCLOSURE",2670,49005,1992,2,260,,Active,,,http://www.redfin.com/MA/Westford/11-Stony-Brook-Rd-01886/home/8780812,MLS PIN,72655154,N,Y,42.5956782,-71.4139572
MLS Listing,,Single Family Residential,120 Dunstable Rd,Westford,MA,01886,450000,3,1.5,Long Sought for Pond,1764,65645,1920,3,255,,Active,,,http://www.redfin.com/MA/WESTFORD/120-DUNSTABLE-RD-01886/home/8783458,MLS PIN,72654530,N,Y,42.623439,-71.460258
MLS Listing,,Condo/Co-op,Lot 15 Balsam Cir #15,Westford,MA,01886,739900,2,2.5,Westford,2378,5,2020,3,311,450,Active,,,http://www.redfin.com/MA/Westford/Lot-15-Balsam-CIR-01886/unit-15/home/171577799,MLS PIN,72654320,N,Y,42.5899487,-71.4536835
MLS Listing,,Single Family Residential,Lot 15 Balsam Cir,Westford,MA,01886,739900,2,2.5,Balsam Circle,2378,5,2020,3,311,450,Active,,,http://www.redfin.com/MA/Westford/Lot-15-Balsam-CIR-01886/home/171577798,MLS PIN,72654317,N,Y,42.5899487,-71.4536835
MLS Listing,,Townhouse,12 4Th St #12,Westford,MA,01886,279000,3,1.0,Westford,1300,,1900,4,215,250,Active,,,http://www.redfin.com/MA/Westford/12-4th-St-01886/unit-12/home/137498928,MLS PIN,72654172,N,Y,42.594728,-71.4632734
MLS Listing,,Townhouse,12 Brookside Rd #7,Westford,MA,01886,369900,2,2.0,Brookside,1814,,2003,7,204,507,Active,,,http://www.redfin.com/MA/Westford/12-Brookside-Rd-01886/unit-7/home/8796895,MLS PIN,72653233,N,Y,42.6089728,-71.4109384
MLS Listing,,Condo/Co-op,Lot 11 Balsam Cir #11,Westford,MA,01886,739900,2,2.5,Westford,2378,5,2020,7,311,450,Active,,,http://www.redfin.com/MA/Westford/Lot-11-Balsam-CIR-01886/unit-11/home/171555894,MLS PIN,72652895,N,Y,42.5899487,-71.4536835
MLS Listing,,Single Family Residential,Lot 11 Balsam Cir,Westford,MA,01886,739900,2,2.5,Balsam Circle,2378,5,2020,7,311,450,Active,,,http://www.redfin.com/MA/Westford/Lot-11-Balsam-CIR-01886/home/171555893,MLS PIN,72652894,N,Y,42.5899487,-71.4536835
MLS Listing,,Single Family Residential,4 Alcorn Xing,Westford,MA,01886,1695000,5,5.0,Westford,6038,156816,2008,7,281,,Active,May-16-2020 03:30 PM,May-16-2020 04:00 PM,http://www.redfin.com/MA/Westford/4-Alcorn-Xing-01886/home/18955682,MLS PIN,72652842,N,Y,42.5774215,-71.4494861
MLS Listing,,Single Family Residential,7 Vineyard Rd,Westford,MA,01886,743000,4,2.5,Vineyard Estates,2790,41643,1997,8,266,,Active,,,http://www.redfin.com/MA/Westford/7-Vineyard-Rd-01886/home/8762428,MLS PIN,72652321,N,Y,42.6423526,-71.4353863
MLS Listing,,Single Family Residential,5 Phillips Dr,Westford,MA,01886,695000,4,3.5,"PAPERCLIP HOLDS PLOT PLAN, HOME IMPROVEMENTS & SELLERS' DISCLOSURE",3220,39988,1973,8,216,,Active,,,http://www.redfin.com/MA/Westford/5-Phillips-Dr-01886/home/8771711,MLS PIN,72652242,N,Y,42.5594131,-71.4513877
MLS Listing,,Single Family Residential,70 Chamberlain Rd,Westford,MA,01886,900000,6,4.0,Westford,2800,69696,1880,8,321,,Active,,,http://www.redfin.com/MA/Westford/70-Chamberlain-Rd-01886/home/8781285,MLS PIN,72652007,N,Y,42.5960964,-71.407069
MLS Listing,,Single Family Residential,2 Morrison Ln,Westford,MA,01886,749900,4,2.5,Greystone Estates,3041,28229,1999,9,247,,Active,,,http://www.redfin.com/MA/Westford/2-Morrison-Ln-01886/home/8761118,MLS PIN,72651958,N,Y,42.6411374,-71.4285681
MLS Listing,,Single Family Residential,2 Knoll Rd,Westford,MA,01886,460000,3,1.5,Nab,1792,6316,1932,9,257,,Active,,,http://www.redfin.com/MA/Westford/2-Knoll-Rd-01886/home/8793790,MLS PIN,72651883,N,Y,42.6162997,-71.4151632
MLS Listing,,Single Family Residential,2 Swanson Ln,Westford,MA,01886,849900,4,3.5,Westford,3400,41295,1996,9,250,,Active,,,http://www.redfin.com/MA/Westford/2-Swanson-Ln-01886/home/8783355,MLS PIN,72651873,N,Y,42.6036198,-71.4078111
MLS Listing,,Single Family Residential,34 Beaver Brook Rd,Westford,MA,01886,600000,4,3.0,Westford,2000,453895,1942,10,300,,Active,,,http://www.redfin.com/MA/Westford/34-Beaver-Brook-Rd-01886/home/8772863,MLS PIN,72651344,N,Y,42.5716649,-71.479168
MLS Listing,,Condo/Co-op,1 Ravine Way #1,Westford,MA,01886,174000,2,1.0,Westford,800,,2006,10,218,392,Active,,,http://www.redfin.com/MA/Westford/1-Ravine-Way-01886/unit-1/home/55513680,MLS PIN,72651145,N,Y,42.6281082,-71.456569
MLS Listing,,Condo/Co-op,5 Whispering Pines Rd #5,Westford,MA,01886,184900,2,1.0,Westford,800,,2007,10,231,392,Active,,,http://www.redfin.com/MA/Westford/5-Whispering-Pines-Rd-01886/unit-5/home/171534122,MLS PIN,72651118,N,Y,42.6303391,-71.4552237
MLS Listing,,Single Family Residential,7 Sassafras Rd,Westford,MA,01886,869900,4,2.5,Westford,3054,40000,1978,13,285,,Active,,,http://www.redfin.com/MA/Westford/7-Sassafras-Rd-01886/home/8772307,MLS PIN,72650168,N,Y,42.5600278,-71.4072777
MLS Listing,,Single Family Residential,42 Acton Rd,Westford,MA,01886,570000,3,2.5,Westford,2172,41208,1977,16,262,,Active,,,http://www.redfin.com/MA/Westford/42-Acton-Rd-01886/home/8765902,MLS PIN,72648482,N,Y,42.5431222,-71.3963305
MLS Listing,,Townhouse,12 Brookside Rd #17,Westford,MA,01886,375000,2,2.5,Brookside,2126,,2003,17,176,566,Active,,,http://www.redfin.com/MA/Westford/12-Brookside-Rd-01886/unit-17/home/8797063,MLS PIN,72648320,N,Y,42.6089728,-71.4109384
MLS Listing,,Condo/Co-op,34 Whispering Pines Rd #34,Westford,MA,01886,189000,2,1.0,Westford,800,,2011,17,236,392,Active,,,http://www.redfin.com/MA/Westford/34-Whispering-Pines-Rd-01886/unit-34/home/166920416,MLS PIN,72648288,N,Y,42.6303391,-71.4552237
MLS Listing,,Single Family Residential,16 St. Augustine Dr,Westford,MA,01886,1259000,5,4.5,Spaulding Hill Estates,4785,121968,2019,17,263,,Active,,,http://www.redfin.com/MA/Westford/16-St-Augustine-Dr-01886/home/113048506,MLS PIN,72648172,N,Y,42.6164749,-71.458443
MLS Listing,,Condo/Co-op,12 Waterview Dr #12,Westford,MA,01886,185900,2,1.0,Westford,814,,2008,17,228,391,Active,,,http://www.redfin.com/MA/Westford/12-Waterview-Dr-01886/unit-12/home/171427548,MLS PIN,72648110,N,Y,42.6237815,-71.4532117
MLS Listing,,Condo/Co-op,15 Big Rock Trl #15,Westford,MA,01886,184000,2,1.0,Westford,800,,2007,20,230,391,Active,,,http://www.redfin.com/MA/Westford/15-Big-Rock-Trl-01886/unit-15/home/171417186,MLS PIN,72647598,N,Y,42.6266577,-71.4548342
MLS Listing,,Single Family Residential,96 Lot3) Nutting Rd,Westford,MA,01886,790000,4,2.5,Westford,2836,112820,2020,21,279,,Active,,,http://www.redfin.com/MA/Westford/3-Nutting-Rd-01886/home/8789552,MLS PIN,72646891,N,Y,42.6077582,-71.4313047
MLS Listing,,Single Family Residential,4 Priscilla Ln,Westford,MA,01886,1750000,5,6.0,Westford,6393,77537,2014,27,274,,Active,,,http://www.redfin.com/MA/Westford/4-Priscilla-Ln-01886/home/49800067,MLS PIN,72645247,N,Y,42.5765849,-71.4380595
MLS Listing,,Single Family Residential,33 Russells Way,Westford,MA,01886,719000,4,2.5,Greystone Estates,2682,28446,1997,35,268,,Active,,,http://www.redfin.com/MA/Westford/33-Russells-Way-01886/home/8760895,MLS PIN,72642535,N,Y,42.6330928,-71.4295421
MLS Listing,,Single Family Residential,21 Tyngsboro Rd,Westford,MA,01886,850000,3,2.0,Westford,3201,57934,1986,36,266,,Active,May-16-2020 12:00 PM,May-16-2020 02:00 PM,http://www.redfin.com/MA/Westford/21-Tyngsboro-Rd-01886/home/8794584,MLS PIN,72642139,N,Y,42.623204,-71.4426925
MLS Listing,,Single Family Residential,94 (Lot2) Nutting Rd,Westford,MA,01886,790000,4,2.5,Westford,2836,94525,2020,44,279,,Active,,,http://www.redfin.com/MA/Westford/2-Nutting-Rd-01886/home/171238164,MLS PIN,72639630,N,Y,42.6075619,-71.4299117
MLS Listing,,Single Family Residential,191 Main St,Westford,MA,01886,864900,4,2.5,Westford,4052,46174,1991,49,213,,Active,,,http://www.redfin.com/MA/Westford/191-Main-St-01886/home/8781379,MLS PIN,72638060,N,Y,42.5972587,-71.4044018
MLS Listing,,Condo/Co-op,Lot 14 Balsam Cir #14,Westford,MA,01886,739900,2,2.5,Westford,2378,5,2020,52,311,450,Active,,,http://www.redfin.com/MA/Westford/Lot-14-Balsam-CIR-01886/unit-14/home/171174991,MLS PIN,72637193,N,Y,42.5899487,-71.4536835
MLS Listing,,Condo/Co-op,Lot 12 Balsam Cir #12,Westford,MA,01886,769900,2,2.5,Westford,2532,5,2020,52,304,450,Active,,,http://www.redfin.com/MA/Westford/Lot-12-Balsam-CIR-01886/unit-12/home/171174990,MLS PIN,72637192,N,Y,42.5899487,-71.4536835
MLS Listing,,Single Family Residential,240 Groton Rd,Westford,MA,01886,629900,5,3.0,Westford,2005,41774,1948,56,314,,Active,,,http://www.redfin.com/MA/Westford/240-Groton-Rd-01886/home/8763647,MLS PIN,72635870,N,Y,42.6133072,-71.4551909
MLS Listing,,Single Family Residential,238 Concord Rd Lot 1,Westford,MA,01886,999500,5,3.0,Parkerville,3700,91911,2020,56,270,,Active,May-17-2020 11:00 AM,May-17-2020 12:30 PM,http://www.redfin.com/MA/Westford/238-Concord-Rd-01886/unit-1/home/171151818,MLS PIN,72635633,N,Y,42.5506037,-71.422747
MLS Listing,,Single Family Residential,13 Sherwood Dr,Westford,MA,01886,569900,4,1.5,Nabnasset,1786,40554,1969,56,319,,Active,,,http://www.redfin.com/MA/Westford/13-Sherwood-Dr-01886/home/8789812,MLS PIN,72635627,N,Y,42.6052184,-71.425414
MLS Listing,,Single Family Residential,7 Cross Rd,Westford,MA,01886,449900,3,1.5,Nabnasset,1040,18731,1952,57,433,,Active,,,http://www.redfin.com/MA/Westford/7-Cross-Rd-01886/home/8795568,MLS PIN,72635019,N,Y,42.6218204,-71.4191986
MLS Listing,,Single Family Residential,7 Birchwood Dr,Westford,MA,01886,1149900,4,4.5,Lakeside Meadows,5476,35155,1998,59,210,,Active,,,http://www.redfin.com/MA/Westford/7-Birchwood-Dr-01886/home/8760824,MLS PIN,72633912,N,Y,42.6182718,-71.4333455
MLS Listing,,Single Family Residential,Lot 14 Balsam Cir,Westford,MA,01886,739900,2,2.5,Balsam Circle,2378,5,2020,62,311,450,Active,,,http://www.redfin.com/MA/Westford/Lot-14-Balsam-CIR-01886/home/171113820,MLS PIN,72633452,N,Y,42.5899487,-71.4536835
MLS Listing,,Single Family Residential,Lot 12 Balsam Cir,Westford,MA,01886,769900,2,2.5,Balsam Circle,2532,5,2020,62,304,450,Active,,,http://www.redfin.com/MA/Westford/Lot-12-Balsam-CIR-01886/home/171113773,MLS PIN,72633449,N,Y,42.5899487,-71.4536835
MLS Listing,,Townhouse,32 Sugar Maple Ln #32,Westford,MA,01886,478000,2,2.5,Westford,1740,,2019,63,275,235,Active,,,http://www.redfin.com/MA/Westford/32-Maple-St-01886/unit-32/home/171080335,MLS PIN,72632692,N,Y,42.5994684,-71.4623398
MLS Listing,,Townhouse,28 Sugar Maple Ln #28,Westford,MA,01886,488000,2,2.5,Westford,1740,,2019,63,280,235,Active,,,http://www.redfin.com/MA/Westford/28-01886/unit-28/home/171080204,MLS PIN,72632686,N,Y,42.5559583,-71.4367019
MLS Listing,,Condo/Co-op,15 Whispering Pines Rd #15,Westford,MA,01886,185900,2,1.0,Westford,800,,2007,65,232,391,Active,,,http://www.redfin.com/MA/Westford/15-Whispering-Pines-Rd-01886/unit-15/home/77514041,MLS PIN,72630913,N,Y,42.6303391,-71.4552237
MLS Listing,,Single Family Residential,9 Abbot St,Westford,MA,01886,549000,3,3.0,Westford,2157,17337,1972,66,255,,Active,,,http://www.redfin.com/MA/Westford/9-Abbot-St-01886/home/8786277,MLS PIN,72630532,N,Y,42.580289,-71.4777305
MLS Listing,,Single Family Residential,15 Pollyanna Ln,Westford,MA,01886,379900,3,1.0,Westford,1233,2962,1940,69,308,,Active,,,http://www.redfin.com/MA/Westford/15-Pollyanna-Ln-01886/home/8794956,MLS PIN,72629664,N,Y,42.6200288,-71.4254488
MLS Listing,,Single Family Residential,10 Pleasant St,Westford,MA,01886,775000,4,2.5,Forge Village,3640,42819,1760,69,213,,Active,,,http://www.redfin.com/MA/Westford/10-Pleasant-St-01886/home/8786403,MLS PIN,72629361,N,Y,42.5791149,-71.4853362
MLS Listing,,Single Family Residential,48 W Prescott St,Westford,MA,01886,499000,4,2.0,Forge Village,1921,24350,1972,71,260,,Active,,,http://www.redfin.com/MA/Westford/48-W-Prescott-St-01886/home/8787118,MLS PIN,72627973,N,Y,42.5804946,-71.4929417
MLS Listing,,Single Family Residential,27 West St,Westford,MA,01886,418000,3,1.0,Westford,1520,63990,1854,72,275,,Active,,,http://www.redfin.com/MA/Westford/27-West-St-01886/home/8779516,MLS PIN,72627287,N,Y,42.5943676,-71.4795856
MLS Listing,,Condo/Co-op,6 Waterview Dr #6,Westford,MA,01886,185900,2,1.0,Westford,800,,2008,79,232,391,Active,,,http://www.redfin.com/MA/Westford/6-Waterview-Dr-01886/unit-6/home/145564256,MLS PIN,72623639,N,Y,42.6237815,-71.4532117
MLS Listing,,Single Family Residential,57 Plain Rd,Westford,MA,01886,470000,4,2.5,Westford,1392,57194,1964,86,338,,Active,,,http://www.redfin.com/MA/Westford/57-Plain-Rd-01886/home/8789613,MLS PIN,72620961,N,Y,42.607354,-71.429774
MLS Listing,,Single Family Residential,78 Keyes Rd,Westford,MA,01886,599900,4,3.5,Westford,2640,45302,1986,86,227,,Active,,,http://www.redfin.com/MA/Westford/78-Keyes-Rd-01886/home/8783653,MLS PIN,72620623,N,Y,42.6173322,-71.4640028
MLS Listing,,Single Family Residential,22 Griffin Rd,Westford,MA,01886,1100000,3,2.0,Parker Village,2643,593723,1948,87,416,,Active,,,http://www.redfin.com/MA/Westford/22-Griffin-Rd-01886/home/64326590,MLS PIN,72620349,N,Y,42.5504979,-71.4082982
MLS Listing,,Single Family Residential,63 Endmoor Rd,Westford,MA,01886,749898,3,2.0,Westford,1845,7841,1998,92,406,,Active,,,http://www.redfin.com/MA/Westford/63-Endmoor-Rd-01886/home/8792659,MLS PIN,72618654,N,Y,42.6142374,-71.4311191
MLS Listing,,Townhouse,24 Sugar Maple Ln #24,Westford,MA,01886,478000,2,2.5,Westford,1740,,2019,102,275,235,Active,,,http://www.redfin.com/MA/Westford/24-Maple-St-01886/unit-24/home/170484927,MLS PIN,72614496,N,Y,42.5993723,-71.462797
MLS Listing,,Townhouse,163 Westview Dr #163,Westford,MA,01886,440000,2,2.0,Westford,1845,9408960,1995,126,238,588,Active,,,http://www.redfin.com/MA/Westford/163-Westview-Dr-01886/unit-163/home/170247038,MLS PIN,72606465,N,Y,42.5651268,-71.4487133
MLS Listing,,Condo/Co-op,3 Cold Spring Rd #3,Westford,MA,01886,749900,3,2.5,Westford,2776,84070,2020,132,270,185,Active,,,http://www.redfin.com/MA/Westford/3-Cold-Spring-Rd-01886/unit-3/home/170208146,MLS PIN,72604282,N,Y,42.5944921,-71.4371488
MLS Listing,,Single Family Residential,3 Cold Spring Rd,Westford,MA,01886,749900,3,2.5,Cold Spring Farms,2776,84070,2020,152,270,185,Active,,,http://www.redfin.com/MA/Westford/3-Cold-Spring-Rd-01886/home/8780059,MLS PIN,72600781,N,Y,42.5944921,-71.4371488
MLS Listing,,Townhouse,19 Littleton Rd #413,Westford,MA,01886,565000,2,2.5,Westford,2050,,2020,192,276,285,Active,,,http://www.redfin.com/MA/Westford/19-Littleton-Rd-01886/unit-413/home/169645066,MLS PIN,72588236,N,Y,42.5767799,-71.4034667
MLS Listing,,Single Family Residential,3 Cortland Rd,Westford,MA,01886,2249900,4,5.5,Westford,7692,51096,2008,275,292,,Active,May-16-2020 02:00 PM,May-16-2020 02:30 PM,http://www.redfin.com/MA/Westford/3-Cortland-Rd-01886/home/8781212,MLS PIN,72549186,N,Y,42.5988035,-71.4051208
MLS Listing,,Single Family Residential,13 Cowdry Hill Rd,Westford,MA,01886,759900,3,2.0,Westford,1944,566280,1987,289,391,,Active,,,http://www.redfin.com/MA/Westford/13-Cowdry-Hill-Rd-01886/home/28573800,MLS PIN,72541959,N,Y,42.6014454,-71.4827055
MLS Listing,,Condo/Co-op,13 Whispering Pines Rd #13,Westford,MA,01886,175000,2,1.0,Westford,800,,2007,602,219,391,Active,,,http://www.redfin.com/MA/Westford/13-Whispering-Pines-Rd-01886/unit-13/home/147131680,MLS PIN,72398434,N,Y,42.6303391,-71.4552237
For-Sale-by-Owner Listing,,Single Family Residential,14 Chippewa Rd,Westford,MA,01886,689900,4,2.25,Westford,2652,43124,1980,142,260,,Active,,,http://www.redfin.com/MA/Westford/14-Chippewa-Rd-01886/home/8778591,Fizber.com,5041855,N,Y,42.5836065,-71.4036364
