SALE TYPE,SOLD DATE,PROPERTY TYPE,ADDRESS,CITY,STATE OR PROVINCE,ZIP OR POSTAL CODE,PRICE,BEDS,BATHS,LOCATION,SQUARE FEET,LOT SIZE,YEAR BUILT,DAYS ON MARKET,$/SQUARE FEET,HOA/MONTH,STATUS,NEXT OPEN HOUSE START TIME,NEXT OPEN HOUSE END TIME,URL (SEE http://www.redfin.com/buy-a-home/comparative-market-analysis FOR INFO ON PRICING),SOURCE,MLS#,FAVORITE,INTERESTED,LATITUDE,LONGITUDE
MLS Listing,,Condo/Co-op,110 Trotter Rd #212,Weymouth,MA,02190,395000,1,1.0,Weymouth,1020,,2018,1,387,203,Active,,,http://www.redfin.com/MA/Weymouth/110-Trotter-Rd-02190/unit-212/home/113071602,MLS PIN,72655342,N,Y,42.1546053,-70.9506862
MLS Listing,,Single Family Residential,1080 Pleasant St,Weymouth,MA,02189,450000,3,1.5,Weymouth,1372,32294,1965,1,328,,Active,,,http://www.redfin.com/MA/Weymouth/1080-Pleasant-St-02189/home/11521508,MLS PIN,72656203,N,Y,42.2039084,-70.9250855
MLS Listing,,Single Family Residential,50 Pine Cir,Weymouth,MA,02190,550000,3,3.0,South Weymouth,1764,6588,1903,1,312,,Active,,,http://www.redfin.com/MA/Weymouth/50-Pine-Cir-02190/home/11528459,MLS PIN,72656190,N,Y,42.1652056,-70.9626442
MLS Listing,,Single Family Residential,449 East St,Weymouth,MA,02189,450000,3,2.0,Weymouth,1396,13900,1878,1,322,,Active,,,http://www.redfin.com/MA/Weymouth/449-East-St-02189/home/11515357,MLS PIN,72655918,N,Y,42.2238746,-70.9283829
MLS Listing,,Single Family Residential,178 Evans,Weymouth,MA,02191,375000,2,1.0,Weymouth,864,5308,1933,1,434,,Active,May-15-2020 09:30 AM,May-15-2020 10:00 AM,http://www.redfin.com/MA/Weymouth/178-Evans-St-02191/home/11505918,MLS PIN,72655609,N,Y,42.2405398,-70.9527992
MLS Listing,,Condo/Co-op,116 Tall Oaks Dr Unit D,Weymouth,MA,02190,284900,2,1.0,Weymouth,1060,,1984,1,269,325,Active,,,http://www.redfin.com/MA/Weymouth/116-Tall-Oaks-Dr-02190/unit-D/home/11524464,MLS PIN,72652531,N,Y,42.1868219,-70.9397482
MLS Listing,,Single Family Residential,34 Drew Ave,Weymouth,MA,02189,950000,4,1.5,East Weymouth,2016,30118,1993,2,471,,Active,,,http://www.redfin.com/MA/Weymouth/34-Drew-Ave-02189/home/11516111,MLS PIN,72655142,N,Y,42.2210313,-70.928232
MLS Listing,,Single Family Residential,720 Pleasant St,Weymouth,MA,02189,639900,3,2.5,Weymouth,2000,25000,2019,2,320,,Active,,,http://www.redfin.com/MA/Weymouth/720-Pleasant-St-02189/home/171594649,MLS PIN,72655126,N,Y,42.1933256,-70.930617
MLS Listing,,Single Family Residential,370 Broad St,Weymouth,MA,02188,449000,3,1.5,Weymouth,1309,17100,1868,2,343,,Active,May-16-2020 11:00 AM,May-16-2020 01:00 PM,http://www.redfin.com/MA/Weymouth/370-Broad-St-02188/home/11517471,MLS PIN,72654913,N,Y,42.2181338,-70.947505
MLS Listing,,Single Family Residential,57 Reed Ave,Weymouth,MA,02190,639900,4,3.0,South Weymouth,2100,18640,1883,4,305,,Active,,,http://www.redfin.com/MA/Weymouth/57-Reed-Ave-02190/home/11527913,MLS PIN,72654093,N,Y,42.1704775,-70.9456474
MLS Listing,,Single Family Residential,110 Chard,Weymouth,MA,02189,529900,3,2.0,Weymouth,1863,11873,1928,5,284,,Active,,,http://www.redfin.com/MA/Weymouth/110-Chard-St-02189/home/11515543,MLS PIN,72654013,N,Y,42.2217758,-70.9364522
MLS Listing,,Condo/Co-op,65 Greentree Ln #21,Weymouth,MA,02190,223000,1,1.0,South Weymouth,680,,1970,5,328,293,Active,,,http://www.redfin.com/MA/Weymouth/65-Greentree-Ln-02190/unit-21/home/11527621,MLS PIN,72653964,N,Y,42.166518,-70.9515661
MLS Listing,,Single Family Residential,24 Roland,Weymouth,MA,02190,539000,4,2.0,Weymouth,2013,8732,1950,6,268,,Active,May-16-2020 12:00 PM,May-16-2020 04:00 PM,http://www.redfin.com/MA/Weymouth/24-Roland-Rd-02190/home/11527057,MLS PIN,72653541,N,Y,42.1689548,-70.9682168
MLS Listing,,Condo/Co-op,122 Tall Oaks Dr Unit J,Weymouth,MA,02190,289900,2,1.0,Weymouth,1060,,1984,7,273,342,Active,,,http://www.redfin.com/MA/Weymouth/122-Tall-Oaks-Dr-02190/unit-J/home/11524507,MLS PIN,72652528,N,Y,42.1869904,-70.9409473
MLS Listing,,Single Family Residential,34 Regatta Rd,Weymouth,MA,02191,1049000,4,3.0,North Weymouth,3200,9223,1947,8,328,,Active,,,http://www.redfin.com/MA/Weymouth/34-Regatta-Rd-02191/home/11499564,MLS PIN,72652061,N,Y,42.2518085,-70.9398424
MLS Listing,,Single Family Residential,35 Tilden Rd,Weymouth,MA,02190,679000,3,2.5,South Weymouth,2138,15769,1982,9,318,,Active,,,http://www.redfin.com/MA/Weymouth/35-Tilden-Rd-02190/home/11528190,MLS PIN,72651520,N,Y,42.1701629,-70.9249811
MLS Listing,,Single Family Residential,107 Springvale Cir,Weymouth,MA,02188,629900,4,2.0,East Weymouth,2400,24221,1981,10,262,,Active,,,http://www.redfin.com/MA/Weymouth/107-Springvale-Cir-02188/home/11517624,MLS PIN,72651116,N,Y,42.2138887,-70.9535422
MLS Listing,,Single Family Residential,LOT 51 BALD EAGLE Rd,Weymouth,MA,02190,749900,4,2.5,South Weymouth,2636,8411,2020,10,284,,Active,,,http://www.redfin.com/MA/Weymouth/51-Bald-Eagle-Rd-02190/home/171531821,MLS PIN,72650931,N,Y,42.1744399,-70.9444166
MLS Listing,,Condo/Co-op,215 Winter St Unit 1-P,Weymouth,MA,02188,225000,2,1.0,Weymouth,852,,1969,11,264,446,Active,May-17-2020 01:00 PM,May-17-2020 03:00 PM,http://www.redfin.com/MA/Weymouth/215-Winter-St-02188/unit-1P/home/11522214,MLS PIN,72650761,N,Y,42.2007011,-70.9483863
MLS Listing,,Single Family Residential,79 Clematis Ave,Weymouth,MA,02188,479900,4,2.0,Idlewell,1960,11200,1928,13,245,,Active,,,http://www.redfin.com/MA/Weymouth/79-Clematis-Ave-02188/home/11510842,MLS PIN,72650256,N,Y,42.2324049,-70.9573967
MLS Listing,,Condo/Co-op,273 Lake St Unit 273-5,Weymouth,MA,02189,234900,2,1.0,Weymouth,954,,1975,14,246,498,Active,,,http://www.redfin.com/MA/Weymouth/273-Lake-St-02189/unit-273-5/home/171478072,MLS PIN,72649701,N,Y,42.210078,-70.9405105
MLS Listing,,Single Family Residential,11 Fore River Ave,Weymouth,MA,02191,749900,3,2.0,Weymouth,2004,3600,1923,15,374,,Active,,,http://www.redfin.com/MA/Weymouth/11-Fore-River-Ave-02191/home/11502268,MLS PIN,72649222,N,Y,42.2471776,-70.956375
MLS Listing,,Townhouse,955 pleasant St #13,Weymouth,MA,02188,369000,3,1.5,Weymouth,1500,,2006,15,246,150,Active,,,http://www.redfin.com/MA/Weymouth/955-Pleasant-St-02189/unit-13/home/39950900,MLS PIN,72649052,N,Y,42.1994064,-70.9236323
MLS Listing,,Single Family Residential,189 Stonehaven Dr,Weymouth,MA,02190,714900,4,3.5,Weymouth,2506,4688,2018,17,285,119,Active,,,http://www.redfin.com/MA/Weymouth/189-Stonehaven-Dr-02190/home/144230814,MLS PIN,72648200,N,Y,42.15733,-70.951458
MLS Listing,,Vacant Land,0 Lane,Weymouth,MA,02188,189000,,,Weymouth,,21780,,20,,,Active,,,http://www.redfin.com/MA/Weymouth/Lane-02188/home/171415122,MLS PIN,72647475,N,Y,42.2071619,-70.9606241
MLS Listing,,Single Family Residential,30 Aspinwall Ave,Weymouth,MA,02191,799950,3,2.0,North Weymouth,1190,7012,1918,21,672,,Active,,,http://www.redfin.com/MA/Weymouth/30-Aspinwall-Ave-02191/home/11507946,MLS PIN,72647284,N,Y,42.2394932,-70.9548773
MLS Listing,,Single Family Residential,Lot 8 Douglas St,Weymouth,MA,02190,729000,3,2.5,Stonebridge at Union Point,2551,4850,2020,22,286,120,Active,,,http://www.redfin.com/MA/Weymouth/Lot-8-Douglas-ST-02190/home/171394191,MLS PIN,72646411,N,Y,42.1707499,-70.9427914
MLS Listing,,Condo/Co-op,573 Broad St #226,Weymouth,MA,02189,225000,2,1.0,East Weymouth,856,,1985,24,263,465,Active,,,http://www.redfin.com/MA/Weymouth/573-Broad-St-02189/unit-226/home/11518430,MLS PIN,72645827,N,Y,42.2158067,-70.9355457
MLS Listing,,Multi-Family (2-4 Unit),215 Front St,Weymouth,MA,02188,679900,6,4.0,Weymouth,2272,6600,1828,29,299,,Active,,,http://www.redfin.com/MA/Weymouth/215-Front-St-02188/home/11520414,MLS PIN,72644350,N,Y,42.2124891,-70.9638052
MLS Listing,,Townhouse,220 Middle St #10,Weymouth,MA,02189,275000,1,1.0,Weymouth,688,,2019,33,400,200,Active,,,http://www.redfin.com/MA/Weymouth/220-Middle-St-02189/unit-10/home/55107544,MLS PIN,72643078,N,Y,42.2160406,-70.9375798
MLS Listing,,Single Family Residential,114 Circuit Ave,Weymouth,MA,02188,389717,3,1.0,Weymouth,852,12923,1923,36,457,,Active,May-16-2020 11:00 AM,May-16-2020 12:00 PM,http://www.redfin.com/MA/Weymouth/114-Circuit-Ave-02188/home/11523318,MLS PIN,72641918,N,Y,42.1958506,-70.9529385
MLS Listing,,Single Family Residential,34 High St,Weymouth,MA,02189,275000,2,1.0,Jackson Square,841,2000,1878,40,327,,Active,,,http://www.redfin.com/MA/Weymouth/34-High-St-02189/home/11519051,MLS PIN,72641132,N,Y,42.215058,-70.9207548
MLS Listing,,Condo/Co-op,117 Tall Oaks Dr Unit G,Weymouth,MA,02190,217000,1,1.0,South Weymouth,720,,1984,41,301,336,Active,,,http://www.redfin.com/MA/Weymouth/117-Tall-Oaks-Dr-02190/unit-G/home/11524275,MLS PIN,72640925,N,Y,42.1869525,-70.9401187
MLS Listing,,Single Family Residential,10 Mulligan Dr #10,Weymouth,MA,02190,669900,2,2.5,Columbian Square,2260,,2004,41,296,,Active,,,http://www.redfin.com/MA/Weymouth/10-Mulligan-Dr-02190/unit-10/home/11530171,MLS PIN,72640662,N,Y,42.1676201,-70.9318483
MLS Listing,,Single Family Residential,1092 Pleasant St,Weymouth,MA,02189,679900,4,2.5,Weymouth,2368,8839,2019,42,287,,Active,,,http://www.redfin.com/MA/Weymouth/1092-Pleasant-St-02189/home/11521505,MLS PIN,72640434,N,Y,42.2044444,-70.9247953
MLS Listing,,Single Family Residential,17 Tommy Marks Way,Weymouth,MA,02190,649900,4,2.5,Weymouth,2048,15011,1987,47,317,,Active,,,http://www.redfin.com/MA/Weymouth/17-Tommy-Marks-Way-02190/home/11525908,MLS PIN,72638817,N,Y,42.1796716,-70.9716532
MLS Listing,,Multi-Family (2-4 Unit),14 Linden Pl,Weymouth,MA,02189,569000,5,2.0,Weymouth,2115,16800,1920,52,269,,Active,,,http://www.redfin.com/MA/Weymouth/14-Linden-Pl-02189/home/11515800,MLS PIN,72637157,N,Y,42.2181377,-70.9338979
MLS Listing,,Condo/Co-op,65 Webster St #201,Weymouth,MA,02190,139900,1,1.0,Weymouth,395,,1970,55,354,229,Active,,,http://www.redfin.com/MA/Weymouth/65-Webster-St-02190/unit-201/home/11528338,MLS PIN,72636402,N,Y,42.1672136,-70.951002
MLS Listing,,Vacant Land,0 Linnway,Weymouth,MA,02190,224999,,,Weymouth,,25050,,57,,,Active,,,http://www.redfin.com/MA/Weymouth/Linnway-St-02190/home/171286231,MLS PIN,72635276,N,Y,42.1843421,-70.9388915
MLS Listing,,Single Family Residential,752 Front St,Weymouth,MA,02188,350000,4,2.0,Weymouth,1984,27200,1868,58,176,,Active,,,http://www.redfin.com/MA/Weymouth/752-Front-St-02188/home/11523126,MLS PIN,72634809,N,Y,42.194214,-70.958716
MLS Listing,,Condo/Co-op,130 Broad Reach #408,Weymouth,MA,02091,749000,2,2.0,North Weymouth,1267,,2019,64,591,635,Active,May-16-2020 12:00 PM,May-16-2020 02:00 PM,http://www.redfin.com/MA/Weymouth/130-Broad-Reach-02191/unit-408/home/171055578,MLS PIN,72631802,N,Y,42.2560896,-70.9222056
MLS Listing,,Single Family Residential,33 FORT POINT Rd,Weymouth,MA,02191,769000,3,3.5,North Weymouth,1520,7028,1923,72,506,,Active,,,http://www.redfin.com/MA/Weymouth/33-Fort-Point-Rd-02191/home/11499406,MLS PIN,72626926,N,Y,42.2546825,-70.9364522
MLS Listing,,Single Family Residential,Lot 18 Douglas St,Weymouth,MA,02190,749000,3,2.5,Stonebridge at Union Point,2750,4850,2020,73,272,120,Active,,,http://www.redfin.com/MA/Weymouth/Lot-18-Douglas-ST-02190/home/170937827,MLS PIN,72626736,N,Y,42.1707499,-70.9427914
MLS Listing,,Condo/Co-op,73 Broad Reach Unit M65C,Weymouth,MA,02191,499900,2,2.0,North Weymouth,1230,,1986,76,406,766,Active,,,http://www.redfin.com/MA/Weymouth/73-Broad-Reach-02191/unit-M65C/home/11500122,MLS PIN,72625713,N,Y,42.2557965,-70.9238575
MLS Listing,,Single Family Residential,426 Columbian St,Weymouth,MA,02190,484900,5,2.0,South Weymouth,2400,9009,1953,77,202,,Active,,,http://www.redfin.com/MA/Weymouth/426-Columbian-St-02190/home/11526008,MLS PIN,72625391,N,Y,42.1799173,-70.9693429
MLS Listing,,Single Family Residential,22 Quarry Ave,Weymouth,MA,02189,220000,1,1.0,Weymouth,556,7516,1933,90,396,,Active,,,http://www.redfin.com/MA/Weymouth/22-Quarry-Ave-02189/home/11523421,MLS PIN,72619703,N,Y,42.1969159,-70.9344552
MLS Listing,,Condo/Co-op,130 Broad Reach #302,Weymouth,MA,02091,449000,1,1.0,North Weymouth,755,,2019,98,595,357,Active,May-16-2020 12:00 PM,May-16-2020 02:00 PM,http://www.redfin.com/MA/Weymouth/130-Broad-Reach-02191/unit-302/home/170505763,MLS PIN,72616374,N,Y,42.2560896,-70.9222056
MLS Listing,,Condo/Co-op,130 Broad Reach #209,Weymouth,MA,02091,599000,2,2.0,North Weymouth,1185,,2019,98,505,500,Active,May-16-2020 12:00 PM,May-16-2020 02:00 PM,http://www.redfin.com/MA/Weymouth/130-Broad-Reach-02191/unit-209/home/148055853,MLS PIN,72616365,N,Y,42.2560521,-70.9228937
MLS Listing,,Condo/Co-op,130 Broad Reach #303,Weymouth,MA,02091,699000,2,2.0,North Weymouth,1248,,2019,98,560,627,Active,May-16-2020 12:00 PM,May-16-2020 02:00 PM,http://www.redfin.com/MA/Weymouth/130-Broad-Reach-02191/unit-303/home/170505638,MLS PIN,72616359,N,Y,42.2560896,-70.9222056
MLS Listing,,Single Family Residential,6 Mutton Ln,Weymouth,MA,02189,619000,3,3.0,Weymouth,2980,9686,1768,99,208,,Active,,,http://www.redfin.com/MA/Weymouth/6-Mutton-Ln-02189/home/11523600,MLS PIN,72616103,N,Y,42.193951,-70.931202
MLS Listing,,Single Family Residential,32 Ocean Ave,Weymouth,MA,02191,1050000,4,1.5,Weymouth,2016,5840,1900,174,521,,Active,,,http://www.redfin.com/MA/Weymouth/32-Ocean-Ave-02191/home/11502113,MLS PIN,72595545,N,Y,42.2478113,-70.9527063
MLS Listing,,Condo/Co-op,130 Broad Reach #410,Weymouth,MA,02091,719000,2,2.0,North Weymouth,1201,,2019,181,599,572,Active,May-16-2020 12:00 PM,May-16-2020 02:00 PM,http://www.redfin.com/MA/Weymouth/130-Broad-Reach-02191/unit-410/home/169839870,MLS PIN,72593033,N,Y,42.2560521,-70.9228937
MLS Listing,,Condo/Co-op,90 Sea St #224,Weymouth,MA,02191,239900,2,1.0,Weymouth,785,,1900,182,306,492,Active,,,http://www.redfin.com/MA/Weymouth/90-Sea-St-02191/unit-224/home/11505678,MLS PIN,72592767,N,Y,42.2418983,-70.9494311
MLS Listing,,Single Family Residential,36 Lochmere Ave,Weymouth,MA,02191,364900,3,1.0,North Weymouth,1116,11057,1943,240,327,,Active,,,http://www.redfin.com/MA/Weymouth/36-Lochmere-Ave-02191/home/11505784,MLS PIN,72566368,N,Y,42.240903,-70.9501521
MLS Listing,,Condo/Co-op,130 Broad Reach #602,Weymouth,MA,02091,569000,1,1.0,North Weymouth,755,,2019,247,754,453,Active,May-16-2020 12:00 PM,May-16-2020 02:00 PM,http://www.redfin.com/MA/Weymouth/130-Broad-Reach-02191/unit-602/home/168969275,MLS PIN,72562386,N,Y,42.2560521,-70.9228937
MLS Listing,,Single Family Residential,280 Pond St,Weymouth,MA,02190,1545000,8,9.5,South Weymouth,12000,34078,2015,269,129,,Active,,,http://www.redfin.com/MA/South-Weymouth/280-Pond-St-02190/home/11528564,MLS PIN,72551668,N,Y,42.1611044,-70.9595793
MLS Listing,,Vacant Land,640 Union St,Weymouth,MA,02190,525000,,1.0,South Weymouth,1649,94090,1868,338,318,,Active,,,http://www.redfin.com/MA/Weymouth/640-Union-St-02190/home/11529275,MLS PIN,72516484,N,Y,42.1569725,-70.9286035
MLS Listing,,Vacant Land,775 Front St,Weymouth,MA,02188,325000,,,Weymouth,2105,47480,1910,463,154,,Active,,,http://www.redfin.com/MA/Weymouth/775-Front-St-02188/home/160397339,MLS PIN,72434738,N,Y,42.1939237,-70.9607867
New Construction Plan,,Single Family Residential,The Abigail,South Weymouth,MA,02190,764000,3,2.5,Stonebridge at Union Point,2823,,,,271,,Active,,,http://www.redfin.com/MA/Weymouth/Stonebridge-at-Union-Point/The-Abigail/home/170574090,NewHomeSource.com,Plan-121768158,N,Y,42.16346,-70.944009
New Construction Plan,,Single Family Residential,The Winthrop,South Weymouth,MA,02190,829000,3,2.5,Stonebridge at Union Point,3370,,,,246,,Active,,,http://www.redfin.com/MA/Weymouth/Stonebridge-at-Union-Point/The-Winthrop/home/170574091,NewHomeSource.com,Plan-121763816,N,Y,42.16346,-70.944009
New Construction Plan,,Single Family Residential,The Weymothe,South Weymouth,MA,02190,779000,3,2.5,Stonebridge at Union Point,2603,,,,299,,Active,,,http://www.redfin.com/MA/Weymouth/Stonebridge-at-Union-Point/The-Weymothe/home/170574092,NewHomeSource.com,Plan-121763815,N,Y,42.16346,-70.944009
New Construction Plan,,Single Family Residential,The Weston,South Weymouth,MA,02190,819000,3,2.5,Stonebridge at Union Point,3035,,,,270,,Active,,,http://www.redfin.com/MA/Weymouth/Stonebridge-at-Union-Point/The-Weston/home/170574093,NewHomeSource.com,Plan-121763814,N,Y,42.16346,-70.944009
New Construction Plan,,Single Family Residential,The Thatcher,South Weymouth,MA,02190,749000,3,2.5,Stonebridge at Union Point,2750,,,,272,,Active,,,http://www.redfin.com/MA/Weymouth/Stonebridge-at-Union-Point/The-Thatcher/home/170574094,NewHomeSource.com,Plan-121763813,N,Y,42.16346,-70.944009
New Construction Plan,,Single Family Residential,The Swan,South Weymouth,MA,02190,799000,3,2.5,Stonebridge at Union Point,3162,,,,253,,Active,,,http://www.redfin.com/MA/Weymouth/Stonebridge-at-Union-Point/The-Swan/home/170574095,NewHomeSource.com,Plan-121763812,N,Y,42.16346,-70.944009
New Construction Plan,,Single Family Residential,The Lexington,South Weymouth,MA,02190,729000,3,2.5,Stonebridge at Union Point,2551,,,,286,,Active,,,http://www.redfin.com/MA/Weymouth/Stonebridge-at-Union-Point/The-Lexington/home/170574096,NewHomeSource.com,Plan-121763811,N,Y,42.16346,-70.944009
New Construction Plan,,Single Family Residential,The Essex,South Weymouth,MA,02190,749000,4,3.0,Stonebridge at Union Point,2517,,,,298,,Active,,,http://www.redfin.com/MA/Weymouth/Stonebridge-at-Union-Point/The-Essex/home/170574097,NewHomeSource.com,Plan-121763810,N,Y,42.16346,-70.944009
New Construction Plan,,Single Family Residential,The Chapman,South Weymouth,MA,02190,784000,3,2.5,Stonebridge at Union Point,3150,,,,249,,Active,,,http://www.redfin.com/MA/Weymouth/Stonebridge-at-Union-Point/The-Chapman/home/170574098,NewHomeSource.com,Plan-121763804,N,Y,42.16346,-70.944009
