SALE TYPE,SOLD DATE,PROPERTY TYPE,ADDRESS,CITY,STATE OR PROVINCE,ZIP OR POSTAL CODE,PRICE,BEDS,BATHS,LOCATION,SQUARE FEET,LOT SIZE,YEAR BUILT,DAYS ON MARKET,$/SQUARE FEET,HOA/MONTH,STATUS,NEXT OPEN HOUSE START TIME,NEXT OPEN HOUSE END TIME,URL (SEE http://www.redfin.com/buy-a-home/comparative-market-analysis FOR INFO ON PRICING),SOURCE,MLS#,FAVORITE,INTERESTED,LATITUDE,LONGITUDE
MLS Listing,,Single Family Residential,74 Pearl St,Woburn,MA,01801,619900,3,2.5,Woburn,1840,5742,1960,1,337,,Active,,,http://www.redfin.com/MA/Woburn/74-Pearl-St-01801/home/11806759,MLS PIN,72656112,N,Y,42.5041899,-71.1665513
MLS Listing,,Single Family Residential,13 Ellen Rd,Woburn,MA,01801,499900,3,2.0,Woburn,1395,8400,1952,1,358,,Active,,,http://www.redfin.com/MA/Woburn/13-Ellen-Rd-01801/home/11808318,MLS PIN,72656064,N,Y,42.4971691,-71.1640797
MLS Listing,,Single Family Residential,21 Charles St,Woburn,MA,01801,349000,3,1.5,Woburn,1284,13504,1880,1,272,,Active,May-17-2020 12:00 PM,May-17-2020 02:00 PM,http://www.redfin.com/MA/Woburn/21-Charles-St-01801/home/11812552,MLS PIN,72656023,N,Y,42.4866973,-71.1493193
MLS Listing,,Townhouse,28-30 Wade Ave #30,Woburn,MA,01801,319900,3,1.5,Woburn,1323,,1900,1,242,,Active,,,http://www.redfin.com/MA/Woburn/28-Wade-Ave-01801/unit-30/home/170458192,MLS PIN,72655731,N,Y,42.4819989,-71.1466851
MLS Listing,,Townhouse,100 Baldwin Ave #2,Woburn,MA,01801,659900,3,2.5,Woburn,1800,,2017,1,367,340,Active,,,http://www.redfin.com/MA/Woburn/100-Baldwin-Ave-01801/unit-2/home/142908953,MLS PIN,72655723,N,Y,42.5138819,-71.1540853
MLS Listing,,Single Family Residential,5 Woods Hill Cir,Woburn,MA,01801,769900,4,2.5,Woburn,2352,12197,2006,3,327,,Active,,,http://www.redfin.com/MA/Woburn/5-Woods-Hill-Cir-01801/home/12424388,MLS PIN,72654525,N,Y,42.4821547,-71.1347556
MLS Listing,,Condo/Co-op,273 Cambridge Rd #105,Woburn,MA,01801,419900,2,2.0,Woburn,946,,1991,3,444,459,Active,,,http://www.redfin.com/MA/Woburn/273-Cambridge-Rd-01801/unit-105/home/11804713,MLS PIN,72654371,N,Y,42.4597778,-71.1680316
MLS Listing,,Townhouse,28 Chester Ave #1,Woburn,MA,01801,749900,3,2.5,Woburn,2800,,2020,6,268,100,Active,,,http://www.redfin.com/MA/Woburn/28-Chester-Ave-01801/unit-1/home/170934259,MLS PIN,72653757,N,Y,42.5135159,-71.1547617
MLS Listing,,Single Family Residential,6 Overlook Ave,Woburn,MA,01801,849000,4,3.0,Woburn,3100,12000,1988,6,274,,Active,,,http://www.redfin.com/MA/Woburn/6-Overlook-Ave-01801/home/11809642,MLS PIN,72653463,N,Y,42.4936322,-71.142786
MLS Listing,,Condo/Co-op,269 Cambridge Rd #202,Woburn,MA,01801,459000,2,2.0,Woburn,1168,,1987,7,393,481,Active,,,http://www.redfin.com/MA/Woburn/269-Cambridge-Rd-01801/unit-202/home/11822874,MLS PIN,72653072,N,Y,42.4597778,-71.1680316
MLS Listing,,Single Family Residential,270 Lexington St,Woburn,MA,01801,519900,2,1.0,westside,1000,8526,1942,8,520,,Active,,,http://www.redfin.com/MA/Woburn/270-Lexington-St-01801/home/11822409,MLS PIN,72652205,N,Y,42.4605796,-71.1795938
MLS Listing,,Single Family Residential,5 Alpena Ave,Woburn,MA,01801,779900,4,2.5,Woburn,2235,12500,2019,13,349,,Active,May-17-2020 11:30 AM,May-17-2020 01:00 PM,http://www.redfin.com/MA/Woburn/5-Alpena-Ave-01801/home/11823800,MLS PIN,72650472,N,Y,42.4906256,-71.1414399
MLS Listing,,Single Family Residential,15 Dewey Ave,Woburn,MA,01801,774900,3,2.5,Woburn,2400,8000,2020,14,323,,Active,,,http://www.redfin.com/MA/Woburn/15-Dewey-Ave-01801/home/11807920,MLS PIN,72649615,N,Y,42.4991318,-71.1278855
MLS Listing,,Townhouse,855 Main St #33,Woburn,MA,01801,524900,2,2.0,Woburn,1320,,2015,14,398,427,Active,,,http://www.redfin.com/MA/Woburn/855-Main-St-01801/unit-33/home/59018431,MLS PIN,72649460,N,Y,42.5036801,-71.1592406
MLS Listing,,Condo/Co-op,269 Cambridge Rd #605,Woburn,MA,01801,429900,2,2.0,Woburn,1000,,1987,16,430,502,Active,,,http://www.redfin.com/MA/Woburn/269-Cambridge-Rd-01801/unit-605/home/11822930,MLS PIN,72648708,N,Y,42.4597778,-71.1680316
MLS Listing,,Single Family Residential,31 Lake Ave,Woburn,MA,01801,799995,4,2.5,Horn Pond,2718,20349,1991,16,294,,Active,,,http://www.redfin.com/MA/Woburn/31-Lake-Ave-01801/home/11820489,MLS PIN,72648537,N,Y,42.4661204,-71.1502592
MLS Listing,,Multi-Family (2-4 Unit),904 Main St,Woburn,MA,01801,1000000,7,5.0,North Woburn,3312,5628,1940,17,302,,Active,,,http://www.redfin.com/MA/Woburn/904-Main-St-01801/home/11823616,MLS PIN,72648448,N,Y,42.508772,-71.161051
MLS Listing,,Single Family Residential,6 PHEASANT Ln,Woburn,MA,01801,1195000,4,3.5,West Woburn,3420,10000,2020,20,349,,Active,May-14-2020 05:00 PM,May-14-2020 07:00 PM,http://www.redfin.com/MA/Woburn/6-Pheasant-Ln-01801/home/11822108,MLS PIN,72647599,N,Y,42.4637008,-71.1870663
MLS Listing,,Townhouse,555 Main St #17,Woburn,MA,01801,499900,2,2.5,Central Square,1439,,2002,20,347,300,Active,,,http://www.redfin.com/MA/Woburn/555-Main-St-01801/unit-17/home/11824687,MLS PIN,72647287,N,Y,42.485522,-71.151878
MLS Listing,,Single Family Residential,126 Montvale Ave,Woburn,MA,01801,695000,5,2.5,Woburn,3296,12000,1940,21,211,,Active,,,http://www.redfin.com/MA/Woburn/126-Montvale-Ave-01801/home/11812917,MLS PIN,72647176,N,Y,42.4824274,-71.1409293
MLS Listing,,Single Family Residential,158 Burlington St,Woburn,MA,01801,859900,4,4.0,Woburn,3500,7160,2020,22,246,,Active,,,http://www.redfin.com/MA/Woburn/158-Burlington-St-01801/home/171397435,MLS PIN,72646713,N,Y,42.4834375,-71.1733681
MLS Listing,,Single Family Residential,75 Nashua St,Woburn,MA,01801,549900,4,1.5,Woburn,1696,28239,1985,22,324,,Active,,,http://www.redfin.com/MA/Woburn/75-Nashua-St-01801/home/11818282,MLS PIN,72646617,N,Y,42.4785431,-71.1315991
MLS Listing,,Single Family Residential,17 Pickering St,Woburn,MA,01801,629000,4,2.0,Woburn,2300,9000,1950,29,273,,Active,,,http://www.redfin.com/MA/Woburn/17-Pickering-St-01801/home/11820727,MLS PIN,72644172,N,Y,42.4651936,-71.1480776
MLS Listing,,Condo/Co-op,295 Salem St #25,Woburn,MA,01801,499500,2,2.0,Woburn,1252,,2005,35,399,404,Active,,,http://www.redfin.com/MA/Woburn/295-Salem-St-01801/unit-25/home/11824952,MLS PIN,72642455,N,Y,42.4919124,-71.1258279
MLS Listing,,Single Family Residential,76 MARLBORO Rd,Woburn,MA,01801,499900,2,2.0,Woburn,1424,10357,1953,42,351,,Active,,,http://www.redfin.com/MA/Woburn/76-Marlboro-Rd-01801/home/11814743,MLS PIN,72640351,N,Y,42.4810911,-71.1801507
MLS Listing,,Single Family Residential,21 Brentwood Rd,Woburn,MA,01801,519900,3,1.5,Woburn,1344,7405,1948,49,387,,Active,,,http://www.redfin.com/MA/Woburn/21-Brentwood-Rd-01801/home/11809002,MLS PIN,72638280,N,Y,42.4957829,-71.1522204
MLS Listing,,Single Family Residential,7 Pine Grove Ave,Woburn,MA,01801,799000,3,2.5,Woburn,2300,10454,1950,50,347,,Active,,,http://www.redfin.com/MA/Woburn/7-Pine-Grove-Ave-01801/home/11807726,MLS PIN,72637896,N,Y,42.5001343,-71.1444919
MLS Listing,,Townhouse,16 Church #2,Woburn,MA,01801,789900,3,2.5,Woburn,2500,20038,2020,50,316,,Active,,,http://www.redfin.com/MA/Woburn/16-Church-St-01801/unit-2/home/171194223,MLS PIN,72637802,N,Y,42.4854692,-71.1505377
MLS Listing,,Vacant Land,"0, 1, 4 Cliffside Ter",Woburn,MA,01801,2250000,,,Woburn,,124146,,63,,,Active,,,http://www.redfin.com/MA/Woburn/1-Cliffside-Ter-01801/home/11821179,MLS PIN,72633068,N,Y,42.4716869,-71.1411614
MLS Listing,,Single Family Residential,25 Richard Cir,Woburn,MA,01801,540000,4,1.0,Woburn,1487,14810,1953,63,363,,Active,May-17-2020 11:30 AM,May-17-2020 01:00 PM,http://www.redfin.com/MA/Woburn/25-Richard-Cir-01801/home/11808015,MLS PIN,72632558,N,Y,42.5036489,-71.1237542
MLS Listing,,Single Family Residential,13-R Center St,Woburn,MA,01801,459000,3,2.0,Central,1552,3485,1870,66,296,,Active,,,http://www.redfin.com/MA/Woburn/13R-Center-St-01801/home/130267094,MLS PIN,72630352,N,Y,42.4818991,-71.1523073
MLS Listing,,Single Family Residential,5 Russo Dr,Woburn,MA,01801,789900,3,2.5,Woburn,2297,12044,2019,69,344,8,Active,,,http://www.redfin.com/MA/Woburn/Russo-Dr-01801/home/113044462,MLS PIN,72629381,N,Y,42.485939,-71.133873
MLS Listing,,Condo/Co-op,286 Montvale Ave #286,Woburn,MA,01801,389000,2,1.5,Woburn,1380,,1880,71,282,,Active,,,http://www.redfin.com/MA/Woburn/286-Montvale-Ave-01801/unit-286/home/137868380,MLS PIN,72627649,N,Y,42.4798734,-71.1224552
MLS Listing,,Single Family Residential,19 Anna Rd,Woburn,MA,01801,610000,3,2.0,Woburn,2037,25700,1955,78,299,,Active,,,http://www.redfin.com/MA/Woburn/19-Anna-Rd-01801/home/11821833,MLS PIN,72624334,N,Y,42.4576083,-71.1930999
MLS Listing,,Single Family Residential,183-A Lexington St,Woburn,MA,01801,875000,5,2.5,Woburn,4736,37150,1804,100,185,,Active,,,http://www.redfin.com/MA/Woburn/183A-Lexington-St-01801/home/170495699,MLS PIN,72615614,N,Y,42.4693551,-71.1776376
MLS Listing,,Multi-Family (2-4 Unit),16 Sturgis St,Woburn,MA,01801,500000,4,2.0,Woburn,1821,5227,1900,100,275,,Active,,,http://www.redfin.com/MA/Woburn/16-Sturgis-St-01801/home/11816430,MLS PIN,72615252,N,Y,42.4744031,-71.1536477
MLS Listing,,Condo/Co-op,2 Inwood Dr #3011,Woburn,MA,01801,555000,2,2.0,Woburn,1400,,2018,206,396,356,Active,,,http://www.redfin.com/MA/Woburn/2-Inwood-Dr-01801/unit-3011/home/169500478,MLS PIN,72582803,N,Y,42.5286217,-71.1349604
MLS Listing,,Condo/Co-op,2 Inwood Dr #2008,Woburn,MA,01801,569000,2,2.0,Woburn,1550,,2018,206,367,356,Active,,,http://www.redfin.com/MA/Woburn/2-Inwood-Dr-01801/unit-2008/home/169500476,MLS PIN,72582801,N,Y,42.5286217,-71.1349604
MLS Listing,,Condo/Co-op,240 Place Ln #240,Woburn,MA,01801,349900,1,1.0,Woburn,1200,,1986,252,292,409,Active,,,http://www.redfin.com/MA/Woburn/240-Place-Ln-01801/unit-240/home/113221509,MLS PIN,72559629,N,Y,42.4886247,-71.1536717
