SALE TYPE,SOLD DATE,PROPERTY TYPE,ADDRESS,CITY,STATE OR PROVINCE,ZIP OR POSTAL CODE,PRICE,BEDS,BATHS,LOCATION,SQUARE FEET,LOT SIZE,YEAR BUILT,DAYS ON MARKET,$/SQUARE FEET,HOA/MONTH,STATUS,NEXT OPEN HOUSE START TIME,NEXT OPEN HOUSE END TIME,URL (SEE http://www.redfin.com/buy-a-home/comparative-market-analysis FOR INFO ON PRICING),SOURCE,MLS#,FAVORITE,INTERESTED,LATITUDE,LONGITUDE
MLS Listing,,Single Family Residential,32 Farrington Ave,Wrentham,MA,02093,769900,4,3.5,Fox Run,3539,25000,2011,1,218,250,Active,,,http://www.redfin.com/MA/Wrentham/32-Farrington-Ave-02093/home/49779938,MLS PIN,72655895,N,Y,42.0862705,-71.341265
MLS Listing,,Single Family Residential,265 Warren Dr,Norfolk,MA,02056,675000,4,2.5,Norfolk,2902,26998,2014,1,233,,Active,,,http://www.redfin.com/MA/Norfolk/265-Warren-Dr-02056/home/55316370,MLS PIN,72655339,N,Y,42.0943899,-71.3435847
MLS Listing,,Single Family Residential,25 Hayden Woods,Wrentham,MA,02093,685000,4,4.0,Oak Point,3226,31363,1993,2,212,,Active,,,http://www.redfin.com/MA/Wrentham/25-Hayden-Woods-02093/home/11503269,MLS PIN,72655166,N,Y,42.0704982,-71.3429816
MLS Listing,,Single Family Residential,40 Forest Grove Ave,Wrentham,MA,02093,399900,3,1.5,Wrentham,1610,17122,1935,3,248,,Active,,,http://www.redfin.com/MA/Wrentham/40-Forest-Grove-Ave-02093/home/11506748,MLS PIN,72654488,N,Y,42.0829773,-71.3296663
MLS Listing,,Single Family Residential,12 Woolford Rd,Wrentham,MA,02093,469900,3,1.5,Wrentham,1632,7616,1990,6,288,,Active,,,http://www.redfin.com/MA/Wrentham/12-Woolford-Rd-02093/home/11501830,MLS PIN,72653584,N,Y,42.0672917,-71.3570386
MLS Listing,,Single Family Residential,456 Taunton St,Wrentham,MA,02093,549900,4,1.5,Wrentham,3244,51924,1961,8,170,,Active,,,http://www.redfin.com/MA/Wrentham/456-Taunton-St-02093/home/11505840,MLS PIN,72652471,N,Y,42.0498939,-71.3264186
MLS Listing,,Single Family Residential,8 Caesar Chelor Dr,Wrentham,MA,02093,649900,3,2.5,Wrentham,2128,30013,2014,8,305,,Active,May-16-2020 11:00 AM,May-16-2020 01:00 PM,http://www.redfin.com/MA/Wrentham/8-Caesar-Chelor-Dr-02093/home/45369484,MLS PIN,72652034,N,Y,42.0636339,-71.3395591
MLS Listing,,Single Family Residential,279 Thurston St,Wrentham,MA,02093,339500,3,1.0,Wrentham,1476,14350,1950,9,230,,Active,,,http://www.redfin.com/MA/Wrentham/279-Thurston-St-02093/home/11509251,MLS PIN,72651975,N,Y,42.0582621,-71.3053079
MLS Listing,,Mobile/Manufactured Home,131 Washington St #71,Foxboro,MA,02036,35000,2,1.0,Foxboro,650,,1966,11,54,475,Active,,,http://www.redfin.com/MA/Foxborough/131-Washington-St-02035/unit-71/home/21800498,MLS PIN,72650736,N,Y,42.0762478,-71.2857703
MLS Listing,,Vacant Land,720 West St,Wrentham,MA,02093,330000,,,Wrentham,,87200,,19,,,Active,,,http://www.redfin.com/MA/Wrentham/720-West-St-02093/home/171422235,MLS PIN,72647767,N,Y,42.0388452,-71.3725305
MLS Listing,,Vacant Land,20 Carriage House Ln,Wrentham,MA,02093,340000,,,Wrentham,,130500,,19,,,Active,,,http://www.redfin.com/MA/Wrentham/20-Carriage-House-Ln-02093/home/171422234,MLS PIN,72647766,N,Y,42.0395326,-71.3767634
MLS Listing,,Single Family Residential,21 Mount St,Franklin,MA,02038,209900,2,1.0,Franklin,884,71656,1979,20,237,,Active,,,http://www.redfin.com/MA/Franklin/21-Mount-St-02038/home/11453093,MLS PIN,72647415,N,Y,42.0519718,-71.383284
MLS Listing,,Vacant Land,17 Manchester Dr,Wrentham,MA,02093,375000,,,Wrentham,,90790,,21,,,Active,,,http://www.redfin.com/MA/Wrentham/17-Manchester-Dr-02093/home/85688131,MLS PIN,72647099,N,Y,42.034278,-71.401202
MLS Listing,,Vacant Land,15 Manchester Dr,Wrentham,MA,02093,350000,,,Wrentham,,87261,,21,,,Active,,,http://www.redfin.com/MA/Wrentham/15-Manchester-Dr-02093/home/85688132,MLS PIN,72647097,N,Y,42.033594,-71.4013669
MLS Listing,,Single Family Residential,2 Ash Rd,Norfolk,MA,02056,285000,4,2.0,Norfolk,1652,12530,1955,22,173,,Active,,,http://www.redfin.com/MA/Norfolk/2-Ash-Rd-02056/home/11494153,MLS PIN,72646401,N,Y,42.0944517,-71.316629
MLS Listing,,Single Family Residential,50 ROBERT TOPHAM Dr,Wrentham,MA,02093,899900,5,3.5,Wrentham,3300,42458,1984,28,273,,Active,,,http://www.redfin.com/MA/Wrentham/50-Robert-Topham-Dr-02093/home/11511298,MLS PIN,72644761,N,Y,42.0621278,-71.3387032
MLS Listing,,Single Family Residential,62 Oak Hill Ave,Wrentham,MA,02093,649900,4,2.5,The Preserve At Oakhill,2928,36669,2014,31,222,125,Active,,,http://www.redfin.com/MA/Wrentham/62-Oak-Hill-Ave-02093/home/52974346,MLS PIN,72643613,N,Y,42.0336542,-71.4493006
MLS Listing,,Vacant Land,105 Beach St,Wrentham,MA,02093,265000,,,Wrentham,,79722,,41,,,Active,,,http://www.redfin.com/MA/Wrentham/105-Beach-St-02093/home/85687887,MLS PIN,72640809,N,Y,42.0509959,-71.3371439
MLS Listing,,Single Family Residential,82 West St,Wrentham,MA,02093,449900,3,2.0,Wrentham,1582,18347,1922,46,284,,Active,,,http://www.redfin.com/MA/Wrentham/82-West-St-02093/home/11502254,MLS PIN,72638969,N,Y,42.0489024,-71.3490475
MLS Listing,,Single Family Residential,10 Hillside Dr,Wrentham,MA,02093,749000,4,4.5,Wolloff Estates,4007,103237,2005,50,187,,Active,,,http://www.redfin.com/MA/Wrentham/10-Hillside-Dr-02093/home/11511820,MLS PIN,72637993,N,Y,42.0277466,-71.4495325
MLS Listing,,Single Family Residential,2389 West St,Wrentham,MA,02093,699900,4,2.5,Wrentham,2500,87122,2020,56,280,,Active,,,http://www.redfin.com/MA/Wrentham/2389-West-St-02093/home/167723870,MLS PIN,72635790,N,Y,42.0315099,-71.4412291
MLS Listing,,Single Family Residential,10 Manchester Dr,Wrentham,MA,02093,864900,4,3.5,Wrentham,4536,108170,2002,63,191,,Active,,,http://www.redfin.com/MA/Wrentham/10-Manchester-Dr-02093/home/11510144,MLS PIN,72633044,N,Y,42.0322116,-71.3999487
MLS Listing,,Single Family Residential,3 Duhamel Way Lot 7,Bellingham,MA,02019,624900,4,2.5,Duhamel Estates,2800,25970,2020,68,223,,Active,,,http://www.redfin.com/MA/Bellingham/3-Duhamel-Way-02019/unit-7/home/170175586,MLS PIN,72629848,N,Y,42.0386081,-71.4578032
MLS Listing,,Vacant Land,12 FIELD CIRCLE(LOT)10,Wrentham,MA,02093,269900,,,Wrentham,,55722,,70,,,Active,,,http://www.redfin.com/MA/Wrentham/12-Field-Cir-02093/home/85688019,MLS PIN,72629066,N,Y,42.023093,-71.368558
MLS Listing,,Single Family Residential,28 Beaver Brook Rd,Norfolk,MA,02056,779900,4,3.5,Norfolk,4164,55112,1988,75,187,,Active,,,http://www.redfin.com/MA/Norfolk/28-Beaverbrook-Rd-02056/home/11490530,MLS PIN,72625884,N,Y,42.0929756,-71.3336099
MLS Listing,,Single Family Residential,28 Field Cir,Wrentham,MA,02093,1200000,4,4.5,Wrentham,3550,49899,2020,84,338,,Active,,,http://www.redfin.com/MA/Wrentham/28-Field-Cir-02093/home/85687878,MLS PIN,72622100,N,Y,42.0258799,-71.3683485
MLS Listing,,Single Family Residential,574 South St,Wrentham,MA,02093,199900,2,1.0,Wrentham,1108,12707,1958,87,180,,Active,,,http://www.redfin.com/MA/Wrentham/574-South-St-02093/home/11502514,MLS PIN,72620220,N,Y,42.0532433,-71.342796
MLS Listing,,Vacant Land,15 Ridge Rd,Wrentham,MA,02093,389000,,,Wrentham,,177561,,173,,375,Active,,,http://www.redfin.com/MA/Wrentham/15-Ridge-Rd-02093/home/85687892,MLS PIN,72595618,N,Y,42.0314256,-71.4509455
MLS Listing,,Single Family Residential,36 Field Cir,Wrentham,MA,02093,1200000,4,4.0,Amber Fields,5725,58585,2017,239,210,,Active,,,http://www.redfin.com/MA/Wrentham/36-Field-Cir-02093/home/85687896,MLS PIN,72567278,N,Y,42.0223848,-71.3720537
MLS Listing,,Vacant Land,4 Mirror Is,Wrentham,MA,02070,15000,,,Wrentham,,3615,,244,,,Active,,,http://www.redfin.com/MA/Sheldonville/4-Mirror-IS-02070/home/169051919,MLS PIN,72564681,N,Y,42.0341608,-71.3880098
MLS Listing,,Single Family Residential,Lot 41 Rochambeau Ave,Wrentham,MA,02093,884800,4,3.5,The Preserve at Mill Pond,3650,25000,2019,358,242,21,Active,,,http://www.redfin.com/MA/Wrentham/Lot-41-Rochambeau-AVE-02093/home/166797815,MLS PIN,72504545,N,Y,42.0484051,-71.3468091
MLS Listing,,Single Family Residential,Lot 36 Lafayette,Wrentham,MA,02093,729300,4,2.5,The Preserve at Mill Pond,2800,25000,2019,358,260,21,Active,,,http://www.redfin.com/MA/Wrentham/Lot-36-Lafayette-02093/home/166797772,MLS PIN,72504543,N,Y,42.0484051,-71.3468091
MLS Listing,,Single Family Residential,Lot 48 Lafayette Ave,Wrentham,MA,02093,773875,3,2.0,The Preserve at Mill Pond,2325,25000,2019,359,333,21,Active,,,http://www.redfin.com/MA/Wrentham/Lot-48-Lafayette-Ave-02093/home/166774792,MLS PIN,72504378,N,Y,42.0861863,-71.3488285
MLS Listing,,Single Family Residential,Lot 37 Lafayette,Wrentham,MA,02093,758050,4,2.5,The Preserve at Mill Pond,2850,25000,2019,359,266,21,Active,,,http://www.redfin.com/MA/Wrentham/Lot-37-Lafayette-02093/home/166773321,MLS PIN,72504360,N,Y,42.0484051,-71.3468091
MLS Listing,,Single Family Residential,Lot 64 Rochambeau Ave,Wrentham,MA,02093,864430,4,2.5,The Preserve at Mill Pond,2540,25000,2019,363,340,21,Active,,,http://www.redfin.com/MA/Wrentham/Lot-64-Rochambeau-AVE-02093/home/166736801,MLS PIN,72502867,N,Y,42.0484051,-71.3468091
MLS Listing,,Single Family Residential,LOT 4 Grant Ave,Wrentham,MA,02093,1499000,4,3.5,Francis Brady Estates,3592,175939,2019,394,417,,Active,,,http://www.redfin.com/MA/Wrentham/4-Grant-Ave-02093/home/105770839,MLS PIN,72483210,N,Y,42.0225187,-71.4221278
