SALE TYPE,SOLD DATE,PROPERTY TYPE,ADDRESS,CITY,STATE OR PROVINCE,ZIP OR POSTAL CODE,PRICE,BEDS,BATHS,LOCATION,SQUARE FEET,LOT SIZE,YEAR BUILT,DAYS ON MARKET,$/SQUARE FEET,HOA/MONTH,STATUS,NEXT OPEN HOUSE START TIME,NEXT OPEN HOUSE END TIME,URL (SEE http://www.redfin.com/buy-a-home/comparative-market-analysis FOR INFO ON PRICING),SOURCE,MLS#,FAVORITE,INTERESTED,LATITUDE,LONGITUDE
MLS Listing,,Single Family Residential,481 Buck Island Rd Unit 4BB,Yarmouth,MA,02673,245000,2,2.5,West Yarmouth,1318,,1978,1,186,,Active,,,http://www.redfin.com/MA/West-Yarmouth/481-Buck-Island-Rd-02673/unit-4BB/home/171699733,CCIMLS,22002748,N,Y,41.6578246,-70.2519822
MLS Listing,,Single Family Residential,75 Pompano Rd,Yarmouth,MA,02675,415000,2,2.0,Yarmouth Port,1374,10890,1981,1,302,,Active,,,http://www.redfin.com/MA/Yarmouth-Port/75-Pompano-Rd-02675/home/135706736,CCIMLS,22002740,N,Y,41.7088979,-70.2083471
MLS Listing,,Single Family Residential,16 Aurora Ln,Yarmouth,MA,02664,265000,3,2.5,South Yarmouth,1144,10454,1972,1,232,,Active,,,http://www.redfin.com/MA/South-Yarmouth/16-Aurora-Ln-02664/home/135842729,MLS PIN,72655361,N,Y,41.6831906,-70.2095098
MLS Listing,,Single Family Residential,1 Uncle Jimmys Ln,Yarmouth,MA,02675,479900,3,2.0,Yarmouth Port,1164,15246,1980,2,412,,Active,,,http://www.redfin.com/MA/Yarmouth-Port/1-Uncle-Jimmys-Ln-02675/home/135675317,CCIMLS,22002723,N,Y,41.7115651,-70.1887202
MLS Listing,,Single Family Residential,6 Albion Rd,Yarmouth,MA,02673,354900,2,1.5,Hyannis Park,1132,4636,1920,3,314,,Active,,,http://www.redfin.com/MA/WEST-YARMOUTH/6-ALBION-RD-02673/home/101683757,MLS PIN,72654409,N,Y,41.650666,-70.271754
MLS Listing,,Single Family Residential,15 Flakeyard Ln,Yarmouth,MA,02673,5995000,4,6.0,West Yarmouth,5782,90169,2004,6,1037,,Active,,,http://www.redfin.com/MA/West-Yarmouth/15-Flakeyard-Ln-02673/home/77345204,CCIMLS,22002663,N,Y,41.6445277,-70.2653407
MLS Listing,,Single Family Residential,93 Wampanoag Rd,Yarmouth,MA,02664,495995,5,2.5,South Yarmouth,2280,13068,1970,6,218,,Active,,,http://www.redfin.com/MA/South-Yarmouth/93-Wampanoag-Rd-02664/home/77389847,MLS PIN,72653449,N,Y,41.6482173,-70.2121608
MLS Listing,,Townhouse,33 W Woods Unit G,Yarmouth,MA,02675,445000,2,3.0,Yarmouth Port,1353,,1997,7,329,552,Active,,,http://www.redfin.com/MA/Yarmouth-Port/33-W-Woods-Cir-02675/unit-G/home/171491113,MLS PIN,72653205,N,Y,41.7165163,-70.2153813
MLS Listing,,Townhouse,32 Forest Gate Unit D,Yarmouth,MA,02675,579000,2,3.5,Yarmouth Port,1609,,1995,7,360,627,Active,,,http://www.redfin.com/MA/Yarmouth-Port/32-Forest-Gate-02675/unit-D/home/171048741,MLS PIN,72653204,N,Y,41.717066,-70.2131136
MLS Listing,,Townhouse,46 KATES Path Unit E,Yarmouth,MA,02675,455000,2,3.0,Yarmouth Port,1292,,1987,7,352,566,Active,,,http://www.redfin.com/MA/Yarmouth-Port/46-Kates-Path-02675/unit-E/home/170951692,MLS PIN,72653200,N,Y,41.7164761,-70.2085356
MLS Listing,,Single Family Residential,114 Pine Grove Rd,Yarmouth,MA,02664,345000,2,2.0,Bass River,870,6098,1960,8,397,,Active,,,http://www.redfin.com/MA/South-Yarmouth/114-Pine-Grove-Rd-02664/home/77377505,MLS PIN,72652631,N,Y,41.6479841,-70.2095447
MLS Listing,,Single Family Residential,23 General Lawrence Rd,Yarmouth,MA,02664,439900,4,2.0,South Yarmouth,1750,,1974,8,251,,Active,,,http://www.redfin.com/MA/South-Yarmouth/23-General-Lawrence-Rd-02664/home/135660439,CCIMLS,22002579,N,Y,41.6739805,-70.2047194
MLS Listing,,Single Family Residential,16 River St,Yarmouth,MA,02664,399900,4,2.5,Yarmouth,1690,23522,1835,9,237,,Active,,,http://www.redfin.com/MA/South-Yarmouth/16-River-St-02664/home/135691355,MLS PIN,72651636,N,Y,41.6584325,-70.1988593
MLS Listing,,Single Family Residential,14 Stoney Hill Dr,Yarmouth,MA,02664,329900,3,1.5,South Yarmouth,1336,16553,1979,9,247,,Active,,,http://www.redfin.com/MA/South-Yarmouth/14-Stoney-Hill-Dr-02664/home/77369959,CCIMLS,22002538,N,Y,41.6999671,-70.1921154
MLS Listing,,Townhouse,481 Buck Island Rd Unit 16 B,Yarmouth,MA,02673,229800,2,1.5,West Yarmouth,1318,,1989,10,174,,Active,,,http://www.redfin.com/MA/West-Yarmouth/481-Buck-Island-Rd-02673/unit-16B/home/135820557,CCIMLS,22002536,N,Y,41.6578246,-70.2519822
MLS Listing,,Single Family Residential,11 Columbus Ave,Yarmouth,MA,02673,775000,4,2.5,West Yarmouth,1648,8712,1950,15,470,,Active,,,http://www.redfin.com/MA/West-Yarmouth/11-Columbus-Ave-02673/home/135689143,MLS PIN,72648931,N,Y,41.6426776,-70.2504359
MLS Listing,,Single Family Residential,126 Diane Ave,Yarmouth,MA,02664,429900,3,2.0,South Yarmouth,1362,10890,1984,16,316,,Active,,,http://www.redfin.com/MA/South-Yarmouth/126-Diane-Ave-02664/home/135701491,CCIMLS,22002415,N,Y,41.6829753,-70.189348
MLS Listing,,Single Family Residential,23 Pawkannawkut Dr,Yarmouth,MA,02664,349900,2,2.0,South Yarmouth,1218,16117,1960,17,287,,Active,,,http://www.redfin.com/MA/South-Yarmouth/23-Pawkannawkut-Dr-02664/home/135846744,CCIMLS,22002407,N,Y,41.6491591,-70.2197416
MLS Listing,,Townhouse,36 John Halls Cartpath Unit J,Yarmouth,MA,02675,449000,2,2.5,Yarmouth,1609,,1993,17,279,627,Active,,,http://www.redfin.com/MA/Yarmouth-Port/36-John-Hall-Cartway-02675/unit-J/home/171427471,MLS PIN,72648098,N,Y,41.7183957,-70.2082573
MLS Listing,,Single Family Residential,37 Weir Rd,Yarmouth,MA,02675,285000,3,2.0,Yarmouth Port,1260,10890,1988,17,226,,Active,,,http://www.redfin.com/MA/Yarmouth-Port/37-Weir-Rd-02675/home/135791057,CCIMLS,22002393,N,Y,41.7030496,-70.2206718
MLS Listing,,Single Family Residential,197 Diane Ave,Yarmouth,MA,02664,419000,3,2.0,Yarmouth,1458,15246,1976,19,287,10,Active,,,http://www.redfin.com/MA/South-Yarmouth/197-Diane-Ave-02664/home/135821840,MLS PIN,72641729,N,Y,41.6867269,-70.1909526
MLS Listing,,Single Family Residential,41 Captain Wright,Yarmouth,MA,02664,339000,3,1.5,Captain's Village,1288,13068,1979,20,263,,Active,,,http://www.redfin.com/MA/South-Yarmouth/41-Captain-Wright-Rd-02664/home/135876410,MLS PIN,72647688,N,Y,41.674496,-70.2139979
MLS Listing,,Single Family Residential,13 Gay Rd,Yarmouth,MA,02664,329000,2,1.0,South Yarmouth,840,10018,1955,20,392,,Active,,,http://www.redfin.com/MA/South-Yarmouth/13-Gay-Rd-02664/home/134160538,MLS PIN,72647565,N,Y,41.6513153,-70.2107772
MLS Listing,,Single Family Residential,38 Nantucket Ave,Yarmouth,MA,02664,395000,3,1.5,Bass River,1664,14355,1952,20,237,,Active,,,http://www.redfin.com/MA/South-Yarmouth/38-Nantucket-Ave-02664/home/93407700,MLS PIN,72647420,N,Y,41.6499376,-70.2115097
MLS Listing,,Single Family Residential,8 Powers Ln,Yarmouth,MA,02673,1650000,3,2.5,West Yarmouth,2084,6534,1990,20,792,225,Active,,,http://www.redfin.com/MA/West-Yarmouth/8-Powers-Ln-02673/home/135730606,MLS PIN,72647302,N,Y,41.6336346,-70.2329497
MLS Listing,,Single Family Residential,194 Union St,Yarmouth,MA,02675,359000,3,2.0,Yarmouth,1296,14375,1965,21,277,,Active,,,http://www.redfin.com/MA/Yarmouth-Port/194-Union-St-02675/home/171391867,MLS PIN,72647113,N,Y,41.6962806,-70.221195
MLS Listing,,Single Family Residential,2 Saturn Ln,Yarmouth,MA,02664,329900,3,1.0,Bass River,1196,11761,1965,22,276,,Active,,,http://www.redfin.com/MA/South-Yarmouth/2-Saturn-Ln-02664/home/135852050,MLS PIN,72646832,N,Y,41.6628941,-70.2053706
MLS Listing,,Single Family Residential,84 Witchwood Rd,Yarmouth,MA,02664,374000,3,1.0,Yarmouth,1008,13939,1962,23,371,,Active,,,http://www.redfin.com/MA/South-Yarmouth/84-Witchwood-Rd-02664/home/135813494,MLS PIN,72646116,N,Y,41.6750219,-70.2017429
MLS Listing,,Single Family Residential,85 Nautical Ln,Yarmouth,MA,02664,459900,3,2.5,Yarmouth,1415,19166,2000,23,325,,Active,,,http://www.redfin.com/MA/South-Yarmouth/85-Nautical-Ln-02664/home/135715548,MLS PIN,72646071,N,Y,41.6829227,-70.2147188
MLS Listing,,Single Family Residential,105 Bayview St,Yarmouth,MA,02673,389900,3,1.5,Yarmouth,1056,10454,1977,23,369,,Active,,,http://www.redfin.com/MA/West-Yarmouth/105-Bayview-St-02673/home/135748716,MLS PIN,72646067,N,Y,41.6510583,-70.2724325
MLS Listing,,Single Family Residential,30 Salt Marsh Ln,Yarmouth,MA,02673,389000,3,2.0,West Yarmouth,1096,10018,1950,23,355,,Active,,,http://www.redfin.com/MA/West-Yarmouth/30-Salt-Marsh-Ln-02673/home/135664071,MLS PIN,72646065,N,Y,41.6411386,-70.2326125
MLS Listing,,Single Family Residential,56 Williams Rd,Yarmouth,MA,02673,494000,3,2.0,Yarmouth,1248,6534,1952,23,396,,Active,,,http://www.redfin.com/MA/West-Yarmouth/56-Williams-Rd-02673/home/101704676,MLS PIN,72646063,N,Y,41.6497544,-70.250808
MLS Listing,,Single Family Residential,7 Niagara Ln,Yarmouth,MA,02673,299900,2,1.0,West Yarmouth,816,11326,1970,24,368,,Active,,,http://www.redfin.com/MA/West-Yarmouth/7-Niagara-Ln-02673/home/135862675,MLS PIN,72645906,N,Y,41.645782,-70.2260201
MLS Listing,,Townhouse,36 John Hall Cartway,Yarmouth,MA,02675,449000,2,2.5,Yarmouth,1609,,1993,24,279,,Active,,,http://www.redfin.com/MA/Yarmouth-Port/36-John-Hall-Cartway-02675/home/135717953,CCIMLS,22002227,N,Y,41.7183957,-70.2082573
MLS Listing,,Single Family Residential,331 Union,Yarmouth,MA,02664,1895000,3,2.0,South Yarmouth,2030,6098,1950,24,933,,Active,,,http://www.redfin.com/MA/South-Yarmouth/331-Union-St-02664/home/135784271,MLS PIN,72645642,N,Y,41.6649172,-70.1837901
MLS Listing,,Townhouse,481 Buck Island Rd Unit 17D,Yarmouth,MA,02673,229900,2,2.0,Yarmouth,1239,,1988,25,186,459,Active,,,http://www.redfin.com/MA/West-Yarmouth/481-Buck-Island-Rd-02673/unit-17D/home/135806215,MLS PIN,72645587,N,Y,41.6578246,-70.2519822
MLS Listing,,Single Family Residential,39 Mill Pond Rd,Yarmouth,MA,02673,339000,5,3.0,Yarmouth,1443,6534,1960,26,235,,Active,,,http://www.redfin.com/MA/West-Yarmouth/39-Mill-Pond-Rd-02673/home/77361451,MLS PIN,72645400,N,Y,41.6591744,-70.2584399
MLS Listing,,Townhouse,481 Buck Island Rd Unit 17DC,Yarmouth,MA,02673,229900,2,2.0,West Yarmouth,1239,,1988,26,186,,Active,,,http://www.redfin.com/MA/West-Yarmouth/481-Buck-Island-Rd-02673/unit-17DC/home/171373885,CCIMLS,22002272,N,Y,41.6578246,-70.2519822
MLS Listing,,Single Family Residential,30 Salt Marsh Ln Unit A,Yarmouth,MA,02673,389000,3,2.0,West Yarmouth,1096,10019,1950,27,355,,Active,,,http://www.redfin.com/MA/West-Yarmouth/30-Salt-Marsh-Ln-02673/unit-A/home/135640498,CCIMLS,22002125,N,Y,41.6411386,-70.2326125
MLS Listing,,Single Family Residential,24 Jills Path,Yarmouth,MA,02673,470000,3,3.0,West Yarmouth,2290,20038,1984,27,205,,Active,,,http://www.redfin.com/MA/West-Yarmouth/24-Jills-Path-02673/home/135803794,MLS PIN,72645066,N,Y,41.6737716,-70.2287175
MLS Listing,,Multi-Family (2-4 Unit),16 Gardiner Ln Unit A and B,Yarmouth,MA,02664,450000,6,2.0,South Yarmouth,1848,6534,1952,29,244,,Active,,,http://www.redfin.com/MA/South-Yarmouth/16-Gardiner-Ln-02664/unit-A-and-B/home/171353906,CCIMLS,22002230,N,Y,41.64729,-70.208817
MLS Listing,,Single Family Residential,112 Freeboard Ln,Yarmouth,MA,02675,384000,4,2.0,Yarmouth,1460,10019,1982,38,263,,Active,,,http://www.redfin.com/MA/Yarmouth-Port/112-Freeboard-Ln-02675/home/135791227,MLS PIN,72641535,N,Y,41.7026437,-70.2142072
MLS Listing,,Single Family Residential,8 Hersey St,Yarmouth,MA,02664,399999,3,1.5,Yarmouth,1092,12197,1970,38,366,,Active,,,http://www.redfin.com/MA/South-Yarmouth/8-Hersey-St-02664/home/135717250,MLS PIN,72641379,N,Y,41.6901223,-70.1802088
MLS Listing,,Single Family Residential,59 Nautical Ln,Yarmouth,MA,02664,350000,2,1.5,South Yarmouth,1228,10019,1979,38,285,,Active,,,http://www.redfin.com/MA/South-Yarmouth/59-Nautical-Ln-02664/home/135757339,CCIMLS,22002073,N,Y,41.6814807,-70.2140909
MLS Listing,,Condo/Co-op,343 Route 28 #226,Yarmouth,MA,02673,45000,1,1.0,Yarmouth,339,,1986,41,133,250,Active,,,http://www.redfin.com/MA/West-Yarmouth/343-MA-28-02673/unit-226/home/18903818,MLS PIN,72640686,N,Y,41.6510259,-70.247762
MLS Listing,,Condo/Co-op,343 Route 28 #224,Yarmouth,MA,02673,45000,1,1.0,West Yarmouth,336,,1986,41,134,250,Active,,,http://www.redfin.com/MA/West-Yarmouth/343-MA-28-02673/unit-224/home/77502652,MLS PIN,72640684,N,Y,41.6510259,-70.247762
MLS Listing,,Single Family Residential,4 Knollwood Dr,Yarmouth,MA,02675,450000,3,1.5,Yarmouth Port,1285,10890,1984,41,350,,Active,,,http://www.redfin.com/MA/Yarmouth-Port/4-Knollwood-Dr-02675/home/135861756,MLS PIN,72640627,N,Y,41.702669,-70.2126724
MLS Listing,,Single Family Residential,16 Adrienne Dr,Yarmouth,MA,02664,509900,3,3.0,South Yarmouth,2297,16553,1977,41,222,,Active,,,http://www.redfin.com/MA/South-Yarmouth/16-Adrienne-Dr-02664/home/135784818,MLS PIN,72640622,N,Y,41.6846526,-70.1659763
MLS Listing,,Single Family Residential,2 Halyard Rd,Yarmouth,MA,02675,399000,2,2.5,Yarmouth,1548,13068,1977,42,258,,Active,,,http://www.redfin.com/MA/Yarmouth-Port/2-Halyard-Rd-02675/home/135716372,MLS PIN,72640518,N,Y,41.7112235,-70.2064868
MLS Listing,,Multi-Family (2-4 Unit),112 Old Main St,Yarmouth,MA,02664,600000,4,4.0,Yarmouth,1976,13939,1880,43,304,,Active,,,http://www.redfin.com/MA/South-Yarmouth/112-Old-Main-St-02664/home/135765817,MLS PIN,72640009,N,Y,41.6600399,-70.1977896
MLS Listing,,Vacant Land,43 Webster Rd,Yarmouth,MA,02673,249000,,,Yarmouth,,11326,,46,,,Active,,,http://www.redfin.com/MA/West-Yarmouth/43-Webster-Rd-02673/home/77528098,MLS PIN,72638928,N,Y,41.6481147,-70.2540168
MLS Listing,,Single Family Residential,9 Peter Oliver Rd,Dennis,MA,02660,319000,3,1.0,Dennis,946,6534,1959,49,337,,Active,,,http://www.redfin.com/MA/South-Dennis/9-Peter-Oliver-Rd-02660/home/77381239,MLS PIN,72638182,N,Y,41.7086065,-70.1790925
MLS Listing,,Single Family Residential,70 Longfellow Dr,Yarmouth,MA,02675,489000,3,2.5,Yarmouth,1362,19270,1985,49,359,,Active,,,http://www.redfin.com/MA/Yarmouth-Port/70-Longfellow-Dr-02675/home/135718173,MLS PIN,72638165,N,Y,41.7205495,-70.2021149
MLS Listing,,Single Family Residential,26 silver leaf,Yarmouth,MA,02673,279900,2,1.0,Yarmouth,628,,1950,50,446,,Active,,,http://www.redfin.com/MA/West-Yarmouth/26-Silverleaf-Ln-02673/home/135668539,MLS PIN,72637907,N,Y,41.646935,-70.2450878
MLS Listing,,Single Family Residential,602 W Yarmouth Rd,Yarmouth,MA,02673,429900,4,2.0,West Yarmouth,1296,11762,1970,50,332,,Active,,,http://www.redfin.com/MA/West-Yarmouth/602-W-Yarmouth-Rd-02673/home/135842670,CCIMLS,22001911,N,Y,41.6825885,-70.2281594
MLS Listing,,Single Family Residential,425 Route 6A,Yarmouth,MA,02675,489000,4,3.0,Yarmouth Port,1916,33106,1800,51,255,,Active,,,http://www.redfin.com/MA/Yarmouth-Port/425-MA-6A-02675/home/105559512,MLS PIN,72637569,N,Y,41.705743,-70.2318758
MLS Listing,,Single Family Residential,59 Winslow Gray Rd,Yarmouth,MA,02673,329900,3,1.5,Yarmouth,1344,18295,1955,52,245,,Active,,,http://www.redfin.com/MA/West-Yarmouth/59-Winslow-Gray-Rd-02673/home/77354523,MLS PIN,72637211,N,Y,41.6527943,-70.2283455
MLS Listing,,Single Family Residential,35 Setucket Rd,Yarmouth,MA,02675,425000,3,2.0,Yarmouth,1500,9148,1965,56,283,,Active,,,http://www.redfin.com/MA/Yarmouth-Port/35-Setucket-Rd-02675/home/135674957,MLS PIN,72636132,N,Y,41.7130668,-70.2015103
MLS Listing,,Townhouse,481 Buck Island Rd Unit 19 GB,Yarmouth,MA,02673,233000,2,1.5,West Yarmouth,1318,,1992,56,177,,Active,,,http://www.redfin.com/MA/West-Yarmouth/481-Buck-Island-Rd-02673/unit-19-GB/home/171156459,CCIMLS,22001802,N,Y,41.6578246,-70.2519822
MLS Listing,,Single Family Residential,2 Green Teal Way,Yarmouth,MA,02675,899000,3,3.0,Yarmouth Port,2408,25265,1985,56,373,,Active,,,http://www.redfin.com/MA/Yarmouth-Port/2-Green-Teal-Way-02675/home/135681726,MLS PIN,72635626,N,Y,41.7141441,-70.2358331
MLS Listing,,Single Family Residential,441 Buck Island Rd Unit B4,Yarmouth,MA,02673,259500,2,1.5,Yarmouth,1080,,1982,57,240,225,Active,,,http://www.redfin.com/MA/West-Yarmouth/441-Buck-Island-Rd-02673/unit-B4/home/135820594,MLS PIN,72635160,N,Y,41.660177,-70.246085
MLS Listing,,Single Family Residential,10 Highbank Rd,Dennis,MA,02660,1295000,5,5.5,Dennis (Village),2857,23087,1955,57,453,,Active,,,http://www.redfin.com/MA/South-Dennis/10-Highbank-Rd-02660/home/77490020,MLS PIN,72635148,N,Y,41.6861947,-70.1593251
MLS Listing,,Single Family Residential,42 Springer Ln,Yarmouth,MA,02673,249900,1,1.0,Yarmouth,784,,1968,59,319,,Active,,,http://www.redfin.com/MA/West-Yarmouth/42-Springer-Ln-02673/home/135756416,MLS PIN,72634069,N,Y,41.6481492,-70.2367632
MLS Listing,,Townhouse,67 Kates Path,Yarmouth,MA,02675,410000,2,2.5,Yarmouth Port,1440,,1988,60,285,537,Active,,,http://www.redfin.com/MA/Yarmouth-Port/67-Kates-Path-02675/home/135763703,CCIMLS,22001680,N,Y,41.716613,-70.2085213
MLS Listing,,Townhouse,67 Kates Path #67,Yarmouth,MA,02675,410000,2,2.5,Yarmouth Port,1440,,1988,60,285,537,Active,,,http://www.redfin.com/MA/Yarmouth-Port/67-Kates-Path-02675/unit-67/home/171123435,MLS PIN,72633843,N,Y,41.716613,-70.2085213
MLS Listing,,Single Family Residential,11 SOUTHWEST Dr,Yarmouth,MA,02664,1349900,5,4.5,Yarmouth,3100,10890,2016,61,435,,Active,May-16-2020 11:00 AM,May-16-2020 01:00 PM,http://www.redfin.com/MA/South-Yarmouth/11-Southwest-Dr-02664/home/135832588,MLS PIN,72633703,N,Y,41.6426561,-70.2143932
MLS Listing,,Single Family Residential,14 Hillsea Rd,Yarmouth,MA,02675,1050000,3,3.5,Yarmouth,2960,27007,1969,62,355,,Active,,,http://www.redfin.com/MA/Yarmouth-Port/14-Hillsea-Rd-02675/home/77385631,MLS PIN,72633353,N,Y,41.7073955,-70.2582488
MLS Listing,,Townhouse,481 Buck Island Rd Unit 11BB,Yarmouth,MA,02673,239900,2,1.5,West Yarmouth,1318,,1979,63,182,475,Active,,,http://www.redfin.com/MA/West-Yarmouth/481-Buck-Island-Rd-02673/unit-11BB/home/171092245,CCIMLS,22001627,N,Y,41.6578246,-70.2519822
MLS Listing,,Single Family Residential,76 Baxter Ave,Yarmouth,MA,02673,339900,2,1.0,West Yarmouth,896,6970,1947,63,379,,Active,,,http://www.redfin.com/MA/WEST-YARMOUTH/76-BAXTER-AVE-02673/home/135748962,MLS PIN,72633032,N,Y,41.653519,-70.262253
MLS Listing,,Single Family Residential,80 Freeman Rd,Yarmouth,MA,02675,445000,3,2.0,Yarmouth Port,1618,10890,1971,64,275,,Active,,,http://www.redfin.com/MA/Yarmouth-Port/80-Freeman-Rd-02675/home/77477922,MLS PIN,72631630,N,Y,41.6915901,-70.2233697
MLS Listing,,Single Family Residential,18 Carver Rd,Yarmouth,MA,02673,489000,4,2.0,Yarmouth,1655,10454,1920,65,295,,Active,,,http://www.redfin.com/MA/West-Yarmouth/18-Carver-Rd-02673/home/135822388,MLS PIN,72631257,N,Y,41.6500096,-70.2543423
MLS Listing,,Single Family Residential,68 Lewis Rd,Yarmouth,MA,02673,499900,3,2.0,Yarmouth,1715,7405,1986,65,291,,Active,,,http://www.redfin.com/MA/West-Yarmouth/68-Lewis-Rd-02673/home/135732079,MLS PIN,72631011,N,Y,41.6475003,-70.246576
MLS Listing,,Single Family Residential,11 Sleeping Dog Path,Yarmouth,MA,02675,585000,3,2.5,Yarmouth Port,2043,40075,2000,65,286,,Active,,,http://www.redfin.com/MA/Yarmouth-Port/11-Sleeping-Dog-Path-02675/home/135848464,CCIMLS,22001525,N,Y,41.7007184,-70.255877
MLS Listing,,Single Family Residential,20 Azalea Ln,Yarmouth,MA,02664,375000,4,2.0,Yarmouth,1440,10454,1954,66,260,,Active,,,http://www.redfin.com/MA/South-Yarmouth/20-Azalea-Ln-02664/home/135833716,MLS PIN,72630387,N,Y,41.6986961,-70.1768018
MLS Listing,,Single Family Residential,49 Bray Farm Rd S,Yarmouth,MA,02675,560000,4,2.0,Yarmouth,2319,20473,1987,68,241,,Active,,,http://www.redfin.com/MA/Yarmouth-Port/49-Bray-Farm-Rd-S-02675/home/104212125,MLS PIN,72629990,N,Y,41.7177669,-70.2035102
MLS Listing,,Single Family Residential,4 Leeward Run,Yarmouth,MA,02664,554900,4,2.5,Harbour Haven,1794,15246,1965,69,309,23,Active,,,http://www.redfin.com/MA/South-Yarmouth/4-Leeward-Run-02664/home/77394511,MLS PIN,72629449,N,Y,41.6821497,-70.1667437
MLS Listing,,Single Family Residential,35 Route 6A,Yarmouth,MA,02675,1387000,5,2.5,Yarmouth Port,3604,65265,1865,70,385,,Active,,,http://www.redfin.com/MA/Yarmouth-Port/35-MA-6A-02675/home/77353016,MLS PIN,72629198,N,Y,41.7014579,-70.2575047
MLS Listing,,Single Family Residential,126 Baxter Ave,Yarmouth,MA,02673,849000,4,3.5,West Yarmouth,2296,9148,2016,70,370,,Active,,,http://www.redfin.com/MA/WEST-YARMOUTH/126-BAXTER-AVE-02673/home/113254322,MLS PIN,72628683,N,Y,41.650864,-70.261383
MLS Listing,,Vacant Land,6 Merrymount Rd,Yarmouth,MA,02673,299900,,,Yarmouth,,9583,,70,,,Active,,,http://www.redfin.com/MA/West-Yarmouth/6-Merrymount-Rd-02673/home/135830796,MLS PIN,72628659,N,Y,41.645062,-70.241425
MLS Listing,,Condo/Co-op,1A Church Unit A,Yarmouth,MA,02675,545000,4,3.5,Yarmouth,3096,,1850,71,176,150,Active,,,http://www.redfin.com/MA/Yarmouth-Port/1A-Church-St-02675/unit-A/home/170952366,MLS PIN,72627964,N,Y,41.7061956,-70.2425029
MLS Listing,,Single Family Residential,11 Barnboard,Yarmouth,MA,02673,393000,3,2.0,Yarmouth,1415,,1980,71,278,,Active,,,http://www.redfin.com/MA/West-Yarmouth/11-Barnboard-Ln-02673/home/135832197,MLS PIN,72627919,N,Y,41.661876,-70.2424834
MLS Listing,,Condo/Co-op,1A Church St,Yarmouth,MA,02675,545000,4,3.5,Yarmouth Port,3096,,1850,72,176,150,Active,,,http://www.redfin.com/MA/Yarmouth-Port/1A-Church-St-02675/home/170543207,CCIMLS,22001365,N,Y,41.7061956,-70.2425029
MLS Listing,,Single Family Residential,42 Homestead,Yarmouth,MA,02675,595000,4,3.0,Yarmouth,2529,20037,1968,72,235,,Active,,,http://www.redfin.com/MA/Yarmouth-Port/42-Homestead-Ln-02675/home/77475891,MLS PIN,72627072,N,Y,41.7088314,-70.235647
MLS Listing,,Single Family Residential,5 Dundee Ln,Yarmouth,MA,02675,659900,4,2.5,Yarmouth,2250,33541,1993,73,293,,Active,,,http://www.redfin.com/MA/Yarmouth-Port/5-Dundee-Dr-02675/home/135674640,MLS PIN,72626401,N,Y,41.7164252,-70.2063705
MLS Listing,,Single Family Residential,93 Iroquois Blvd,Yarmouth,MA,02673,314900,2,1.0,West Yarmouth,816,13068,1962,73,386,,Active,,,http://www.redfin.com/MA/West-Yarmouth/93-Iroquois-Blvd-02673/home/77350965,CCIMLS,22001293,N,Y,41.6443319,-70.2271363
MLS Listing,,Single Family Residential,123 Beacon St,Yarmouth,MA,02664,327750,2,2.0,Yarmouth,1520,,1985,77,216,,Active,,,http://www.redfin.com/MA/South-Yarmouth/123-Beacon-St-02664/home/135673625,MLS PIN,72625277,N,Y,41.6869177,-70.1992864
MLS Listing,,Single Family Residential,92 Wampanoag Rd,Yarmouth,MA,02664,399000,2,2.0,South Yarmouth,1032,11761,1955,77,387,,Active,,,http://www.redfin.com/MA/South-Yarmouth/92-Wampanoag-Rd-02664/home/77374812,CCIMLS,22001200,N,Y,41.6485921,-70.2121608
MLS Listing,,Single Family Residential,1 Denise Ln,Yarmouth,MA,02654,359900,3,1.0,South Yarmouth,960,7405,1956,79,375,,Active,,,http://www.redfin.com/MA/Yarmouth/1-Denise-LN-02654/home/170665452,MLS PIN,72623783,N,Y,41.7056291,-70.2286681
MLS Listing,,Single Family Residential,9 Bliscott Ave,Yarmouth,MA,02664,339900,2,2.0,Yarmouth,1000,4792,1987,79,340,,Active,,,http://www.redfin.com/MA/South-Yarmouth/9-Bliscott-Ave-02664/home/88662577,MLS PIN,72623747,N,Y,41.6515385,-70.2169046
MLS Listing,,Single Family Residential,3 Cape Isle Dr,Yarmouth,MA,02664,775000,4,2.0,Gateway Isles,1368,10019,1975,79,567,,Active,,,http://www.redfin.com/MA/South-Yarmouth/3-Cape-Isle-Dr-02664/home/135648331,MLS PIN,72623732,N,Y,41.6407753,-70.2187649
MLS Listing,,Single Family Residential,1 Denise Ln,Yarmouth,MA,02664,359900,3,1.0,South Yarmouth,960,7405,1956,79,375,,Active,,,http://www.redfin.com/MA/South-Yarmouth/1-Denise-Ln-02664/home/135836576,CCIMLS,22001145,N,Y,41.6705605,-70.1895225
MLS Listing,,Condo/Co-op,1372 Bridge St #4,Yarmouth,MA,02664,249000,1,1.0,Yarmouth,1062,,1875,79,234,210,Active,,,http://www.redfin.com/MA/South-Yarmouth/1372-MA-28-02664/unit-4/home/77403317,MLS PIN,72623663,N,Y,41.6665404,-70.1836874
MLS Listing,,Single Family Residential,19 Holiday Ln,Yarmouth,MA,02673,339000,2,1.5,Yarmouth,1044,11326,1960,79,325,,Active,,,http://www.redfin.com/MA/West-Yarmouth/19-Holiday-Ln-02673/home/135732164,MLS PIN,72623623,N,Y,41.6487391,-70.2444832
MLS Listing,,Single Family Residential,43 Elton,Yarmouth,MA,02673,385000,3,1.0,Yarmouth,864,8712,1960,80,446,,Active,,,http://www.redfin.com/MA/West-Yarmouth/43-Elton-Rd-02673/home/135854544,MLS PIN,72623085,N,Y,41.6470543,-70.2280548
MLS Listing,,Single Family Residential,51 Curve Hill Rd,Yarmouth,MA,02664,410000,3,1.5,Yarmouth,1424,16552,1967,81,288,5,Active,,,http://www.redfin.com/MA/South-Yarmouth/51-Curve-Hill-Rd-02664/home/135672941,MLS PIN,72622871,N,Y,41.6842288,-70.1694647
MLS Listing,,Single Family Residential,41 Baxter Ave,Yarmouth,MA,02673,519000,4,2.0,West Yarmouth,1850,16553,1910,84,281,,Active,,,http://www.redfin.com/MA/WEST-YARMOUTH/41-BAXTER-AVE-02673/home/135677150,CCIMLS,22001054,N,Y,41.655121,-70.262786
MLS Listing,,Single Family Residential,106 Pheasant Cove Cir,Yarmouth,MA,02675,979000,3,3.5,Pheasant Cove,2505,17859,2000,86,391,,Active,,,http://www.redfin.com/MA/Yarmouth-Port/106-Pheasant-Cove-Cir-02675/home/135763865,MLS PIN,72620866,N,Y,41.7237107,-70.2262992
MLS Listing,,Single Family Residential,80 Mattakese #9,Yarmouth,MA,02673,549999,2,2.0,Yarmouth,1872,,2002,87,294,,Active,,,http://www.redfin.com/MA/West-Yarmouth/80-Mattakese-Rd-02673/unit-9/home/77480689,MLS PIN,72620532,N,Y,41.6432775,-70.2283208
MLS Listing,,Single Family Residential,11 Old Salt Ln,Yarmouth,MA,02675,739000,3,2.0,Yarmouth Port,2295,26136,1973,87,322,,Active,,,http://www.redfin.com/MA/Yarmouth-Port/11-Old-Salt-Ln-02675/home/77354911,MLS PIN,72620208,N,Y,41.7135955,-70.2344379
MLS Listing,,Townhouse,21 W Woods #21,Yarmouth,MA,02675,515000,2,3.0,Yarmouth,1659,,1998,90,310,596,Active,,,http://www.redfin.com/MA/Yarmouth-Port/21-W-Woods-Cir-02675/unit-21/home/135655819,MLS PIN,72619587,N,Y,41.7165163,-70.2153813
MLS Listing,,Townhouse,21 West Woods Cir,Yarmouth,MA,02675,515000,2,3.0,Yarmouth Port,1659,,1998,90,310,590,Active,,,http://www.redfin.com/MA/Yarmouth-Port/21-W-Woods-Cir-02675/unit-K/home/160721788,CCIMLS,22000904,N,Y,41.7165163,-70.2153813
MLS Listing,,Single Family Residential,10 Conway,Yarmouth,MA,02675,759900,5,3.5,Yarmouth Port,3100,29621,2019,92,245,,Active,,,http://www.redfin.com/MA/Yarmouth-Port/10-Conway-Dr-02675/home/135700987,MLS PIN,72618747,N,Y,41.719448,-70.203552
MLS Listing,,Vacant Land,25 Burch Rd,Yarmouth,MA,02664,399999,,,Yarmouth,,16988,,93,,,Active,,,http://www.redfin.com/MA/South-Yarmouth/25-Burch-Rd-02664/home/113743554,MLS PIN,72618125,N,Y,41.644839,-70.208598
MLS Listing,,Single Family Residential,355 Great Island Rd,Yarmouth,MA,02673,3378000,4,5.0,Great Island,4414,23522,2009,94,765,183,Active,,,http://www.redfin.com/MA/West-Yarmouth/355-Great-Island-Rd-02673/home/77339182,MLS PIN,72617748,N,Y,41.6318513,-70.2387165
MLS Listing,,Condo/Co-op,9 Windemere Rd #5,Yarmouth,MA,02673,339900,1,1.0,Yarmouth,294,,1940,96,1156,182,Active,,,http://www.redfin.com/MA/West-Yarmouth/9-Windemere-Rd-02673/unit-5/home/135850838,MLS PIN,72617309,N,Y,41.6465908,-70.255761
MLS Listing,,Vacant Land,8 Cruiser Ln,Yarmouth,MA,02673,179900,,,West Yarmouth,,10454,,96,,,Active,,,http://www.redfin.com/MA/West-Yarmouth/8-Cruiser-Ln-02673/home/108295249,CCIMLS,22000748,N,Y,41.646462,-70.241259
MLS Listing,,Condo/Co-op,4114 Heatherwood #4114,Yarmouth,MA,02675,219000,2,2.0,Yarmouth Port,1198,,1996,99,183,2236,Active,,,http://www.redfin.com/MA/Yarmouth-Port/4114-Heatherwood-02675/unit-4114/home/171170675,MLS PIN,72616089,N,Y,41.7153849,-70.2101073
MLS Listing,,Condo/Co-op,4114 Heatherwood,Yarmouth,MA,02675,219000,2,2.0,Yarmouth Port,1198,,1996,99,183,2236,Active,,,http://www.redfin.com/MA/Yarmouth-Port/4114-Heatherwood-02675/home/135690432,CCIMLS,22000688,N,Y,41.7153849,-70.2101073
MLS Listing,,Single Family Residential,39 Frost Ave,Yarmouth,MA,02673,349000,3,2.0,West Yarmouth,1480,17424,1980,100,236,,Active,,,http://www.redfin.com/MA/West-Yarmouth/39-Frost-Ave-02673/home/135690853,CCIMLS,22000671,N,Y,41.6722117,-70.2260666
MLS Listing,,Single Family Residential,785 Route 28 #6,Yarmouth,MA,02664,219000,2,1.5,Yarmouth,833,,1955,100,263,,Active,,,http://www.redfin.com/MA/South-Yarmouth/785-MA-28-02664/unit-6/home/103640759,MLS PIN,72615395,N,Y,41.6504429,-70.2167635
MLS Listing,,Multi-Family (2-4 Unit),22-24 Courtland Way,Yarmouth,MA,02673,349900,4,2.5,West Yarmouth,1200,10019,1960,100,292,,Active,,,http://www.redfin.com/MA/West-Yarmouth/22-Courtland-Way-02673/home/113250087,MLS PIN,72615344,N,Y,41.6476829,-70.225048
MLS Listing,,Single Family Residential,12 Merganser,Yarmouth,MA,02673,329000,2,1.0,West Yarmouth,1124,,1976,100,293,,Active,,,http://www.redfin.com/MA/West-Yarmouth/12-Merganser-Ln-02673/home/77355913,MLS PIN,72615307,N,Y,41.6628628,-70.2116957
MLS Listing,,Single Family Residential,23 Salt Mdw,Yarmouth,MA,02673,1995000,4,5.5,West Yarmouth,4131,27007,1993,102,483,224,Active,,,http://www.redfin.com/MA/West-Yarmouth/23-Salt-Meadow-Rd-02673/home/135825637,MLS PIN,72614546,N,Y,41.6331972,-70.2384839
MLS Listing,,Single Family Residential,20 Reid Ave,Yarmouth,MA,02673,229500,3,1.5,West Yarmouth,1030,9148,1960,103,223,,Active,,,http://www.redfin.com/MA/West-Yarmouth/20-Reid-Ave-02673/home/77345120,CCIMLS,22000610,N,Y,41.6566716,-70.2349494
MLS Listing,,Single Family Residential,28 FRESH Brks,Yarmouth,MA,02664,339000,2,2.0,Yarmouth,888,888,1971,104,382,,Active,,,http://www.redfin.com/MA/South-Yarmouth/28-Fresh-Brook-Rd-02664/home/86348498,MLS PIN,72614241,N,Y,41.6689709,-70.21044
MLS Listing,,Single Family Residential,116 SEAVIEW Ave,Yarmouth,MA,02664,299000,4,1.0,Bass River,936,6098,1960,104,319,,Active,,,http://www.redfin.com/MA/South-Yarmouth/116-Seaview-Ave-02664/home/77388075,MLS PIN,72614158,N,Y,41.6445498,-70.2172302
MLS Listing,,Single Family Residential,503 route 28 #20,Yarmouth,MA,02673,119000,1,1.0,Bayberry Village,306,,1950,104,389,167,Active,,,http://www.redfin.com/MA/West-Yarmouth/503-MA-28-02673/unit-20/home/77499648,MLS PIN,72614117,N,Y,41.6493494,-70.237452
MLS Listing,,Vacant Land,4 Seaside Village Rd,Yarmouth,MA,02664,275000,,,South Yarmouth,,13939,,105,,,Active,,,http://www.redfin.com/MA/South-Yarmouth/4-Sea-Side-Village-Rd-02664/home/170460282,MLS PIN,72613544,N,Y,41.6437131,-70.2124407
MLS Listing,,Vacant Land,0 Seaside Village Rd,Yarmouth,MA,02664,275000,,,South Yarmouth,,13939,,106,,,Active,,,http://www.redfin.com/MA/Yarmouth/Sea-Side-Village-Rd-02664/home/169781750,CCIMLS,22000551,N,Y,41.643628,-70.21253
MLS Listing,,Single Family Residential,35 Harbor Rd,Yarmouth,MA,02673,599900,6,2.0,West Yarmouth,2453,12632,1972,108,245,,Active,,,http://www.redfin.com/MA/West-Yarmouth/35-Harbor-Rd-02673/home/103634873,MLS PIN,72612222,N,Y,41.6485646,-70.2628527
MLS Listing,,Condo/Co-op,184 South Sea Ave #10,Yarmouth,MA,02673,389000,2,1.0,West Yarmouth,588,498762,1950,113,662,121,Active,,,http://www.redfin.com/MA/West-Yarmouth/184-S-Sea-Ave-02673/unit-10/home/77403462,CCIMLS,22000408,N,Y,41.640436,-70.2350162
MLS Listing,,Single Family Residential,145 Bayview St,Yarmouth,MA,02673,388500,3,1.0,West Yarmouth,1642,4356,1910,118,237,,Active,,,http://www.redfin.com/MA/West-Yarmouth/145-Bayview-St-02673/home/135859390,MLS PIN,72609011,N,Y,41.6489106,-70.2726883
MLS Listing,,Condo/Co-op,2104 Heatherwood #2104,Yarmouth,MA,02675,225000,2,2.0,Yarmouth,1092,,1989,124,206,2149,Active,,,http://www.redfin.com/MA/Yarmouth-Port/2104-Heatherwood-02675/unit-002104/home/135837417,MLS PIN,72607007,N,Y,41.7156439,-70.210147
MLS Listing,,Townhouse,7 John Hall Cartway Unit H,Yarmouth,MA,02675,464900,2,2.5,Yarmouth,1829,,1988,125,254,690,Active,,,http://www.redfin.com/MA/Yarmouth-Port/7-John-Hall-Cartway-02675/unit-H/home/170267201,MLS PIN,72606779,N,Y,41.7176335,-70.2088744
MLS Listing,,Single Family Residential,22 Molly,Yarmouth,MA,02673,269900,2,1.0,Yarmouth,650,,1953,125,415,,Active,,,http://www.redfin.com/MA/West-Yarmouth/22-Molly-Rd-02673/home/77382112,MLS PIN,72606718,N,Y,41.6514731,-70.2299732
MLS Listing,,Single Family Residential,142 Ocean Ave,Yarmouth,MA,02664,299900,2,1.0,Yarmouth,600,9148,1952,131,500,,Active,,,http://www.redfin.com/MA/South-Yarmouth/142-Ocean-Ave-02664/home/108546547,MLS PIN,72604445,N,Y,41.6450308,-70.212998
MLS Listing,,Single Family Residential,6 Heritage Dr,Yarmouth,MA,02673,499000,3,2.0,West Yarmouth,2278,26136,1976,132,219,10,Active,,,http://www.redfin.com/MA/West-Yarmouth/6-Heritage-Dr-02673/home/135730500,CCIMLS,22000044,N,Y,41.6378647,-70.2364842
MLS Listing,,Vacant Land,26 Hillcrest Rd,Yarmouth,MA,02675,184900,,,Yarmouth Port,,25318,,133,,,Active,,,http://www.redfin.com/MA/Yarmouth-Port/26-Hillcrest-Rd-02675/home/170192704,MLS PIN,72603607,N,Y,41.7213,-70.2002083
MLS Listing,,Single Family Residential,172 Center St,Yarmouth,MA,02675,365000,2,1.0,Yarmouth Port,720,45738,1947,134,507,,Active,,,http://www.redfin.com/MA/Yarmouth-Port/172-Center-St-02675/home/135877654,CCIMLS,22000010,N,Y,41.7153444,-70.2303918
MLS Listing,,Single Family Residential,61 Wolfson Rd,Yarmouth,MA,02664,489000,3,2.0,South Yarmouth,1978,19602,1990,135,247,,Active,,,http://www.redfin.com/MA/South-Yarmouth/61-Wolfson-Rd-02664/home/135875480,MLS PIN,72603207,N,Y,41.6891586,-70.175767
MLS Listing,,Single Family Residential,17 MACKENZIE Rd,Yarmouth,MA,02664,674500,5,2.0,Bass River,2132,8712,1965,136,316,,Active,,,http://www.redfin.com/MA/South-Yarmouth/17-MacKenzie-Rd-02664/home/135743718,MLS PIN,72603001,N,Y,41.6442119,-70.2094633
MLS Listing,,Single Family Residential,29 Heritage Dr,Yarmouth,MA,02673,619000,3,2.0,West Yarmouth,2045,27007,1971,137,303,,Active,,,http://www.redfin.com/MA/West-Yarmouth/29-Heritage-Dr-02673/home/77389273,MLS PIN,72602926,N,Y,41.6382633,-70.2382979
MLS Listing,,Single Family Residential,119 High Bank Rd,Yarmouth,MA,02664,299500,2,1.5,South Yarmouth,1140,21780,1958,143,263,,Active,,,http://www.redfin.com/MA/South-Yarmouth/119-Highbank-Rd-02664/home/135705723,MLS PIN,72602388,N,Y,41.6764516,-70.1810459
MLS Listing,,Condo/Co-op,3124 Heatherwood,Yarmouth,MA,02675,178800,1,1.0,Yarmouth Port,712,,1989,146,251,1600,Active,,,http://www.redfin.com/MA/Yarmouth-Port/3124-Heatherwood-02675/home/77413472,CCIMLS,21908560,N,Y,41.7156439,-70.210147
MLS Listing,,Single Family Residential,182 Silver Leaf Ln,Yarmouth,MA,02673,399000,3,1.0,West Yarmouth,1100,23522,1950,167,363,,Active,,,http://www.redfin.com/MA/West-Yarmouth/182-Silverleaf-Ln-02673/home/135794038,MLS PIN,72596719,N,Y,41.6418352,-70.2358331
MLS Listing,,Single Family Residential,16 Route 6A,Yarmouth,MA,02675,400000,3,1.0,Yarmouth Port,1700,38333,1880,169,235,,Active,,,http://www.redfin.com/MA/Yarmouth-Port/16-MA-6A-02675/home/135868968,MLS PIN,72596537,N,Y,41.701981,-70.259117
MLS Listing,,Single Family Residential,8 CRESCENT Ct,Yarmouth,MA,02664,649000,3,2.0,Bass River,2700,15682,1970,177,240,,Active,,,http://www.redfin.com/MA/South-Yarmouth/8-Crescent-Ct-02664/home/80213295,MLS PIN,72593881,N,Y,41.6508533,-70.2013243
MLS Listing,,Single Family Residential,22 Highland St,Yarmouth,MA,02673,1345000,3,3.0,West Yarmouth,2826,9583,2006,178,476,,Active,,,http://www.redfin.com/MA/West-Yarmouth/22-Highland-St-02673/home/77470912,MLS PIN,72593494,N,Y,41.6476946,-70.2703864
MLS Listing,,Single Family Residential,8 Mayo Rd,Yarmouth,MA,02664,545000,3,1.5,Yarmouth,1836,8276,1972,182,297,,Active,,,http://www.redfin.com/MA/South-Yarmouth/8-Mayo-Rd-02664/home/135773991,MLS PIN,72592595,N,Y,41.6442461,-70.2071379
MLS Listing,,Condo/Co-op,135 South St #35,Yarmouth,MA,02664,225000,1,1.0,Bass River,363,,1945,185,620,400,Active,,,http://www.redfin.com/MA/South-Yarmouth/135-South-St-02664/unit-35/home/169771008,MLS PIN,72590960,N,Y,41.6508616,-70.2008827
MLS Listing,,Condo/Co-op,135 S Shore Dr #34,Yarmouth,MA,02664,295000,2,2.0,Bass River,629,,1945,185,469,556,Active,,,http://www.redfin.com/MA/South-Yarmouth/135-S-Shore-Dr-02664/unit-34/home/135679874,MLS PIN,72590959,N,Y,41.6405918,-70.2137646
MLS Listing,,Condo/Co-op,135 S Shore Dr #24,Yarmouth,MA,02664,225000,1,1.0,Yarmouth,349,,1945,185,645,335,Active,,,http://www.redfin.com/MA/South-Yarmouth/135-S-Shore-Dr-02664/unit-24/home/77513488,MLS PIN,72590958,N,Y,41.6405918,-70.2137646
MLS Listing,,Condo/Co-op,135 S Shore Dr #21,Yarmouth,MA,02664,232500,1,1.0,South Yarmouth,408,,1945,185,570,313,Active,,,http://www.redfin.com/MA/South-Yarmouth/135-S-Shore-Dr-02664/unit-21/home/135742782,MLS PIN,72590957,N,Y,41.6405918,-70.2137646
MLS Listing,,Condo/Co-op,135 S Shore Dr #35,Yarmouth,MA,02664,225000,1,1.0,South Yarmouth,363,,1945,185,620,335,Active,,,http://www.redfin.com/MA/South-Yarmouth/135-S-Shore-Dr-02664/unit-35/home/135663421,CCIMLS,21908080,N,Y,41.6405918,-70.2137646
MLS Listing,,Single Family Residential,31 Legend Dr,Yarmouth,MA,02664,569000,5,2.5,Yarmouth,2816,31363,1972,187,202,25,Active,,,http://www.redfin.com/MA/South-Yarmouth/31-Legend-Dr-02664/home/135680234,MLS PIN,72590784,N,Y,41.691586,-70.1720693
MLS Listing,,Single Family Residential,52 Ellis Cir,Yarmouth,MA,02675,399900,3,2.5,Yarmouth Port,2096,12632,1963,189,191,,Active,,,http://www.redfin.com/MA/Yarmouth-Port/52-Ellis-Cir-02675/home/135802750,MLS PIN,72589764,N,Y,41.7132237,-70.2277409
MLS Listing,,Condo/Co-op,109 Seaview Ave #1,Yarmouth,MA,02664,104900,1,1.0,Yarmouth,238,,1960,192,441,97,Active,,,http://www.redfin.com/MA/South-Yarmouth/109-Seaview-Ave-02664/unit-1/home/135866844,MLS PIN,72588293,N,Y,41.6449132,-70.2177429
MLS Listing,,Single Family Residential,62 Clover Rd,Yarmouth,MA,02673,365000,2,2.0,West Yarmouth,1632,16553,1975,195,224,,Active,,,http://www.redfin.com/MA/West-Yarmouth/62-Clover-Rd-02673/home/135827577,CCIMLS,21907913,N,Y,41.6531489,-70.2341123
MLS Listing,,Single Family Residential,24 Frothingham Way,Yarmouth,MA,02664,1699000,6,3.0,South Yarmouth,4133,,1885,195,411,,Active,,,http://www.redfin.com/MA/South-Yarmouth/24-Frothingham-Way-02664/home/105444817,MLS PIN,72587355,N,Y,41.659496,-70.1899294
MLS Listing,,Vacant Land,22 Pierce St,Yarmouth,MA,02673,175000,,,West Yarmouth,,33541,,196,,,Active,,,http://www.redfin.com/MA/West-Yarmouth/22-Pierce-St-02673/home/135850871,CCIMLS,21907875,N,Y,41.648955,-70.238592
MLS Listing,,Single Family Residential,172 PAWKANNAWKUT Dr,Yarmouth,MA,02664,799900,3,2.5,Gateway Isles,2128,10019,1960,196,376,,Active,,,http://www.redfin.com/MA/South-Yarmouth/172-Pawkannawkut-Dr-02664/home/135735503,MLS PIN,72579444,N,Y,41.6415962,-70.2181138
MLS Listing,,Single Family Residential,51 MILL POND Rd,Yarmouth,MA,02673,140000,3,1.0,West Yarmouth,660,7405,1950,201,212,,Active,,,http://www.redfin.com/MA/West-Yarmouth/51-Mill-Pond-Rd-02673/home/135677898,MLS PIN,72585096,N,Y,41.6591629,-70.2573238
MLS Listing,,Single Family Residential,6 Gardiner Ln,Yarmouth,MA,02664,349900,3,1.0,South Yarmouth,960,6534,1960,209,364,,Active,,,http://www.redfin.com/MA/South-Yarmouth/6-Gardiner-Ln-02664/home/77480030,CCIMLS,21907623,N,Y,41.6476563,-70.2092308
MLS Listing,,Single Family Residential,1170 Great Island Rd,Yarmouth,MA,02673,2500000,7,4.0,West Yarmouth,3666,101855,1988,211,682,1428,Active,,,http://www.redfin.com/MA/West-Yarmouth/1170-Great-Island-Rd-02673/home/135688368,MLS PIN,72580757,N,Y,41.6168245,-70.2610855
MLS Listing,,Single Family Residential,5 Smiths Pt,Yarmouth,MA,02673,2750000,5,5.5,Great Island,3584,72309,1924,212,767,1417,Active,,,http://www.redfin.com/MA/West-Yarmouth/5-Smiths-Point-Rd-02673/home/113865084,MLS PIN,72579891,N,Y,41.622159,-70.268058
MLS Listing,,Vacant Land,20 Edgewater Dr,Yarmouth,MA,02664,459000,,,South Yarmouth,,43560,,212,,,Active,,,http://www.redfin.com/MA/South-Yarmouth/20-Edgewater-Dr-02664/home/160476171,CCIMLS,21907533,N,Y,41.6841797,-70.1640319
MLS Listing,,Single Family Residential,40 Salt Marsh Ln,Yarmouth,MA,02673,1049000,3,3.0,Yarmouth,3132,16552,2005,217,335,,Active,,,http://www.redfin.com/MA/West-Yarmouth/40-Salt-Marsh-Ln-02673/home/77476033,MLS PIN,72578341,N,Y,41.6413006,-70.231787
MLS Listing,,Vacant Land,431 Higgins Crowell Rd,Yarmouth,MA,02673,152500,,,West Yarmouth,,40022,,217,,,Active,,,http://www.redfin.com/MA/West-Yarmouth/431-Higgins-Crowell-Rd-02673/home/135868443,CCIMLS,21907450,N,Y,41.673736,-70.248104
MLS Listing,,Vacant Land,423 Higgins Crowell Rd,Yarmouth,MA,02673,125000,,,West Yarmouth,,46755,,217,,,Active,,,http://www.redfin.com/MA/West-Yarmouth/423-Higgins-Crowell-Rd-02673/home/135863572,CCIMLS,21907449,N,Y,41.6733959,-70.248356
MLS Listing,,Vacant Land,435 Higgins Crowell Rd,Yarmouth,MA,02673,152500,,,West Yarmouth,,43019,,217,,,Active,,,http://www.redfin.com/MA/West-Yarmouth/435-Higgins-Crowell-Rd-02673/home/135874571,CCIMLS,21907444,N,Y,41.673725,-70.248919
MLS Listing,,Vacant Land,439 Higgins Crowell Rd,Yarmouth,MA,02673,152500,,,West Yarmouth,,40100,,217,,,Active,,,http://www.redfin.com/MA/West-Yarmouth/439-Higgins-Crowell-Rd-02673/home/135852421,CCIMLS,21907443,N,Y,41.674206,-70.248294
MLS Listing,,Vacant Land,443 Higgins Crowell Rd,Yarmouth,MA,02673,152500,,,West Yarmouth,,40857,,217,,,Active,,,http://www.redfin.com/MA/West-Yarmouth/443-Higgins-Crowell-Rd-02673/home/135763215,CCIMLS,21907442,N,Y,41.67414,-70.249051
MLS Listing,,Vacant Land,445 Higgins Crowell Rd,Yarmouth,MA,02673,152500,,,West Yarmouth,,40206,,217,,,Active,,,http://www.redfin.com/MA/West-Yarmouth/445-Higgins-Crowell-Rd-02673/home/135803718,CCIMLS,21907437,N,Y,41.674497,-70.249161
MLS Listing,,Vacant Land,451 Higgins Crowell Rd,Yarmouth,MA,02673,152500,,,West Yarmouth,,41072,,217,,,Active,,,http://www.redfin.com/MA/West-Yarmouth/451-Higgins-Crowell-Rd-02673/home/135796897,CCIMLS,21907436,N,Y,41.674757,-70.248481
MLS Listing,,Vacant Land,455 Higgins Crowell Rd,Yarmouth,MA,02673,152500,,,West Yarmouth,,42261,,217,,,Active,,,http://www.redfin.com/MA/West-Yarmouth/455-Higgins-Crowell-Rd-02673/home/135806708,CCIMLS,21907435,N,Y,41.674924,-70.249279
MLS Listing,,Vacant Land,461 Higgins Crowell Rd,Yarmouth,MA,02673,152500,,,West Yarmouth,,41362,,217,,,Active,,,http://www.redfin.com/MA/West-Yarmouth/461-Higgins-Crowell-Rd-02673/home/135800284,CCIMLS,21907433,N,Y,41.675311,-70.248643
MLS Listing,,Vacant Land,465 Higgins Crowell Rd,Yarmouth,MA,02673,152500,,,West Yarmouth,,47045,,217,,,Active,,,http://www.redfin.com/MA/West-Yarmouth/465-Higgins-Crowell-Rd-02673/home/135844978,CCIMLS,21907432,N,Y,41.675357,-70.2494229
MLS Listing,,Single Family Residential,30 Pequod Cir,Yarmouth,MA,02675,367500,3,2.5,Yarmouth Port,1462,13068,1955,221,251,,Active,,,http://www.redfin.com/MA/Yarmouth-Port/30-Pequod-Cir-02675/home/135807527,CCIMLS,21907331,N,Y,41.6982226,-70.2217414
MLS Listing,,Single Family Residential,33 Summer St,Yarmouth,MA,02675,449000,3,3.0,Yarmouth,1676,14810,1850,223,268,,Active,,,http://www.redfin.com/MA/Yarmouth-Port/33-Summer-St-02675/home/135726575,MLS PIN,72575670,N,Y,41.7020097,-70.2473666
MLS Listing,,Single Family Residential,8 Merchant Ave,Yarmouth,MA,02675,599000,3,2.5,Yarmouth Port,2400,28314,1986,225,250,,Active,,,http://www.redfin.com/MA/Yarmouth-Port/8-Merchant-Ave-02675/home/135804976,MLS PIN,72574321,N,Y,41.7052714,-70.1930921
MLS Listing,,Single Family Residential,179 Station Ave,Yarmouth,MA,02664,318900,2,1.0,South Yarmouth,2085,10454,1957,225,153,,Active,,,http://www.redfin.com/MA/South-Yarmouth/179-Station-Ave-02664/home/135790328,CCIMLS,21907236,N,Y,41.6749609,-70.1932316
MLS Listing,,Single Family Residential,216 South,Yarmouth,MA,02664,3199000,4,4.5,Bass River,5083,53143,2003,249,629,,Active,,,http://www.redfin.com/MA/South-Yarmouth/216-South-St-02664/home/135863886,MLS PIN,72561191,N,Y,41.6458461,-70.1992081
MLS Listing,,Single Family Residential,71 Nottingham Dr,Yarmouth,MA,02675,699000,3,3.0,Yarmouth,2816,28314,1993,252,248,,Active,,,http://www.redfin.com/MA/Yarmouth-Port/71-Nottingham-Dr-02675/home/135675020,MLS PIN,72559976,N,Y,41.7208025,-70.2100214
MLS Listing,,Single Family Residential,3 Harbor Hill Run,Yarmouth,MA,02664,499900,3,2.0,Yarmouth,1638,10019,1985,260,305,,Active,,,http://www.redfin.com/MA/South-Yarmouth/3-Harbor-Hill-Run-02664/home/77382178,MLS PIN,72555848,N,Y,41.6817732,-70.1674647
MLS Listing,,Single Family Residential,72 Bray Farm Rd,Yarmouth,MA,02675,695000,4,3.0,Yarmouth,2880,23087,1988,261,241,,Active,,,http://www.redfin.com/MA/Yarmouth-Port/72-Bray-Farm-Rd-N-02675/home/135791692,MLS PIN,72555457,N,Y,41.7223046,-70.2027195
MLS Listing,,Condo/Co-op,343 Route 28 #232,Yarmouth,MA,02673,49900,1,1.0,West Yarmouth,342,,1986,262,146,250,Active,,,http://www.redfin.com/MA/West-Yarmouth/343-MA-28-02673/unit-232/home/135773530,MLS PIN,72555139,N,Y,41.6510259,-70.247762
MLS Listing,,Single Family Residential,63 Smiths Point Rd,Yarmouth,MA,02673,4999000,4,5.0,Great Island,7897,166399,1995,263,633,1572,Active,,,http://www.redfin.com/MA/West-Yarmouth/63-Smiths-Point-Rd-02673/home/77341733,MLS PIN,72554742,N,Y,41.624466,-70.2685029
MLS Listing,,Single Family Residential,46 Doherty Ln,Yarmouth,MA,02673,1295000,4,3.0,Great island ocean Club,2096,7405,2017,267,618,,Active,,,http://www.redfin.com/MA/West-Yarmouth/46-Doherty-Ln-02673/home/77384731,MLS PIN,72553019,N,Y,41.6348918,-70.2304454
MLS Listing,,Vacant Land,65 Winter St,Yarmouth,MA,02675,199999,,,Yarmouth,,55321,,276,,,Active,,,http://www.redfin.com/MA/Yarmouth-Port/65-Winter-St-02675/home/144818530,MLS PIN,72548361,N,Y,41.7097586,-70.2339429
MLS Listing,,Condo/Co-op,1219 Heatherwood #1219,Yarmouth,MA,02675,210000,2,2.0,Yarmouth,1092,,2001,278,192,2149,Active,,,http://www.redfin.com/MA/Yarmouth/1219-Heatherwood-02675/unit-1219/home/168636969,MLS PIN,72548002,N,Y,41.7155552,-70.2100995
MLS Listing,,Condo/Co-op,1219 Heatherwood,Yarmouth,MA,02675,210000,2,2.0,Yarmouth Port,1092,,2001,283,192,2236,Active,,,http://www.redfin.com/MA/Yarmouth/Heatherwood-02675/home/135710531,CCIMLS,21905648,N,Y,41.71551,-70.211892
MLS Listing,,Vacant Land,58 Lot-16 Sisters Cir,Yarmouth,MA,02675,175000,,,Yarmouth Port,,43560,,308,,,Active,,,http://www.redfin.com/MA/Yarmouth-Port/58-Sisters-Cir-02675/home/135812406,CCIMLS,21904998,N,Y,41.6886165,-70.2591489
MLS Listing,,Vacant Land,83 Lot-8 Sisters Cir,Yarmouth,MA,02675,175000,,,Yarmouth Port,,40075,,308,,,Active,,,http://www.redfin.com/MA/Yarmouth-Port/83-Sisters-Cir-02675/home/135846056,CCIMLS,21904991,N,Y,41.6884584,-70.2576348
MLS Listing,,Vacant Land,91 Lot-9 Sisters Cir,Yarmouth,MA,02675,175000,,,Yarmouth Port,,40075,,308,,,Active,,,http://www.redfin.com/MA/Yarmouth-Port/91-Sisters-Cir-02675/home/135839463,CCIMLS,21904990,N,Y,41.6891808,-70.2576007
MLS Listing,,Vacant Land,78 Lot-17 Sisters Cir,Yarmouth,MA,02675,175000,,,Yarmouth Port,,42689,,308,,,Active,,,http://www.redfin.com/MA/Yarmouth-Port/78-Sisters-Cir-02675/home/135884050,CCIMLS,21904989,N,Y,41.6886289,-70.2584585
MLS Listing,,Vacant Land,63 Aspinet Rd,Yarmouth,MA,02664,399000,,,South Yarmouth,,113616,,311,,,Active,,,http://www.redfin.com/MA/South-Yarmouth/63-Aspinet-Rd-02664/home/135841508,MLS PIN,72529999,N,Y,41.644328,-70.218523
MLS Listing,,Single Family Residential,177 River St,Yarmouth,MA,02664,4950000,7,3.5,Bass River,4068,46970,1905,318,1217,,Active,,,http://www.redfin.com/MA/South-Yarmouth/177-River-St-02664/home/135724566,MLS PIN,72528037,N,Y,41.6506188,-70.19865
MLS Listing,,Single Family Residential,109 Nottingham Dr,Yarmouth,MA,02675,675000,3,2.5,Yarmouth,2854,32670,1993,321,237,,Active,,,http://www.redfin.com/MA/Yarmouth-Port/109-Nottingham-Dr-02675/home/135763905,MLS PIN,72527189,N,Y,41.7205609,-70.2128584
MLS Listing,,Condo/Co-op,343 Route 28 Unit 156-158,Yarmouth,MA,02673,90000,1,2.0,West Yarmouth,337,,1986,328,267,500,Active,,,http://www.redfin.com/MA/West-Yarmouth/343-Massachusetts-28-02673/unit-156-158/home/167121446,CCIMLS,21904570,N,Y,41.6511038,-70.2488775
MLS Listing,,Vacant Land,0 Great Island Rd,Yarmouth,MA,02673,5000000,,,West Yarmouth,,118483,,338,,9431,Active,,,http://www.redfin.com/MA/WEST-YARMOUTH/GREAT-ISLAND-RD-02673/home/135642698,MLS PIN,72517004,N,Y,41.616347,-70.263692
MLS Listing,,Condo/Co-op,343 Route 28 #212,Yarmouth,MA,02673,59900,1,1.0,Yarmouth,339,,1986,345,177,250,Active,,,http://www.redfin.com/MA/West-Yarmouth/343-MA-28-02673/unit-212/home/77400769,MLS PIN,72511839,N,Y,41.6510259,-70.247762
MLS Listing,,Condo/Co-op,343 Route 28 #214,Yarmouth,MA,02673,59900,1,1.0,Yarmouth,342,,1986,346,175,250,Active,,,http://www.redfin.com/MA/West-Yarmouth/343-MA-28-02673/unit-214/home/135839308,MLS PIN,72511543,N,Y,41.6510259,-70.247762
MLS Listing,,Condo/Co-op,343 Route 28 #155,Yarmouth,MA,02673,57000,1,1.0,Yarmouth,339,,1986,346,168,250,Active,,,http://www.redfin.com/MA/West-Yarmouth/343-MA-28-02673/unit-155/home/135730341,MLS PIN,72511540,N,Y,41.6510259,-70.247762
MLS Listing,,Condo/Co-op,343 Route #220,Yarmouth,MA,02673,53900,1,1.0,Yarmouth,339,,1986,346,159,250,Active,,,http://www.redfin.com/MA/West-Yarmouth/343-Route-02673/unit-220/home/146733873,MLS PIN,72511535,N,Y,41.6482428,-70.2527379
MLS Listing,,Townhouse,43 Headwaters Dr #0,Yarmouth,MA,02673,325000,4,2.0,West Yarmouth,1568,1568,1986,349,207,225,Active,,,http://www.redfin.com/MA/West-Yarmouth/43-Headwaters-Dr-02673/unit-43/home/136820857,MLS PIN,72509894,N,Y,41.658456,-70.246064
MLS Listing,,Vacant Land,47 Nickerson Farm Way,Yarmouth,MA,02675,224900,,,Yarmouth Port,,58806,,352,,,Active,,,http://www.redfin.com/MA/Yarmouth/47-Nickerson-Farm-Way-02675/home/148337800,CCIMLS,21903868,N,Y,41.698126,-70.188999
MLS Listing,,Single Family Residential,53 Pamet,Yarmouth,MA,02673,310000,3,2.0,Yarmouth,816,,1962,362,380,,Active,,,http://www.redfin.com/MA/West-Yarmouth/53-Pamet-Rd-02673/home/135738260,MLS PIN,72503013,N,Y,41.644431,-70.2285315
MLS Listing,,Single Family Residential,2 Buttercup Ln,Yarmouth,MA,02664,499000,2,1.0,Knob Hill,728,12197,1945,363,685,,Active,,,http://www.redfin.com/MA/South-Yarmouth/2-Buttercup-Ln-02664/home/135698158,CCIMLS,21903605,N,Y,41.6997363,-70.1782204
MLS Listing,,Condo/Co-op,1212 Heatherwood #1212,Yarmouth,MA,02675,204000,2,2.0,Heatherwood Senior Living complex,1092,,2001,371,187,2149,Active,,,http://www.redfin.com/MA/Yarmouth/Heatherwood-02675/unit-1212/home/146804594,MLS PIN,72497175,N,Y,41.715644,-70.209897
MLS Listing,,Condo/Co-op,1212 Heatherwood,Yarmouth,MA,02675,204000,2,2.0,Yarmouth Port,1092,,2001,371,187,2236,Active,,,http://www.redfin.com/MA/Yarmouth/Heatherwood-02675/home/135730282,CCIMLS,21903292,N,Y,41.715524,-70.211893
MLS Listing,,Single Family Residential,8 Burch Rd,Yarmouth,MA,02664,550000,3,2.0,Bass River,1860,9148,1957,386,296,,Active,,,http://www.redfin.com/MA/South-Yarmouth/8-Burch-Rd-02664/home/135872481,MLS PIN,72487088,N,Y,41.6440292,-70.2080216
MLS Listing,,Single Family Residential,232 South Shore Dr,Yarmouth,MA,02664,659000,4,2.0,South Yarmouth,1804,8712,1963,419,365,,Active,,,http://www.redfin.com/MA/South-Yarmouth/232-S-Shore-Dr-02664/home/135856175,CCIMLS,21901759,N,Y,41.6437836,-70.207696
MLS Listing,,Single Family Residential,311 Great Island Rd,Yarmouth,MA,02673,1149000,3,2.5,"Association neighborhood, Great Island",2815,32234,1973,471,408,209,Active,,,http://www.redfin.com/MA/West-Yarmouth/311-Great-Island-Rd-02673/home/135797636,MLS PIN,72447096,N,Y,41.6335045,-70.2371585
MLS Listing,,Single Family Residential,33 Bradford Rd,Yarmouth,MA,02673,524900,4,2.5,Colonial Acres,1904,10454,2000,518,276,,Active,,,http://www.redfin.com/MA/West-Yarmouth/33-Bradford-Rd-02673/home/135817678,CCIMLS,21808963,N,Y,41.6511822,-70.2518776
MLS Listing,,Vacant Land,194 Pawkannawkut Dr,Yarmouth,MA,02664,380000,,,South Yarmouth,,25265,,548,,,Active,,,http://www.redfin.com/MA/South-Yarmouth/194-Pawkannawkut-Dr-02664/home/135880237,MLS PIN,72423347,N,Y,41.640315,-70.21829
MLS Listing,,Single Family Residential,58 Coveview Dr,Yarmouth,MA,02664,665000,3,3.5,South Yarmouth,2253,23087,2000,606,295,,Active,,,http://www.redfin.com/MA/South-Yarmouth/58-Coveview-Dr-02664/home/135648822,MLS PIN,72396306,N,Y,41.6809456,-70.1709996
MLS Listing,,Single Family Residential,17 Chase Garden Ln,Yarmouth,MA,02675,865000,4,2.5,Salt Works Cove,3200,50019,2006,612,270,8,Active,,,http://www.redfin.com/MA/Yarmouth-Port/17-Chase-Garden-Ln-02675/home/135658517,MLS PIN,72392879,N,Y,41.7198995,-70.2131375
MLS Listing,,Single Family Residential,47 Union St,Yarmouth,MA,02675,389500,5,2.5,Yarmouth Port,1588,13068,1920,623,245,,Active,,,http://www.redfin.com/MA/Yarmouth-Port/47-Union-St-02675/home/132845844,CCIMLS,21806584,N,Y,41.7027435,-70.2275549
For-Sale-by-Owner Listing,,Single Family Residential,32 Mayflower Ter,South Yarmouth,MA,02664,999000,3,2.0,South Yarmouth,1646,41817,1950,120,607,,Active,,,http://www.redfin.com/MA/South-Yarmouth/32-Mayflower-Ter-02664/home/135703356,Fizber.com,5044440,N,Y,41.6949776,-70.1765809
