SALE TYPE,SOLD DATE,PROPERTY TYPE,ADDRESS,CITY,STATE OR PROVINCE,ZIP OR POSTAL CODE,PRICE,BEDS,BATHS,LOCATION,SQUARE FEET,LOT SIZE,YEAR BUILT,DAYS ON MARKET,$/SQUARE FEET,HOA/MONTH,STATUS,NEXT OPEN HOUSE START TIME,NEXT OPEN HOUSE END TIME,URL (SEE http://www.redfin.com/buy-a-home/comparative-market-analysis FOR INFO ON PRICING),SOURCE,MLS#,FAVORITE,INTERESTED,LATITUDE,LONGITUDE
MLS Listing,,Vacant Land,0 Lessard Dr,Turner,ME,04282,210000,,,Turner,,1263240,,1,,,Active,,,http://www.redfin.com/ME/Turner/Lessard-Dr-04282/home/171536395,MREIS,1451164,N,Y,44.3375757,-70.2563201
MLS Listing,,Single Family Residential,16 Jean St,Lewiston,ME,04240,199500,4,2.0,Lewiston,2000,5227,1950,1,100,,Active,,,http://www.redfin.com/ME/Lewiston/16-Jean-St-04240/home/100196179,MREIS,1451145,N,Y,44.1025491,-70.1867706
MLS Listing,,Single Family Residential,334 Webster St,Lewiston,ME,04240,199900,3,2.0,Lewiston,2450,10018,1935,1,82,,Active,,,http://www.redfin.com/ME/Lewiston/334-Webster-St-04240/home/100196749,MREIS,1451094,N,Y,44.0931596,-70.1915784
MLS Listing,,Single Family Residential,176 Second St,Auburn,ME,04210,229900,4,2.0,Auburn,2683,4356,1934,1,86,,Active,,,http://www.redfin.com/ME/Auburn/176-2nd-St-04210/home/97706401,MREIS,1451062,N,Y,44.0845642,-70.2169201
MLS Listing,,Vacant Land,158 A Brickyard Hill Rd,Durham,ME,04222,69500,,,Durham,,174240,,2,,,Active,,,http://www.redfin.com/ME/Durham/158-Brickyard-Hill-Rd-04222/home/171529263,MREIS,1451032,N,Y,43.9897514,-70.0606626
MLS Listing,,Multi-Family (5+ Unit),199 Bartlett St,Lewiston,ME,04240,275000,13,6.0,Lewiston,4554,16117,1950,2,60,,Active,,,http://www.redfin.com/ME/Lewiston/199-Bartlett-St-04240/home/100193419,MREIS,1451030,N,Y,44.093031,-70.209071
MLS Listing,,Single Family Residential,125 King Rd,Lisbon,ME,04250,199900,4,2.0,Lisbon,2028,119790,1900,2,99,,Active,,,http://www.redfin.com/ME/Lisbon/125-King-Rd-04250/home/88433407,MREIS,1451025,N,Y,44.0583877,-70.0919571
MLS Listing,,Multi-Family (2-4 Unit),32 James St,Auburn,ME,04210,168000,4,2.0,Auburn,2273,6098,1880,3,74,,Active,,,http://www.redfin.com/ME/Auburn/32-James-St-04210/home/97707161,MREIS,1450992,N,Y,44.0991929,-70.2337081
MLS Listing,,Multi-Family (2-4 Unit),20 James St,Auburn,ME,04210,168000,4,2.0,Auburn,2060,3484,1878,3,82,,Active,,,http://www.redfin.com/ME/Auburn/20-James-St-04210/home/97706685,MREIS,1450990,N,Y,44.0988025,-70.2335426
MLS Listing,,Vacant Land,A Lakeshore Dr,Leeds,ME,04236,79000,,,Leeds,,1508482,,4,,,Active,,,http://www.redfin.com/ME/Leeds/A-Lakeshore-Dr-04263/home/171497134,MREIS,1450886,N,Y,44.33301,-70.1147362
MLS Listing,,Vacant Land,C Route 106,Leeds,ME,04236,39000,,,Leeds,,1306800,,4,,,Active,,,http://www.redfin.com/ME/Leeds/4236-Maine-106-04263/home/171497062,MREIS,1450884,N,Y,44.3713177,-70.1330485
MLS Listing,,Vacant Land,0 Tiger Hill Rd,Poland,ME,04274,74999,,,Poland,,1107295,,4,,,Active,,,http://www.redfin.com/ME/POLAND/TIGER-HILL-RD-04274/home/99992530,MREIS,1450869,N,Y,44.075676,-70.456456
MLS Listing,,Vacant Land,Lot 13 Hatch Rd,Lisbon,ME,04250,40500,,,Lisbon,,130680,,4,,,Active,,,http://www.redfin.com/ME/Lisbon/13-Hatch-Rd-04250/unit-13/home/86349317,MREIS,1450862,N,Y,44.0075241,-70.1485194
MLS Listing,,Vacant Land,Lot 12 Young Rd,Lisbon,ME,04250,35000,,,Lisbon,,63162,,4,,,Active,,,http://www.redfin.com/ME/Lisbon/Lot-12-Young-Rd-04250/home/171494974,MREIS,1450861,N,Y,44.0086613,-70.1500431
MLS Listing,,Vacant Land,Lot 11 Young Rd,Lisbon,ME,04250,34500,,,Lisbon,,60983,,4,,,Active,,,http://www.redfin.com/ME/Lisbon/Lot-11-Young-Rd-04250/home/148438564,MREIS,1450860,N,Y,44.0096155,-70.1492932
MLS Listing,,Vacant Land,Lot 10 Young Rd,Lisbon,ME,04250,54500,,,Lisbon,,161172,,4,,,Active,,,http://www.redfin.com/ME/Lisbon/Lot-10-Young-Rd-04250/home/171494951,MREIS,1450859,N,Y,44.0086613,-70.1500431
MLS Listing,,Vacant Land,Lot 9 Young Rd,Lisbon,ME,04250,49500,,,Lisbon,,108900,,4,,,Active,,,http://www.redfin.com/ME/Lisbon/Lot-9-Young-Rd-04250/home/171494928,MREIS,1450858,N,Y,44.0086613,-70.1500431
MLS Listing,,Vacant Land,Lot 8 Young Rd,Lisbon,ME,04250,39500,,,Lisbon,,60112,,4,,,Active,,,http://www.redfin.com/ME/Lisbon/Lot-8-Young-Rd-04250/home/171494927,MREIS,1450856,N,Y,44.0086613,-70.1500431
MLS Listing,,Vacant Land,Lot 6 Young Rd,Lisbon,ME,04250,34500,,,Lisbon,,60112,,4,,,Active,,,http://www.redfin.com/ME/Lisbon/Lot-6-Young-Rd-04250/home/171494925,MREIS,1450855,N,Y,44.0086613,-70.1500431
MLS Listing,,Vacant Land,Lot 5 Young Rd,Lisbon,ME,04250,39500,,,Lisbon,,69696,,4,,,Active,,,http://www.redfin.com/ME/Lisbon/Lot-5-Young-Rd-04250/home/148438563,MREIS,1450854,N,Y,44.0096155,-70.1492932
MLS Listing,,Vacant Land,Lot 4 Hatch Rd,Lisbon,ME,04250,34500,,,Lisbon,,74052,,4,,,Active,,,http://www.redfin.com/ME/Lisbon/4-Hatch-Rd-04250/unit-4/home/86348435,MREIS,1450852,N,Y,44.0099432,-70.1474245
MLS Listing,,Single Family Residential,6 Hunton Pl,Auburn,ME,04210,149900,4,1.5,Auburn,1403,6534,1928,4,107,,Active,,,http://www.redfin.com/ME/Auburn/6-Hunton-Pl-04210/home/97707079,MREIS,1450826,N,Y,44.0972142,-70.2377501
MLS Listing,,Single Family Residential,23 Bonnaille Ave,Lewiston,ME,04240,289000,3,2.0,Lewiston,1956,10890,1971,4,148,,Active,,,http://www.redfin.com/ME/Lewiston/23-Bonnallie-Ave-04240/home/100187894,MREIS,1450788,N,Y,44.1180386,-70.2004815
MLS Listing,,Single Family Residential,48 Edgecomb Rd,Lisbon,ME,04252,165000,3,1.0,Lisbon,1000,27007,1973,5,165,,Active,,,http://www.redfin.com/ME/Lisbon/48-Edgecomb-Rd-04252/home/67334613,MREIS,1450740,N,Y,44.0054098,-70.0371874
MLS Listing,,Single Family Residential,25 Valview Dr,Auburn,ME,04210,189900,3,2.0,Auburn,1500,57934,1989,5,127,,Active,,,http://www.redfin.com/ME/Auburn/25-Valview-Dr-04210/home/97706348,MREIS,1450736,N,Y,44.090264,-70.2821239
MLS Listing,,Single Family Residential,705 Court St,Auburn,ME,04210,299900,4,2.0,Auburn,2947,184258,1985,5,102,,Active,,,http://www.redfin.com/ME/Auburn/705-Court-St-04210/home/97710449,MREIS,1450690,N,Y,44.088758,-70.2521958
MLS Listing,,Single Family Residential,15 Parkview Ave,Livermore Falls,ME,04254,180000,3,1.5,Livermore Falls,1692,61419,1973,5,106,,Active,,,http://www.redfin.com/ME/Livermore-Falls/15-Parkview-Ave-04254/home/85805376,MREIS,1450687,N,Y,44.4636972,-70.1683173
MLS Listing,,Vacant Land,300 Turkey Ln,Livermore,ME,04253,14900,,,Livermore,,196020,,5,,,Active,,,http://www.redfin.com/ME/Livermore/300-Turkey-Ln-04253/home/171475058,MREIS,1450680,N,Y,44.3714938,-70.2248424
MLS Listing,,Single Family Residential,125 Dewitt Hill Rd,Durham,ME,04222,380000,3,2.5,Durham,1904,332362,1998,5,200,,Active,,,http://www.redfin.com/ME/Durham/125-Dewitt-Hill-Rd-04222/home/97654354,MREIS,1450675,N,Y,43.9211887,-70.1059256
MLS Listing,,Single Family Residential,38 High St,Lisbon,ME,04252,259500,4,2.0,Lisbon,1804,54885,1905,5,144,,Active,,,http://www.redfin.com/ME/Lisbon-Falls/38-High-St-04252/home/97717851,MREIS,1450650,N,Y,43.996945,-70.0531296
MLS Listing,,Vacant Land,0 Beaver Woods Dr,Durham,ME,04222,79900,,,Durham,,91911,,5,,,Active,,,http://www.redfin.com/ME/DURHAM/BEAVER-WOODS-DR-04222/home/97654027,MREIS,1450635,N,Y,43.948491,-70.076604
MLS Listing,,Single Family Residential,19 Roberts Rd,Sabattus,ME,04280,299000,4,3.0,Sabattus,3796,43560,1990,6,79,,Active,,,http://www.redfin.com/ME/Sabattus/19-Roberts-Rd-04280/home/85773351,MREIS,1450623,N,Y,44.0937075,-70.081924
MLS Listing,,Single Family Residential,25 Nob Hill Ave,Lewiston,ME,04240,349900,3,2.0,Lewiston,2512,174240,1983,6,139,,Active,,,http://www.redfin.com/ME/Lewiston/25-Nob-Hill-Ave-04240/home/100195635,MREIS,1450622,N,Y,44.0904412,-70.1800355
MLS Listing,,Vacant Land,6 Bowdoin Dr,Lewiston,ME,04240,35000,,,Lewiston,,319294,,6,,,Active,,,http://www.redfin.com/ME/Lewiston/6-Bowdoin-Dr-04240/home/66669937,MREIS,1450587,N,Y,44.134201,-70.176766
MLS Listing,,Vacant Land,2 Bowdoin Dr,Lewiston,ME,04240,35000,,,Lewiston,,206038,,6,,,Active,,,http://www.redfin.com/ME/Lewiston/2-Bowdoin-Dr-04240/home/66669910,MREIS,1450584,N,Y,44.133418,-70.17869
MLS Listing,,Single Family Residential,24 W Bates St,Auburn,ME,04210,254900,3,2.0,Auburn,1345,12632,1960,6,190,,Active,,,http://www.redfin.com/ME/Auburn/24-W-Bates-St-04210/home/97707940,MREIS,1450574,N,Y,44.1181108,-70.2262655
MLS Listing,,Single Family Residential,432 Turner St,Auburn,ME,04210,84900,5,1.0,Auburn,1527,5662,1920,7,56,,Active,,,http://www.redfin.com/ME/Auburn/432-Turner-St-04210/home/97707896,MREIS,1450523,N,Y,44.1086968,-70.2327142
MLS Listing,,Single Family Residential,73 Woodland Rd,Durham,ME,04222,559000,5,3.5,Durham,6046,89733,2006,7,92,33,Active,,,http://www.redfin.com/ME/Durham/73-Woodland-Rd-04222/home/97654285,MREIS,1450520,N,Y,43.9796461,-70.1435193
MLS Listing,,Vacant Land,89 E Cote St,Lewiston,ME,04240,24500,,,Lewiston,,6098,,7,,,Active,,,http://www.redfin.com/ME/Lewiston/89-E-Cote-St-04240/home/100191449,MREIS,1450501,N,Y,44.088366,-70.184538
MLS Listing,,Single Family Residential,51 Laaperi Ln,Greene,ME,04236,144900,3,1.0,Greene,1103,21780,1930,7,131,13,Active,,,http://www.redfin.com/ME/Greene/51-Laaperi-Ln-04236/home/100219133,MREIS,1450473,N,Y,44.137332,-70.107988
MLS Listing,,Single Family Residential,66 Alderwood Rd,Auburn,ME,04210,169000,3,1.0,Auburn,1144,17859,1963,8,148,,Active,,,http://www.redfin.com/ME/Auburn/66-Alderwood-Rd-04210/home/97710434,MREIS,1450458,N,Y,44.0889444,-70.2687395
MLS Listing,,Single Family Residential,1630 Main St,Lewiston,ME,04240,254900,3,2.0,Lewiston,1640,28314,1862,8,155,,Active,,,http://www.redfin.com/ME/Lewiston/1630-Main-St-04240/home/100192792,MREIS,1450449,N,Y,44.1522074,-70.1897564
MLS Listing,,Single Family Residential,27 Summit Ave,Lewiston,ME,04240,225000,3,2.0,Lewiston,1232,26571,2014,8,183,,Active,,,http://www.redfin.com/ME/Lewiston/27-Summit-Ave-04240/home/66720120,MREIS,1450427,N,Y,44.0802032,-70.2041615
MLS Listing,,Single Family Residential,20 Maple St,Mechanic Falls,ME,04256,130000,5,2.0,Mechanic Falls,2324,20908,1920,9,56,,Active,,,http://www.redfin.com/ME/Mechanic-Falls/20-Maple-St-04256/home/148396806,MREIS,1450338,N,Y,44.1108335,-70.3943641
MLS Listing,,Single Family Residential,374 Meadow Hill Rd,Greene,ME,04236,280000,3,2.0,Greene,2728,87120,1989,9,103,,Active,,,http://www.redfin.com/ME/Greene/374-Meadow-Hill-Rd-04236/home/100217620,MREIS,1450330,N,Y,44.2000911,-70.1893918
MLS Listing,,Mobile/Manufactured Home,20 Brook Dr,Poland,ME,04274,44900,2,1.0,Poland,1008,,1996,10,45,310,Active,,,http://www.redfin.com/ME/Poland/20-Davis-Brook-Dr-04274/home/99990016,MREIS,1450284,N,Y,44.0654015,-70.306092
MLS Listing,,Single Family Residential,1796 Minot Ave,Auburn,ME,04210,155000,2,1.0,Auburn,986,20037,1950,12,157,,Active,,,http://www.redfin.com/ME/Auburn/1796-Minot-Ave-04210/home/97705801,MREIS,1450138,N,Y,44.0805424,-70.3060613
MLS Listing,,Single Family Residential,339 Webber Ave,Lewiston,ME,04240,139900,3,1.0,Lewiston,1260,13939,1948,12,111,,Active,,,http://www.redfin.com/ME/Lewiston/339-Webber-Ave-04240/home/100188739,MREIS,1450130,N,Y,44.0876833,-70.1931896
MLS Listing,,Mobile/Manufactured Home,11 Katie Ave,Lewiston,ME,04240,43000,2,2.0,Lewiston,924,,2009,12,47,315,Active,,,http://www.redfin.com/ME/Lewiston/11-Katie-Ave-04240/home/100195990,MREIS,1450117,N,Y,44.1282261,-70.1950225
MLS Listing,,Single Family Residential,60 Washington St S,Auburn,ME,04210,139900,3,1.0,Auburn,1268,26136,1900,12,110,,Active,,,http://www.redfin.com/ME/Auburn/60-Washington-St-S-04210/home/97710770,MREIS,1450094,N,Y,44.0867828,-70.232105
MLS Listing,,Single Family Residential,117 Summer St,Lisbon,ME,04252,175000,2,1.0,Lisbon,864,13939,1961,12,203,,Active,,,http://www.redfin.com/ME/Lisbon-Falls/117-Summer-St-04252/home/97717820,MREIS,1450084,N,Y,44.0078447,-70.0438049
MLS Listing,,Single Family Residential,23 Timber Oak Dr,Durham,ME,04222,275000,3,2.0,Durham,1512,43560,1998,13,182,42,Active,,,http://www.redfin.com/ME/Durham/23-Timber-Oak-Dr-04222/home/97655712,MREIS,1450076,N,Y,43.9681807,-70.1331925
