SALE TYPE,SOLD DATE,PROPERTY TYPE,ADDRESS,CITY,STATE OR PROVINCE,ZIP OR POSTAL CODE,PRICE,BEDS,BATHS,LOCATION,SQUARE FEET,LOT SIZE,YEAR BUILT,DAYS ON MARKET,$/SQUARE FEET,HOA/MONTH,STATUS,NEXT OPEN HOUSE START TIME,NEXT OPEN HOUSE END TIME,URL (SEE http://www.redfin.com/buy-a-home/comparative-market-analysis FOR INFO ON PRICING),SOURCE,MLS#,FAVORITE,INTERESTED,LATITUDE,LONGITUDE
MLS Listing,,Single Family Residential,11 Wintergreen Cir,Methuen,MA,01844,389900,3,1.5,Methuen,1714,11042,1983,6,227,,Active,,,http://www.redfin.com/MA/Methuen/11-Wintergreen-Cir-01844/home/8344172,MLS PIN,72648917,N,Y,42.7307892,-71.1452462
MLS Listing,,Condo/Co-op,61 Holten St #3,Danvers,MA,01923,299000,2,1.0,Danvers,734,,1920,8,407,200,Active,,,http://www.redfin.com/MA/Danvers/61-Holten-St-01923/unit-3/home/110008632,MLS PIN,72648151,N,Y,42.5615492,-70.9464114
MLS Listing,,Single Family Residential,114 Lowell St,Methuen,MA,01844,359900,3,1.5,Methuen,1768,4866,1900,13,204,,Active,,,http://www.redfin.com/MA/Methuen/114-Lowell-St-01844/home/8315665,MLS PIN,72646476,N,Y,42.7205563,-71.1954669
MLS Listing,,Single Family Residential,260 Main St,Rowley,MA,01969,529900,3,2.5,Rowley,2154,24000,1981,19,246,,Active,,,http://www.redfin.com/MA/Rowley/260-Main-St-01969/home/8360403,MLS PIN,72644514,N,Y,42.7205468,-70.8726373
MLS Listing,,Single Family Residential,82 Beaver Brook Rd,North Andover,MA,01845,939000,4,4.0,North Andover,4429,44867,1997,21,212,,Active,,,http://www.redfin.com/MA/North-Andover/82-Beaver-Brook-Rd-01845/home/11556233,MLS PIN,72643701,N,Y,42.6480415,-71.064564
MLS Listing,,Multi-Family (2-4 Unit),76-78 Saratoga St,Lawrence,MA,01841,477000,9,3.0,Lawrence,2528,2800,1895,22,189,,Active,,,http://www.redfin.com/MA/Lawrence/76-Saratoga-St-01841/home/11320619,MLS PIN,72643544,N,Y,42.7173465,-71.166908
MLS Listing,,Single Family Residential,23 Clinton St,Amesbury,MA,01913,599900,4,2.5,Amesbury,2800,65340,2016,48,214,,Active,,,http://www.redfin.com/MA/Amesbury/23-Clinton-St-01913/home/8196801,MLS PIN,72635091,N,Y,42.8670048,-70.9207098
MLS Listing,,Condo/Co-op,8 Gerring Rd Unit B,Gloucester,MA,01930,399900,3,1.0,Gloucester,731,,1900,69,547,,Active,,,http://www.redfin.com/MA/Gloucester/8-Gerring-Rd-01930/unit-B/home/11306289,MLS PIN,72624279,N,Y,42.605601,-70.6525599
MLS Listing,,Multi-Family (2-4 Unit),6-8 Glendale,Salem,MA,01970,1159000,11,4.0,Salem,5240,3650,1915,1,221,,Active,,,http://www.redfin.com/MA/Salem/6-Glendale-St-01970/home/8393802,MLS PIN,72651522,N,Y,42.5090996,-70.8896154
MLS Listing,,Single Family Residential,64 Oregon Ave,Lawrence,MA,01841,369900,4,2.5,Lawrence,2560,5500,1900,1,144,,Active,,,http://www.redfin.com/MA/Lawrence/64-Oregon-Ave-01841/home/11329090,MLS PIN,72651518,N,Y,42.6967944,-71.1819609
MLS Listing,,Single Family Residential,53 Allston,Lawrence,MA,01841,329900,3,1.0,Lawrence,1277,11802,1900,1,258,,Active,,,http://www.redfin.com/MA/Lawrence/53-Allston-St-01841/home/11309138,MLS PIN,72651516,N,Y,42.7116494,-71.1424147
MLS Listing,,Multi-Family (2-4 Unit),70 Hanover St,Lynn,MA,01902,239000,4,2.0,Lynn,1000,2000,1900,1,239,,Active,,,http://www.redfin.com/MA/Lynn/70-Hanover-St-01902/home/11572902,MLS PIN,72651500,N,Y,42.4662419,-70.9549702
MLS Listing,,Single Family Residential,948 Humphrey St,Swampscott,MA,01907,639900,4,1.5,Beach Bluff,2383,5794,1895,1,269,,Active,,,http://www.redfin.com/MA/Swampscott/948-Humphrey-St-01907/home/11360915,MLS PIN,72651469,N,Y,42.4765548,-70.8922843
MLS Listing,,Multi-Family (2-4 Unit),28 Lynnfield,Lynn,MA,01904,550000,5,2.0,Wyoma,1979,3244,1920,1,278,,Active,,,http://www.redfin.com/MA/Lynn/28-Lynnfield-St-01904/home/11542189,MLS PIN,72651462,N,Y,42.4855773,-70.962087
MLS Listing,,Single Family Residential,15 Brewster Ter,Methuen,MA,01844,295000,3,1.0,Methuen,1100,6098,1950,1,268,,Active,,,http://www.redfin.com/MA/Methuen/15-Brewster-Ter-01844/home/8325899,MLS PIN,72648646,N,Y,42.7256023,-71.1732815
MLS Listing,,Single Family Residential,11 River St,Newbury,MA,01922,549900,4,1.5,Byfield,2713,38729,1976,1,203,,Active,May-6-2020 05:00 PM,May-6-2020 07:00 PM,http://www.redfin.com/MA/Newbury/11-River-St-01922/home/8320349,MLS PIN,72651459,N,Y,42.7539155,-70.9512202
MLS Listing,,Townhouse,48 Worcester St #1,Haverhill,MA,01832,269500,2,1.5,Haverhill,1129,9600,1989,1,239,,Active,,,http://www.redfin.com/MA/Haverhill/48-Worcester-St-01832/unit-1/home/171540325,MLS PIN,72651448,N,Y,42.7681701,-71.1090986
MLS Listing,,Condo/Co-op,16 Balmoral St #415,Andover,MA,01810,239900,1,1.0,Andover,566,,1925,1,424,287,Active,,,http://www.redfin.com/MA/Andover/16-Balmoral-St-01810/unit-415/home/8200897,MLS PIN,72651444,N,Y,42.6722726,-71.1484652
MLS Listing,,Single Family Residential,38 Birch Meadow Rd,Merrimac,MA,01860,364900,2,1.5,Merrimac,1801,41040,1951,1,203,,Active,,,http://www.redfin.com/MA/Merrimac/38-Birch-Meadow-Rd-01860/home/8289882,MLS PIN,72651442,N,Y,42.8307279,-71.0267939
MLS Listing,,Single Family Residential,8 Bayfield Rd,Saugus,MA,01906,569900,4,3.0,Saugus,2252,8921,1940,1,253,,Active,,,http://www.redfin.com/MA/Saugus/8-Bayfield-Rd-01906/home/8373459,MLS PIN,72651435,N,Y,42.4525135,-71.0199453
MLS Listing,,Single Family Residential,33 Glenwood Rd,Lynn,MA,01904,569900,3,2.5,Lynn,1952,11000,2003,1,292,,Active,,,http://www.redfin.com/MA/Lynn/33-Glenwood-Rd-01904/home/11536734,MLS PIN,72651405,N,Y,42.4967274,-70.9617155
MLS Listing,,Multi-Family (2-4 Unit),10-12 Edwards Ave,Methuen,MA,01844,539900,6,2.0,Methuen,2382,12998,1900,1,227,,Active,,,http://www.redfin.com/MA/Methuen/10-Edwards-Ave-01844/home/8319082,MLS PIN,72651398,N,Y,42.7046153,-71.1972821
MLS Listing,,Condo/Co-op,107 Foster St #105,Peabody,MA,01960,229900,1,1.0,Peabody,722,,2003,1,318,270,Active,,,http://www.redfin.com/MA/Peabody/107-Foster-St-01960/unit-105/home/11400839,MLS PIN,72651386,N,Y,42.5222458,-70.9317898
MLS Listing,,Multi-Family (2-4 Unit),11 Shore Ave,Salem,MA,01970,699900,4,2.0,Salem,1814,3868,1920,1,386,,Active,,,http://www.redfin.com/MA/Salem/11-Shore-Ave-01970/home/8393923,MLS PIN,72651380,N,Y,42.5078683,-70.8876397
MLS Listing,,Single Family Residential,81 Garfield St,Marblehead,MA,01945,1399900,4,3.5,Marblehead,4455,10601,2020,1,314,,Active,,,http://www.redfin.com/MA/Marblehead/81-Garfield-St-01945/home/11769956,MLS PIN,72651359,N,Y,42.507329,-70.8644
MLS Listing,,Single Family Residential,37 Hillcrest Ave,Beverly,MA,01915,524000,4,2.0,Ryal Side,1408,10000,1948,1,372,,Active,May-9-2020 12:00 PM,May-9-2020 01:30 PM,http://www.redfin.com/MA/Beverly/37-Hillcrest-Ave-01915/home/8200352,MLS PIN,72651345,N,Y,42.5486259,-70.8990654
MLS Listing,,Single Family Residential,304 Paradise Rd,Swampscott,MA,01907,495000,4,2.0,Swampscott,1428,10000,1949,1,347,,Active,,,http://www.redfin.com/MA/Swampscott/304-Paradise-Rd-01907/home/11355033,MLS PIN,72651305,N,Y,42.4769007,-70.9108159
MLS Listing,,Condo/Co-op,2 Brown Ave #63,Amesbury,MA,01913,169900,2,1.0,Amesbury,751,,1973,1,226,365,Active,,,http://www.redfin.com/MA/Amesbury/2-Brown-Ave-01913/unit-63/home/171536293,MLS PIN,72651276,N,Y,42.872987,-70.929733
MLS Listing,,Single Family Residential,12 Boie Ave,Amesbury,MA,01913,549000,3,2.5,Amesbury,2016,7922,2014,1,272,,Active,,,http://www.redfin.com/MA/Amesbury/12-Boie-Ave-01913/home/52533135,MLS PIN,72651271,N,Y,42.8565527,-70.9397206
MLS Listing,,Vacant Land,7 W Hadley Rd,Merrimac,MA,01860,199900,,,Merrimac,,113256,,1,,,Active,,,http://www.redfin.com/MA/Merrimac/7-W-Hadley-Rd-01860/home/58583607,MLS PIN,72651258,N,Y,42.842923,-71.044433
MLS Listing,,Vacant Land,11 W Hadley Rd,Merrimac,MA,01860,199900,,,Merrimac,,117176,,1,,,Active,,,http://www.redfin.com/MA/Merrimac/11-W-Hadley-Rd-01860/home/58583608,MLS PIN,72651252,N,Y,42.843784,-71.045872
MLS Listing,,Condo/Co-op,266 Essex St #6,Salem,MA,01970,324900,1,1.0,Salem,752,,1761,1,432,190,Active,,,http://www.redfin.com/MA/Salem/266-Essex-St-01970/unit-6/home/8412046,MLS PIN,72651255,N,Y,42.5216166,-70.8971171
MLS Listing,,Multi-Family (2-4 Unit),140-142 Farnham St,Lawrence,MA,01843,570000,9,3.0,Lawrence,3777,3346,1920,1,151,,Active,,,http://www.redfin.com/MA/Lawrence/140-Farnham-St-01843/home/11312946,MLS PIN,72651248,N,Y,42.6967025,-71.1546341
MLS Listing,,Condo/Co-op,180 Chickering Unit 111C,North Andover,MA,01845,315000,2,2.0,North Andover,1056,,2003,1,298,353,Active,,,http://www.redfin.com/MA/North-Andover/180-Chickering-Rd-01845/unit-111C/home/11346260,MLS PIN,72651224,N,Y,42.6838811,-71.1234592
MLS Listing,,Single Family Residential,67 Hoyt Rd,Haverhill,MA,01834,499900,3,2.0,Haverhill,2673,22629,1958,1,187,,Active,,,http://www.redfin.com/MA/Haverhill/67-Hoyt-Rd-01835/home/11336478,MLS PIN,72651216,N,Y,42.7507565,-71.0817649
MLS Listing,,Townhouse,186 Brickett Hill Cir #186,Haverhill,MA,01830,325000,3,2.5,Haverhill,1712,,1987,1,190,535,Active,,,http://www.redfin.com/MA/Haverhill/186-Brickett-Hill-Cir-01830/unit-186/home/171535124,MLS PIN,72651188,N,Y,42.8110664,-71.0926646
MLS Listing,,Condo/Co-op,693 Western Ave #405,Lynn,MA,01905,340000,2,2.0,Lynn,976,22326,2019,1,348,186,Active,,,http://www.redfin.com/MA/Lynn/693-Western-Ave-01905/unit-405/home/167906992,MLS PIN,72651174,N,Y,42.4640408,-70.9640838
MLS Listing,,Vacant Land,44 Seabrook Rd,Salisbury,MA,01952,275000,,,Salisbury,,261360,,1,,,Active,,,http://www.redfin.com/MA/Salisbury/44-Seabrook-Rd-01952/home/22118760,MLS PIN,72651058,N,Y,42.855847,-70.8532199
MLS Listing,,Townhouse,7 Park St #2,Danvers,MA,01923,325000,2,2.0,Danvers,1605,,1900,1,202,395,Active,,,http://www.redfin.com/MA/Danvers/7-Park-St-01923/unit-2/home/11300993,MLS PIN,72651027,N,Y,42.5632854,-70.9365593
MLS Listing,,Single Family Residential,2 Carrigan,Gloucester,MA,01930,759000,4,2.5,Gloucester,2315,10268,2002,1,328,,Active,,,http://www.redfin.com/MA/Gloucester/2-Carrigan-Ct-01930/home/11296678,MLS PIN,72650996,N,Y,42.6444803,-70.6696321
MLS Listing,,Condo/Co-op,20 Cable Ave #13,Salisbury,MA,01952,254900,2,1.0,Salisbury Beach,861,,2004,1,296,240,Active,May-9-2020 01:00 PM,May-9-2020 02:30 PM,http://www.redfin.com/MA/Salisbury/20-Cable-Ave-01952/unit-13/home/8379476,MLS PIN,72650990,N,Y,42.8410651,-70.8186306
MLS Listing,,Single Family Residential,8 Woodland Rd,Beverly,MA,01915,1299000,4,4.0,Montserrat,5486,52183,1990,1,237,,Active,,,http://www.redfin.com/MA/Beverly/8-Woodland-Rd-01915/home/11763265,MLS PIN,72650979,N,Y,42.5643154,-70.8711509
MLS Listing,,Single Family Residential,658 Western Ave,Gloucester,MA,01930,709000,3,3.5,Magnolia/Gloucester,3564,13400,1966,1,199,,Active,,,http://www.redfin.com/MA/Gloucester/658-Western-Ave-01930/home/11300339,MLS PIN,72650973,N,Y,42.5829055,-70.7180318
MLS Listing,,Multi-Family (2-4 Unit),130 Adams St,Lynn,MA,01902,585000,8,3.0,Lynn,2376,2912,1991,1,246,,Active,,,http://www.redfin.com/MA/Lynn/130-Adams-St-01902/home/11576955,MLS PIN,72650971,N,Y,42.4700287,-70.944858
MLS Listing,,Condo/Co-op,26 Senee #26,Amesbury,MA,01913,118000,1,1.0,Amesbury,703,,1970,1,168,401,Active,,,http://www.redfin.com/MA/Amesbury/Senee-Ct-01913/unit-26/home/137160625,MLS PIN,72650963,N,Y,42.8702,-70.9561906
MLS Listing,,Condo/Co-op,109 Water St #404,Beverly,MA,01915,599000,2,2.5,Beverly,1725,,1982,1,347,898,Active,,,http://www.redfin.com/MA/Beverly/109-Water-St-01915/unit-404/home/8192595,MLS PIN,72650958,N,Y,42.5402794,-70.8793948
MLS Listing,,Condo/Co-op,71 Greenwood Ave #104,Swampscott,MA,01907,724900,2,2.0,Olmsted Historic District,1505,,2019,2,482,490,Active,,,http://www.redfin.com/MA/Swampscott/71-Greenwood-Ave-01907/unit-104/home/171530593,MLS PIN,72650903,N,Y,42.4702225,-70.9101889
MLS Listing,,Condo/Co-op,71 Greenwood Ave #306,Swampscott,MA,01907,829900,3,2.0,Olmsted Historic District,1769,,2019,2,469,538,Active,,,http://www.redfin.com/MA/Swampscott/71-Greenwood-Ave-01907/unit-306/home/171530520,MLS PIN,72650898,N,Y,42.4702225,-70.9101889
MLS Listing,,Single Family Residential,70B Baldpate Rd,Boxford,MA,01921,675000,4,2.5,Boxford,3328,270072,1980,2,203,,Active,,,http://www.redfin.com/MA/Boxford/70B-Baldpate-Rd-01921/home/131621413,MLS PIN,72650853,N,Y,42.6989164,-71.0095063
MLS Listing,,Multi-Family (2-4 Unit),111 Eastern Ave,Lynn,MA,01902,769000,6,3.0,Lynn,2753,5375,1900,2,279,,Active,,,http://www.redfin.com/MA/Lynn/111-Eastern-Ave-01902/home/11558299,MLS PIN,72650835,N,Y,42.4709938,-70.924656
MLS Listing,,Condo/Co-op,20 Cable Ave #17,Salisbury,MA,01952,299900,2,1.0,Salisbury,909,,2004,2,330,220,Active,,,http://www.redfin.com/MA/Salisbury/20-Cable-Ave-01952/unit-17/home/11347489,MLS PIN,72650832,N,Y,42.8410651,-70.8186306
MLS Listing,,Single Family Residential,11 Waban St,Saugus,MA,01906,459000,3,2.0,Saugus,1100,7500,1900,2,417,,Active,,,http://www.redfin.com/MA/Saugus/11-Waban-St-01906/home/8381214,MLS PIN,72650826,N,Y,42.4587246,-71.0044874
MLS Listing,,Single Family Residential,15 Jennifer Ln,Peabody,MA,01960,849000,4,3.0,Peabody,3321,8394,1988,2,256,,Active,,,http://www.redfin.com/MA/Peabody/15-Jennifer-Ln-01960/home/11376389,MLS PIN,72650746,N,Y,42.5327934,-70.9406319
MLS Listing,,Single Family Residential,29 Baker Ave,Hamilton,MA,01982,610000,4,2.0,Hamilton,2352,4800,1957,3,259,,Active,,,http://www.redfin.com/MA/South-Hamilton/29-Baker-Ave-01982/home/8235091,MLS PIN,72650690,N,Y,42.621451,-70.8831808
MLS Listing,,Condo/Co-op,13 Myles Standish Dr #2,Haverhill,MA,01835,194900,2,1.0,Haverhill,886,,1981,3,220,355,Active,,,http://www.redfin.com/MA/Haverhill/13-Myles-Standish-Dr-01835/unit-2/home/11335533,MLS PIN,72650687,N,Y,42.7577396,-71.0941224
MLS Listing,,Single Family Residential,39 Daniel Lucy Way,Newburyport,MA,01950,889000,4,3.5,Newburyport,3164,11808,2001,3,281,,Active,,,http://www.redfin.com/MA/Newburyport/39-Daniel-Lucy-Way-01950/home/8352255,MLS PIN,72650677,N,Y,42.8211343,-70.9222177
MLS Listing,,Single Family Residential,7 Marvin,Methuen,MA,01844,369900,3,1.5,Methuen,1433,21344,1997,3,258,,Active,,,http://www.redfin.com/MA/Methuen/7-Marvin-St-01844/home/8346905,MLS PIN,72650668,N,Y,42.7554423,-71.1333166
MLS Listing,,Single Family Residential,66 Osgood St,Andover,MA,01810,799900,4,2.5,Andover,2400,28000,1979,3,333,,Active,,,http://www.redfin.com/MA/Andover/66-Osgood-St-01810/home/8232673,MLS PIN,72650654,N,Y,42.6322181,-71.1862773
MLS Listing,,Single Family Residential,16 Knobb Hl,Newbury,MA,01922,985000,5,4.0,Newbury,5003,179032,1988,3,197,,Active,,,http://www.redfin.com/MA/Newbury/16-Knobb-Hl-01922/home/8320484,MLS PIN,72650651,N,Y,42.7529808,-70.955632
MLS Listing,,Single Family Residential,48 Jasper St,Haverhill,MA,01830,219900,4,1.0,Haverhill,1655,14641,1914,3,133,,Active,,,http://www.redfin.com/MA/Haverhill/48-Jasper-St-01830/home/11326729,MLS PIN,72650647,N,Y,42.8001145,-71.089187
MLS Listing,,Single Family Residential,16 Arlington St,Amesbury,MA,01913,459900,4,2.5,Amesbury,1852,6534,1860,3,248,,Active,,,http://www.redfin.com/MA/Amesbury/16-Arlington-St-01913/home/8198545,MLS PIN,72650629,N,Y,42.863242,-70.930864
MLS Listing,,Condo/Co-op,90 Farrwood Ave #6,North Andover,MA,01845,249900,3,2.0,North Andover,1300,,1967,3,192,559,Active,,,http://www.redfin.com/MA/North-Andover/90-Farrwood-Ave-01845/unit-6/home/11555523,MLS PIN,72650596,N,Y,42.6844862,-71.1261128
MLS Listing,,Single Family Residential,1 Colburn Rd,Manchester,MA,01944,2149000,4,5.0,Manchester,6028,135082,2000,3,357,,Active,,,http://www.redfin.com/MA/Manchester-by-the-Sea/1-Colburn-Rd-01944/home/8280704,MLS PIN,72650584,N,Y,42.5871061,-70.7460718
MLS Listing,,Condo/Co-op,242 Merrimac St #3,Newburyport,MA,01950,399900,2,1.0,Newburyport,1143,,1880,3,350,220,Active,,,http://www.redfin.com/MA/Newburyport/242-Merrimac-St-01950/unit-3/home/11773592,MLS PIN,72650575,N,Y,42.8167081,-70.8807058
MLS Listing,,Condo/Co-op,101 Sunset Ave Unit A,Lawrence,MA,01841,149900,2,1.5,Lawrence,1503,,1987,3,100,,Active,,,http://www.redfin.com/MA/Lawrence/101-Sunset-Ave-01841/unit-A/home/11325128,MLS PIN,72648893,N,Y,42.7203824,-71.1693939
MLS Listing,,Townhouse,60 Merrimac St #615,Amesbury,MA,01913,669000,2,2.5,Amesbury,2095,,1900,3,319,764,Active,,,http://www.redfin.com/MA/Amesbury/60-Merrimac-St-01913/unit-615/home/8218023,MLS PIN,72649978,N,Y,42.8364901,-70.9290815
MLS Listing,,Townhouse,39 Hope Dr #39,Amesbury,MA,01913,239900,2,1.5,Amesbury,1196,,1974,3,201,385,Active,,,http://www.redfin.com/MA/Amesbury/39-Hope-Dr-01913/unit-39/home/171515968,MLS PIN,72650539,N,Y,42.8686203,-70.9539228
MLS Listing,,Single Family Residential,18 Delaware Ave,Danvers,MA,01923,550000,3,2.0,Danvers,2581,18000,1966,3,213,,Active,May-9-2020 11:00 AM,May-9-2020 01:00 PM,http://www.redfin.com/MA/Danvers/18-Delaware-Ave-01923/home/11285916,MLS PIN,72650525,N,Y,42.5905838,-70.9500128
MLS Listing,,Single Family Residential,22 Hunter Ave,Methuen,MA,01844,595000,4,2.5,Methuen,2164,15316,2018,4,275,,Active,,,http://www.redfin.com/MA/Methuen/22-Hunter-Ave-01844/home/67991297,MLS PIN,72650456,N,Y,42.7391379,-71.128283
MLS Listing,,Single Family Residential,21 Norris St,Lawrence,MA,01841,299900,3,2.0,North Lawrence,1236,9079,1963,4,243,,Active,,,http://www.redfin.com/MA/Lawrence/21-Norris-St-01841/home/11308391,MLS PIN,72650446,N,Y,42.7204603,-71.140233
MLS Listing,,Condo/Co-op,459 River Rd (Unit #4105,Andover,MA,01810,329995,1,1.0,Andover,945,,2019,4,349,284,Active,,,http://www.redfin.com/MA/Andover/459-River-Rd-01810/unit-4105/home/171501014,MLS PIN,72650417,N,Y,42.658112,-71.247225
MLS Listing,,Single Family Residential,49 Great Woods Rd,Saugus,MA,01906,584995,3,2.5,Saugus,2440,19406,1985,4,240,,Active,,,http://www.redfin.com/MA/Saugus/49-Great-Woods-Rd-01906/home/8402185,MLS PIN,72650365,N,Y,42.4874945,-71.011216
MLS Listing,,Single Family Residential,3 Abbott St,Salem,MA,01970,515000,3,2.0,Salem,2250,4356,1963,4,229,,Active,May-9-2020 01:00 PM,May-9-2020 03:00 PM,http://www.redfin.com/MA/Salem/3-Abbott-St-01970/home/8367918,MLS PIN,72650314,N,Y,42.521231,-70.919137
MLS Listing,,Single Family Residential,89 Flint St,Salem,MA,01970,399000,3,2.5,Salem,1709,2152,1850,4,233,,Active,,,http://www.redfin.com/MA/Salem/89-Flint-St-01970/home/11348155,MLS PIN,72650272,N,Y,42.5222981,-70.9073442
MLS Listing,,Single Family Residential,5 Main Dr,Wenham,MA,01984,2195000,5,4.5,Wenham,5998,177214,1900,4,366,,Active,,,http://www.redfin.com/MA/Wenham/5-Main-Dr-01984/home/8395105,MLS PIN,72650249,N,Y,42.5937096,-70.9086562
MLS Listing,,Single Family Residential,45 Donegal Rd,Peabody,MA,01960,419900,4,2.0,Peabody,2020,17141,1920,4,208,,Active,,,http://www.redfin.com/MA/Peabody/45-Donegal-Rd-01960/home/11354326,MLS PIN,72650218,N,Y,42.5494513,-71.0109722
MLS Listing,,Townhouse,33 Constitution Way #33,Methuen,MA,01844,235000,2,1.5,Methuen,990,,1970,4,237,248,Active,,,http://www.redfin.com/MA/Methuen/33-Constitution-Way-01844/unit-33/home/171496347,MLS PIN,72650206,N,Y,42.7438476,-71.1356132
MLS Listing,,Single Family Residential,19 Brookhouse Dr,Marblehead,MA,01945,985000,5,4.0,Marblehead,3470,14331,1908,4,284,,Active,,,http://www.redfin.com/MA/Marblehead/19-Brookhouse-Dr-01945/home/11766519,MLS PIN,72650200,N,Y,42.4858363,-70.8883829
MLS Listing,,Single Family Residential,10 Abbott St,Lawrence,MA,01843,330000,4,2.5,Lawrence,1571,5750,1900,4,210,,Active,,,http://www.redfin.com/MA/Lawrence/10-Abbott-St-01843/home/11315355,MLS PIN,72650167,N,Y,42.6963101,-71.1600067
MLS Listing,,Townhouse,10 English Cmns #10,Topsfield,MA,01983,949900,2,3.0,Topsfield,3900,2983860,2011,4,244,835,Active,,,http://www.redfin.com/MA/Topsfield/10-English-Cmns-01983/unit-10/home/171494687,MLS PIN,72650126,N,Y,42.6051496,-70.9596489
MLS Listing,,Single Family Residential,5 Barton St,Newburyport,MA,01950,889000,3,2.5,Newburyport,2044,4980,1894,4,435,,Active,,,http://www.redfin.com/MA/Newburyport/5-Barton-St-01950/home/8325632,MLS PIN,72650125,N,Y,42.8031689,-70.8609438
MLS Listing,,Multi-Family (2-4 Unit),19 Burroughs St,Danvers,MA,01923,429000,4,2.0,Danvers,1440,4186,1960,4,298,,Active,,,http://www.redfin.com/MA/Danvers/19-Burroughs-St-01923/home/11295426,MLS PIN,72650114,N,Y,42.5598332,-70.9441614
MLS Listing,,Single Family Residential,5 Lakeshore Ave,Beverly,MA,01915,1049000,4,2.5,Beverly cove,3409,24470,2016,4,308,,Active,,,http://www.redfin.com/MA/Beverly/5-Lakeshore-Ave-01915/home/45398528,MLS PIN,72650083,N,Y,42.5590311,-70.8608858
MLS Listing,,Single Family Residential,34 Maple St,Hamilton,MA,01982,629000,3,1.5,South Hamilton,2353,9800,1900,4,267,,Active,,,http://www.redfin.com/MA/South-Hamilton/34-Maple-St-01982/home/8238487,MLS PIN,72650067,N,Y,42.6161666,-70.8731018
MLS Listing,,Single Family Residential,18 Long Hill Rd,Georgetown,MA,01833,779000,4,3.5,Long Hill,3442,40000,1995,4,226,,Active,,,http://www.redfin.com/MA/Georgetown/18-Long-Hill-Rd-01833/home/8214587,MLS PIN,72650055,N,Y,42.717224,-70.950608
MLS Listing,,Single Family Residential,112 Birch St,Peabody,MA,01960,599900,4,2.0,West Peabody,1644,13726,1900,4,365,,Active,,,http://www.redfin.com/MA/Peabody/112-Birch-St-01960/home/11346349,MLS PIN,72650050,N,Y,42.5677804,-71.0276993
MLS Listing,,Townhouse,1200 Salem St #187,Lynnfield,MA,01940,494900,2,2.5,South Lynnfield,1740,,1994,4,284,479,Active,,,http://www.redfin.com/MA/Lynnfield/1200-Salem-St-01940/unit-187/home/11386888,MLS PIN,72650010,N,Y,42.520314,-70.990709
MLS Listing,,Single Family Residential,15 Chestnut St,Groveland,MA,01834,349900,3,1.5,Groveland,2741,23625,1880,4,128,,Active,,,http://www.redfin.com/MA/Groveland/15-Chestnut-St-01834/home/11763739,MLS PIN,72650012,N,Y,42.7622436,-71.0305432
MLS Listing,,Condo/Co-op,60 Merrimac St #409,Amesbury,MA,01913,799900,2,2.0,Amesbury,1658,,2020,4,482,605,Active,,,http://www.redfin.com/MA/Amesbury/60-Merrimac-St-01913/unit-409/home/170496437,MLS PIN,72650001,N,Y,42.8365806,-70.9294617
MLS Listing,,Multi-Family (2-4 Unit),20-18 Florence St,Lawrence,MA,01841,429000,7,3.0,Lawrence,2730,1649,1910,4,157,,Active,,,http://www.redfin.com/MA/Lawrence/18-Florence-St-01841/home/28544788,MLS PIN,72649996,N,Y,42.709987,-71.1738262
MLS Listing,,Single Family Residential,74 Wild Rose Dr,Andover,MA,01810,675000,4,2.5,Wild Rose,2800,30056,1969,4,241,,Active,,,http://www.redfin.com/MA/Andover/74-Wild-Rose-Dr-01810/home/8227529,MLS PIN,72649984,N,Y,42.6468252,-71.1768089
MLS Listing,,Single Family Residential,51 North St,Andover,MA,01810,525000,4,2.0,West Andover,2196,36420,1930,4,239,,Active,,,http://www.redfin.com/MA/Andover/51-North-St-01810/home/8225162,MLS PIN,72649973,N,Y,42.6795171,-71.1895262
MLS Listing,,Single Family Residential,40 Boulder Rd,Saugus,MA,01906,468000,4,2.0,Saugus,1956,13673,1950,4,239,,Active,,,http://www.redfin.com/MA/Saugus/40-Boulder-Rd-01906/home/8398149,MLS PIN,72649958,N,Y,42.4788482,-71.0474321
MLS Listing,,Condo/Co-op,6 Congress St #2,Amesbury,MA,01913,209900,2,1.0,Amesbury,776,,1920,4,270,115,Active,,,http://www.redfin.com/MA/Amesbury/6-Congress-St-01913/unit-2/home/171491261,MLS PIN,72649950,N,Y,42.858609,-70.9229608
MLS Listing,,Townhouse,23 Walnut St #2,Newburyport,MA,01950,249900,2,1.0,Newburyport,1535,,1850,4,163,,Active,,,http://www.redfin.com/MA/Newburyport/23-Walnut-St-01950/unit-2/home/138011002,MLS PIN,72649935,N,Y,42.8187976,-70.8848484
MLS Listing,,Single Family Residential,16 Victory Rd,Salem,MA,01970,479700,4,2.0,Salem,1632,7000,1955,4,294,,Active,,,http://www.redfin.com/MA/Salem/16-Victory-Rd-01970/home/8404911,MLS PIN,72649925,N,Y,42.5284774,-70.8780136
MLS Listing,,Condo/Co-op,3 Colonial Dr Unit 3D,Andover,MA,01810,144900,1,1.0,Andover,480,,1969,4,302,282,Active,,,http://www.redfin.com/MA/Andover/3-Colonial-Dr-01810/unit-3D/home/8216606,MLS PIN,72649920,N,Y,42.6013828,-71.1215046
MLS Listing,,Condo/Co-op,62 Market St #3,Amesbury,MA,01913,279000,3,1.0,Amesbury,1388,,1880,4,201,300,Active,,,http://www.redfin.com/MA/Amesbury/62-Market-St-01913/unit-3/home/171137265,MLS PIN,72649891,N,Y,42.860067,-70.9296698
MLS Listing,,Single Family Residential,16 Berry Patch Ln,Boxford,MA,01921,1100000,4,3.5,Boxford,4029,164221,1990,4,273,,Active,,,http://www.redfin.com/MA/Boxford/16-Berry-Patch-Ln-01921/home/8199000,MLS PIN,72646898,N,Y,42.6707038,-71.0237295
MLS Listing,,Single Family Residential,33 Town Farm Rd,Ipswich,MA,01938,445000,3,1.0,Ipswich,1803,17885,1955,4,247,,Active,,,http://www.redfin.com/MA/Ipswich/33-Town-Farm-Rd-01938/home/11307551,MLS PIN,72646992,N,Y,42.690524,-70.8447676
MLS Listing,,Single Family Residential,6 Connor Rd,Beverly,MA,01915,609900,3,2.0,Centerville (Beverly),2073,20719,1954,4,294,,Active,,,http://www.redfin.com/MA/Beverly/6-Connor-Rd-01915/home/8234314,MLS PIN,72645361,N,Y,42.5747718,-70.8457431
MLS Listing,,Single Family Residential,14 Bramble Hill Rd,Methuen,MA,01844,599900,4,2.5,Methuen,2448,69696,1999,5,245,,Active,,,http://www.redfin.com/MA/Methuen/14-Bramble-Hill-Rd-01844/home/8358562,MLS PIN,72649806,N,Y,42.7538601,-71.1625596
MLS Listing,,Single Family Residential,33 Mudge Ave,Hamilton,MA,01982,95000,2,1.0,South Hamilton,1105,,1930,5,86,269,Active,,,http://www.redfin.com/MA/South-Hamilton/33-Mudge-Ave-01982/home/8233149,MLS PIN,72649805,N,Y,42.6252409,-70.8896135
MLS Listing,,Single Family Residential,6 Glen Rd,Saugus,MA,01906,340000,3,1.0,Saugus,1578,2749,1920,5,215,,Active,,,http://www.redfin.com/MA/Saugus/6-Glen-Rd-01906/home/8394295,MLS PIN,72649781,N,Y,42.4747115,-71.0496607
MLS Listing,,Single Family Residential,272 Forest St,Methuen,MA,01844,410000,3,1.5,Methuen,1547,9026,1961,5,265,,Active,,,http://www.redfin.com/MA/Methuen/272-Forest-St-01844/home/8304456,MLS PIN,72649759,N,Y,42.712649,-71.2190898
MLS Listing,,Single Family Residential,19 Lowell St,Lynn,MA,01905,359900,4,2.0,Lynn,1392,8897,1871,5,259,,Active,,,http://www.redfin.com/MA/Lynn/19-Lowell-St-01905/home/11581068,MLS PIN,72649753,N,Y,42.4592051,-70.9635265
MLS Listing,,Single Family Residential,1 Mansion Dr,Topsfield,MA,01983,629000,4,3.0,Topsfield,2300,40220,1956,5,273,,Active,,,http://www.redfin.com/MA/Topsfield/1-Mansion-Dr-01983/home/8383002,MLS PIN,72649735,N,Y,42.6511691,-70.9453224
MLS Listing,,Single Family Residential,9 Ramsay Rd,Marblehead,MA,01945,499000,2,1.0,Marblehead,1157,5000,1950,5,431,,Active,,,http://www.redfin.com/MA/Marblehead/9-Ramsay-Rd-01945/home/11770965,MLS PIN,72649732,N,Y,42.5095617,-70.8612574
MLS Listing,,Single Family Residential,125 Wilson Rd,Nahant,MA,01908,799000,5,3.0,Nahant,2743,5908,1920,5,291,,Active,,,http://www.redfin.com/MA/Nahant/125-Wilson-Rd-01908/home/8316841,MLS PIN,72649717,N,Y,42.4368578,-70.9339444
MLS Listing,,Single Family Residential,53 Spofford St #53,Newburyport,MA,01950,1495000,5,3.5,Newburyport,3458,13659,1927,5,432,,Active,,,http://www.redfin.com/MA/Newburyport/53-Spofford-St-01950/unit-53/home/8340606,MLS PIN,72649716,N,Y,42.8276041,-70.9075778
MLS Listing,,Condo/Co-op,58 Edgelawn #11,North Andover,MA,01845,199900,2,1.0,North Andover,850,,1967,5,235,447,Active,,,http://www.redfin.com/MA/North-Andover/58-Edgelawn-Ave-01845/unit-11/home/11554245,MLS PIN,72649691,N,Y,42.6855415,-71.126113
MLS Listing,,Single Family Residential,23 Arlington,Amesbury,MA,01913,425000,3,2.5,Amesbury,1528,12800,1890,5,278,,Active,,,http://www.redfin.com/MA/Amesbury/23-Arlington-St-01913/home/8198593,MLS PIN,72649661,N,Y,42.8633046,-70.9317616
MLS Listing,,Condo/Co-op,88 Ocean Ave #3,Salem,MA,01970,419900,3,1.5,Salem,1342,,1910,5,313,167,Active,,,http://www.redfin.com/MA/Salem/88-Ocean-Ave-01970/unit-3/home/171477135,MLS PIN,72649638,N,Y,42.5080781,-70.8950711
MLS Listing,,Condo/Co-op,88 Ocean Ave #1,Salem,MA,01970,429900,3,2.0,Salem,1342,,1910,5,320,167,Active,,,http://www.redfin.com/MA/Salem/88-Ocean-Ave-01970/unit-1/home/171477074,MLS PIN,72649626,N,Y,42.5080781,-70.8950711
MLS Listing,,Condo/Co-op,88 Ocean Ave #2,Salem,MA,01970,409950,3,1.5,Salem,1342,,1910,5,305,167,Active,,,http://www.redfin.com/MA/Salem/88-Ocean-Ave-01970/unit-2/home/171476875,MLS PIN,72649610,N,Y,42.5080781,-70.8950711
MLS Listing,,Single Family Residential,16 Bay View Ave,Nahant,MA,01908,949900,3,3.0,Nahant,2348,5182,2008,5,405,,Active,,,http://www.redfin.com/MA/Nahant/16-Bay-View-Ave-01908/home/8315410,MLS PIN,72649585,N,Y,42.4207681,-70.9343159
MLS Listing,,Multi-Family (2-4 Unit),20 N Franklin St,Lynn,MA,01904,569000,6,3.0,Lynn,1964,4356,1880,5,290,,Active,,,http://www.redfin.com/MA/Lynn/20-N-Franklin-St-01904/home/11321648,MLS PIN,72649504,N,Y,42.4703509,-70.9611582
MLS Listing,,Single Family Residential,8 BERKSHIRE Rd,Peabody,MA,01960,480000,4,1.5,West Peabody,1748,15298,1960,5,275,,Active,,,http://www.redfin.com/MA/Peabody/8-Berkshire-Rd-01960/home/11350906,MLS PIN,72649500,N,Y,42.5572596,-71.0191559
MLS Listing,,Single Family Residential,13 Hill St,Amesbury,MA,01913,549900,5,2.5,Amesbury,2800,54177,1890,5,196,,Active,,,http://www.redfin.com/MA/Amesbury/13-Hill-St-01913/home/11530434,MLS PIN,72649496,N,Y,42.8664623,-70.9275068
MLS Listing,,Condo/Co-op,6 Essex Unit C,Salem,MA,01970,375000,2,2.0,Salem,881,,1900,5,426,200,Active,,,http://www.redfin.com/MA/Salem/6-Essex-St-01970/unit-C/home/67980111,MLS PIN,72649474,N,Y,42.5253362,-70.8847136
MLS Listing,,Townhouse,527 Salem St #14,Lynnfield,MA,01940,899900,2,2.5,Lynnfield,1846,,2012,5,487,530,Active,,,http://www.redfin.com/MA/Lynnfield/527-Salem-St-01940/unit-14/home/40116987,MLS PIN,72649464,N,Y,42.5115666,-71.0151021
MLS Listing,,Single Family Residential,23 Sunset Rock Rd,Andover,MA,01810,1699900,5,4.0,Phillips Academy/Pike School area,5448,31145,2018,5,312,,Active,,,http://www.redfin.com/MA/Andover/23-Sunset-Rock-Rd-01810/home/8214637,MLS PIN,72649461,N,Y,42.6331153,-71.1349874
MLS Listing,,Single Family Residential,548 Washington St,Gloucester,MA,01930,989000,4,3.0,Gloucester,2700,20600,1992,5,366,,Active,,,http://www.redfin.com/MA/Gloucester/548-Washington-St-01930/home/11295730,MLS PIN,72649456,N,Y,42.6417986,-70.6716586
MLS Listing,,Single Family Residential,150 Hoyt Rd,Haverhill,MA,01835,739900,4,2.5,Bradford,4300,87556,2004,5,172,,Active,,,http://www.redfin.com/MA/Haverhill/150-Hoyt-Rd-01835/home/11344525,MLS PIN,72649453,N,Y,42.7459455,-71.0800239
MLS Listing,,Single Family Residential,2 Bishop Ln,Middleton,MA,01949,875000,4,2.5,Eddington Place,3433,71438,1998,5,255,,Active,,,http://www.redfin.com/MA/Middleton/2-Bishop-Ln-01949/home/11339079,MLS PIN,72649448,N,Y,42.6199462,-71.0401891
MLS Listing,,Single Family Residential,12 Bowdoin Rd,Andover,MA,01810,609900,3,2.0,Shawsheen Heights,2517,15000,1958,5,242,,Active,,,http://www.redfin.com/MA/Andover/12-Bowdoin-Rd-01810/home/8210841,MLS PIN,72649445,N,Y,42.6753681,-71.1629309
MLS Listing,,Single Family Residential,5 Sycamore St,Danvers,MA,01923,479900,3,1.5,Woodvale,1464,10080,1958,5,328,,Active,,,http://www.redfin.com/MA/Danvers/5-Sycamore-St-01923/home/11291128,MLS PIN,72649439,N,Y,42.5706179,-70.927814
MLS Listing,,Single Family Residential,2 Timber Ln,Amesbury,MA,01913,530000,3,2.5,Spring Hill,2016,10950,2010,5,263,27,Active,,,http://www.redfin.com/MA/Amesbury/2-Timber-Ln-01913/home/21630061,MLS PIN,72649419,N,Y,42.8677892,-70.912813
MLS Listing,,Single Family Residential,2 Flint St,Marblehead,MA,01945,1635000,3,2.5,Marblehead Neck,3193,10193,1940,5,512,,Active,,,http://www.redfin.com/MA/Marblehead/2-Flint-St-01945/home/11532632,MLS PIN,72649416,N,Y,42.4926659,-70.8450463
MLS Listing,,Single Family Residential,51 Partridge Rd,Methuen,MA,01844,399900,3,1.5,Methuen,1798,10890,1978,5,222,,Active,,,http://www.redfin.com/MA/Methuen/51-Partridge-Rd-01844/home/8332642,MLS PIN,72649405,N,Y,42.7356571,-71.1617241
MLS Listing,,Condo/Co-op,354 N Main St #214,Andover,MA,01810,199500,1,1.0,Andover,570,,1930,5,350,229,Active,,,http://www.redfin.com/MA/Andover/354-N-Main-St-01810/unit-214/home/8206758,MLS PIN,72649359,N,Y,42.6733152,-71.151426
MLS Listing,,Condo/Co-op,3 Orange St #3,Newburyport,MA,01950,375000,1,1.0,Newburyport,784,,1840,5,478,254,Active,,,http://www.redfin.com/MA/Newburyport/3-Orange-St-01950/unit-3/home/77514812,MLS PIN,72649357,N,Y,42.8085115,-70.8681782
MLS Listing,,Single Family Residential,23 Rowell Ave,Beverly,MA,01915,379000,2,1.0,Ryal Side,1136,4070,1971,5,334,,Active,,,http://www.redfin.com/MA/Beverly/23-Rowell-Ave-01915/home/8209264,MLS PIN,72649341,N,Y,42.5530089,-70.8951756
MLS Listing,,Single Family Residential,581 Salem St,Haverhill,MA,01835,425000,3,1.5,Bradford,2088,20443,1995,5,204,,Active,,,http://www.redfin.com/MA/Haverhill/581-Salem-St-01835/home/11339246,MLS PIN,72649318,N,Y,42.7507025,-71.0554146
MLS Listing,,Single Family Residential,7 Glenwood St,Amesbury,MA,01913,535000,4,3.5,Amesbury,2540,20012,1979,6,211,,Active,,,http://www.redfin.com/MA/Amesbury/7-Glenwood-St-01913/home/8196354,MLS PIN,72649280,N,Y,42.8695821,-70.9308792
MLS Listing,,Multi-Family (2-4 Unit),23 Jefferson St,Lynn,MA,01902,699000,8,4.0,Lynn,3901,3233,1890,6,179,,Active,,,http://www.redfin.com/MA/Lynn/23-Jefferson-St-01902/home/11576438,MLS PIN,72649226,N,Y,42.47329,-70.9433719
MLS Listing,,Townhouse,277 S Main Unit E,Haverhill,MA,01835,249900,2,1.5,Haverhill,961,,1977,6,260,170,Active,,,http://www.redfin.com/MA/Haverhill/277-S-Main-St-01835/unit-E/home/77499859,MLS PIN,72649212,N,Y,42.7671056,-71.077136
MLS Listing,,Single Family Residential,68 Madison St,Amesbury,MA,01913,429900,3,2.0,Amesbury,1917,19910,1964,6,224,,Active,,,http://www.redfin.com/MA/Amesbury/68-Madison-St-01913/home/8205811,MLS PIN,72649215,N,Y,42.8567845,-70.9161105
MLS Listing,,Townhouse,98 Freedom Holw #98,Salem,MA,01970,475000,3,3.0,Salem,2184,,1980,6,217,513,Active,,,http://www.redfin.com/MA/Salem/98-Freedom-Holw-01970/unit-98/home/77501675,MLS PIN,72649205,N,Y,42.4872526,-70.9051809
MLS Listing,,Single Family Residential,37 Weisner Pkwy,Methuen,MA,01844,415000,4,2.5,Methuen,2826,4408,1968,6,147,,Active,,,http://www.redfin.com/MA/Methuen/37-Weisner-Pkwy-01844/home/8345502,MLS PIN,72649169,N,Y,42.7243766,-71.1474278
MLS Listing,,Condo/Co-op,97 Hunters Run Pl #97,Haverhill,MA,01832,199000,2,1.0,Haverhill,950,,1986,6,209,250,Active,,,http://www.redfin.com/MA/Haverhill/97-Hunters-Run-Pl-01832/unit-97/home/136786549,MLS PIN,72649148,N,Y,42.7764179,-71.1144223
MLS Listing,,Single Family Residential,18 River Meadow Dr,West Newbury,MA,01985,999900,4,2.5,West Newbury,4634,35719,1990,6,216,,Active,,,http://www.redfin.com/MA/West-Newbury/18-River-Meadow-Dr-01985/home/8399064,MLS PIN,72649125,N,Y,42.7954483,-71.0035706
MLS Listing,,Condo/Co-op,20 Austin Ct Unit F,Saugus,MA,01906,244900,2,1.0,Saugus,650,,1964,6,377,252,Active,,,http://www.redfin.com/MA/Saugus/20-Austin-Ct-01906/unit-F/home/8375257,MLS PIN,72649124,N,Y,42.4563329,-71.0160965
MLS Listing,,Single Family Residential,17 River Meadow Dr,West Newbury,MA,01985,969900,4,3.5,West Newbury,3622,54886,1990,6,268,,Active,,,http://www.redfin.com/MA/West-Newbury/17-River-Meadow-Dr-01985/home/8399099,MLS PIN,72649122,N,Y,42.7950683,-71.0029276
MLS Listing,,Single Family Residential,33 Intervale St,Lynn,MA,01904,499900,3,1.5,Lynn,1471,6706,1920,6,340,,Active,,,http://www.redfin.com/MA/Lynn/33-Intervale-St-01904/home/11538883,MLS PIN,72647666,N,Y,42.4875624,-70.9480159
MLS Listing,,Single Family Residential,6 Munsey Ln,Gloucester,MA,01930,525000,3,2.0,Lanesville,1368,4277,1920,6,384,,Active,,,http://www.redfin.com/MA/Gloucester/6-Munsey-Ln-01930/home/11298041,MLS PIN,72649092,N,Y,42.6787276,-70.6557048
MLS Listing,,Single Family Residential,6 Kimball Cir,Methuen,MA,01844,469900,4,1.5,Methuen,2020,60113,1979,6,233,,Active,,,http://www.redfin.com/MA/Methuen/6-Kimball-Cir-01844/home/8312245,MLS PIN,72649071,N,Y,42.7377491,-71.1868342
MLS Listing,,Single Family Residential,45 CORBETT St,Andover,MA,01810,499900,3,2.0,Andover,1300,8385,1950,6,385,,Active,,,http://www.redfin.com/MA/Andover/45-Corbett-St-01810/home/8206163,MLS PIN,72649047,N,Y,42.676632,-71.1597282
MLS Listing,,Single Family Residential,75 Forest St,Middleton,MA,01949,829900,4,2.5,Middleton,2612,20000,2020,6,318,,Active,,,http://www.redfin.com/MA/Middleton/75-Forest-St-01949/home/160360421,MLS PIN,72649041,N,Y,42.6019137,-71.0312439
MLS Listing,,Vacant Land,41 Elm St,Salisbury,MA,01952,459000,,,Salisbury,,156380,,6,,,Active,,,http://www.redfin.com/MA/Salisbury/41-Elm-St-01952/home/108481629,MLS PIN,72648986,N,Y,42.838766,-70.866805
MLS Listing,,Single Family Residential,54 Greenwood Ave,Lynn,MA,01905,399900,3,2.0,Lynn,1729,7480,1950,6,231,,Active,,,http://www.redfin.com/MA/Lynn/54-Greenwood-Ave-01905/home/11546211,MLS PIN,72648958,N,Y,42.4709945,-70.9730927
MLS Listing,,Single Family Residential,10 Hathorne,Salem,MA,01970,550000,4,1.5,Salem,2060,3825,1888,6,267,,Active,,,http://www.redfin.com/MA/Salem/10-Hathorne-St-01970/home/8379277,MLS PIN,72648942,N,Y,42.5170618,-70.9014805
MLS Listing,,Single Family Residential,145 Carlton Ln,North Andover,MA,01845,750000,4,2.5,North Andover,3020,189050,1987,6,248,,Active,,,http://www.redfin.com/MA/North-Andover/145-Carlton-Ln-01845/home/11345605,MLS PIN,72648926,N,Y,42.6582641,-71.0818345
MLS Listing,,Single Family Residential,13 Pollock Dr,Middleton,MA,01949,1649000,6,5.0,Middleton,6068,40994,2006,6,272,,Active,,,http://www.redfin.com/MA/Middleton/13-Pollock-Dr-01949/home/12424040,MLS PIN,72648915,N,Y,42.5969651,-71.004042
MLS Listing,,Single Family Residential,5 Partridge Pl,Georgetown,MA,01833,599900,4,2.5,Georgetown,2590,20400,1993,6,232,,Active,,,http://www.redfin.com/MA/Georgetown/5-Partridge-Pl-01833/home/8222121,MLS PIN,72648896,N,Y,42.7226306,-70.9847947
MLS Listing,,Townhouse,129 Merrimac St #9,Newburyport,MA,01950,470000,2,1.5,Newburyport,1342,,2005,6,350,299,Active,,,http://www.redfin.com/MA/Newburyport/129-Merrimac-St-01950/unit-9/home/12410087,MLS PIN,72648890,N,Y,42.8130875,-70.8768362
MLS Listing,,Townhouse,26 Main St #8,North Andover,MA,01845,425000,3,2.5,Downtown,1888,,2013,6,225,335,Active,,,http://www.redfin.com/MA/North-Andover/26-Main-St-01845/unit-8/home/67977371,MLS PIN,72648832,N,Y,42.7056963,-71.1329648
MLS Listing,,Single Family Residential,6 Stewart Ln,Beverly,MA,01915,499900,3,2.0,Beverly,1698,10000,1976,6,294,,Active,,,http://www.redfin.com/MA/Beverly/6-Stewart-Ln-01915/home/8241266,MLS PIN,72648817,N,Y,42.5892439,-70.8805334
MLS Listing,,Single Family Residential,1 Belle St,Ipswich,MA,01938,659000,4,2.0,Linebrook,3639,28541,1952,6,181,,Active,,,http://www.redfin.com/MA/Ipswich/1-Belle-St-01938/home/8250384,MLS PIN,72648812,N,Y,42.6865346,-70.9068913
MLS Listing,,Townhouse,34 Fairview Ave Unit A,Swampscott,MA,01907,399000,3,1.5,Swampscott,1690,10890,1985,7,236,,Active,,,http://www.redfin.com/MA/Swampscott/34-Fairview-Ave-01907/unit-A/home/11353920,MLS PIN,72648745,N,Y,42.481341,-70.9101657
MLS Listing,,Single Family Residential,1 Bennett St N,Gloucester,MA,01930,1695000,5,4.5,Annisquam,4708,65340,1865,7,360,,Active,,,http://www.redfin.com/MA/Gloucester/1-Bennett-St-N-01930/home/11296726,MLS PIN,72648722,N,Y,42.6600439,-70.6713909
MLS Listing,,Condo/Co-op,15 Maple St #15,Saugus,MA,01906,324900,3,1.0,Saugus,1400,,1905,7,232,,Active,,,http://www.redfin.com/MA/Saugus/15-Maple-St-01906/unit-15/home/171440055,MLS PIN,72648717,N,Y,42.4506089,-71.0142341
MLS Listing,,Condo/Co-op,13 Maple St #13,Saugus,MA,01906,324900,3,1.0,Saugus,1400,,1905,7,232,,Active,,,http://www.redfin.com/MA/Saugus/13-Maple-St-01906/unit-13/home/171440040,MLS PIN,72648715,N,Y,42.4506542,-71.0142323
MLS Listing,,Condo/Co-op,459 (459 River Road) 4312 #312,Andover,MA,01810,494120,2,2.0,Andover,1480,,2019,7,334,401,Active,,,http://www.redfin.com/MA/Andover/459-River-Rd-01810/unit-312/home/146060429,MLS PIN,72648664,N,Y,42.658112,-71.247225
MLS Listing,,Single Family Residential,81 Laconia Cir,North Andover,MA,01845,754900,4,2.5,North Andover,2828,132422,1986,7,267,,Active,,,http://www.redfin.com/MA/North-Andover/81-Laconia-Cir-01845/home/11550676,MLS PIN,72648665,N,Y,42.6419347,-71.0485
MLS Listing,,Single Family Residential,782 Lowell St,Peabody,MA,01960,425000,3,1.5,Peabody,1569,8769,1935,7,271,,Active,,,http://www.redfin.com/MA/Peabody/782-Lowell-St-01960/home/11353151,MLS PIN,72648633,N,Y,42.5525218,-71.031646
MLS Listing,,Single Family Residential,1815 Great Pond Rd,North Andover,MA,01845,669000,4,3.0,Lakefront,2994,74923,1964,7,223,,Active,,,http://www.redfin.com/MA/North-Andover/1815-Great-Pond-Rd-01845/home/11537179,MLS PIN,72647160,N,Y,42.7149936,-71.1068569
MLS Listing,,Single Family Residential,339 Essex St,Hamilton,MA,01982,899000,3,2.5,South Hamilton,2497,22638,2020,7,360,,Active,,,http://www.redfin.com/MA/South-Hamilton/339-Essex-St-01982/home/8242196,MLS PIN,72648594,N,Y,42.6085781,-70.8286024
MLS Listing,,Single Family Residential,153 Dayton St,Danvers,MA,01923,460000,3,2.0,Danvers,1820,36700,1965,7,253,,Active,,,http://www.redfin.com/MA/Danvers/153-Dayton-St-01923/home/11287582,MLS PIN,72648577,N,Y,42.5779801,-70.9846438
MLS Listing,,Single Family Residential,67 Adams St,Haverhill,MA,01830,314900,3,1.0,Haverhill,1460,4478,1900,7,216,,Active,,,http://www.redfin.com/MA/Haverhill/67-Adams-St-01830/home/11304669,MLS PIN,72648556,N,Y,42.7652613,-71.0499393
MLS Listing,,Vacant Land,41 Spinale Rd,Swampscott,MA,01907,1500000,,,Swampscott,,178595,,7,,,Active,,,http://www.redfin.com/MA/Swampscott/41-Spinale-Rd-01907/home/11352013,MLS PIN,72648555,N,Y,42.4770777,-70.9227983
MLS Listing,,Townhouse,7 Marion St #7,Haverhill,MA,01832,269900,2,1.5,Haverhill,1310,,1986,7,206,,Active,,,http://www.redfin.com/MA/Haverhill/7-Marion-St-01832/unit-7/home/77496535,MLS PIN,72648548,N,Y,42.7697657,-71.0965486
MLS Listing,,Single Family Residential,4 Tybee Ln #4,Salem,MA,01970,439900,3,3.5,Salem,2430,,1986,7,181,,Active,,,http://www.redfin.com/MA/Salem/4-Lightning-Ln-01970/unit-4/home/136827151,MLS PIN,72648511,N,Y,42.495747,-70.918545
MLS Listing,,Condo/Co-op,11 Church St #514,Salem,MA,01970,359900,2,2.0,Salem,1169,,1989,7,308,679,Active,,,http://www.redfin.com/MA/Salem/11-Church-St-01970/unit-514/home/8398242,MLS PIN,72648508,N,Y,42.5221689,-70.8940895
MLS Listing,,Single Family Residential,1144 Boston Rd #0,Haverhill,MA,01835,389900,3,2.5,Ward Hill,2040,9785,2020,7,191,,Active,,,http://www.redfin.com/MA/Haverhill/1144-Boston-Rd-01835/unit-0/home/171236142,MLS PIN,72648496,N,Y,42.7444967,-71.1080326
MLS Listing,,Condo/Co-op,635 W Lowell Ave #11,Haverhill,MA,01832,179000,1,1.0,Haverhill,584,,1981,7,307,179,Active,,,http://www.redfin.com/MA/Haverhill/635-W-Lowell-Ave-01832/unit-11/home/11318587,MLS PIN,72648473,N,Y,42.7766869,-71.1302198
MLS Listing,,Condo/Co-op,37 Constitution Ln #120,Danvers,MA,01923,399000,2,2.0,Danvers,1078,,1992,7,370,513,Active,,,http://www.redfin.com/MA/Danvers/37-Constitution-Ln-01923/unit-120/home/11298334,MLS PIN,72648463,N,Y,42.5554139,-70.9381135
MLS Listing,,Vacant Land,21-23 Brookfield St,Lawrence,MA,01843,84900,,,Lawrence,,5000,,8,,,Active,,,http://www.redfin.com/MA/Lawrence/21-Brookfield-St-01843/home/11317631,MLS PIN,72648411,N,Y,42.6919156,-71.1632116
MLS Listing,,Multi-Family (2-4 Unit),11 A & B Mckays Dr,Rockport,MA,01966,539900,4,2.0,Rockport,1536,16700,1976,8,351,,Active,,,http://www.redfin.com/MA/Rockport/11-A-B-McKay-s-Dr-01966/home/169135764,MLS PIN,72648404,N,Y,42.6586784,-70.6291206
MLS Listing,,Single Family Residential,5 Suffolk Cir,Andover,MA,01810,949900,4,3.5,Andover,4022,29054,1997,8,236,,Active,,,http://www.redfin.com/MA/Andover/5-Suffolk-Cir-01810/home/11283663,MLS PIN,72648316,N,Y,42.6793581,-71.1946779
MLS Listing,,Single Family Residential,42 Heartbreak Rd,Ipswich,MA,01938,699900,4,2.5,Ipswich,3885,48787,1641,8,180,,Active,,,http://www.redfin.com/MA/Ipswich/42-Heartbreak-Rd-01938/home/8262814,MLS PIN,72648262,N,Y,42.663889,-70.8280449
MLS Listing,,Townhouse,54 Kent St Unit B,Newburyport,MA,01950,599000,2,1.5,Newburyport,1780,,1850,8,337,,Active,,,http://www.redfin.com/MA/Newburyport/54-Kent-St-01950/unit-B/home/8335423,MLS PIN,72648243,N,Y,42.813196,-70.882491
MLS Listing,,Single Family Residential,95 Bickford St,Lynn,MA,01904,490000,4,2.5,Lynn,1666,6000,1953,8,294,,Active,,,http://www.redfin.com/MA/Lynn/95-Bickford-St-01904/home/11540042,MLS PIN,72648211,N,Y,42.4888905,-70.9435808
MLS Listing,,Single Family Residential,14 Pheasant Run,Andover,MA,01810,769900,4,2.5,Andover,4463,38658,1981,8,173,,Active,,,http://www.redfin.com/MA/Andover/14-Pheasant-Run-01810/home/11283889,MLS PIN,72648201,N,Y,42.6559526,-71.2419687
MLS Listing,,Condo/Co-op,59 Holten St #3,Danvers,MA,01923,239000,1,1.0,Danvers,1024,,1910,8,233,150,Active,,,http://www.redfin.com/MA/Danvers/59-Holten-St-01923/unit-3/home/11300866,MLS PIN,72648175,N,Y,42.5616177,-70.9462267
MLS Listing,,Single Family Residential,36 High St,Andover,MA,01810,714900,3,2.5,In Town,1620,4620,1820,8,441,,Active,,,http://www.redfin.com/MA/Andover/36-High-St-01810/home/8202211,MLS PIN,72648169,N,Y,42.6597921,-71.141672
MLS Listing,,Multi-Family (2-4 Unit),63 Essex St,Saugus,MA,01906,595000,6,2.0,Cliftondale,2598,5001,1900,8,229,,Active,,,http://www.redfin.com/MA/Saugus/63-Essex-St-01906/home/8368737,MLS PIN,72648079,N,Y,42.4489471,-71.0124813
MLS Listing,,Single Family Residential,32 Ferncroft Ct Lot 43,Methuen,MA,01844,599900,4,2.5,Methuen,2432,25000,2020,8,247,,Active,,,http://www.redfin.com/MA/Methuen/32-Ferncroft-Rd-01844/unit-43/home/169094404,MLS PIN,72648078,N,Y,42.7682599,-71.164266
MLS Listing,,Townhouse,21 Riverview Hts #21,Amesbury,MA,01913,709000,3,2.5,Amesbury,2982,,2016,8,238,460,Active,,,http://www.redfin.com/MA/Amesbury/21-Riverview-Hts-01913/unit-21/home/171427166,MLS PIN,72648065,N,Y,42.8266294,-70.9483269
MLS Listing,,Single Family Residential,27 Elane Ave Lot 29 B,Methuen,MA,01844,599900,4,2.5,Methuen,2432,20427,2020,8,247,,Active,,,http://www.redfin.com/MA/Methuen/27-Elane-Ave-01844/unit-29B/home/170663180,MLS PIN,72648061,N,Y,42.7703258,-71.1645964
MLS Listing,,Single Family Residential,22 UPHAM St,Peabody,MA,01960,319900,3,1.5,Jordan Acres,1415,15002,1957,8,226,,Active,,,http://www.redfin.com/MA/Peabody/22-Upham-St-01960/home/11349415,MLS PIN,72648041,N,Y,42.5574501,-70.9984351
MLS Listing,,Condo/Co-op,2 1/2 Holly St Unit A,Salem,MA,01970,359000,2,1.0,Salem,871,,1920,9,412,200,Active,,,http://www.redfin.com/MA/Salem/2-1-2-Holly-St-01970/unit-A/home/171425971,MLS PIN,72647932,N,Y,42.5113472,-70.8927952
MLS Listing,,Single Family Residential,16 Boyles,Beverly,MA,01915,1350000,5,4.5,Beverly,5610,24907,2000,10,241,,Active,,,http://www.redfin.com/MA/Beverly/16-Boyles-St-01915/home/11284476,MLS PIN,72647869,N,Y,42.5580269,-70.8513403
MLS Listing,,Mobile/Manufactured Home,154 Newbury St,Peabody,MA,01960,179900,2,1.0,Peabody,896,,2019,10,201,,Active,,,http://www.redfin.com/MA/Peabody/154-Newbury-St-01960/home/11361921,MLS PIN,72647827,N,Y,42.538521,-70.988159
MLS Listing,,Single Family Residential,222 High St,Newburyport,MA,01950,1425000,3,2.5,Newburyport,2548,8800,1850,10,559,,Active,,,http://www.redfin.com/MA/Newburyport/222-High-St-01950/home/8334243,MLS PIN,72647815,N,Y,42.811995,-70.8818919
MLS Listing,,Single Family Residential,55 Main St,Rowley,MA,01969,549900,3,2.5,Rowley,1736,9570,1900,10,317,,Active,,,http://www.redfin.com/MA/Rowley/55-Main-St-01969/home/11534261,MLS PIN,72647791,N,Y,42.709657,-70.8822635
MLS Listing,,Single Family Residential,4 Olde Towne Rd,Lynnfield,MA,01940,1299000,6,4.0,Lynnfield,7813,50038,2007,10,166,,Active,,,http://www.redfin.com/MA/Lynnfield/4-Olde-Towne-Rd-01940/home/11332634,MLS PIN,72647736,N,Y,42.5312297,-71.0660961
MLS Listing,,Single Family Residential,95 Grant St,Lynn,MA,01902,350000,3,2.5,Lynn,1686,5005,1895,10,208,,Active,,,http://www.redfin.com/MA/Lynn/95-Grant-St-01902/home/11575654,MLS PIN,72647712,N,Y,42.4733739,-70.9494555
MLS Listing,,Townhouse,22 Ferry Rd #22,Methuen,MA,01844,440000,4,2.5,Methuen,2480,,2006,11,177,422,Active,,,http://www.redfin.com/MA/Methuen/22-Ferry-Rd-01844/unit-22/home/11927273,MLS PIN,72647611,N,Y,42.7504556,-71.1244597
MLS Listing,,Single Family Residential,2 Fairview Ave,Amesbury,MA,01913,359900,3,1.5,Amesbury,1520,6400,1900,11,237,,Active,,,http://www.redfin.com/MA/Amesbury/2-Fairview-Ave-01913/home/8211986,MLS PIN,72645322,N,Y,42.8428666,-70.9319474
MLS Listing,,Single Family Residential,7 Lynbrook Rd,Methuen,MA,01844,499900,3,2.5,Methuen,1872,11000,2020,11,267,,Active,,,http://www.redfin.com/MA/Methuen/7-Lynbrook-Rd-01844/home/170593815,MLS PIN,72647560,N,Y,42.7361558,-71.2181275
MLS Listing,,Single Family Residential,10 Woodbury Ln,Rockport,MA,01966,599000,3,2.0,Rockport,1854,45302,1977,11,323,,Active,,,http://www.redfin.com/MA/Rockport/10-Woodbury-Ln-01966/home/8342969,MLS PIN,72647559,N,Y,42.6847887,-70.6351796
MLS Listing,,Single Family Residential,56 Purchase St,Newburyport,MA,01950,975000,3,4.0,Joppa,2139,4880,1874,11,456,,Active,,,http://www.redfin.com/MA/Newburyport/56-Purchase-St-01950/home/8325963,MLS PIN,72647556,N,Y,42.8053551,-70.8605606
MLS Listing,,Single Family Residential,20 Everett Paine Blvd,Marblehead,MA,01945,795000,5,3.0,Marblehead,3210,14860,1954,11,248,,Active,,,http://www.redfin.com/MA/Marblehead/20-Everett-Paine-Blvd-01945/home/11768007,MLS PIN,72647547,N,Y,42.4950774,-70.8810443
MLS Listing,,Condo/Co-op,6  - 8 1/2 Devon Ave #1,Beverly,MA,01915,435900,3,2.0,North Beverly,1314,5000,1915,11,332,209,Active,,,http://www.redfin.com/MA/Beverly/2-Devon-Ave-01915/unit-1/home/171414131,MLS PIN,72647417,N,Y,42.5816718,-70.8858748
MLS Listing,,Single Family Residential,30 Clifton Ave,Lynn,MA,01905,339900,3,1.0,Lynn,1508,1861,1907,11,225,,Active,,,http://www.redfin.com/MA/Lynn/30-Clifton-Ave-01902/home/11323904,MLS PIN,72647342,N,Y,42.4748227,-70.934908
MLS Listing,,Single Family Residential,Lot 2A Samuel Way,Andover,MA,01810,989900,4,2.5,Andover,2800,43860,2020,12,354,,Active,,,http://www.redfin.com/MA/Andover/Lot-2A-Samuel-WAY-01810/home/171409301,MLS PIN,72647182,N,Y,42.6568574,-71.1407888
MLS Listing,,Condo/Co-op,38 Village Rd #611,Middleton,MA,01949,379900,2,2.0,Middleton,1036,,2003,12,367,477,Active,,,http://www.redfin.com/MA/Middleton/38-Village-Rd-01949/unit-611/home/12424067,MLS PIN,72647158,N,Y,42.600398,-70.9724993
MLS Listing,,Vacant Land,0 Hampshire Rd,Methuen,MA,01844,249900,,,Methuen,,919116,,12,,,Active,,,http://www.redfin.com/MA/METHUEN/HAMPSHIRE-RD-01844/home/8301683,MLS PIN,72647125,N,Y,42.744546,-71.216696
MLS Listing,,Condo/Co-op,1 Powder Mill Sq #308,Andover,MA,01810,475000,2,2.0,Andover,1379,,2004,12,344,452,Active,,,http://www.redfin.com/MA/Andover/1-Powder-Mill-Sq-01810/unit-308/home/11283965,MLS PIN,72647110,N,Y,42.6630597,-71.1460401
MLS Listing,,Single Family Residential,4 Tibbetts Ave,Danvers,MA,01923,499900,3,1.5,Danvers,1057,10787,1930,12,473,,Active,,,http://www.redfin.com/MA/Danvers/4-Tibbetts-Ave-01923/home/11300254,MLS PIN,72647082,N,Y,42.5489989,-70.913231
MLS Listing,,Single Family Residential,49 Perkins Ave,Hamilton,MA,01982,779000,4,3.0,Hamilton,2200,22000,2020,12,354,,Active,,,http://www.redfin.com/MA/South-Hamilton/49-Perkins-Ave-01982/home/8236853,MLS PIN,72647048,N,Y,42.6161526,-70.8892724
MLS Listing,,Single Family Residential,11 Greenfield St,Lawrence,MA,01843,318000,3,1.0,Lawrence,1332,5537,1906,12,239,,Active,,,http://www.redfin.com/MA/Lawrence/11-Greenfield-St-01843/home/11308714,MLS PIN,72647028,N,Y,42.7008741,-71.1439
MLS Listing,,Single Family Residential,5 Parsons St,Newburyport,MA,01950,649900,2,2.0,Newburyport,1450,2405,1850,12,448,,Active,,,http://www.redfin.com/MA/Newburyport/5-Parsons-St-01950/home/11533157,MLS PIN,72646937,N,Y,42.804727,-70.864455
MLS Listing,,Single Family Residential,1028 Bay Rd,Hamilton,MA,01982,2595000,5,3.5,Hamilton,4900,239144,1725,12,530,,Active,,,http://www.redfin.com/MA/South-Hamilton/1028-Bay-Rd-01982/home/8231763,MLS PIN,72646880,N,Y,42.6407503,-70.8468969
MLS Listing,,Single Family Residential,31 Hilltop Ave,Saugus,MA,01906,949000,4,3.5,Twin Spring Estates,3732,26571,2012,12,254,,Active,,,http://www.redfin.com/MA/Saugus/31-Hilltop-Ave-01906/home/40317343,MLS PIN,72646861,N,Y,42.4668473,-70.9974716
MLS Listing,,Single Family Residential,16 Foster Dr,Beverly,MA,01915,574900,3,2.0,Montserrat,1344,6800,1945,12,428,,Active,,,http://www.redfin.com/MA/Beverly/16-Foster-Dr-01915/home/11284555,MLS PIN,72646860,N,Y,42.5596189,-70.8638585
MLS Listing,,Single Family Residential,4 Aderene Rd,Peabody,MA,01960,699900,5,3.0,West Peabody,3840,17407,1966,13,182,,Active,,,http://www.redfin.com/MA/Peabody/4-Aderene-Rd-01960/home/11366321,MLS PIN,72646844,N,Y,42.5379552,-70.9995147
MLS Listing,,Single Family Residential,22 Elliott St,Hamilton,MA,01982,339999,4,1.0,Hamilton,2194,5600,1914,13,155,,Active,,,http://www.redfin.com/MA/South-Hamilton/22-Elliott-St-01982/home/8237310,MLS PIN,72646798,N,Y,42.6116883,-70.8778056
MLS Listing,,Single Family Residential,40 Parsons Hill Rd,Wenham,MA,01984,999000,4,3.5,Parsons Hill,4290,21780,2003,13,233,33,Active,,,http://www.redfin.com/MA/Wenham/40-Parsons-Hill-Rd-01984/home/8395770,MLS PIN,72646792,N,Y,42.5843878,-70.815549
MLS Listing,,Single Family Residential,6 Mohawk Rd,Andover,MA,01810,649000,3,3.0,Andover,1998,30474,1975,13,325,,Active,,,http://www.redfin.com/MA/Andover/6-Mohawk-Rd-01810/home/8205461,MLS PIN,72646791,N,Y,42.6034384,-71.1009612
MLS Listing,,Condo/Co-op,105 Nahant St #1,Lynn,MA,01902,234900,2,1.0,Diamond District,675,87721,1940,13,348,449,Active,,,http://www.redfin.com/MA/Lynn/105-Nahant-St-01902/unit-1/home/11570436,MLS PIN,72646726,N,Y,42.4597685,-70.9365049
MLS Listing,,Vacant Land,12 MUNROE St,Peabody,MA,01960,150000,,,Peabody,,7536,,13,,,Active,,,http://www.redfin.com/MA/Peabody/12-Munroe-St-01960/home/104327627,MLS PIN,72646614,N,Y,42.5278943,-70.9254875
MLS Listing,,Vacant Land,10 MUNROE St,Peabody,MA,01960,150000,,,Peabody,,7536,,13,,,Active,,,http://www.redfin.com/MA/Peabody/10-Munroe-St-01960/home/104327626,MLS PIN,72646613,N,Y,42.528058,-70.925437
MLS Listing,,Condo/Co-op,8 Crowninshield St #203,Peabody,MA,01960,369000,2,2.0,Peabody,1093,,2006,13,338,319,Active,,,http://www.redfin.com/MA/Peabody/8-Crowninshield-St-01960/unit-203/home/12452083,MLS PIN,72646593,N,Y,42.5291002,-70.9320955
MLS Listing,,Single Family Residential,165 Willow Rd,Nahant,MA,01908,789900,6,3.0,Nahant,3082,5185,1900,13,256,,Active,,,http://www.redfin.com/MA/Nahant/165-Willow-Rd-01908/home/8311828,MLS PIN,72646596,N,Y,42.4228914,-70.9175966
MLS Listing,,Multi-Family (2-4 Unit),157 Eutaw Ave,Lynn,MA,01902,549888,5,2.5,Lynn,2603,4015,1920,13,211,,Active,,,http://www.redfin.com/MA/Lynn/157-Eutaw-Ave-01902/home/11562486,MLS PIN,72646583,N,Y,42.4796338,-70.9438827
MLS Listing,,Single Family Residential,109 Thurlow St,Georgetown,MA,01833,739900,4,2.5,Georgetown,2650,138520,2020,13,279,,Active,,,http://www.redfin.com/MA/Georgetown/109-Thurlow-St-01833/home/171395767,MLS PIN,72646581,N,Y,42.7443427,-70.9799201
MLS Listing,,Single Family Residential,1 Carter Ln,Andover,MA,01810,1049900,5,4.5,Carter Lane,5240,44213,1993,13,200,,Active,,,http://www.redfin.com/MA/Andover/1-Carter-Ln-01810/home/11283646,MLS PIN,72646565,N,Y,42.6148409,-71.1405579
MLS Listing,,Single Family Residential,8 Memorial Dr,Salem,MA,01970,489000,4,2.0,Salem Willows,1550,7109,1949,13,315,,Active,,,http://www.redfin.com/MA/Salem/8-Memorial-Dr-01970/home/11349992,MLS PIN,72646497,N,Y,42.527227,-70.8796044
MLS Listing,,Single Family Residential,8 Linwood Rd,Lynn,MA,01905,568500,6,3.0,Lynn,3000,9697,1890,13,190,,Active,,,http://www.redfin.com/MA/Lynn/8-Linwood-Rd-01905/home/11544395,MLS PIN,72646485,N,Y,42.4708167,-70.9640838
MLS Listing,,Condo/Co-op,201 Elliott St #508,Beverly,MA,01915,629900,2,2.0,Beverly,1615,,2015,13,390,583,Active,,,http://www.redfin.com/MA/Beverly/201-Elliott-St-01915/unit-508/home/110163019,MLS PIN,72646414,N,Y,42.5564088,-70.8868869
MLS Listing,,Townhouse,58 Beaver St #2,Salem,MA,01970,365000,3,2.0,Salem,1465,,1800,13,249,252,Active,,,http://www.redfin.com/MA/Salem/58-Beaver-St-01970/unit-2/home/171393649,MLS PIN,72646373,N,Y,42.5225421,-70.9146591
MLS Listing,,Single Family Residential,1 Charles Davis Dr,Wenham,MA,01984,934000,5,4.0,Wenham,4394,49583,1993,14,213,,Active,,,http://www.redfin.com/MA/Wenham/1-Charles-Davis-Dr-01984/home/8395411,MLS PIN,72646366,N,Y,42.5950338,-70.835547
MLS Listing,,Single Family Residential,2 Danvin Ct #2,Rockport,MA,01966,320000,1,1.0,Rockport,487,,1963,14,657,341,Active,,,http://www.redfin.com/MA/Rockport/2-Danvin-CT-01966/unit-2/home/171385329,MLS PIN,72646325,N,Y,42.6497175,-70.6157308
MLS Listing,,Condo/Co-op,25 Golf Ave #2,Methuen,MA,01844,379900,3,2.0,East Methuen,1800,5227,1900,14,211,235,Active,,,http://www.redfin.com/MA/Methuen/25-Golf-ST-01844/unit-2/home/169969780,MLS PIN,72646252,N,Y,42.7276358,-71.2042619
MLS Listing,,Condo/Co-op,25 Golf Ave #1,Methuen,MA,01844,349900,3,2.0,East Methuen,1700,5227,1900,14,206,215,Active,,,http://www.redfin.com/MA/Methuen/25-Golf-ST-01844/unit-1/home/169969781,MLS PIN,72646250,N,Y,42.7276358,-71.2042619
MLS Listing,,Single Family Residential,238 High St,Newburyport,MA,01950,1388238,6,4.0,North End,4904,10420,1850,14,283,,Active,,,http://www.redfin.com/MA/Newburyport/238-High-St-01950/home/8335384,MLS PIN,72646216,N,Y,42.812694,-70.883517
MLS Listing,,Single Family Residential,2 Monette Cir,Andover,MA,01810,899000,5,4.0,Cul de Sac Neighborhood off Beacon - close to West El & Andover CC,5090,33668,1973,14,177,,Active,,,http://www.redfin.com/MA/Andover/2-Monette-Cir-01810/home/11283601,MLS PIN,72646182,N,Y,42.6709299,-71.1756154
MLS Listing,,Single Family Residential,1 Wilshire Rd,Newbury,MA,01951,2775000,5,5.5,Newbury,6233,18138,2014,14,445,,Active,,,http://www.redfin.com/MA/Newburyport/Unknown-01951/home/78681684,MLS PIN,72646168,N,Y,42.797693,-70.854215
MLS Listing,,Single Family Residential,156 Bass Point Rd,Nahant,MA,01908,825000,3,2.5,Nahant,1712,4878,1900,14,482,,Active,,,http://www.redfin.com/MA/Nahant/156-Bass-Point-Rd-01908/home/11773428,MLS PIN,72646028,N,Y,42.418869,-70.9319486
MLS Listing,,Single Family Residential,3 Chapman Way,Boxford,MA,01921,945000,4,3.5,Boxford,4978,118918,1992,14,190,,Active,,,http://www.redfin.com/MA/Boxford/3-Chapman-Way-01921/home/11763421,MLS PIN,72645965,N,Y,42.676217,-70.9917833
MLS Listing,,Single Family Residential,13 Cedar St,Wenham,MA,01984,2850000,4,4.5,Wenham,4637,930006,1938,15,615,,Active,,,http://www.redfin.com/MA/Wenham/13-Cedar-St-01984/home/11350686,MLS PIN,72645882,N,Y,42.600377,-70.893185
MLS Listing,,Vacant Land,1 Kings Way,Manchester,MA,01944,1195000,,,Manchester,,217800,,15,,,Active,,,http://www.redfin.com/MA/Manchester-by-the-Sea/1-Kings-Way-01944/home/39986757,MLS PIN,72645855,N,Y,42.5823477,-70.7262842
MLS Listing,,Condo/Co-op,201 Elliott St #503,Beverly,MA,01915,614995,2,2.0,Beverly,1710,,2016,15,360,625,Active,,,http://www.redfin.com/MA/Beverly/201-Elliott-St-01915/unit-503/home/113380194,MLS PIN,72645817,N,Y,42.5564088,-70.8868869
MLS Listing,,Single Family Residential,69 Hammersmith Dr,Saugus,MA,01906,829900,3,2.5,Saugus,3072,44126,1993,15,270,17,Active,,,http://www.redfin.com/MA/Saugus/69-Hammersmith-Dr-01906/home/8383442,MLS PIN,72645773,N,Y,42.4638165,-71.0420463
MLS Listing,,Single Family Residential,24 Topsfield Rd,Boxford,MA,01921,1595000,4,4.0,Boxford,4929,280091,1987,15,324,,Active,,,http://www.redfin.com/MA/Boxford/24-Topsfield-Rd-01921/home/8201394,MLS PIN,72645772,N,Y,42.6610567,-70.9916335
MLS Listing,,Single Family Residential,43 Atlantic Ave,Saugus,MA,01906,440000,2,1.0,Saugus,2014,10650,1929,15,218,,Active,,,http://www.redfin.com/MA/Saugus/43-Atlantic-Ave-01906/home/11348024,MLS PIN,72645755,N,Y,42.4523894,-70.9982029
MLS Listing,,Multi-Family (2-4 Unit),61 Shepard St,Lynn,MA,01902,679900,6,3.0,Lynn Common,3876,8780,1900,15,175,,Active,,,http://www.redfin.com/MA/Lynn/61-Shepard-St-01902/unit-61A/home/11579307,MLS PIN,72645751,N,Y,42.4612564,-70.9569323
MLS Listing,,Single Family Residential,1131 Essex St,Lawrence,MA,01841,374900,3,2.0,Lawrence,1984,5000,1920,15,189,,Active,,,http://www.redfin.com/MA/Lawrence/1131-Essex-St-01841/home/11331209,MLS PIN,72645699,N,Y,42.6987184,-71.1865558
MLS Listing,,Single Family Residential,26 Pleasant St,Rockport,MA,01966,575000,4,2.0,Rockport,1400,2500,1952,15,411,,Active,,,http://www.redfin.com/MA/Rockport/26-Pleasant-St-01966/home/8347669,MLS PIN,72645697,N,Y,42.6538446,-70.6168345
MLS Listing,,Multi-Family (2-4 Unit),21 Hancock St,Haverhill,MA,01832,419900,5,2.0,Haverhill,1798,4678,1900,15,234,,Active,,,http://www.redfin.com/MA/Haverhill/21-Hancock-St-01832/home/11310466,MLS PIN,72645680,N,Y,42.7730789,-71.0933014
MLS Listing,,Single Family Residential,25 Bachelor,West Newbury,MA,01985,479800,2,2.0,West Newbury,2130,21780,1840,16,225,,Active,,,http://www.redfin.com/MA/West-Newbury/25-Bachelor-St-01985/home/8400051,MLS PIN,72645604,N,Y,42.7983233,-70.9860819
MLS Listing,,Townhouse,169 Wilson St #169,Haverhill,MA,01832,334900,3,2.5,Zip 01832,1613,,2017,16,208,,Active,,,http://www.redfin.com/MA/Haverhill/169-Wilson-St-01832/unit-169/home/171377877,MLS PIN,72645540,N,Y,42.7666453,-71.0992621
MLS Listing,,Single Family Residential,1 County Rd,Andover,MA,01810,739000,4,3.0,Andover,2891,43560,1907,16,256,,Active,,,http://www.redfin.com/MA/Andover/1-County-Rd-01810/home/11283493,MLS PIN,72645463,N,Y,42.611552,-71.123847
MLS Listing,,Condo/Co-op,122-124 Beacon Hill Ave #1,Lynn,MA,01902,327000,3,1.0,Lynn,1179,6964,1910,16,277,138,Active,,,http://www.redfin.com/MA/Lynn/122-Beacon-Hill-Ave-01902/unit-1/home/115506973,MLS PIN,72645462,N,Y,42.4712896,-70.9500791
MLS Listing,,Single Family Residential,15 Yellow Brick Rd,Haverhill,MA,01835,399900,3,2.5,Haverhill,,206474,1989,17,,,Active,,,http://www.redfin.com/MA/Haverhill/15-Yellow-Brick-Rd-01835/home/11340181,NEREN,4801698,N,Y,42.7583131,-71.1054178
MLS Listing,,Townhouse,334 Howard St #5,Lawrence,MA,01841,169900,3,1.0,Lawrence,948,,1988,17,179,120,Active,,,http://www.redfin.com/MA/Lawrence/334-Howard-St-01841/unit-5/home/11311265,MLS PIN,72645353,N,Y,42.7132688,-71.1485257
MLS Listing,,Single Family Residential,5 Hanover St,Newbury,MA,01951,895000,2,1.0,Upper Green,2235,442134,1664,17,400,,Active,,,http://www.redfin.com/MA/Newbury/5-Hanover-St-01951/home/8328981,MLS PIN,72645344,N,Y,42.7951369,-70.8616338
MLS Listing,,Single Family Residential,37 Bulfinch St,Lynn,MA,01904,424999,4,2.0,Lynn,1494,3879,1900,17,284,,Active,,,http://www.redfin.com/MA/Lynn/37-Bulfinch-St-01904/home/11543701,MLS PIN,72645340,N,Y,42.4706257,-70.9615181
MLS Listing,,Single Family Residential,14 Forest St,Haverhill,MA,01832,359000,3,1.5,Haverhill,1088,19519,1900,18,330,,Active,,,http://www.redfin.com/MA/Haverhill/14-Forest-St-01832/home/11312964,MLS PIN,72645225,N,Y,42.7758767,-71.1291389
MLS Listing,,Vacant Land,135 Cutler Rd,Hamilton,MA,01982,349900,,,South Hamilton,,23280,,18,,,Active,,,http://www.redfin.com/MA/South-Hamilton/135-Cutler-Rd-01982/home/8233688,MLS PIN,72645215,N,Y,42.6265562,-70.8615244
MLS Listing,,Vacant Land,139 Cutler Rd,Hamilton,MA,01982,349900,,,South Hamilton,,25000,,18,,,Active,,,http://www.redfin.com/MA/South-Hamilton/139-Cutler-Rd-01982/home/8233683,MLS PIN,72645212,N,Y,42.626768,-70.861629
MLS Listing,,Vacant Land,145 Cutler Rd,Hamilton,MA,01982,349900,,,South Hamilton,,17000,,18,,,Active,,,http://www.redfin.com/MA/South-Hamilton/145-Cutler-Rd-01982/home/8233713,MLS PIN,72645211,N,Y,42.6270135,-70.8617683
MLS Listing,,Townhouse,7 A Arbella St Unit A,Manchester,MA,01944,618500,3,2.5,Manchester,1869,2018,2000,18,331,,Active,,,http://www.redfin.com/MA/Manchester-by-the-Sea/7-Arbella-St-01944/unit-A/home/11335053,MLS PIN,72645209,N,Y,42.5820836,-70.7673073
MLS Listing,,Condo/Co-op,200-204 Broadway St Unit 2-3,Lawrence,MA,01840,220000,3,2.0,Lawrence,1240,,1913,18,177,150,Active,,,http://www.redfin.com/MA/Lawrence/200-Broadway-01840/unit-2-3/home/171369047,MLS PIN,72645203,N,Y,42.7071949,-71.1705074
MLS Listing,,Multi-Family (2-4 Unit),154-158 Myrtle St,Lawrence,MA,01841,375000,6,3.0,Lawrence,2400,6400,2005,18,156,,Active,,,http://www.redfin.com/MA/Lawrence/154-Myrtle-St-01841/home/11324160,MLS PIN,72645192,N,Y,42.7144448,-71.172086
MLS Listing,,Single Family Residential,1 Sunnycrest Cir,Beverly,MA,01915,799900,4,2.5,Ryal Side,2500,12000,2020,18,320,21,Active,,,http://www.redfin.com/MA/Beverly/1-Sunnycrest-Ave-01915/home/112906951,MLS PIN,72645174,N,Y,42.5538404,-70.9050666
MLS Listing,,Single Family Residential,59 Brook Rd,Marblehead,MA,01945,689974,3,2.5,Clifton,1680,6414,1952,18,411,,Active,,,http://www.redfin.com/MA/Marblehead/59-Brook-Rd-01945/home/11532372,MLS PIN,72642616,N,Y,42.4871698,-70.8768176
MLS Listing,,Single Family Residential,5- Wormstead St,Saugus,MA,01906,674798,3,2.5,Saugus,2450,8274,1950,18,275,,Active,,,http://www.redfin.com/MA/Saugus/5-Wormstead-St-01906/home/8389356,MLS PIN,72645148,N,Y,42.4651257,-71.0027651
MLS Listing,,Single Family Residential,56 Grandview Rd,Haverhill,MA,01832,384900,3,1.5,Haverhill,1440,25700,1996,18,267,,Active,,,http://www.redfin.com/MA/Haverhill/56-Grandview-Rd-01832/home/11315045,MLS PIN,72645139,N,Y,42.7646561,-71.1364284
MLS Listing,,Townhouse,10 S Mason #2,Salem,MA,01970,549999,3,2.5,Salem,1688,,2018,18,326,250,Active,,,http://www.redfin.com/MA/Salem/S-Mason-St-01970/unit-2/home/137548955,MLS PIN,72645111,N,Y,42.525313,-70.900898
MLS Listing,,Condo/Co-op,8 Garden St #2,Newburyport,MA,01950,499900,2,2.0,Newburyport,1250,,1879,18,400,150,Active,,,http://www.redfin.com/MA/Newburyport/8-Garden-St-01950/unit-2/home/171367557,MLS PIN,72645110,N,Y,42.8075959,-70.8706365
MLS Listing,,Condo/Co-op,8 Garden St #1,Newburyport,MA,01950,549900,2,1.0,Newburyport,850,,1879,18,647,150,Active,,,http://www.redfin.com/MA/Newburyport/8-Garden-St-01950/unit-1/home/171367556,MLS PIN,72645108,N,Y,42.8075959,-70.8706365
MLS Listing,,Townhouse,20 Central St #209,Salem,MA,01970,429900,2,2.5,Salem,1360,,1980,18,316,437,Active,,,http://www.redfin.com/MA/Salem/20-Central-St-01970/unit-209/home/8398554,MLS PIN,72645067,N,Y,42.5210052,-70.8940032
MLS Listing,,Single Family Residential,4 White Way,Nahant,MA,01908,549000,3,2.0,Nahant,1460,10000,1970,18,376,,Active,,,http://www.redfin.com/MA/Nahant/4-White-Way-01908/home/8313860,MLS PIN,72645064,N,Y,42.4242664,-70.9249346
MLS Listing,,Single Family Residential,10 Graeme Way,Groveland,MA,01834,675000,4,2.5,Groveland,2532,82764,2017,18,267,,Active,,,http://www.redfin.com/MA/Groveland/10-Graeme-Way-01834/home/145135305,MLS PIN,72645054,N,Y,42.720664,-71.0358549
MLS Listing,,Single Family Residential,34 Chatham Cir #0,North Andover,MA,01845,749900,3,3.5,Chatham Crossing,2423,,2002,18,309,620,Active,,,http://www.redfin.com/MA/North-Andover/34-Chatham-Cir-01845/unit-0/home/171366421,MLS PIN,72645035,N,Y,42.6768179,-71.1226905
MLS Listing,,Townhouse,1 HAWKSWOOD #1,Amesbury,MA,01913,749900,3,3.0,Amesbury,3040,,1985,18,247,678,Active,,,http://www.redfin.com/MA/Amesbury/1-Hawkswood-Ests-01913/unit-1/home/168611961,MLS PIN,72645025,N,Y,42.8371171,-70.9112965
MLS Listing,,Single Family Residential,117 Adams St,Lynn,MA,01902,319900,3,1.5,Lynn,931,3167,1880,18,344,,Active,,,http://www.redfin.com/MA/Lynn/117-Adams-St-01902/home/11576749,MLS PIN,72644928,N,Y,42.4704987,-70.9448463
MLS Listing,,Single Family Residential,149 Common Ln,Beverly,MA,01915,1295000,4,3.0,Prides Crossing,4066,128937,1998,18,318,,Active,,,http://www.redfin.com/MA/Beverly/149-Common-Ln-01915/home/11284580,MLS PIN,72644919,N,Y,42.5632421,-70.8380322
MLS Listing,,Single Family Residential,26B Sagamore Ln,Boxford,MA,01921,1740000,4,4.0,Weathered walls,5000,239580,2020,18,348,17,Active,,,http://www.redfin.com/MA/Boxford/26B-Sagamore-Ln-01921/home/144264925,MLS PIN,72644913,N,Y,42.6267256,-70.9871484
MLS Listing,,Single Family Residential,9 Millbrook Ln,Topsfield,MA,01983,790000,3,2.5,Topsfield,2964,75183,1985,18,267,,Active,,,http://www.redfin.com/MA/Topsfield/9-Millbrook-Ln-01983/home/8383787,MLS PIN,72644911,N,Y,42.642251,-70.9704922
MLS Listing,,Condo/Co-op,278B N End Blvd #3,Salisbury,MA,01952,550000,3,1.0,Salisbury Beach,863,,1930,19,637,294,Active,,,http://www.redfin.com/MA/Salisbury/278-N-End-Blvd-01952/unit-3/home/171363688,MLS PIN,72644828,N,Y,42.8549818,-70.8175465
MLS Listing,,Single Family Residential,5 Brookbridge Rd,Peabody,MA,01960,550000,3,2.0,West Peabody,1700,15002,1968,19,324,,Active,,,http://www.redfin.com/MA/Peabody/5-Brookbridge-Rd-01960/home/11346616,MLS PIN,72644826,N,Y,42.5642941,-71.0304388
MLS Listing,,Townhouse,12 Hines #12,Newburyport,MA,01950,675000,3,2.5,Newburyport,1850,,2018,19,365,200,Active,,,http://www.redfin.com/MA/Newburyport/12-Hines-Way-01950/unit-12/home/171362686,MLS PIN,72644720,N,Y,42.7997511,-70.8725265
MLS Listing,,Single Family Residential,2 Edward Ave,Lynnfield,MA,01940,699900,3,2.0,Lynnfield,2002,10468,1950,19,350,,Active,,,http://www.redfin.com/MA/Lynnfield/2-Edward-Ave-01940/home/11332815,MLS PIN,72644700,N,Y,42.52892,-71.0653533
MLS Listing,,Single Family Residential,5 Bradley Ave,Methuen,MA,01844,399900,3,2.0,Methuen,1688,12632,1990,19,237,,Active,,,http://www.redfin.com/MA/Methuen/5-Bradley-Ave-01844/home/8354536,MLS PIN,72644693,N,Y,42.7345879,-71.1337808
MLS Listing,,Single Family Residential,416 Puritan Rd,Swampscott,MA,01907,1189000,5,3.5,Swampscott,3550,19477,1900,19,335,,Active,,,http://www.redfin.com/MA/Swampscott/416-Puritan-Rd-01907/home/11360229,MLS PIN,72644622,N,Y,42.4670678,-70.8947924
MLS Listing,,Single Family Residential,126 Lothrop St,Beverly,MA,01915,1099999,4,3.5,Beverly,2971,1965,2019,19,370,,Active,,,http://www.redfin.com/MA/Beverly/126-Lothrop-St-01915/home/8204868,MLS PIN,72644621,N,Y,42.5488811,-70.8703613
MLS Listing,,Single Family Residential,15 CCC,Salisbury,MA,01952,494900,3,2.5,Salisbury,1672,124581,2020,19,296,,Active,,,http://www.redfin.com/MA/Salisbury/15-Sand-Hill-Rd-01952/home/35646065,MLS PIN,72644601,N,Y,42.836357,-70.845563
MLS Listing,,Condo/Co-op,247 N Main St #7,Andover,MA,01810,235000,2,2.0,Andover,1340,,1965,19,175,738,Active,,,http://www.redfin.com/MA/Andover/247-N-Main-St-01810/unit-7/home/8201411,MLS PIN,72644593,N,Y,42.6667588,-71.1454351
MLS Listing,,Single Family Residential,6 Harwich Ln,Andover,MA,01810,999900,4,3.5,Andover,4215,56192,2010,19,237,,Active,,,http://www.redfin.com/MA/Andover/6-Harwich-Ln-01810/home/11926640,MLS PIN,72644480,N,Y,42.6308121,-71.1159091
MLS Listing,,Single Family Residential,6 Yankee Way,Beverly,MA,01915,795000,4,2.5,Centerville (Beverly),2894,19769,2004,19,275,,Active,,,http://www.redfin.com/MA/Beverly/6-Yankee-Way-01915/home/8243809,MLS PIN,72643719,N,Y,42.5722571,-70.8630274
MLS Listing,,Single Family Residential,89 John Wise Ave,Essex,MA,01929,815000,3,3.0,Essex,2151,34848,1970,20,379,,Active,,,http://www.redfin.com/MA/Essex/89-John-Wise-Ave-01929/home/11531345,MLS PIN,72644405,N,Y,42.6470564,-70.7822403
MLS Listing,,Single Family Residential,6 Olive St,Newburyport,MA,01950,699900,5,2.0,Newburyport,1950,1720,1850,20,359,,Active,,,http://www.redfin.com/MA/Newburyport/6-Olive-St-01950/home/8334832,MLS PIN,72644288,N,Y,42.8139119,-70.8779323
MLS Listing,,Multi-Family (2-4 Unit),63-65 Inman St,Lawrence,MA,01843,500000,5,3.0,Lawrence,2360,2500,1920,20,212,,Active,May-10-2020 12:00 PM,May-10-2020 01:00 PM,http://www.redfin.com/MA/Lawrence/63-Inman-St-01843/home/11333497,MLS PIN,72644272,N,Y,42.6880682,-71.1606181
MLS Listing,,Single Family Residential,518 Wethersfield St,Rowley,MA,01969,679900,3,2.5,Rowley,2592,47070,2020,20,262,,Active,,,http://www.redfin.com/MA/Rowley/518-Wethersfield-St-01969/home/148582736,MLS PIN,72644236,N,Y,42.726616,-70.921374
MLS Listing,,Single Family Residential,101 Osgood St,Lawrence,MA,01843,320000,3,2.5,South Lawrence,1242,6500,1880,20,258,,Active,,,http://www.redfin.com/MA/Lawrence/101-Osgood-St-01843/home/11310754,MLS PIN,72644154,N,Y,42.6963572,-71.149006
MLS Listing,,Single Family Residential,390 Merrimac St,Newburyport,MA,01950,649900,3,2.5,Newburyport,1825,6300,1850,20,356,,Active,,,http://www.redfin.com/MA/Newburyport/390-Merrimac-St-01950/home/8338658,MLS PIN,72644132,N,Y,42.825819,-70.890204
MLS Listing,,Condo/Co-op,151 Broadway #1,Haverhill,MA,01832,174900,2,1.0,Haverhill,946,,1900,20,185,496,Active,,,http://www.redfin.com/MA/Haverhill/151-Broadway-01832/unit-1/home/11312246,MLS PIN,72644098,N,Y,42.7795822,-71.0994839
MLS Listing,,Single Family Residential,71 Eastern Point Blvd,Gloucester,MA,01930,6500000,9,8.0,East Gloucester,9981,29620,1920,20,651,83,Active,,,http://www.redfin.com/MA/Gloucester/71-Eastern-Point-Blvd-01930/home/11297533,MLS PIN,72644095,N,Y,42.591611,-70.659497
MLS Listing,,Single Family Residential,19 Taft,Marblehead,MA,01945,765000,4,3.0,Marblehead,2615,6300,1964,20,293,,Active,,,http://www.redfin.com/MA/Marblehead/19-Taft-St-01945/home/11770709,MLS PIN,72644091,N,Y,42.5066709,-70.8597245
MLS Listing,,Single Family Residential,28 Merrill Ave,Lynn,MA,01902,449900,5,2.0,East Lynn,2205,2996,1892,20,204,,Active,,,http://www.redfin.com/MA/Lynn/28-Merrill-Ave-01902/home/11566477,MLS PIN,72644055,N,Y,42.4675546,-70.9272567
MLS Listing,,Single Family Residential,3 Baker Rd,Salisbury,MA,01952,299000,3,1.0,Salisbury,1008,65340,1960,20,297,,Active,,,http://www.redfin.com/MA/Salisbury/3-Baker-Rd-01952/home/8367222,MLS PIN,72644010,N,Y,42.8464888,-70.8760528
MLS Listing,,Single Family Residential,2-A Sparrow Ln,Peabody,MA,01960,399999,3,2.0,Peabody,1092,6355,1950,20,366,,Active,,,http://www.redfin.com/MA/Peabody/2A-Sparrow-Ln-01960/home/108441829,MLS PIN,72642205,N,Y,42.5345608,-70.9279598
MLS Listing,,Single Family Residential,1178 N Broadway,Haverhill,MA,01832,524900,3,2.0,Zip 01832,3593,167706,1917,21,146,,Active,,,http://www.redfin.com/MA/Haverhill/1178-N-Broadway-01832/home/11317143,MLS PIN,72643967,N,Y,42.8153424,-71.1494788
MLS Listing,,Condo/Co-op,100 A Washington Park Dr #2,Andover,MA,01810,175000,1,1.0,Washington Park Drive Condominiums,505,,1965,21,347,297,Active,,,http://www.redfin.com/MA/Andover/100-Washington-Park-Dr-01810/unit-2/home/8201070,MLS PIN,72643936,N,Y,42.6653719,-71.1458545
MLS Listing,,Townhouse,18 Putnam St #1,Salem,MA,01970,424900,2,2.5,Salem,1635,7841,2006,21,260,90,Active,,,http://www.redfin.com/MA/Salem/18-Putnam-St-01970/unit-1/home/18969684,MLS PIN,72643889,N,Y,42.5190384,-70.9103637
MLS Listing,,Multi-Family (2-4 Unit),26-28 Pleasant Ter,Lawrence,MA,01841,460000,5,4.0,Lawrence,2154,3512,1900,21,214,,Active,,,http://www.redfin.com/MA/Lawrence/26-Pleasant-Ter-01841/home/11308936,MLS PIN,72643885,N,Y,42.7100134,-71.1459758
MLS Listing,,Townhouse,51 Pyburn Rd #51,Lynnfield,MA,01940,599900,2,2.5,Lynnfield,1806,,2008,21,332,363,Active,,,http://www.redfin.com/MA/Lynnfield/51-Pyburn-Rd-01940/unit-51/home/137194036,MLS PIN,72643867,N,Y,42.5159311,-71.0187868
MLS Listing,,Condo/Co-op,459 (459 River Road) 4306 #306,Andover,MA,01810,536680,2,2.0,Andover,1480,,2019,21,363,401,Active,,,http://www.redfin.com/MA/Andover/459-River-Rd-01810/unit-306/home/143055366,MLS PIN,72643786,N,Y,42.658112,-71.247225
MLS Listing,,Single Family Residential,6 Enon St,Wenham,MA,01984,697300,3,3.0,Wenham,2100,42000,1965,21,332,,Active,,,http://www.redfin.com/MA/Wenham/6-Enon-Rd-01984/home/8394969,MLS PIN,72643762,N,Y,42.5931576,-70.911559
MLS Listing,,Single Family Residential,10 Milne Way,Gloucester,MA,01930,610000,2,3.0,Riverdale,2012,50529,1999,21,303,,Active,,,http://www.redfin.com/MA/Gloucester/10-Milne-Way-01930/home/11301345,MLS PIN,72643747,N,Y,42.6397329,-70.6670118
MLS Listing,,Single Family Residential,116 Orchard St,Newbury,MA,01922,795000,3,2.5,Byfield,2597,56628,1978,21,306,,Active,,,http://www.redfin.com/MA/Newbury/116-Orchard-St-01922/home/8321216,MLS PIN,72643677,N,Y,42.7575187,-70.9201975
MLS Listing,,Condo/Co-op,4 Myles Standish Dr #5,Haverhill,MA,01835,189900,2,1.0,Bradford,730,,1981,22,260,340,Active,,,http://www.redfin.com/MA/Haverhill/4-Myles-Standish-Dr-01835/unit-5/home/11335416,MLS PIN,72643598,N,Y,42.7590464,-71.093604
MLS Listing,,Single Family Residential,19 Basse Rd,Lynn,MA,01905,499900,3,2.0,Lynn,1500,6500,1961,22,333,,Active,,,http://www.redfin.com/MA/Lynn/19-Basse-Rd-01905/home/11542498,MLS PIN,72643591,N,Y,42.481927,-70.968502
MLS Listing,,Condo/Co-op,154 Lynnway #202,Lynn,MA,01902,289900,1,1.0,Lynn,825,189102,1985,22,351,266,Active,,,http://www.redfin.com/MA/Lynn/154-Lynnway-01902/unit-202/home/11579715,MLS PIN,72643415,N,Y,42.4586135,-70.9422991
MLS Listing,,Single Family Residential,177 Elm St,Andover,MA,01810,499900,3,2.0,Andover,1500,12720,1955,22,333,,Active,May-9-2020 12:00 PM,May-9-2020 03:00 PM,http://www.redfin.com/MA/Andover/177-Elm-St-01810/home/8192535,MLS PIN,72643325,N,Y,42.6693222,-71.1278391
MLS Listing,,Single Family Residential,177 Kimball Rd,Amesbury,MA,01913,449900,3,2.0,Amesbury,1764,40075,1983,22,255,,Active,,,http://www.redfin.com/MA/Amesbury/177-Kimball-Rd-01913/home/8197117,MLS PIN,72643291,N,Y,42.8632079,-70.995707
MLS Listing,,Single Family Residential,40 Montvale St,Haverhill,MA,01835,629900,4,2.5,Haverhill,2400,27990,2020,23,262,,Active,,,http://www.redfin.com/MA/Haverhill/40-Montvale-St-01835/home/170377724,MLS PIN,72643181,N,Y,42.7607079,-71.0680141
MLS Listing,,Single Family Residential,46 Jasper,Methuen,MA,01844,359000,3,2.0,Methuen,1340,21680,1920,23,268,,Active,,,http://www.redfin.com/MA/Methuen/46-Jasper-St-01844/home/8346805,MLS PIN,72636956,N,Y,42.7556172,-71.1388869
MLS Listing,,Single Family Residential,30 Ferncroft Ct,Methuen,MA,01844,569900,3,2.5,Methuen,2432,12500,2020,24,234,,Active,,,http://www.redfin.com/MA/Methuen/30-Ferncroft-Rd-01844/home/169094401,MLS PIN,72643036,N,Y,42.7682599,-71.164266
MLS Listing,,Single Family Residential,17 Guild Rd,Saugus,MA,01906,539999,4,3.0,Saugus,1650,5624,1950,25,327,,Active,,,http://www.redfin.com/MA/Saugus/17-Guild-Rd-01906/home/8371768,MLS PIN,72642997,N,Y,42.4512746,-70.99111
MLS Listing,,Single Family Residential,11 Red Rock Steet #11,Lynn,MA,01902,439900,4,2.0,Lynn,1818,,1920,25,242,,Active,,,http://www.redfin.com/MA/Lynn/11-Red-Rock-St-01902/unit-11/home/171306176,MLS PIN,72642943,N,Y,42.4643451,-70.9299039
MLS Listing,,Condo/Co-op,17 Cleveland Pl #21,Gloucester,MA,01930,175000,2,1.0,Gloucester,794,21780,1985,25,220,313,Active,,,http://www.redfin.com/MA/Gloucester/17-Cleveland-Pl-01930/unit-21/home/11307117,MLS PIN,72642887,N,Y,42.6205229,-70.666451
MLS Listing,,Condo/Co-op,100 Brookside Dr Unit E,Andover,MA,01810,339900,3,2.0,Andover,1163,,1989,26,292,430,Active,,,http://www.redfin.com/MA/Andover/100-Brookside-Dr-01810/unit-E/home/8243820,MLS PIN,72642675,N,Y,42.6870953,-71.1951227
MLS Listing,,Condo/Co-op,262 E Haverhill St #5,Lawrence,MA,01841,120000,1,1.0,North Lawrence,625,,1971,26,192,250,Active,,,http://www.redfin.com/MA/Lawrence/262-E-Haverhill-St-01841/unit-5/home/11309805,MLS PIN,72642544,N,Y,42.7204192,-71.143373
MLS Listing,,Condo/Co-op,75-77 River St #3,Haverhill,MA,01832,179900,2,1.0,Haverhill,991,,1900,26,182,250,Active,,,http://www.redfin.com/MA/Haverhill/75-River-St-01832/unit-3/home/23422077,MLS PIN,72642456,N,Y,42.7716789,-71.0878709
MLS Listing,,Single Family Residential,29 Dock Ln,Salisbury,MA,01952,497000,4,2.5,Salisbury,3127,47896,1987,26,159,,Active,,,http://www.redfin.com/MA/Salisbury/29-Dock-Ln-01952/home/8370973,MLS PIN,72642405,N,Y,42.837472,-70.840652
MLS Listing,,Single Family Residential,20 Phillips Ave,Rockport,MA,01966,1900000,4,5.0,Rockport,5321,34960,1896,26,357,,Active,,,http://www.redfin.com/MA/Rockport/20-Phillips-Ave-01966/home/8346670,MLS PIN,72642402,N,Y,42.6822392,-70.6250829
MLS Listing,,Townhouse,26 Crenshaw Ln #0,Andover,MA,01810,1325000,3,4.5,Andover,4400,,2014,26,301,690,Active,,,http://www.redfin.com/MA/Andover/26-Crenshaw-Ln-01810/unit-11-3/home/101820196,MLS PIN,72642393,N,Y,42.6637563,-71.1671461
MLS Listing,,Condo/Co-op,10 Daniels St Unit 1L,Salem,MA,01970,203900,1,1.0,Salem,579,3446,1850,27,352,197,Active,,,http://www.redfin.com/MA/Salem/10-Daniels-St-01970/unit-1L/home/8411441,MLS PIN,72642299,N,Y,42.5224899,-70.8864321
MLS Listing,,Single Family Residential,101 Spring Hill Rd,North Andover,MA,01845,874999,4,3.0,Spring Hill,4248,78408,1986,27,206,,Active,,,http://www.redfin.com/MA/North-Andover/101-Spring-Hill-Rd-01845/home/11553168,MLS PIN,72642288,N,Y,42.6609406,-71.0865931
MLS Listing,,Condo/Co-op,29 Lothrop St #2,Beverly,MA,01915,559900,2,2.0,Beverly Cove,1370,,1890,27,409,320,Active,,,http://www.redfin.com/MA/Beverly/29-Lothrop-St-01915/unit-2/home/8244266,MLS PIN,72642241,N,Y,42.5418171,-70.8779023
MLS Listing,,Single Family Residential,20 Middle St,Marblehead,MA,01945,749995,3,1.5,Old Town,1952,2606,1710,27,384,,Active,,,http://www.redfin.com/MA/Marblehead/20-Middle-St-01945/home/11770186,MLS PIN,72642209,N,Y,42.5015237,-70.8538603
MLS Listing,,Condo/Co-op,108 Hunters Run Pl #108,Haverhill,MA,01832,200000,2,1.0,Haverhill,948,,1986,27,211,250,Active,,,http://www.redfin.com/MA/Haverhill/108-Hunters-Run-Pl-01832/unit-108/home/137235632,MLS PIN,72642192,N,Y,42.77665,-71.1148678
MLS Listing,,Single Family Residential,24 Elm St,Salisbury,MA,01952,439900,4,1.5,Salisbury Village District,2132,12000,1900,27,206,,Active,,,http://www.redfin.com/MA/Salisbury/24-Elm-St-01952/home/8364106,MLS PIN,72642177,N,Y,42.8397895,-70.8632547
MLS Listing,,Single Family Residential,Lot 10 Gabaree Ct,Newburyport,MA,01950,1199900,4,4.0,The Cottages at Port Place,3910,12545,2020,27,307,361,Active,,,http://www.redfin.com/MA/Newburyport/Lot-10-Gabaree-CT-01950/home/171294724,MLS PIN,72642167,N,Y,42.8104135,-70.8892886
MLS Listing,,Single Family Residential,46 Plover Hill Rd,Ipswich,MA,01938,1395000,3,3.5,Great Neck,3394,81457,1986,27,411,,Active,,,http://www.redfin.com/MA/Ipswich/46-Plover-Hill-Rd-01938/home/8248279,MLS PIN,72642162,N,Y,42.700983,-70.8012642
MLS Listing,,Single Family Residential,20 63Rd St,Newburyport,MA,01950,1120063,3,2.5,Plum Island,1848,7420,1948,27,606,,Active,,,http://www.redfin.com/MA/Newburyport/20-63rd-St-01950/home/8342786,MLS PIN,72642152,N,Y,42.8127607,-70.8114146
MLS Listing,,Single Family Residential,6 Brookdale Ave,Methuen,MA,01844,299900,5,1.5,Methuen,2024,18639,1925,27,148,,Active,,,http://www.redfin.com/MA/Methuen/6-Brookdale-Ave-01844/home/8346437,MLS PIN,72642146,N,Y,42.7592696,-71.1354519
MLS Listing,,Single Family Residential,12 Hemlock Rd,Boxford,MA,01921,789900,4,2.0,Boxford,3382,72745,1956,27,234,,Active,,,http://www.redfin.com/MA/Boxford/12-Hemlock-Rd-01921/home/8198011,MLS PIN,72642080,N,Y,42.6810262,-70.9848876
MLS Listing,,Condo/Co-op,334 Prospect St Unit E,Lawrence,MA,01841,139900,2,1.0,Lawrence,886,,1910,27,158,110,Active,,,http://www.redfin.com/MA/Lawrence/334-Prospect-St-01841/unit-E/home/11314158,MLS PIN,72642043,N,Y,42.7186032,-71.1552157
MLS Listing,,Single Family Residential,39 Reservation Ter,Newburyport,MA,01950,1299900,3,2.0,Plum Island,2090,12425,2016,27,622,,Active,,,http://www.redfin.com/MA/Newburyport/39-Reservation-Ter-01950/home/8342699,MLS PIN,72642000,N,Y,42.8132493,-70.8121114
MLS Listing,,Single Family Residential,24 Kittery Ave,Rowley,MA,01969,1169000,3,3.0,Rowley,3690,435164,2003,27,317,,Active,,,http://www.redfin.com/MA/Rowley/24-Kittery-Ave-01969/home/8361304,MLS PIN,72641996,N,Y,42.729283,-70.871329
MLS Listing,,Single Family Residential,228 Atlantic Ave,Marblehead,MA,01945,599900,3,1.5,Marblehead,1848,5600,1956,27,325,,Active,,,http://www.redfin.com/MA/Marblehead/228-Atlantic-Ave-01945/home/11768135,MLS PIN,72641992,N,Y,42.488672,-70.8658094
MLS Listing,,Condo/Co-op,50 Freedom Holw #413,Salem,MA,01970,425000,2,2.0,Salem,1364,,1980,27,312,373,Active,,,http://www.redfin.com/MA/Salem/50-Freedom-Holw-01970/unit-413/home/8373230,MLS PIN,72641958,N,Y,42.4879194,-70.9059294
MLS Listing,,Single Family Residential,9 Hanscom Ave,Haverhill,MA,01830,359000,4,1.0,Haverhill,1688,10202,1960,27,213,,Active,,,http://www.redfin.com/MA/Haverhill/9-Hanscom-Ave-01830/home/11323764,MLS PIN,72641946,N,Y,42.8033778,-71.0960868
MLS Listing,,Condo/Co-op,5 Milton Ridge Rd #5,Lynn,MA,01902,419900,3,2.5,Lynn,2285,57554,2007,28,184,350,Active,,,http://www.redfin.com/MA/Lynn/5-Milton-Ridge-Rd-01902/unit-5/home/12472714,MLS PIN,72641906,N,Y,42.4810721,-70.9383603
