SALE TYPE,SOLD DATE,PROPERTY TYPE,ADDRESS,CITY,STATE OR PROVINCE,ZIP OR POSTAL CODE,PRICE,BEDS,BATHS,LOCATION,SQUARE FEET,LOT SIZE,YEAR BUILT,DAYS ON MARKET,$/SQUARE FEET,HOA/MONTH,STATUS,NEXT OPEN HOUSE START TIME,NEXT OPEN HOUSE END TIME,URL (SEE http://www.redfin.com/buy-a-home/comparative-market-analysis FOR INFO ON PRICING),SOURCE,MLS#,FAVORITE,INTERESTED,LATITUDE,LONGITUDE
MLS Listing,,Single Family Residential,15 Woodstone Rd,Ridgefield,CT,06877,849999,4,3.5,Ridgefield,3848,60548,2005,16,221,,Active,,,http://www.redfin.com/CT/Ridgefield/15-Woodstone-Rd-06877/home/53648979,Smart MLS,170273455,N,Y,41.3041373,-73.4889819
MLS Listing,,Single Family Residential,46 Old Hawleyville Rd,Newtown,CT,06470,349000,3,2.0,Hawleyville,1951,357627,1939,28,179,,Active,,,http://www.redfin.com/CT/Newtown/46-Old-Hawleyville-Rd-06470/home/107623930,Smart MLS,170269548,N,Y,41.423369,-73.370374
MLS Listing,,Single Family Residential,9 Stallion Trl,Greenwich,CT,06831,2399000,5,8.0,Greenwich,7450,174240,1981,34,322,175,Active,,,http://www.redfin.com/CT/Greenwich/9-Stallion-Trl-06831/home/107031974,Smart MLS,170270688,N,Y,41.0945135,-73.6289231
MLS Listing,,Single Family Residential,140 Club Rd,Stamford,CT,06905,729000,4,3.5,Stamford,3693,24829,1959,35,197,,Active,,,http://www.redfin.com/CT/Stamford/140-Club-Rd-06905/home/107098062,Smart MLS,170271046,N,Y,41.0995167,-73.535624
MLS Listing,,Single Family Residential,90 Portland Ave,Wilton,CT,06897,519000,3,2.5,Wilton,1710,53578,1995,35,304,,Active,,,http://www.redfin.com/CT/Wilton/90-Portland-Ave-06897/home/107150493,Smart MLS,170270926,N,Y,41.2637249,-73.4374726
MLS Listing,,Single Family Residential,2606 Congress St,Fairfield,CT,06824,950000,4,3.5,Greenfield Hill,4400,162478,2008,49,216,,Active,,,http://www.redfin.com/CT/Fairfield/2606-Congress-St-06824/home/107141928,Smart MLS,170265520,N,Y,41.1927836,-73.2801527
MLS Listing,,Single Family Residential,3 Pilgrim Ln,Monroe,CT,06468,509900,5,2.5,Monroe,3550,43560,1979,61,144,,Active,,,http://www.redfin.com/CT/Monroe/3-Pilgrim-Ln-06468/home/107074195,Smart MLS,170253329,N,Y,41.3095613,-73.2360303
MLS Listing,,Single Family Residential,30 Cherry St,Darien,CT,06820,640000,3,2.0,Noroton Heights,1432,6098,1951,149,447,,Active,,,http://www.redfin.com/CT/Darien/30-Cherry-St-06820/home/107157763,Smart MLS,170244589,N,Y,41.0686235,-73.4834138
MLS Listing,,Single Family Residential,14 Lavelle Ave,New Fairfield,CT,06812,319000,2,1.5,New Fairfield,1409,6534,1968,175,226,19,Active,,,http://www.redfin.com/CT/New-Fairfield/14-Lavelle-Ave-06812/home/107230363,Smart MLS,170238478,N,Y,41.524664,-73.480875
MLS Listing,,Condo/Co-op,53 William St Unit B,Greenwich,CT,06830,839949,3,2.0,Greenwich,1744,,1915,252,482,450,Active,,,http://www.redfin.com/CT/Greenwich/53-William-St-06830/unit-B/home/107021947,Smart MLS,170212542,N,Y,41.0348719,-73.627725
MLS Listing,,Single Family Residential,27 Blackberry Rd,Danbury,CT,06811,299000,3,1.0,Candlewood Lake,1924,10890,1960,1,155,6,Active,,,http://www.redfin.com/CT/Danbury/27-Blackberry-Rd-06811/home/106983074,Smart MLS,170281272,N,Y,41.4334186,-73.4490457
MLS Listing,,Single Family Residential,118 Blackman Rd,Ridgefield,CT,06877,879900,4,3.5,South Ridgefield,4575,55756,1997,1,192,,Active,,,http://www.redfin.com/CT/Ridgefield/118-Blackman-Rd-06877/home/53649780,Smart MLS,170282877,N,Y,41.2941963,-73.4765315
MLS Listing,,Condo/Co-op,51 Forest Ave #52,Greenwich,CT,06870,745000,2,2.0,Old Greenwich,1246,,1990,1,598,668,Active,,,http://www.redfin.com/CT/Old-Greenwich/51-Forest-Ave-06870/unit-52/home/107028380,Smart MLS,170279945,N,Y,41.0351949,-73.5638073
MLS Listing,,Single Family Residential,9 Saw Mill Rd,Newtown,CT,06470,395000,4,2.5,Newtown,2252,87991,1979,1,175,,Active,,,http://www.redfin.com/CT/Newtown/9-Saw-Mill-Rd-06470/home/107635604,Smart MLS,170282797,N,Y,41.4176974,-73.3496389
MLS Listing,,Condo/Co-op,25 Adams Ave #402,Stamford,CT,06902,430000,2,2.0,Mid City,1415,,2007,1,304,427,Active,,,http://www.redfin.com/CT/Stamford/25-Adams-Ave-06902/unit-402/home/107103324,Smart MLS,170282836,N,Y,41.0565964,-73.5474438
MLS Listing,,Single Family Residential,22 Hemlock Dr,Shelton,CT,06484,32900,2,1.0,Trap Falls,708,,1972,1,46,405,Active,,,http://www.redfin.com/CT/Shelton/22-Hemlock-Dr-06484/home/107183070,Smart MLS,170282915,N,Y,41.2712568,-73.121657
MLS Listing,,Single Family Residential,7 Encampment Pl,Ridgefield,CT,06877,959000,5,4.5,Ridgefield,6277,52707,1999,1,153,,Active,,,http://www.redfin.com/CT/Ridgefield/7-Encampment-Pl-06877/home/53651707,Smart MLS,170282876,N,Y,41.365056,-73.5219799
MLS Listing,,Single Family Residential,107 Good Hill Rd,Weston,CT,06883,1399000,5,7.0,Lower Weston,12008,91476,2002,1,117,,Active,,,http://www.redfin.com/CT/Weston/107-Good-Hill-Rd-06883/home/107010922,Smart MLS,170281729,N,Y,41.1977269,-73.3587941
MLS Listing,,Single Family Residential,200 Ranch Dr,Bridgeport,CT,06606,184900,3,1.5,North End,1144,7840,1959,1,162,,Active,,,http://www.redfin.com/CT/Bridgeport/200-Ranch-Dr-06606/home/107047105,Smart MLS,170282875,N,Y,41.2192995,-73.229527
MLS Listing,,Single Family Residential,86 Stonebridge Rd,Wilton,CT,06897,724000,4,2.5,South Wilton,3257,65340,1967,1,222,,Active,,,http://www.redfin.com/CT/Wilton/86-Stonebridge-Rd-06897/home/107154132,Smart MLS,170281867,N,Y,41.1949715,-73.3939056
MLS Listing,,Single Family Residential,141 Lewis St,Bridgeport,CT,06605,164900,3,1.0,Bridgeport,1220,5227,1887,1,135,,Active,,,http://www.redfin.com/CT/Bridgeport/141-Lewis-St-06605/home/107049023,Smart MLS,170281875,N,Y,41.1711681,-73.1988235
MLS Listing,,Single Family Residential,1756 High Ridge Rd,Stamford,CT,06903,989900,5,4.5,North Stamford,6512,63597,1929,1,152,,Active,,,http://www.redfin.com/CT/Stamford/1756-High-Ridge-Rd-06903/home/107090700,Smart MLS,170282866,N,Y,41.1302496,-73.545681
MLS Listing,,Single Family Residential,6 Arnold St,Old Greenwich,CT,06870,600000,3,1.5,Old Greenwich,1598,7405,1948,1,375,,Active,,,http://www.redfin.com/CT/Old-Greenwich/6-Arnold-St-06870/home/107027706,GMLS,109172,N,Y,41.0516006,-73.5681561
MLS Listing,,Single Family Residential,414 Stonehouse Rd,Trumbull,CT,06611,449000,5,2.0,Tashua,2161,43560,1938,1,208,,Active,,,http://www.redfin.com/CT/Trumbull/414-Stonehouse-Rd-06611/home/107200408,Smart MLS,170282843,N,Y,41.2758678,-73.2435236
MLS Listing,,Single Family Residential,9 Sail Harbour Dr,Sherman,CT,06784,2194000,5,4.5,Sherman,3842,81892,1993,1,571,155,Active,,,http://www.redfin.com/CT/Sherman/9-Sail-Harbour-Dr-06784/home/107168715,Smart MLS,170282838,N,Y,41.534749,-73.4678549
MLS Listing,,Single Family Residential,145 Tuckahoe Ln,Fairfield,CT,06824,499900,3,2.0,University,1604,15245,1954,1,312,,Active,,,http://www.redfin.com/CT/Fairfield/145-Tuckahoe-Ln-06824/home/107130501,Smart MLS,170282829,N,Y,41.1742247,-73.2530616
MLS Listing,,Single Family Residential,23 Deer Run,New Fairfield,CT,06812,590000,3,2.0,Candlewood Isle,1740,15245,1932,1,339,123,Active,,,http://www.redfin.com/CT/New-Fairfield/23-Deer-Run-06812/home/107230255,Smart MLS,170282785,N,Y,41.4873931,-73.4533574
MLS Listing,,Single Family Residential,171 N Taylor Ave,Norwalk,CT,06854,425000,3,2.5,West Norwalk,2215,24829,1955,1,192,,Active,,,http://www.redfin.com/CT/Norwalk/171-N-Taylor-Ave-06854/home/107842539,Smart MLS,170282824,N,Y,41.1146484,-73.4398205
MLS Listing,,Condo/Co-op,22 Main St #32,Danbury,CT,06810,225000,2,1.5,City Center,1418,,1996,1,159,340,Active,,,http://www.redfin.com/CT/Danbury/22-Main-St-06810/unit-32/home/106998874,Smart MLS,170282140,N,Y,41.386892,-73.446646
MLS Listing,,Single Family Residential,19 Center Dr,Greenwich,CT,06870,1545000,4,3.5,Old Greenwich,2778,7840,1934,1,556,,Active,,,http://www.redfin.com/CT/Old-Greenwich/19-Center-Dr-06870/home/107024980,Smart MLS,170282819,N,Y,41.0405425,-73.5705931
MLS Listing,,Condo/Co-op,10 Kiwi Cor #10,Ridgefield,CT,06877,195000,1,1.0,Village Center,925,,1976,1,211,418,Active,,,http://www.redfin.com/CT/Ridgefield/10-Kiwi-Cor-06877/unit-10/home/146121920,Smart MLS,170279602,N,Y,41.306159,-73.501967
MLS Listing,,Single Family Residential,2 1/2 Hazel St,Norwalk,CT,06851,394900,4,1.0,Norwalk,1152,9147,1950,1,343,,Active,,,http://www.redfin.com/CT/Norwalk/2-1-2-Hazel-St-06851/home/144519167,Smart MLS,170282761,N,Y,41.128673,-73.402732
MLS Listing,,Single Family Residential,410 Old Hickory Rd,Fairfield,CT,06824,647500,4,2.5,Greenfield Hill,2416,88862,1961,1,268,,Active,,,http://www.redfin.com/CT/Fairfield/410-Old-Hickory-Rd-06824/home/107136772,Smart MLS,170282817,N,Y,41.1674792,-73.311248
MLS Listing,,Single Family Residential,273 Riversville Rd,Greenwich,CT,06831,1595000,4,3.5,Greenwich,2786,87120,1900,1,573,,Active,,,http://www.redfin.com/CT/Greenwich/273-Riversville-Rd-06831/home/107029825,Smart MLS,170282808,N,Y,41.0539789,-73.6688199
MLS Listing,,Single Family Residential,26 Eagle Rd,Norwalk,CT,06850,375000,3,1.0,Spring Hill,1258,10454,1953,1,298,,Active,March-21-2020 01:00 PM,March-21-2020 03:00 PM,http://www.redfin.com/CT/Norwalk/26-Eagle-Rd-06850/home/107816483,Smart MLS,170282361,N,Y,41.1156057,-73.4325466
MLS Listing,,Single Family Residential,63 Durant St,Stamford,CT,06902,525000,4,2.0,Stamford,1859,6098,1935,1,282,,Active,,,http://www.redfin.com/CT/Stamford/63-Durant-St-06902/home/107118009,Smart MLS,170282480,N,Y,41.0389276,-73.5555364
MLS Listing,,Vacant Land,9 Shorehaven Rd,Norwalk,CT,06855,1300000,,,East Norwalk,,52707,,1,,,Active,,,http://www.redfin.com/CT/Norwalk/9-Shorehaven-Rd-06855/home/107831803,Smart MLS,170282673,N,Y,41.0916241,-73.3888909
MLS Listing,,Single Family Residential,25 Dogwood Ln,Westport,CT,06880,1150000,4,3.5,In-Town,2689,43560,1937,1,428,50,Active,,,http://www.redfin.com/CT/Westport/25-Dogwood-Ln-06880/home/107258722,Smart MLS,170281037,N,Y,41.1325621,-73.3499383
MLS Listing,,Single Family Residential,3 Cloverleaf Rd N,call Listing Agent,CT,06784,675000,4,3.5,Sherman,3231,250905,1987,1,209,2000,Active,,,http://www.redfin.com/CT/Sherman/3-Cloverleaf-Farm-N-06784/home/107170189,HGMLS,6027114,N,Y,41.632886,-73.513322
MLS Listing,,Condo/Co-op,54 Natureview Trl #54,Bethel,CT,06801,174900,2,1.0,Plumtrees,910,,1983,1,192,325,Active,,,http://www.redfin.com/CT/Bethel/54-Nature-View-Trl-06801/unit-54/home/171150435,Smart MLS,170278624,N,Y,41.3830985,-73.4065894
MLS Listing,,Single Family Residential,1 Chestnut Wood Rd,Redding,CT,06896,799000,3,2.5,West Redding,2500,352400,2020,1,320,,Active,,,http://www.redfin.com/CT/Redding/1-Chestnut-Woods-Rd-06896/home/109676109,Smart MLS,170282780,N,Y,41.3037773,-73.4421063
MLS Listing,,Single Family Residential,144 Ripton Rd,Shelton,CT,06484,429900,4,2.0,Huntington,2112,32670,1960,1,204,,Active,,,http://www.redfin.com/CT/Shelton/144-Ripton-Rd-06484/home/107191859,Smart MLS,170282562,N,Y,41.3006324,-73.1585742
MLS Listing,,Multi-Family (5+ Unit),24 Adams Ave. Ave,Stamford,CT,06902,1950000,0,,Mid City,4252,16552,1984,1,459,,Active,,,http://www.redfin.com/CT/Stamford/24-Adams-Ave-06902/unit-5/home/107100780,Smart MLS,170282662,N,Y,41.0564208,-73.5477843
MLS Listing,,Condo/Co-op,154 Cold Spring Rd #8,Stamford,CT,06905,299500,3,2.0,Mid City,1317,,1968,1,227,669,Active,,,http://www.redfin.com/CT/Stamford/154-Cold-Spring-Rd-06905/unit-8/home/107103790,Smart MLS,170282660,N,Y,41.0679777,-73.5546595
MLS Listing,,Single Family Residential,7 Indian Head Rd,Riverside,CT,06878,4950000,6,6.0,Riverside,8364,23086,2018,1,592,,Active,,,http://www.redfin.com/CT/Riverside/7-Indian-Head-Rd-06878/home/107031334,GMLS,109165,N,Y,41.0271342,-73.5834519
MLS Listing,,Single Family Residential,78 Middlesex Rd,Darien,CT,06820,800000,3,1.5,Darien,1672,9147,1926,1,478,,Active,,,http://www.redfin.com/CT/Darien/78-Middlesex-Rd-06820/home/107162020,Smart MLS,170282372,N,Y,41.077326,-73.507175
MLS Listing,,Single Family Residential,531 Soundview Ave,Bridgeport,CT,06606,219000,4,1.5,Bridgeport,1152,13068,1958,1,190,,Active,,,http://www.redfin.com/CT/Bridgeport/531-Soundview-Ave-06606/home/107054312,Smart MLS,170282543,N,Y,41.2176224,-73.1934773
MLS Listing,,Condo/Co-op,81 Locust Ave #315,New Canaan,CT,06840,359900,1,1.0,New Canaan,743,,1995,1,484,240,Active,,,http://www.redfin.com/CT/New-Canaan/81-Locust-Ave-06840/unit-315/home/107234138,Smart MLS,170282717,N,Y,41.1500539,-73.4907952
MLS Listing,,Single Family Residential,123 Doubling Rd,Greenwich,CT,06830,5995000,6,9.0,Greenwich,8563,67518,2011,1,700,,Active,,,http://www.redfin.com/CT/Greenwich/123-Doubling-Rd-06830/home/107024871,GMLS,109171,N,Y,41.0713727,-73.6095122
MLS Listing,,Single Family Residential,91 Jerusalem Hl,Trumbull,CT,06611,415000,3,1.5,Nichols,1914,22651,1934,1,217,,Active,,,http://www.redfin.com/CT/Trumbull/91-Jerusalem-Hl-06611/home/107205008,Smart MLS,170282721,N,Y,41.2386999,-73.1573411
MLS Listing,,Single Family Residential,477 Aran Hill Rd,Fairfield,CT,06824,849000,5,3.0,Greenfield Hill,3440,87120,1966,1,247,,Active,,,http://www.redfin.com/CT/Fairfield/477-Aran-Hill-Rd-06824/home/107148135,Smart MLS,170282689,N,Y,41.2075082,-73.2989947
MLS Listing,,Single Family Residential,475 Amsterdam Ave,Bridgeport,CT,06606,269000,4,1.5,North End,2246,4791,1937,1,120,,Active,,,http://www.redfin.com/CT/Bridgeport/475-Amsterdam-Ave-06606/home/107051750,Smart MLS,170282701,N,Y,41.2049059,-73.2116699
MLS Listing,,Single Family Residential,37 Craig Ct,Stamford,CT,06903,775000,4,4.5,North Stamford,5790,93218,1987,1,134,,Active,,,http://www.redfin.com/CT/Stamford/37-Craig-Ct-06903/home/107089046,Smart MLS,170282028,N,Y,41.1761306,-73.5622425
MLS Listing,,Condo/Co-op,160 Fairfield Woods Rd #65,Fairfield,CT,06825,219000,2,1.0,Stratfield,1000,,1965,1,219,531,Active,,,http://www.redfin.com/CT/Fairfield/160-Fairfield-Woods-Rd-06825/unit-65/home/107141422,Smart MLS,170282102,N,Y,41.1982574,-73.2382394
MLS Listing,,Single Family Residential,249 New Canaan Ave,Norwalk,CT,06850,475000,3,2.0,Broad River,3340,16552,1955,1,142,,Active,,,http://www.redfin.com/CT/Norwalk/249-New-Canaan-Ave-06850/home/107865814,Smart MLS,170278097,N,Y,41.1326105,-73.4513094
MLS Listing,,Single Family Residential,50 Guards Rd,Greenwich,CT,06831,5150000,8,8.0,Greenwich,7287,462607,1984,1,707,,Active,,,http://www.redfin.com/CT/Greenwich/50-Guards-Rd-06831/home/107028197,GMLS,109167,N,Y,41.133741,-73.642995
MLS Listing,,Condo/Co-op,785 Connecticut Ave #2,Bridgeport,CT,06607,18500,1,1.0,East End,625,,1916,1,30,406,Active,,,http://www.redfin.com/CT/Bridgeport/785-Connecticut-Ave-06607/unit-2/home/171148575,Smart MLS,170282692,N,Y,41.1813458,-73.1633385
MLS Listing,,Single Family Residential,23 Fremont St,Bridgeport,CT,06605,289000,8,3.0,West End,2996,2178,2008,1,96,,Active,,,http://www.redfin.com/CT/Bridgeport/23-Fremont-St-06605/home/107049605,Smart MLS,170282615,N,Y,41.1728989,-73.2032073
MLS Listing,,Single Family Residential,35 Flat Rock Dr,Easton,CT,06612,819000,5,4.0,Lower Easton,4793,86248,1997,1,171,,Active,,,http://www.redfin.com/CT/Easton/35-Flat-Rock-Dr-06612/home/107612512,Smart MLS,170282681,N,Y,41.2457992,-73.2691416
MLS Listing,,Single Family Residential,31 Gibson Ave,Trumbull,CT,06611,429000,3,2.5,Long Hill,2912,24829,1966,1,147,,Active,,,http://www.redfin.com/CT/Trumbull/31-Gibson-Ave-06611/home/107200449,Smart MLS,170281966,N,Y,41.2436641,-73.2131561
MLS Listing,,Single Family Residential,32 Fox Hunt Rd,Shelton,CT,06484,489900,4,2.5,White Hills,2454,54885,2010,1,200,,Active,,,http://www.redfin.com/CT/Shelton/32-Foxhunt-Rd-06484/home/107191307,Smart MLS,170282657,N,Y,41.3543637,-73.1549957
MLS Listing,,Condo/Co-op,88 Southfield Ave #303,Stamford,CT,06902,529000,2,2.0,Waterside,1456,,1987,1,363,928,Active,,,http://www.redfin.com/CT/Stamford/88-Southfield-Ave-06902/unit-303/home/145548949,Smart MLS,170281525,N,Y,41.0367688,-73.547412
MLS Listing,,Single Family Residential,64 Hillcrest Park Rd,Old Greenwich,CT,06870,2195000,6,5.0,Old Greenwich,8300,48351,1901,1,264,,Active,,,http://www.redfin.com/CT/OLD-GREENWICH/64-HILLCREST-PARK-RD-06870/home/107029419,GMLS,109166,N,Y,41.064987,-73.575765
MLS Listing,,Condo/Co-op,325 Lansdowne #325,Westport,CT,06880,589000,2,2.5,Greens Farms,2100,,1986,1,280,502,Active,,,http://www.redfin.com/CT/Westport/325-Lansdowne-06880/unit-325/home/144522545,Smart MLS,170280934,N,Y,41.1348738,-73.3048791
MLS Listing,,Single Family Residential,41 Hermit Ln,Westport,CT,06880,900000,5,3.5,Red Coat,4368,44866,1969,1,206,,Active,,,http://www.redfin.com/CT/Westport/41-Hermit-Ln-06880/home/107264478,Smart MLS,170281532,N,Y,41.1748927,-73.3762519
MLS Listing,,Single Family Residential,67 Stonehedge Dr S,Greenwich,CT,06831,1599000,5,4.5,Greenwich,3772,67082,1964,1,424,,Active,,,http://www.redfin.com/CT/Greenwich/67-Stonehedge-Dr-S-06831/home/107025658,HGMLS,6023969,N,Y,41.0468728,-73.6713951
MLS Listing,,Single Family Residential,125 Wood Ave,Stratford,CT,06614,239000,3,1.5,Stratford,1356,3920,1920,1,176,,Active,,,http://www.redfin.com/CT/Stratford/125-Wood-Ave-06614/home/107219529,Smart MLS,170280352,N,Y,41.2026573,-73.1369313
MLS Listing,,Single Family Residential,184 Federal St #184,Fairfield,CT,06825,527000,3,2.5,Stratfield,2554,,1995,1,206,370,Active,,,http://www.redfin.com/CT/Fairfield/184-Federal-St-06825/unit-184/home/169061454,Smart MLS,170282230,N,Y,41.2232668,-73.2533621
MLS Listing,,Condo/Co-op,2437 Bedford St Unit G10,Stamford,CT,06905,299000,1,1.0,Mid City,885,,1984,1,338,281,Active,,,http://www.redfin.com/CT/Stamford/2437-Bedford-St-06905/unit-G10/home/107103383,Smart MLS,170280306,N,Y,41.0711465,-73.5476508
MLS Listing,,Single Family Residential,4 Ford Ln,Old Greenwich,CT,06870,5295000,6,6.5,Old Greenwich,5619,12632,2020,1,942,,Active,,,http://www.redfin.com/CT/Old-Greenwich/4-Ford-Ln-06870/home/171147125,GMLS,109163,N,Y,41.0243606,-73.5569952
MLS Listing,,Condo/Co-op,8 Forest Way #8,Bethel,CT,06801,385000,3,2.5,Bethel,1876,,2017,1,205,315,Active,,,http://www.redfin.com/CT/Bethel/8-Forest-Way-06801/unit-8/home/171147043,Smart MLS,170267590,N,Y,41.3627061,-73.4088843
MLS Listing,,Condo/Co-op,93 Southport Woods Dr #93,Fairfield,CT,06890,325000,2,2.0,Southport,1200,,1969,1,271,362,Active,,,http://www.redfin.com/CT/Southport/93-Southport-Woods-Dr-06890/unit-93/home/171147042,Smart MLS,170259600,N,Y,41.1412731,-73.2906854
MLS Listing,,Multi-Family (2-4 Unit),81 Hansen Ave,Bridgeport,CT,06605,489900,9,3.0,Black Rock,3000,4791,1918,1,163,,Active,,,http://www.redfin.com/CT/Bridgeport/81-Hansen-Ave-06605/home/107036364,Smart MLS,170282408,N,Y,41.163783,-73.2217737
MLS Listing,,Single Family Residential,19 Jackson Dr,Danbury,CT,06811,289900,3,1.5,Stadley Rough,1352,23086,1966,1,214,,Active,,,http://www.redfin.com/CT/Danbury/19-Jackson-Dr-06811/home/107001240,Smart MLS,170275059,N,Y,41.4305488,-73.4364713
MLS Listing,,Condo/Co-op,833 Summer St Unit 2F,Stamford,CT,06901,235000,1,1.0,Mid City,675,,1928,1,348,263,Active,,,http://www.redfin.com/CT/Stamford/833-Summer-St-06901/unit-2F/home/107105627,Smart MLS,170282059,N,Y,41.0590062,-73.5396504
MLS Listing,,Single Family Residential,310 Oceanview Ter,Stratford,CT,06614,288000,3,1.5,North End,1942,10018,1964,1,148,,Active,,,http://www.redfin.com/CT/Stratford/310-Oceanview-Ter-06614/home/107224244,Smart MLS,170282176,N,Y,41.2212436,-73.1531924
MLS Listing,,Single Family Residential,236 Verna Hill Rd,Fairfield,CT,06824,839000,4,2.5,Greenfield Hill,2723,20473,1929,1,308,,Active,,,http://www.redfin.com/CT/Fairfield/236-Verna-Hill-Rd-06824/home/107129128,Smart MLS,170282084,N,Y,41.1731394,-73.2850361
MLS Listing,,Condo/Co-op,10 Patterson Ave #10,Stratford,CT,06614,179900,2,1.5,Stratford,1404,,1974,1,128,150,Active,,,http://www.redfin.com/CT/Stratford/10-Patterson-Ave-06614/unit-10/home/171146791,Smart MLS,170282029,N,Y,41.2001363,-73.1270247
MLS Listing,,Single Family Residential,1776 Huntington Rd,Stratford,CT,06614,415000,3,2.5,Bunnell,3113,37026,1993,1,133,,Active,March-22-2020 01:00 PM,March-22-2020 03:00 PM,http://www.redfin.com/CT/Stratford/1776-Huntington-Rd-06614/home/107214536,Smart MLS,170282309,N,Y,41.2305815,-73.137666
MLS Listing,,Single Family Residential,61 Richmond Dr,Old Greenwich,CT,06870,978000,3,2.5,Old Greenwich,1980,5227,1986,1,494,,Active,,,http://www.redfin.com/CT/Old-Greenwich/61-Richmond-Dr-06870/home/107019750,GMLS,109159,N,Y,41.0436685,-73.5679562
MLS Listing,,Single Family Residential,1 Fieldstone Rd,Stamford,CT,06902,749000,4,2.5,Newfield,2714,13503,1986,1,276,,Active,,,http://www.redfin.com/CT/Stamford/1-Fieldstone-Rd-06902/home/107082289,Smart MLS,170282386,N,Y,41.0748103,-73.5344967
MLS Listing,,Single Family Residential,1237 Lindley St,Bridgeport,CT,06606,290000,4,1.5,North End,2336,4791,1962,1,124,,Active,,,http://www.redfin.com/CT/Bridgeport/1237-Lindley-St-06606/home/107060778,Smart MLS,170280119,N,Y,41.2061519,-73.2028906
MLS Listing,,Single Family Residential,11 Rockland Pl,Old Greenwich,CT,06870,1500000,4,2.5,Old Greenwich,2954,7840,1997,1,508,,Active,,,http://www.redfin.com/CT/Old-Greenwich/11-Rockland-Pl-06870/home/107026253,GMLS,109158,N,Y,41.0355872,-73.5672575
MLS Listing,,Single Family Residential,16 Lamppost Dr,Redding,CT,06896,449000,4,2.5,West Redding,2888,91476,1975,1,155,,Active,,,http://www.redfin.com/CT/REDDING/16-LAMPPOST-DR-06896/home/107081843,Smart MLS,170278458,N,Y,41.331693,-73.433246
MLS Listing,,Single Family Residential,2 Junebar Ln,Norwalk,CT,06851,469000,3,2.0,Cranbury,1488,13503,1961,1,315,,Active,March-22-2020 01:00 PM,March-22-2020 03:00 PM,http://www.redfin.com/CT/Norwalk/2-Junebar-Ln-06851/home/107851084,Smart MLS,170277116,N,Y,41.1359089,-73.4087896
MLS Listing,,Single Family Residential,28 Briar Brae Rd,Darien,CT,06820,1445000,5,3.5,Darien,3766,22433,1955,1,384,,Active,,,http://www.redfin.com/CT/Darien/28-Briar-Brae-Rd-06820/home/107158391,Smart MLS,170281661,N,Y,41.0872848,-73.5099548
MLS Listing,,Single Family Residential,29 Sunset Ave,Trumbull,CT,06611,349700,4,2.0,Trumbull Center,1618,6098,1931,1,216,,Active,,,http://www.redfin.com/CT/Trumbull/29-Sunset-Ave-06611/home/107208036,Smart MLS,170281565,N,Y,41.2415165,-73.1937653
MLS Listing,,Single Family Residential,20 Adams Rd,Ridgefield,CT,06877,719000,4,3.0,Ridgefield,3920,43560,1955,1,183,,Active,,,http://www.redfin.com/CT/Ridgefield/20-Adams-Rd-06877/home/53652733,Smart MLS,170280241,N,Y,41.2717198,-73.4788675
MLS Listing,,Single Family Residential,5 Ridgewood Rd,Wilton,CT,06897,650000,3,2.5,Wilton,2313,21780,1945,2,281,,Active,,,http://www.redfin.com/CT/Wilton/5-Ridgewood-Rd-06897/home/107152008,Smart MLS,170281848,N,Y,41.1978688,-73.4075004
MLS Listing,,Single Family Residential,713 Silvermine Rd,New Canaan,CT,06840,1125000,4,2.5,New Canaan,3019,107157,1972,2,373,,Active,,,http://www.redfin.com/CT/New-Canaan/713-Silvermine-Rd-06840/home/107240228,Smart MLS,170281381,N,Y,41.1565789,-73.4607661
MLS Listing,,Condo/Co-op,108 Warrington Round #108,Danbury,CT,06810,599990,3,2.5,Aunt Hack,2510,,2012,2,239,432,Active,,,http://www.redfin.com/CT/Danbury/108-Warrington-Round-06810/unit-108/home/171145256,Smart MLS,170282087,N,Y,41.3898468,-73.5338169
MLS Listing,,Single Family Residential,298 Woodrow Ave,Fairfield,CT,06890,424900,3,1.0,Southport,968,10018,1924,2,439,,Active,,,http://www.redfin.com/CT/Southport/298-Woodrow-Ave-06890/home/107148207,Smart MLS,170275326,N,Y,41.1423932,-73.2883531
MLS Listing,,Single Family Residential,20 Beverly Rd,Trumbull,CT,06611,395930,3,3.0,Nichols,2312,27007,1968,2,171,,Active,,,http://www.redfin.com/CT/Trumbull/20-Beverly-Rd-06611/home/107207931,Smart MLS,170282121,N,Y,41.2496229,-73.1680812
MLS Listing,,Single Family Residential,4 Pine St,Darien,CT,06820,899900,3,2.0,Darien,1982,7405,1906,2,454,,Active,,,http://www.redfin.com/CT/Darien/4-Pine-St-06820/home/107163830,Smart MLS,170282413,N,Y,41.077074,-73.4922
MLS Listing,,Single Family Residential,41 Rockwood Ln,Monroe,CT,06468,515000,4,2.5,Stepney,3175,87120,1992,2,162,,Active,,,http://www.redfin.com/CT/Monroe/41-Rockwood-Ln-06468/home/107068346,Smart MLS,170281886,N,Y,41.3274425,-73.2922851
MLS Listing,,Single Family Residential,490 Bunnyview Dr,Stratford,CT,06614,259900,2,1.0,North End,1240,10454,1963,2,210,,Active,,,http://www.redfin.com/CT/Stratford/490-Bunnyview-Dr-06614/home/107219865,Smart MLS,170282444,N,Y,41.2302326,-73.1312033
MLS Listing,,Condo/Co-op,603 Wilmot Ave #5,Bridgeport,CT,06607,22500,1,1.0,East End,690,,1948,2,33,410,Active,,,http://www.redfin.com/CT/Bridgeport/603-Wilmot-Ave-06607/unit-5/home/148012130,Smart MLS,170282438,N,Y,41.1821629,-73.1636719
MLS Listing,,Single Family Residential,12 Southview Rd,New Fairfield,CT,06812,589000,4,2.5,Knollcrest,2178,23958,1950,2,270,,Active,,,http://www.redfin.com/CT/New-Fairfield/12-Southview-Rd-06812/home/107233113,Smart MLS,170282418,N,Y,41.4987696,-73.4663066
MLS Listing,,Multi-Family (2-4 Unit),238 Pearl Harbor St,Bridgeport,CT,06610,245000,4,2.0,Mill Hill,1500,6969,1942,2,163,,Active,,,http://www.redfin.com/CT/Bridgeport/238-Pearl-Harbor-St-06610/home/107059121,Smart MLS,170282397,N,Y,41.1991265,-73.160451
MLS Listing,,Multi-Family (5+ Unit),170 Fairfield Ave,Stamford,CT,06902,850000,7,6.0,Stamford,3715,6969,1900,2,229,,Active,,,http://www.redfin.com/CT/Stamford/170-Fairfield-Ave-06902/home/107103458,Smart MLS,170262169,N,Y,41.0457814,-73.5508087
MLS Listing,,Single Family Residential,81 Montero Dr,Stratford,CT,06614,329000,3,1.5,Paradise Green,1676,10018,1954,2,196,,Active,,,http://www.redfin.com/CT/Stratford/81-Montero-Dr-06614/home/107208769,Smart MLS,170281649,N,Y,41.2165563,-73.1180164
MLS Listing,,Single Family Residential,37 Windsor Rd,Shelton,CT,06484,319900,3,2.0,Huntington,1676,41382,1963,2,191,,Active,,,http://www.redfin.com/CT/Shelton/37-Windsor-Rd-06484/home/107180562,Smart MLS,170281442,N,Y,41.29607,-73.1733358
MLS Listing,,Single Family Residential,187 Dolphin Cove Quay,Stamford,CT,06902,1795000,4,3.5,Stamford,2392,8712,1977,2,750,196,Active,,,http://www.redfin.com/CT/Stamford/187-Dolphin-Cove-Quay-06902/home/107099657,GMLS,109156,N,Y,41.0256192,-73.548393
MLS Listing,,Single Family Residential,465 Whitney Ave,Trumbull,CT,06611,429900,4,3.0,Trumbull,2980,39204,1953,2,144,,Active,,,http://www.redfin.com/CT/Trumbull/465-Whitney-Ave-06611/home/107197412,Smart MLS,170282377,N,Y,41.2858238,-73.2095219
MLS Listing,,Condo/Co-op,500 Glendale Ave #1,Bridgeport,CT,06606,129900,2,1.0,North End,1143,,1982,2,114,269,Active,,,http://www.redfin.com/CT/Bridgeport/500-Glendale-Ave-06606/unit-1/home/107051052,Smart MLS,170282322,N,Y,41.2113322,-73.2213379
MLS Listing,,Single Family Residential,74 Park Ave S,Greenwich,CT,06870,4395000,6,7.0,Old Greenwich,7400,23958,2016,2,594,,Active,,,http://www.redfin.com/CT/Greenwich/74-Park-Ave-06830/home/171141875,Smart MLS,170282390,N,Y,41.0393043,-73.6200918
MLS Listing,,Single Family Residential,205 Lake Ave,Trumbull,CT,06611,740000,5,2.5,Trumbull,3402,43560,1965,2,218,25,Active,,,http://www.redfin.com/CT/Trumbull/205-Lake-Ave-06611/home/107201215,Smart MLS,170282381,N,Y,41.2603381,-73.2407129
MLS Listing,,Multi-Family (2-4 Unit),43 4th St,Bridgeport,CT,06607,349900,6,3.0,Bridgeport,3237,3920,1898,2,108,,Active,,,http://www.redfin.com/CT/Bridgeport/43-4th-St-06607/home/107050764,Smart MLS,170266173,N,Y,41.1778854,-73.1695627
MLS Listing,,Single Family Residential,74 Park Ave,Old Greenwich,CT,06870,4395000,6,7.0,Old Greenwich,7400,23958,2016,2,594,,Active,,,http://www.redfin.com/CT/OLD-GREENWICH/74-PARK-AVE-06870/home/107025483,GMLS,109155,N,Y,41.025579,-73.564231
MLS Listing,,Single Family Residential,135 Hammertown Rd,Monroe,CT,06468,539000,4,2.5,Monroe,2592,88426,2019,2,208,,Active,,,http://www.redfin.com/CT/Monroe/135-Hammertown-Rd-06468/home/144864513,Smart MLS,170281975,N,Y,41.3604285,-73.2063347
MLS Listing,,Condo/Co-op,16 Terra Nova Cir #16,Westport,CT,06880,1079000,3,2.5,Westport,2829,,2003,2,381,985,Active,,,http://www.redfin.com/CT/Westport/16-Terra-Nova-Cir-06880/unit-16/home/171141479,Smart MLS,170276320,N,Y,41.1305169,-73.3813072
MLS Listing,,Single Family Residential,11 Indian Head Rd,Riverside,CT,06878,2150000,5,3.5,Riverside,3132,13939,1920,2,686,,Active,,,http://www.redfin.com/CT/Riverside/11-Indian-Head-Rd-06878/home/107023924,GMLS,109154,N,Y,41.0267208,-73.583774
MLS Listing,,Single Family Residential,77 Charles St,Stamford,CT,06902,695000,4,5.0,Cove,2797,6098,2005,2,248,,Active,,,http://www.redfin.com/CT/Stamford/77-Charles-St-06902/home/107102752,Smart MLS,170282373,N,Y,41.0445343,-73.5089892
MLS Listing,,Single Family Residential,146 Hawthorne St,Bridgeport,CT,06610,249900,3,2.0,Beardsley Park,1185,10454,1966,2,211,,Active,,,http://www.redfin.com/CT/Bridgeport/146-Hawthorne-St-06610/home/107056975,Smart MLS,170282367,N,Y,41.2036218,-73.1849047
MLS Listing,,Single Family Residential,756 Ponus Rdg,New Canaan,CT,06840,2500000,5,4.5,Ponus Ridge,5283,87555,1764,2,473,,Active,,,http://www.redfin.com/CT/New-Canaan/756-Ponus-Ridge-Rd-06840/home/107233960,Smart MLS,170282348,N,Y,41.1382575,-73.5274855
MLS Listing,,Single Family Residential,174 Silvermine Ave,Norwalk,CT,06850,649000,4,3.0,Silvermine,2197,70567,1900,2,295,,Active,,,http://www.redfin.com/CT/Norwalk/174-Silvermine-Ave-06850/home/107812630,Smart MLS,170277553,N,Y,41.1399548,-73.4411556
MLS Listing,,Condo/Co-op,18 River Pl #11,Stamford,CT,06907,220000,2,1.5,Springdale,1845,,1925,2,119,367,Active,,,http://www.redfin.com/CT/Stamford/18-River-Pl-06907/unit-11/home/171140891,Smart MLS,170282321,N,Y,41.1004304,-73.5118136
MLS Listing,,Single Family Residential,22 Guilford Ln,Greenwich,CT,06831,999000,4,2.5,Glenville,1810,8712,1966,2,552,,Active,,,http://www.redfin.com/CT/Greenwich/22-Guilford-Ln-06831/home/107018109,Smart MLS,170282328,N,Y,41.0292129,-73.6662907
MLS Listing,,Single Family Residential,25 Sweetbrier Ln,Monroe,CT,06468,649900,5,5.5,Monroe Center,4667,68824,2002,2,139,,Active,,,http://www.redfin.com/CT/Monroe/25-Sweetbrier-Ln-06468/home/107072853,Smart MLS,170281821,N,Y,41.3260039,-73.2108058
MLS Listing,,Single Family Residential,73 Harpsichord Tpke,Stamford,CT,06903,1199000,5,3.5,North Stamford,5763,72309,2000,2,208,,Active,,,http://www.redfin.com/CT/Stamford/73-Harpsichord-Tpke-06903/home/107114595,Smart MLS,170281077,N,Y,41.1366967,-73.5942253
MLS Listing,,Single Family Residential,5 Blueberry Hill Rd,Weston,CT,06883,1250000,4,3.5,Lower Weston,7190,56628,2008,2,174,,Active,,,http://www.redfin.com/CT/Weston/5-Blueberry-Hill-Rd-06883/home/107010747,Smart MLS,170281026,N,Y,41.2176068,-73.3489235
MLS Listing,,Single Family Residential,623 Westover Rd,Stamford,CT,06902,895000,4,5.0,Westover,5457,43560,1990,2,164,,Active,,,http://www.redfin.com/CT/Stamford/623-Westover-Rd-06902/home/107097221,Smart MLS,170281718,N,Y,41.076956,-73.5751248
MLS Listing,,Single Family Residential,107 Pond St,Bridgeport,CT,06606,137750,3,1.5,North End,1800,8712,1979,2,77,,Active,,,http://www.redfin.com/CT/Bridgeport/107-Pond-St-06606/home/107053555,Smart MLS,170282118,N,Y,41.2057567,-73.1955844
MLS Listing,,Single Family Residential,100 Williamsburg Dr,Monroe,CT,06468,379900,3,2.0,Monroe,2942,44431,1970,2,129,,Active,,,http://www.redfin.com/CT/Monroe/100-Williamsburg-Dr-06468/home/107071351,Smart MLS,170273594,N,Y,41.3255823,-73.1949406
MLS Listing,,Single Family Residential,1 Obtuse Rd,Newtown,CT,06470,439000,5,5.5,Hawleyville,3632,87120,1931,2,121,,Active,,,http://www.redfin.com/CT/Newtown/1-Obtuse-Rd-06470/home/107627183,Smart MLS,170281789,N,Y,41.4373391,-73.3579634
MLS Listing,,Condo/Co-op,11 Hawkins Ave Unit 1A,Norwalk,CT,06855,575000,4,3.0,East Norwalk,2891,,1985,2,199,419,Active,,,http://www.redfin.com/CT/Norwalk/11-Hawkins-Ave-06855/unit-1A/home/107815782,Smart MLS,170280360,N,Y,41.093983,-73.4009894
MLS Listing,,Condo/Co-op,11 Old Colony Rd #11,Monroe,CT,06468,428000,3,3.5,Stepney,2926,,1989,2,146,140,Active,,,http://www.redfin.com/CT/Monroe/11-Old-Colony-Rd-06468/unit-11/home/146895171,Smart MLS,170282162,N,Y,41.3218429,-73.2481632
MLS Listing,,Vacant Land,0 N Wilton Rd,New Canaan,CT,06840,1838000,,,New Canaan,,876862,,2,,,Active,,,http://www.redfin.com/CT/New-Canaan/N-Wilton-Rd-06840/home/107234353,Smart MLS,170281894,N,Y,41.204212,-73.479876
MLS Listing,,Condo/Co-op,32 Pine St #8,Norwalk,CT,06854,240000,1,1.5,South Norwalk,972,,1985,2,247,318,Active,,,http://www.redfin.com/CT/Norwalk/32-Pine-St-06854/unit-8/home/107873732,Smart MLS,170282250,N,Y,41.101823,-73.4197554
MLS Listing,,Vacant Land,0 Deforest Rd,Wilton,CT,06897,965800,,,Wilton,,482644,,2,,,Active,,,http://www.redfin.com/CT/Wilton/Deforest-Rd-06897/home/107153426,Smart MLS,170281874,N,Y,41.204298,-73.477857
MLS Listing,,Single Family Residential,15 Flagler Dr,Greenwich,CT,06830,3175000,4,3.5,Greenwich,3648,89297,1986,2,870,,Active,,,http://www.redfin.com/CT/Greenwich/15-Flagler-Dr-06830/home/107021742,GMLS,109149,N,Y,41.075831,-73.627553
MLS Listing,,Single Family Residential,52 Mckinley Ave,Stratford,CT,06615,259900,3,3.0,Stratford,1518,5227,1960,2,171,,Active,,,http://www.redfin.com/CT/Stratford/52-McKinley-Ave-06615/home/107220791,Smart MLS,170282245,N,Y,41.1776089,-73.1451715
MLS Listing,,Single Family Residential,7 Windmill Rd,New Fairfield,CT,06812,419000,3,2.0,Knollcrest,1602,17424,1940,2,262,,Active,,,http://www.redfin.com/CT/New-Fairfield/7-Windmill-Rd-06812/home/107233152,Smart MLS,170282169,N,Y,41.4998097,-73.4675788
MLS Listing,,Single Family Residential,7 Silver Ledge Rd,Norwalk,CT,06850,589000,4,2.5,Silvermine,2323,20908,1969,2,254,,Active,,,http://www.redfin.com/CT/Norwalk/7-Silver-Ledge-Rd-06850/home/107863726,Smart MLS,170277932,N,Y,41.1392219,-73.4426748
MLS Listing,,Single Family Residential,13 Witch Ln,Norwalk,CT,06853,1799000,5,4.5,Rowayton,4823,8712,2007,2,373,,Active,,,http://www.redfin.com/CT/Norwalk/13-Witch-Ln-06853/home/107859938,Smart MLS,170278004,N,Y,41.0713357,-73.4421857
MLS Listing,,Single Family Residential,298 Stillman St,Bridgeport,CT,06608,135000,3,1.5,East End,1368,1742,1887,2,99,,Active,,,http://www.redfin.com/CT/Bridgeport/298-Stillman-St-06608/home/107056388,Smart MLS,170282208,N,Y,41.192512,-73.1826462
MLS Listing,,Single Family Residential,67 Mona Ter,Fairfield,CT,06824,795000,4,2.0,Beach,1692,12632,1941,3,470,,Active,,,http://www.redfin.com/CT/Fairfield/67-Mona-Ter-06824/home/107138575,Smart MLS,170282197,N,Y,41.1328992,-73.2608196
MLS Listing,,Single Family Residential,16 Horton St,Norwalk,CT,06851,325000,3,1.5,Broad River,2288,6969,1910,3,142,,Active,,,http://www.redfin.com/CT/Norwalk/16-Horton-St-06851/home/107828423,Smart MLS,170282001,N,Y,41.1208742,-73.4203116
MLS Listing,,Single Family Residential,1277 Mine Hill Rd,Fairfield,CT,06824,1298000,4,3.5,Greenfield Hill,4050,79279,1957,3,320,,Active,,,http://www.redfin.com/CT/Fairfield/1277-Mine-Hill-Rd-06824/home/107136624,Smart MLS,170281942,N,Y,41.1853325,-73.291716
MLS Listing,,Single Family Residential,19 Woods End Ln,Weston,CT,06883,1299000,5,8.0,Weston,9073,93218,1996,3,143,,Active,,,http://www.redfin.com/CT/Weston/19-Woods-End-Ln-06883/home/107005897,Smart MLS,170279302,N,Y,41.2474117,-73.3681793
MLS Listing,,Single Family Residential,38 Knowlton St,Stratford,CT,06615,240000,3,1.0,West Side,1044,6098,1955,3,230,,Active,,,http://www.redfin.com/CT/Stratford/38-Knowlton-St-06615/home/107212228,Smart MLS,170281808,N,Y,41.1873551,-73.1429127
MLS Listing,,Condo/Co-op,66 Oakview Cir #202,Bridgeport,CT,06604,67000,1,1.0,Bridgeport,715,,1979,3,94,304,Active,,,http://www.redfin.com/CT/Bridgeport/66-Oakview-Cir-06604/unit-202/home/107045107,Smart MLS,170282151,N,Y,41.185851,-73.2022339
MLS Listing,,Single Family Residential,220 Flagler Ave,Stratford,CT,06614,324900,4,1.0,Bunnell,1700,15245,1949,3,191,,Active,,,http://www.redfin.com/CT/Stratford/220-Flagler-Ave-06614/home/107209467,Smart MLS,170281112,N,Y,41.2264599,-73.1342921
MLS Listing,,Single Family Residential,148 Poverty Hollow Rd,Redding,CT,06896,594900,6,4.5,Redding,3128,188614,1925,3,190,,Active,,,http://www.redfin.com/CT/Redding/148-Poverty-Hollow-Rd-06896/home/107079314,Smart MLS,170279233,N,Y,41.3097951,-73.3333746
MLS Listing,,Single Family Residential,28 Dairy Rd,Greenwich,CT,06830,4595000,5,6.0,Greenwich,10014,87120,2002,3,459,,Active,,,http://www.redfin.com/CT/Greenwich/28-Dairy-Rd-06830/home/107020629,Smart MLS,170282142,N,Y,41.0814065,-73.6368341
MLS Listing,,Single Family Residential,129 Perry Ave,Norwalk,CT,06850,695683,3,3.0,Silvermine,2335,43560,1850,3,298,,Active,,,http://www.redfin.com/CT/Norwalk/129-Perry-Ave-06850/home/107856786,Smart MLS,170281140,N,Y,41.145283,-73.437439
MLS Listing,,Single Family Residential,32 Vineyard Ln,Greenwich,CT,06831,8600000,6,9.5,Greenwich,12078,194713,1930,3,712,,Active,,,http://www.redfin.com/CT/Greenwich/32-Vineyard-Ln-06831/home/107017476,GMLS,109148,N,Y,41.0499618,-73.6463085
MLS Listing,,Single Family Residential,147 Richmond Hill Rd,New Canaan,CT,06840,1069000,3,3.0,New Canaan,2210,8276,1920,3,484,,Active,,,http://www.redfin.com/CT/New-Canaan/147-Richmond-Hill-Rd-06840/home/107241634,Smart MLS,170282093,N,Y,41.1417848,-73.501002
MLS Listing,,Condo/Co-op,65 Rowayton Ave Unit A,Norwalk,CT,06853,2795000,3,3.5,Rowayton,4534,,2009,3,616,1285,Active,,,http://www.redfin.com/CT/Norwalk/65-Rowayton-Ave-06853/unit-A/home/107824605,Smart MLS,170280536,N,Y,41.0627972,-73.4452297
MLS Listing,,Condo/Co-op,11 Boulevard Dr #4,Danbury,CT,06810,289000,2,3.0,Aunt Hack,1968,,1985,3,147,495,Active,March-22-2020 01:00 PM,March-22-2020 03:00 PM,http://www.redfin.com/CT/Danbury/11-Boulevard-Dr-06810/unit-4/home/106984135,Smart MLS,170280678,N,Y,41.3800393,-73.4963117
MLS Listing,,Single Family Residential,86 Taunton Lake Rd,Newtown,CT,06470,449900,3,2.5,Taunton,2070,455637,1981,3,217,,Active,,,http://www.redfin.com/CT/Newtown/86-Taunton-Lake-Rd-06470/home/107643272,Smart MLS,170281958,N,Y,41.4056106,-73.3303499
MLS Listing,,Single Family Residential,11 Woodchuck Ln,Norwalk,CT,06854,473900,4,2.5,Norwalk,2530,21780,1964,3,187,,Active,,,http://www.redfin.com/CT/Norwalk/11-Woodchuck-Ln-06854/home/107875635,Smart MLS,170281746,N,Y,41.0875827,-73.4437796
MLS Listing,,Single Family Residential,107 Canfield Dr,Stamford,CT,06902,1149000,5,6.5,Westover,6252,43560,1979,3,184,,Active,,,http://www.redfin.com/CT/Stamford/107-Canfield-Dr-06902/home/107108206,Smart MLS,170280783,N,Y,41.0845996,-73.5803927
MLS Listing,,Single Family Residential,3 Oak Dr,Sherman,CT,06784,209000,2,1.0,Holiday Point,624,38768,1946,3,335,54,Active,,,http://www.redfin.com/CT/Sherman/3-Oak-Dr-06784/home/107169861,Smart MLS,170281155,N,Y,41.5719198,-73.4887863
MLS Listing,,Single Family Residential,9 Loundsbury Ave,Norwalk,CT,06851,339000,2,1.0,Norwalk,1004,4791,1922,3,338,,Active,,,http://www.redfin.com/CT/Norwalk/9-Loundsbury-Ave-06851/home/107809364,Smart MLS,170277833,N,Y,41.1217852,-73.4205188
MLS Listing,,Multi-Family (2-4 Unit),36 Ives Ct,Bridgeport,CT,06606,229000,4,2.0,North End,1860,2613,1897,3,123,,Active,,,http://www.redfin.com/CT/Bridgeport/36-Ives-Ct-06606/home/107058750,Smart MLS,170276352,N,Y,41.1963108,-73.1912399
MLS Listing,,Single Family Residential,30 Heusted Dr,Old Greenwich,CT,06870,1850000,4,3.5,Old Greenwich,2126,7405,1936,3,870,,Active,,,http://www.redfin.com/CT/Old-Greenwich/30-Heusted-Dr-06870/home/107019042,GMLS,109141,N,Y,41.0258473,-73.5708723
MLS Listing,,Single Family Residential,90 Riverside Ln,Riverside,CT,06878,1595000,6,4.5,Riverside,2937,10454,2001,3,543,,Active,,,http://www.redfin.com/CT/Riverside/90-Riverside-Ln-06878/home/107026337,GMLS,109140,N,Y,41.046386,-73.583968
MLS Listing,,Single Family Residential,11 Walker Ln,Weston,CT,06883,828000,5,4.5,Weston,5974,87120,1986,3,139,,Active,,,http://www.redfin.com/CT/Weston/11-Walker-Ln-06883/home/107011058,Smart MLS,170280576,N,Y,41.2283188,-73.35942
MLS Listing,,Single Family Residential,58 Washington Ave,Greenwich,CT,06830,1400000,4,3.5,Greenwich,2128,5227,1919,3,658,,Active,,,http://www.redfin.com/CT/Greenwich/58-Washington-Ave-06830/home/107019139,Smart MLS,170281687,N,Y,41.0310269,-73.623697
MLS Listing,,Condo/Co-op,3 Putnam Hl Unit 3E,Greenwich,CT,06830,379000,2,1.0,Greenwich,1060,,1956,3,358,,Active,,,http://www.redfin.com/CT/Greenwich/3-Putnam-Hill-Rd-06830/unit-3-E/home/146894274,GMLS,109139,N,Y,41.0336731,-73.6187119
MLS Listing,,Single Family Residential,488 Huntington St,Shelton,CT,06484,339900,3,1.0,Huntington,1644,45302,1983,3,207,,Active,,,http://www.redfin.com/CT/Shelton/488-Huntington-St-06484/home/107194442,Smart MLS,170281882,N,Y,41.2657726,-73.1376574
MLS Listing,,Condo/Co-op,21 Haddon St #5,Bridgeport,CT,06605,129900,2,1.0,Black Rock,750,,1918,3,173,482,Active,,,http://www.redfin.com/CT/Bridgeport/21-Haddon-St-06605/unit-5/home/171128561,Smart MLS,170281707,N,Y,41.1571107,-73.2250027
MLS Listing,,Single Family Residential,12 Cold Spring Dr,Trumbull,CT,06611,539900,4,3.5,Tashua,3585,56192,1986,3,151,,Active,,,http://www.redfin.com/CT/Trumbull/12-Cold-Spring-Dr-06611/home/107200826,Smart MLS,170280299,N,Y,41.2856623,-73.2636588
MLS Listing,,Single Family Residential,8 Wakeman Rd,Darien,CT,06820,1630000,6,4.5,Darien,4100,15681,1931,3,398,,Active,March-22-2020 01:00 PM,March-22-2020 03:00 PM,http://www.redfin.com/CT/Darien/8-Wakeman-Rd-06820/home/107158387,Smart MLS,170281409,N,Y,41.0862913,-73.4555644
MLS Listing,,Single Family Residential,351 Bennetts Farm Rd,Ridgefield,CT,06877,639000,3,3.0,Ridgefield,2900,26571,1985,3,220,,Active,,,http://www.redfin.com/CT/Ridgefield/351-Bennetts-Farm-Rd-06877/home/53646752,Smart MLS,170275087,N,Y,41.3365675,-73.4926234
MLS Listing,,Condo/Co-op,133 Country Pl #133,Shelton,CT,06484,219400,3,3.0,Shelton,1322,,1983,3,166,300,Active,,,http://www.redfin.com/CT/Shelton/133-Country-Pl-06484/unit-133/home/171128484,Smart MLS,170267752,N,Y,41.2985256,-73.1079832
MLS Listing,,Single Family Residential,56 Bond St,Bridgeport,CT,06610,185000,3,1.5,Bridgeport,1280,2613,1988,3,145,,Active,,,http://www.redfin.com/CT/Bridgeport/56-Bond-St-06610/home/107049223,Smart MLS,170281985,N,Y,41.1941926,-73.1691989
MLS Listing,,Single Family Residential,28 Byram Terrace Dr,Greenwich,CT,06831,920000,3,2.0,Greenwich,1666,17424,1951,3,552,,Active,,,http://www.redfin.com/CT/Greenwich/28-Byram-Terrace-Dr-06831/home/107024380,GMLS,109138,N,Y,41.0167404,-73.6535979
MLS Listing,,Single Family Residential,96 Wyldewood Rd,Easton,CT,06612,610000,5,3.0,Aspetuck,5005,131551,1966,3,122,,Active,,,http://www.redfin.com/CT/Easton/96-Wyldewood-Rd-06612/home/107617800,Smart MLS,170280399,N,Y,41.2396783,-73.3282568
MLS Listing,,Single Family Residential,41 Cloverdale Ave,Shelton,CT,06484,489900,4,3.0,Huntington,3755,40510,1977,3,130,,Active,,,http://www.redfin.com/CT/Shelton/41-Cloverdale-Ave-06484/home/107191230,Smart MLS,170278421,N,Y,41.2928683,-73.1559352
MLS Listing,,Single Family Residential,13 Riverside Ln,Riverside,CT,06878,1250000,3,3.0,Riverside,2052,13503,1948,3,609,,Active,,,http://www.redfin.com/CT/Riverside/13-Riverside-Ln-06878/home/107015567,GMLS,109136,N,Y,41.0415585,-73.5855584
MLS Listing,,Single Family Residential,56 E Starrs Plain Rd,Danbury,CT,06810,429000,3,3.5,Danbury,2326,84070,1984,3,184,,Active,,,http://www.redfin.com/CT/Danbury/56-E-Starrs-Plain-Rd-06810/home/106994065,Smart MLS,170281944,N,Y,41.334376,-73.4562089
MLS Listing,,Condo/Co-op,2660 North Ave #239,Bridgeport,CT,06604,165000,2,2.0,Brooklawn,1064,,2010,3,155,294,Active,,,http://www.redfin.com/CT/Bridgeport/2660-North-Ave-06604/unit-239/home/107056861,Smart MLS,170281645,N,Y,41.1774473,-73.2208201
MLS Listing,,Condo/Co-op,850 E Main St #508,Stamford,CT,06902,435000,2,2.0,Mid City,1335,,2008,3,326,504,Active,,,http://www.redfin.com/CT/Stamford/850-E-Main-St-06902/unit-508/home/107110640,Smart MLS,170281921,N,Y,41.0556061,-73.5262248
MLS Listing,,Single Family Residential,76 Davis Hill Rd,Weston,CT,06883,650000,4,4.5,Weston,2806,91476,1963,3,232,,Active,,,http://www.redfin.com/CT/Weston/76-Davis-Hill-Rd-06883/home/107010454,Smart MLS,170267631,N,Y,41.2329356,-73.3497719
MLS Listing,,Single Family Residential,44 Oakridge Rd,Trumbull,CT,06611,329900,5,3.0,Nichols,2936,48787,1968,3,112,,Active,,,http://www.redfin.com/CT/Trumbull/44-Oakridge-Rd-06611/home/107200564,Smart MLS,170260861,N,Y,41.2304695,-73.1744881
MLS Listing,,Vacant Land,24 Surf Ave,Stratford,CT,06615,275000,,,Stratford,,27007,,3,,,Active,,,http://www.redfin.com/CT/Stratford/24-Surf-Ave-06615/home/171127748,Smart MLS,170281912,N,Y,41.183011,-73.1486795
MLS Listing,,Condo/Co-op,101 Grove St #19,Stamford,CT,06901,419900,2,2.5,Mid City,1475,,1985,3,285,290,Active,,,http://www.redfin.com/CT/Stamford/101-Grove-St-06901/unit-19/home/107103201,Smart MLS,170281785,N,Y,41.057477,-73.5339595
MLS Listing,,Condo/Co-op,40 California St Unit A13,Stratford,CT,06615,95000,1,1.0,North End,728,,1972,3,130,283,Active,,,http://www.redfin.com/CT/Stratford/40-California-St-06615/unit-A13/home/107210468,Smart MLS,170281825,N,Y,41.1919824,-73.1367662
MLS Listing,,Single Family Residential,527 Cheese Spring Rd,New Canaan,CT,06840,999999,4,3.0,no,3412,87120,1951,3,293,,Active,,,http://www.redfin.com/CT/New-Canaan/527-Cheese-Spring-Rd-06840/home/107240554,Smart MLS,170269325,N,Y,41.1889646,-73.4742071
MLS Listing,,Multi-Family (2-4 Unit),1793 Central Ave,Bridgeport,CT,06610,249500,6,3.0,Mill Hill,2175,4791,1906,3,115,,Active,,,http://www.redfin.com/CT/Bridgeport/1793-Central-Ave-06610/home/107045508,Smart MLS,170277879,N,Y,41.1916665,-73.1676638
MLS Listing,,Single Family Residential,180 Leavenworth Rd,Shelton,CT,06464,439900,3,2.0,White Hills,3040,185565,1984,3,145,,Active,March-22-2020 12:00 PM,March-22-2020 02:00 PM,http://www.redfin.com/CT/Shelton/180-Leavenworth-Rd-06484/home/107194469,Smart MLS,170278834,N,Y,41.3331425,-73.1351103
MLS Listing,,Single Family Residential,492 Penfield Rd,Fairfield,CT,06824,1999000,6,5.0,Beach,4545,9583,2020,3,440,,Active,,,http://www.redfin.com/CT/Fairfield/492-Penfield-Rd-06824/home/107141813,Smart MLS,170281446,N,Y,41.1366882,-73.24524
MLS Listing,,Multi-Family (2-4 Unit),533-535 Gregory St,Bridgeport,CT,06604,460000,10,6.0,South End,4921,4791,1887,3,93,,Active,,,http://www.redfin.com/CT/Bridgeport/533-Gregory-St-06604/home/107048260,Smart MLS,170281125,N,Y,41.1658167,-73.1961443
MLS Listing,,Single Family Residential,600 Catamount Rd,Fairfield,CT,06824,1950000,4,6.5,Greenfield Hill,6694,412513,1996,3,291,,Active,,,http://www.redfin.com/CT/Fairfield/600-Catamount-Rd-06824/home/107124890,Smart MLS,170281856,N,Y,41.1972682,-73.3217735
MLS Listing,,Condo/Co-op,333 Vincellette St #13,Bridgeport,CT,06606,175000,3,1.5,North End,1320,,1968,3,133,429,Active,,,http://www.redfin.com/CT/Bridgeport/333-Vincellette-St-06606/unit-13/home/107056954,Smart MLS,170281759,N,Y,41.2152002,-73.2190007
MLS Listing,,Condo/Co-op,102 Mayfield Dr #102,Trumbull,CT,06611,359900,2,2.5,Town Hall,1974,,1987,3,182,394,Active,,,http://www.redfin.com/CT/Trumbull/102-Mayfield-Dr-06611/unit-102/home/144525378,Smart MLS,170279840,N,Y,41.2559948,-73.2195388
MLS Listing,,Single Family Residential,222 Guinea Rd,Monroe,CT,06468,414900,4,3.5,Stepney,2819,178160,2000,4,147,,Active,,,http://www.redfin.com/CT/Monroe/222-Guinea-Rd-06468/home/107068234,Smart MLS,170279951,N,Y,41.3404397,-73.2767634
MLS Listing,,Condo/Co-op,2 Canterbury Ct #2,Brookfield,CT,06804,139888,1,1.0,Brookfield Center,703,,1980,4,199,296,Active,,,http://www.redfin.com/CT/Brookfield/2-Canterbury-Ct-06804/unit-2/home/171125988,Smart MLS,170281828,N,Y,41.4457921,-73.4010523
MLS Listing,,Condo/Co-op,47 Harbour View Pl #47,Stratford,CT,06615,499900,2,2.5,Lordship,2508,,1986,4,199,439,Active,March-22-2020 01:00 PM,March-22-2020 03:00 PM,http://www.redfin.com/CT/Stratford/47-Harbour-View-Pl-06615/unit-47/home/171125857,Smart MLS,170280861,N,Y,41.1814233,-73.1277381
MLS Listing,,Single Family Residential,14 Madison Ave,Danbury,CT,06810,239900,2,1.5,Hayestown,1361,7405,1853,4,176,,Active,,,http://www.redfin.com/CT/Danbury/14-Madison-Ave-06810/home/106983970,Smart MLS,170281818,N,Y,41.4073329,-73.4575181
MLS Listing,,Single Family Residential,102 40 Acre Mountain Rd,Danbury,CT,06811,1749000,3,4.0,Candlewood Lake,2161,13068,2010,4,809,,Active,,,http://www.redfin.com/CT/Danbury/102-Forty-Acre-Mountain-Rd-06811/home/106993426,Smart MLS,170281680,N,Y,41.4593226,-73.434791
MLS Listing,,Condo/Co-op,94 Washington St #19,Norwalk,CT,06854,219000,1,1.0,SONO,675,,1982,4,324,351,Active,,,http://www.redfin.com/CT/Norwalk/94-Washington-St-06854/unit-19/home/107812993,Smart MLS,170281342,N,Y,41.0988615,-73.4182253
MLS Listing,,Condo/Co-op,11 Shoreline Dr #11,Stratford,CT,06615,575000,2,2.5,Lordship,1550,,2003,4,371,100,Active,,,http://www.redfin.com/CT/Stratford/11-Shoreline-Dr-06615/unit-11/home/171124334,Smart MLS,170281767,N,Y,41.1483913,-73.1270198
MLS Listing,,Single Family Residential,13 Cortland Dr,Bethel,CT,06801,635000,4,3.5,APPLEWOODS,3996,40075,1996,4,159,,Active,,,http://www.redfin.com/CT/Bethel/13-Cortland-Dr-06801/home/107278006,Smart MLS,170281726,N,Y,41.3996933,-73.382853
MLS Listing,,Single Family Residential,955 Silvermine Rd,New Canaan,CT,06840,895000,3,3.0,Silvermine,2696,57063,1982,4,332,,Active,,,http://www.redfin.com/CT/New-Canaan/955-Silvermine-Rd-06840/home/107240240,Smart MLS,170276270,N,Y,41.1529848,-73.452204
MLS Listing,,Single Family Residential,10 Saddle Rd,Norwalk,CT,06851,439900,3,2.0,Wolfpit,2036,7840,1951,4,216,,Active,,,http://www.redfin.com/CT/Norwalk/10-Saddle-Rd-06851/home/107856285,Smart MLS,170280746,N,Y,41.1332745,-73.394838
MLS Listing,,Single Family Residential,51 W Mountain Rd,Ridgefield,CT,06877,1649000,5,6.5,South Ridgefield,6324,152460,1998,4,261,,Active,,,http://www.redfin.com/CT/Ridgefield/51-W-Mountain-Rd-06877/home/53645342,Smart MLS,170281595,N,Y,41.2891077,-73.523303
MLS Listing,,Single Family Residential,500 Booth Hill Rd,Trumbull,CT,06611,469900,4,2.5,Nichols,2352,45302,1973,4,200,,Active,,,http://www.redfin.com/CT/Trumbull/500-Booth-Hill-Rd-06611/home/107206703,Smart MLS,170281647,N,Y,41.2581379,-73.1681849
MLS Listing,,Condo/Co-op,109 Forest St #10,Stamford,CT,06901,569000,3,2.5,Mid City,1650,,2008,4,345,300,Active,,,http://www.redfin.com/CT/Stamford/109-Forest-St-06901/unit-10/home/107096248,Smart MLS,170281359,N,Y,41.0563763,-73.5325732
MLS Listing,,Multi-Family (2-4 Unit),50 Lockwood Ave,Stamford,CT,06902,850000,9,4.0,Stamford,5544,7405,1905,4,153,,Active,,,http://www.redfin.com/CT/Stamford/50-Lockwood-Ave-06902/home/107116464,Smart MLS,170281747,N,Y,41.0543006,-73.5210716
MLS Listing,,Condo/Co-op,59 Courtland Ave Unit 3G,Stamford,CT,06902,189000,2,2.0,Glenbrook,873,,1972,4,216,700,Active,,,http://www.redfin.com/CT/Stamford/59-Courtland-Ave-06902/unit-3G/home/107118525,Smart MLS,170279794,N,Y,41.0606597,-73.5135664
MLS Listing,,Condo/Co-op,53 Winding Ridge Way #53,Danbury,CT,06810,539000,3,2.5,Danbury,1790,,2017,4,301,340,Active,,,http://www.redfin.com/CT/Danbury/53-Winding-Ridge-Way-06810/unit-53/home/171123898,Smart MLS,170275929,N,Y,41.3900804,-73.5266008
MLS Listing,,Single Family Residential,18 Brookhill Ln,Norwalk,CT,06851,485000,5,3.0,Cranbury,2516,27442,1966,4,193,,Active,,,http://www.redfin.com/CT/Norwalk/18-Brookhill-Ln-06851/home/107827858,Smart MLS,170265113,N,Y,41.1412268,-73.4095399
MLS Listing,,Single Family Residential,279 Pauline St,Stratford,CT,06615,369900,4,2.0,Lordship,1628,6534,1950,4,227,,Active,,,http://www.redfin.com/CT/Stratford/279-Pauline-St-06615/home/107223511,Smart MLS,170280802,N,Y,41.1539856,-73.1272521
MLS Listing,,Single Family Residential,7 Silversmith Ln,Redding,CT,06896,549999,4,3.5,Redding,3364,87120,1973,4,163,,Active,March-22-2020 12:00 PM,March-22-2020 03:00 PM,http://www.redfin.com/CT/Redding/7-Silversmith-Ln-06896/home/107081908,Smart MLS,170279748,N,Y,41.308728,-73.3500304
MLS Listing,,Multi-Family (2-4 Unit),130 River Road Ext,Greenwich,CT,06831,1399900,0,,Cos Cob,3612,5662,1923,5,388,,Active,,,http://www.redfin.com/CT/Greenwich/130-River-Road-EXT-06831/home/171122413,Smart MLS,170281721,N,Y,41.043074,-73.590721
MLS Listing,,Single Family Residential,1010 Rock Rimmon Rd,Stamford,CT,06903,779000,4,3.5,North Stamford,3790,43560,1977,5,206,,Active,,,http://www.redfin.com/CT/Stamford/1010-Rock-Rimmon-Rd-06903/home/107116774,Smart MLS,170281557,N,Y,41.1623605,-73.5813843
MLS Listing,,Condo/Co-op,1087 Black Rock Tpke #1087,Fairfield,CT,06825,285000,3,1.5,Tunxis Hill,1197,,1987,5,238,350,Active,,,http://www.redfin.com/CT/Fairfield/1087-Black-Rock-Tpke-06825/unit-1087/home/144512950,Smart MLS,170281407,N,Y,41.173211,-73.2367047
MLS Listing,,Single Family Residential,66 Hallock St,Bridgeport,CT,06606,260000,3,1.0,North End,1229,5227,1942,5,212,,Active,,,http://www.redfin.com/CT/Bridgeport/66-Hallock-St-06606/home/107059096,Smart MLS,170281708,N,Y,41.2159625,-73.2116699
MLS Listing,,Single Family Residential,45 Norton Rd,Easton,CT,06612,618000,5,2.5,Aspetuck,2913,135907,1968,5,212,,Active,,,http://www.redfin.com/CT/Easton/45-Norton-Rd-06612/home/107615393,Smart MLS,170281263,N,Y,41.2381044,-73.3241916
MLS Listing,,Single Family Residential,19 Dartmouth Ln,Danbury,CT,06810,279000,3,1.0,Wooster Heights,2550,7405,1951,5,109,,Active,,,http://www.redfin.com/CT/Danbury/19-Dartmouth-Ln-06810/home/106998231,Smart MLS,170281692,N,Y,41.3756824,-73.4646201
MLS Listing,,Single Family Residential,6 Maple St Unit .,New Canaan,CT,06840,1595000,3,4.5,New Canaan,5116,4356,2006,5,312,,Active,,,http://www.redfin.com/CT/New-Canaan/6-Maple-St-06840/home/107239402,Smart MLS,170281688,N,Y,41.1444872,-73.4947394
MLS Listing,,Condo/Co-op,6C Maple St Unit .,New Canaan,CT,06840,1595000,3,4.5,New Canaan,5116,,2006,5,312,,Active,,,http://www.redfin.com/CT/New-Canaan/6-Maple-St-06840/Unit/home/171120472,Smart MLS,170281686,N,Y,41.1444872,-73.4947394
MLS Listing,,Multi-Family (2-4 Unit),106 Lawn Ave,Stamford,CT,06902,630000,6,2.0,Glenbrook,2440,7405,1926,5,258,,Active,,,http://www.redfin.com/CT/Stamford/106-Lawn-Ave-06902/home/107091466,Smart MLS,170280895,N,Y,41.0596316,-73.5185285
MLS Listing,,Condo/Co-op,310 Lansdowne #310,Westport,CT,06880,877500,2,2.0,Greens Farms,2051,,1986,5,428,493,Active,,,http://www.redfin.com/CT/Westport/310-Lansdowne-06880/unit-310/home/144530958,Smart MLS,170274929,N,Y,41.1348779,-73.3038119
MLS Listing,,Single Family Residential,18 Diamond Ave,Bethel,CT,06801,305000,3,2.0,Grassy Plain,1074,14810,1956,5,284,,Active,,,http://www.redfin.com/CT/Bethel/18-Diamond-Ave-06801/home/107277225,Smart MLS,170281684,N,Y,41.3743771,-73.419057
MLS Listing,,Single Family Residential,604 Newfield Ave Lot B,Stamford,CT,06905,729900,3,2.5,Newfield,2400,14374,2019,5,304,,Active,,,http://www.redfin.com/CT/Stamford/604-Newfield-Ave-06905/unit-B/home/170561241,Smart MLS,170281670,N,Y,41.0805182,-73.5342206
MLS Listing,,Single Family Residential,10 Spring Ridge Ct #10,Danbury,CT,06811,429900,4,2.5,Danbury,2493,,2002,5,172,385,Active,,,http://www.redfin.com/CT/Danbury/10-Spring-Ridge-Ct-06811/unit-10/home/171087380,Smart MLS,170281667,N,Y,41.4466345,-73.4710249
MLS Listing,,Single Family Residential,55 Woodcrest Ave,Stratford,CT,06614,269900,3,1.0,Paradise Green,1074,6969,1917,5,251,,Active,,,http://www.redfin.com/CT/Stratford/55-Woodcrest-Ave-06614/home/107212201,Smart MLS,170281663,N,Y,41.2053881,-73.1365971
MLS Listing,,Single Family Residential,7 Sherry Ln,Darien,CT,06820,1495000,5,4.0,Darien,4408,87120,1975,5,339,,Active,,,http://www.redfin.com/CT/Darien/7-Sherry-Ln-06820/home/107156373,Smart MLS,170281657,N,Y,41.1105609,-73.4950227
MLS Listing,,Single Family Residential,60 Marion St,Bridgeport,CT,06606,289900,3,1.5,North End,2400,6098,1913,5,121,,Active,,,http://www.redfin.com/CT/Bridgeport/60-Marion-St-06606/home/107044154,Smart MLS,170281594,N,Y,41.1991592,-73.2030634
MLS Listing,,Single Family Residential,178 Alberta St,Fairfield,CT,06825,379900,2,1.0,Stratfield,1100,6534,1939,5,345,,Active,,,http://www.redfin.com/CT/Fairfield/178-Alberta-St-06825/home/107144782,Smart MLS,170281188,N,Y,41.2036985,-73.2255064
MLS Listing,,Vacant Land,48 Endeavor St,Trumbull,CT,06611,180000,,,Long Hill,,12196,,5,,,Active,,,http://www.redfin.com/CT/Trumbull/48-Endeavor-St-06611/home/107204160,Smart MLS,170281644,N,Y,41.2522586,-73.2158075
MLS Listing,,Condo/Co-op,910 Hope St Unit 11A,Stamford,CT,06907,218000,1,1.0,Springdale,886,,1980,5,246,267,Active,,,http://www.redfin.com/CT/Stamford/910-Hope-St-06907/unit-11A/home/107083251,Smart MLS,170281478,N,Y,41.0900778,-73.5184867
MLS Listing,,Single Family Residential,23 Cobblers Mill Rd,Newtown,CT,06482,499900,4,2.5,Sandy Hook,3463,46173,1996,5,144,,Active,,,http://www.redfin.com/CT/Sandy-Hook/23-Cobblers-Mill-Rd-06482/home/107651672,Smart MLS,170280227,N,Y,41.4100846,-73.2422323
MLS Listing,,Condo/Co-op,52 Woodcrest Ln #52,Danbury,CT,06810,362999,3,2.5,Shelter Rock,2698,,2002,5,135,448,Active,,,http://www.redfin.com/CT/Danbury/52-Woodcrest-Ln-06810/unit-52/home/171119423,Smart MLS,170280614,N,Y,41.3918758,-73.414785
MLS Listing,,Single Family Residential,38 Bertmor Dr,Stamford,CT,06905,629900,4,2.5,Newfield,3907,13503,1958,5,161,,Active,,,http://www.redfin.com/CT/Stamford/38-Bertmor-Dr-06905/home/107095681,Smart MLS,170280382,N,Y,41.0983301,-73.5336684
MLS Listing,,Condo/Co-op,2001 Heartwood Ln,Danbury,CT,06811,315000,2,2.5,Stadley Rough,1894,,1996,5,166,401,Active,,,http://www.redfin.com/CT/Danbury/2001-Heartwood-Ln-06811/home/106994777,Smart MLS,170281082,N,Y,41.4340396,-73.4254735
MLS Listing,,Single Family Residential,37 Route 37 E,Sherman,CT,06784,359000,3,2.0,Sherman,1706,195584,1950,5,210,,Active,,,http://www.redfin.com/CT/Sherman/37-CT-37-06784/home/107169149,Smart MLS,170281617,N,Y,41.5894506,-73.4797305
MLS Listing,,Condo/Co-op,66 Grove St Unit B14,Ridgefield,CT,06877,665000,3,3.5,Village Center,3350,,2009,5,199,413,Active,,,http://www.redfin.com/CT/Ridgefield/66-Grove-St-06877/unit-B14/home/53644696,Smart MLS,170281613,N,Y,41.2884964,-73.4944968
MLS Listing,,Single Family Residential,508 Cornell Rd,Fairfield,CT,06825,959000,4,3.5,Stratfield,3320,30927,2020,5,289,,Active,,,http://www.redfin.com/CT/Fairfield/508-Cornell-Rd-06825/home/107143824,Smart MLS,170281607,N,Y,41.1876052,-73.2316467
MLS Listing,,Condo/Co-op,22 West Cross Trl #131,Danbury,CT,06810,422440,3,2.5,Mill Plain,1673,,2020,5,253,342,Active,,,http://www.redfin.com/CT/Danbury/22-W-Cross-Trl-06810/unit-131/home/171119118,Smart MLS,170281612,N,Y,41.3846559,-73.5259898
MLS Listing,,Condo/Co-op,24 West Cross Trl #132,Danbury,CT,06810,442128,3,2.5,Mill Plain,1673,,2020,5,264,342,Active,,,http://www.redfin.com/CT/Danbury/24-W-Cross-Trl-06810/unit-132/home/171118874,Smart MLS,170281605,N,Y,41.384595,-73.5259879
MLS Listing,,Condo/Co-op,45 Brentwood Cir #74,Danbury,CT,06810,514640,4,3.5,Mill Plain,2103,,2020,5,245,342,Active,,,http://www.redfin.com/CT/Danbury/45-Brentwood-Cir-06810/unit-74/home/171118734,Smart MLS,170281599,N,Y,41.3837623,-73.527804
MLS Listing,,Condo/Co-op,105 Richards Ave #1412,Norwalk,CT,06854,325000,2,2.0,West Norwalk,1150,,1999,5,283,445,Active,,,http://www.redfin.com/CT/Norwalk/105-Richards-Ave-06854/unit-1412/home/107847147,Smart MLS,170277144,N,Y,41.0952185,-73.4513245
MLS Listing,,Single Family Residential,24 Equestrian Rdg,Newtown,CT,06470,549000,4,3.5,Hattertown,3682,189921,1998,5,149,,Active,,,http://www.redfin.com/CT/Newtown/24-Equestrian-Rdg-06470/home/107636305,Smart MLS,170276105,N,Y,41.355501,-73.3461156
MLS Listing,,Single Family Residential,29 Revere Pl,Ridgefield,CT,06877,659000,4,2.5,Ridgefield,3212,44866,1981,5,205,,Active,,,http://www.redfin.com/CT/Ridgefield/29-Revere-Pl-06877/home/53650367,Smart MLS,170280586,N,Y,41.282607,-73.4728722
MLS Listing,,Single Family Residential,6 Poplar St,Stratford,CT,06614,334999,3,2.0,Paradise Green,1824,8276,1928,5,184,,Active,,,http://www.redfin.com/CT/Stratford/6-Poplar-St-06614/home/107219166,Smart MLS,170280667,N,Y,41.2019513,-73.1256711
MLS Listing,,Single Family Residential,1359 Fairfield Beach Rd,Fairfield,CT,06824,1390000,3,2.0,Beach,1683,3484,1991,5,826,,Active,,,http://www.redfin.com/CT/Fairfield/1359-Fairfield-Beach-Rd-06824/home/107148542,Smart MLS,170278994,N,Y,41.1253058,-73.2526584
MLS Listing,,Condo/Co-op,149 Brentwood Cir #22,Danbury,CT,06810,473289,3,2.5,Mill Plain,1673,,2020,5,283,342,Active,,,http://www.redfin.com/CT/Danbury/149-Brentwood-Cir-06810/unit-22/home/171118329,Smart MLS,170281593,N,Y,41.3855343,-73.5244221
MLS Listing,,Single Family Residential,76 Calhoun Ave,Trumbull,CT,06611,319900,3,1.5,Trumbull,1525,19602,1955,5,210,,Active,,,http://www.redfin.com/CT/Trumbull/76-Calhoun-Ave-06611/home/107196261,Smart MLS,170281587,N,Y,41.2690622,-73.2219325
MLS Listing,,Single Family Residential,19 Neds Ln,Ridgefield,CT,06877,895000,3,2.5,North Ridgefield,3600,350658,1948,5,249,,Active,,,http://www.redfin.com/CT/Ridgefield/19-Neds-Ln-06877/home/53645959,Smart MLS,170281586,N,Y,41.348971,-73.5205013
MLS Listing,,Single Family Residential,63 Nautilus Rd,Bridgeport,CT,06606,254900,5,2.0,North End,2208,9147,1965,5,115,,Active,,,http://www.redfin.com/CT/Bridgeport/63-Nautilus-Rd-06606/home/107058925,Smart MLS,170281373,N,Y,41.2258016,-73.1958278
MLS Listing,,Condo/Co-op,106 Canaan Court Bldg 83 #27,Stratford,CT,06614,37000,4,1.0,Stratford,738,,1941,5,50,531,Active,,,http://www.redfin.com/CT/Stratford/106-Canaan-Ct-06614/unit-27/home/170001678,Smart MLS,170280918,N,Y,41.1986574,-73.1550101
MLS Listing,,Single Family Residential,39 Pequot Trl,Westport,CT,06880,1399000,5,3.5,Old Hill,4108,43995,1962,6,341,,Active,,,http://www.redfin.com/CT/Westport/39-Pequot-Trl-06880/home/107264827,Smart MLS,170281513,N,Y,41.1392492,-73.380379
MLS Listing,,Single Family Residential,35 Easton Rd,Westport,CT,06880,1089000,4,3.5,Coleytown,3257,55321,1959,6,334,,Active,,,http://www.redfin.com/CT/Westport/35-Easton-Rd-06880/home/107261192,Smart MLS,170281238,N,Y,41.1690727,-73.3526556
MLS Listing,,Multi-Family (2-4 Unit),436 Poplar St,Bridgeport,CT,06605,215000,5,3.0,West End,2098,3920,1950,6,102,,Active,,,http://www.redfin.com/CT/Bridgeport/436-Poplar-St-06605/home/107052810,Smart MLS,170281555,N,Y,41.1761619,-73.2173959
MLS Listing,,Single Family Residential,89 Haley Ln #89,Newtown,CT,06482,289900,2,1.5,Walnut Tree Hill,1264,,2001,6,229,241,Active,,,http://www.redfin.com/CT/Sandy-Hook/89-Haley-Ln-06482/unit-89/home/171116430,Smart MLS,170280870,N,Y,41.4218935,-73.2877223
MLS Listing,,Condo/Co-op,54 W North St #309,Stamford,CT,06902,125000,1,1.0,Mid City,720,,1960,6,174,520,Active,,,http://www.redfin.com/CT/Stamford/54-West-North-St-06902/unit-309/home/171116425,Smart MLS,170281554,N,Y,41.0584582,-73.5488762
MLS Listing,,Single Family Residential,143 Park St,New Canaan,CT,06840,1795000,5,4.5,New Canaan,4137,5662,2017,6,434,573,Active,,,http://www.redfin.com/CT/New-Canaan/143-Park-St-06840/home/168216951,Smart MLS,170281551,N,Y,41.1444983,-73.4952759
MLS Listing,,Condo/Co-op,81 Nash Ln #2,Bridgeport,CT,06605,110000,2,1.0,Black Rock,750,,1918,6,147,482,Active,,,http://www.redfin.com/CT/Bridgeport/81-Nash-Ln-06605/unit-2/home/171116184,Smart MLS,170281022,N,Y,41.1574537,-73.2242231
MLS Listing,,Single Family Residential,26 Eden Hill Rd,call Listing Agent,CT,06470,1050000,5,4.5,Newtown,5194,328006,2000,6,202,,Active,,,http://www.redfin.com/CT/Newtown/26-Eden-Hill-Rd-06470/home/107641461,HGMLS,6024634,N,Y,41.343739,-73.320813
MLS Listing,,Single Family Residential,46 Blacksmith Ridge Rd,Ridgefield,CT,06877,775000,4,2.5,South Ridgefield,3758,88862,1986,6,206,,Active,,,http://www.redfin.com/CT/Ridgefield/46-Blacksmith-Ridge-Rd-06877/home/53651667,Smart MLS,170280712,N,Y,41.2791886,-73.5237143
MLS Listing,,Condo/Co-op,221 Algonquin Trl #221,Trumbull,CT,06611,259900,2,1.5,Trumbull Center,1400,,1991,6,186,276,Active,,,http://www.redfin.com/CT/Trumbull/221-Algonquin-Trl-06611/unit-221/home/168668503,Smart MLS,170281425,N,Y,41.2443833,-73.1923081
MLS Listing,,Condo/Co-op,25 Forest St Unit 14B,Stamford,CT,06901,690000,3,3.0,Mid City,1953,,1990,6,353,1477,Active,,,http://www.redfin.com/CT/Stamford/25-Forest-St-06901/unit-14B/home/107109573,Smart MLS,170261646,N,Y,41.0564635,-73.5367016
MLS Listing,,Vacant Land,72 Shorefront Park,Norwalk,CT,06854,650000,,,Norwalk,,9698,,6,,,Active,,,http://www.redfin.com/CT/Norwalk/72-Shorefront-Park-06854/home/107831362,MLS PIN,72633537,N,Y,41.088687,-73.411593
MLS Listing,,Single Family Residential,29 Bigelow Rd,New Fairfield,CT,06812,334900,4,2.0,New Fairfield,1622,87120,1973,6,206,,Active,,,http://www.redfin.com/CT/New-Fairfield/29-Bigelow-Rd-06812/home/107228660,Smart MLS,170281509,N,Y,41.4793019,-73.5068392
MLS Listing,,Single Family Residential,82 Hazelwood Ter,Stratford,CT,06614,339000,3,1.5,Stratford,1872,10454,1950,6,181,,Active,,,http://www.redfin.com/CT/Stratford/82-Hazelwood-Ter-06614/home/107215170,Smart MLS,170281337,N,Y,41.2193113,-73.1455979
MLS Listing,,Single Family Residential,70 Shorefront Park,Norwalk,CT,06854,849000,3,2.5,Norwalk,2086,9698,1922,6,407,,Active,,,http://www.redfin.com/CT/Norwalk/70-Shorefront-Park-06854/home/107831199,MLS PIN,72633534,N,Y,41.088859,-73.4116443
MLS Listing,,Multi-Family (2-4 Unit),6 Quien St,Danbury,CT,06810,399000,4,2.0,Danbury,1354,4356,1900,6,295,,Active,,,http://www.redfin.com/CT/Danbury/6-Quien-St-06810/home/106990596,Smart MLS,170281316,N,Y,41.3903698,-73.4618619
MLS Listing,,Vacant Land,2 E Gate Rd,Danbury,CT,06811,139000,,,King St.,,35283,,6,,,Active,,,http://www.redfin.com/CT/Danbury/2-E-Gate-Rd-06811/home/166895966,Smart MLS,170281159,N,Y,41.41897,-73.474127
MLS Listing,,Condo/Co-op,303 Harvest Cmns #303,Westport,CT,06880,625000,2,2.5,Westport,1836,,1980,6,340,542,Active,,,http://www.redfin.com/CT/Westport/303-Harvest-Cmns-06880/unit-303/home/144514462,Smart MLS,170281490,N,Y,41.1407835,-73.320239
MLS Listing,,Single Family Residential,4 E Rocks Rd,Norwalk,CT,06851,499900,3,2.0,West Rocks Area,2376,7840,1975,6,210,,Active,March-22-2020 01:00 PM,March-22-2020 03:00 PM,http://www.redfin.com/CT/Norwalk/4-E-Rocks-Rd-06851/home/107809535,Smart MLS,170281224,N,Y,41.1265838,-73.4080989
MLS Listing,,Single Family Residential,9 Homer Clark Ln,Newtown,CT,06482,669900,4,4.0,Sandy Hook,4382,370260,1936,6,153,,Active,,,http://www.redfin.com/CT/Sandy-Hook/9-Homer-Clark-Rd-06482/home/107643371,Smart MLS,170280255,N,Y,41.395688,-73.2247359
MLS Listing,,Single Family Residential,40 New St,Ridgefield,CT,06877,724900,3,1.5,Village Center,1632,17859,1930,6,444,,Active,,,http://www.redfin.com/CT/Ridgefield/40-New-St-06877/home/53647486,Smart MLS,170280763,N,Y,41.2874484,-73.5019148
MLS Listing,,Single Family Residential,1 Father Peters Ln,New Canaan,CT,06840,4395000,6,10.0,New Canaan,9612,189921,2007,6,457,,Active,,,http://www.redfin.com/CT/New-Canaan/1-Father-Peters-Ln-06840/home/107241850,Smart MLS,170279948,N,Y,41.184514,-73.5063438
MLS Listing,,Single Family Residential,720 Huntington Tpke,Bridgeport,CT,06610,184999,2,1.5,North End,1360,9583,1942,6,136,,Active,,,http://www.redfin.com/CT/Bridgeport/720-Huntington-Tpke-06610/home/107059220,Smart MLS,170281465,N,Y,41.2180468,-73.1710772
MLS Listing,,Condo/Co-op,26 Benedict Ave Unit C,Danbury,CT,06810,269900,3,2.5,City Center,1764,,2002,6,153,298,Active,,,http://www.redfin.com/CT/Danbury/26-Benedict-Ave-06810/unit-C/home/107000244,Smart MLS,170281447,N,Y,41.395333,-73.464183
MLS Listing,,Single Family Residential,229 Woodridge Dr S,Stamford,CT,06902,575000,5,2.0,Mid-Ridges,1786,10018,1965,6,322,,Active,,,http://www.redfin.com/CT/Stamford/229-Woodridge-Dr-S-06902/home/107086306,Smart MLS,170281293,N,Y,41.0898828,-73.5568406
MLS Listing,,Single Family Residential,100 Hecker Ave,Darien,CT,06820,950000,3,2.5,Darien,1636,6098,1935,6,581,,Active,,,http://www.redfin.com/CT/Darien/100-Hecker-Ave-06820/home/107160853,Smart MLS,170281249,N,Y,41.0689245,-73.4867726
MLS Listing,,Single Family Residential,2250 Reservoir Ave,Trumbull,CT,06611,289000,2,1.0,Trumbull Center,1174,21780,1950,6,246,,Active,,,http://www.redfin.com/CT/Trumbull/2250-Reservoir-Ave-06611/home/109716612,Smart MLS,170281405,N,Y,41.2312812,-73.1951903
MLS Listing,,Townhouse,123 Harbor Dr #203,Stamford,CT,06902,729000,3,2.0,Stamford,2172,,1985,6,336,,Active,,,http://www.redfin.com/CT/Stamford/123-Harbor-Dr-06902/unit-203/home/107113921,GMLS,109129,N,Y,41.0377393,-73.5298812
MLS Listing,,Single Family Residential,28 Cayer Cir,Shelton,CT,06484,389990,3,2.5,Huntington,2490,40075,1965,6,157,,Active,,,http://www.redfin.com/CT/Shelton/28-Cayer-Cir-06484/home/107180765,Smart MLS,170277888,N,Y,41.3111397,-73.1726444
MLS Listing,,Condo/Co-op,123 Harbor Dr #403,Stamford,CT,06902,799000,3,3.0,Shippan,2172,,1985,6,368,795,Active,,,http://www.redfin.com/CT/Stamford/123-Harbor-Dr-06902/unit-403/home/107112162,Smart MLS,170280487,N,Y,41.0377393,-73.5298812
MLS Listing,,Single Family Residential,180 Daniels Ave,Bridgeport,CT,06606,229900,4,1.5,North End,1240,7405,1955,6,185,,Active,,,http://www.redfin.com/CT/Bridgeport/180-Daniels-Ave-06606/home/107047931,Smart MLS,170281396,N,Y,41.221219,-73.189191
MLS Listing,,Single Family Residential,255 Brooks St,Bridgeport,CT,06608,170000,4,1.0,East Side,1534,5227,1910,6,111,,Active,,,http://www.redfin.com/CT/Bridgeport/255-Brooks-St-06608/home/107045267,Smart MLS,170281345,N,Y,41.1895965,-73.1798232
MLS Listing,,Single Family Residential,221 E Rocks Rd,Norwalk,CT,06851,489000,3,2.0,Cranbury,2152,45302,1949,6,227,,Active,,,http://www.redfin.com/CT/Norwalk/221-E-Rocks-Rd-06851/home/107815928,Smart MLS,170280859,N,Y,41.1519155,-73.4130255
MLS Listing,,Single Family Residential,327 Willow St,Bridgeport,CT,06610,170000,4,1.0,Mill Hill,2380,3049,1917,6,71,,Active,,,http://www.redfin.com/CT/Bridgeport/327-Willow-St-06610/home/107038480,Smart MLS,170281227,N,Y,41.1909096,-73.1593762
MLS Listing,,Single Family Residential,58 Beaver Bog Rd,New Fairfield,CT,06812,589000,4,5.5,Center/West Side,4758,114127,2005,6,124,,Active,,,http://www.redfin.com/CT/New-Fairfield/58-Beaver-Bog-Rd-06812/home/107232130,Smart MLS,170280994,N,Y,41.493662,-73.4893896
MLS Listing,,Single Family Residential,10 Fernbrook Dr,Brookfield,CT,06804,465000,4,3.5,Route 133,2493,46173,1968,6,187,,Active,,,http://www.redfin.com/CT/Brookfield/10-Fernbrook-Dr-06804/home/107298745,Smart MLS,170281334,N,Y,41.468466,-73.3684519
MLS Listing,,Condo/Co-op,825 Center Meadow Ln #825,Danbury,CT,06810,369000,2,2.0,Ridgebury,1258,,2017,6,293,343,Active,,,http://www.redfin.com/CT/Danbury/825-Center-Meadow-Ln-06810/unit-825/home/171106990,Smart MLS,170277264,N,Y,41.388064,-73.529193
MLS Listing,,Condo/Co-op,45 Plumtrees Rd Unit A,Bethel,CT,06801,239900,3,1.5,Plumtrees,1176,,1985,6,204,265,Active,,,http://www.redfin.com/CT/Bethel/45-Plumtrees-Rd-06801/unit-A/home/107278681,Smart MLS,170280156,N,Y,41.383595,-73.400233
MLS Listing,,Single Family Residential,141 Four Brooks Rd,Stamford,CT,06904,464900,3,3.0,North Stamford,3238,43560,1956,6,144,,Active,,,http://www.redfin.com/CT/Stamford/141-Four-Brooks-Rd-06903/home/107112673,Smart MLS,170274379,N,Y,41.1110649,-73.5604941
MLS Listing,,Multi-Family (2-4 Unit),37 Prospect St,Greenwich,CT,06830,1150000,5,3.0,Greenwich,2592,6098,1908,6,444,,Active,,,http://www.redfin.com/CT/Greenwich/37-Prospect-St-06830/home/107017985,GMLS,109126,N,Y,41.0241305,-73.6336835
MLS Listing,,Single Family Residential,315 Country Rd,Fairfield,CT,06824,619900,3,2.5,University,1970,4791,2020,6,315,,Active,,,http://www.redfin.com/CT/Fairfield/315-Country-Rd-06824/home/171102958,Smart MLS,170279084,N,Y,41.1713865,-73.2418054
MLS Listing,,Single Family Residential,490 Emerald Pl,Stratford,CT,06614,329900,3,2.5,North End,1896,31798,1977,6,174,,Active,,,http://www.redfin.com/CT/Stratford/490-Emerald-Pl-06614/home/107216013,Smart MLS,170281000,N,Y,41.2233723,-73.1577099
MLS Listing,,Single Family Residential,21 Virginia Ave,Danbury,CT,06810,339000,3,2.0,Danbury,1434,11325,1941,6,236,,Active,,,http://www.redfin.com/CT/Danbury/21-Virginia-Ave-06810/home/106997151,Smart MLS,170280971,N,Y,41.4101036,-73.4412016
MLS Listing,,Single Family Residential,311 Country Rd,Fairfield,CT,06824,619900,3,2.5,University,1970,4791,2020,6,315,,Active,,,http://www.redfin.com/CT/Fairfield/311-Country-Rd-06824/home/107146902,Smart MLS,170279039,N,Y,41.1714154,-73.2417583
MLS Listing,,Single Family Residential,61 High Rock Rd,Newtown,CT,06482,435000,4,2.5,Sandy Hook,2772,87120,1979,6,157,,Active,,,http://www.redfin.com/CT/Sandy-Hook/61-High-Rock-Rd-06482/home/107646932,Smart MLS,170281279,N,Y,41.379605,-73.2327282
MLS Listing,,Condo/Co-op,25 Grand St #122,Norwalk,CT,06851,225000,1,1.5,Norwalk,725,,1903,6,310,310,Active,,,http://www.redfin.com/CT/Norwalk/25-Grand-St-06851/unit-122/home/107831254,Smart MLS,170274137,N,Y,41.1251682,-73.4232788
MLS Listing,,Single Family Residential,3 Catalpa St,Norwalk,CT,06851,375000,3,2.0,William Street Area,1364,4791,1956,6,275,,Active,,,http://www.redfin.com/CT/Norwalk/3-Catalpa-St-06851/home/107865692,Smart MLS,170281274,N,Y,41.1187757,-73.393584
MLS Listing,,Single Family Residential,365 Roosevelt Ave,Stratford,CT,06615,291900,3,2.0,Stratford,1736,7405,1930,6,168,,Active,,,http://www.redfin.com/CT/Stratford/365-Roosevelt-Ave-06615/home/107226069,Smart MLS,170281216,N,Y,41.1763536,-73.1396742
MLS Listing,,Single Family Residential,20 Gelding Hill Rd,Newtown,CT,06482,459900,4,2.5,Sandy Hook,2698,88862,2000,6,170,,Active,March-22-2020 01:00 PM,March-22-2020 03:00 PM,http://www.redfin.com/CT/Sandy-Hook/20-Gelding-Hill-Rd-06482/home/107623586,Smart MLS,170281104,N,Y,41.4126444,-73.2314048
MLS Listing,,Townhouse,72 Putnam Park Rd #72,Greenwich,CT,06830,585000,3,2.0,Greenwich,,,1950,6,,,Active,,,http://www.redfin.com/CT/Greenwich/72-Putnam-Park-06830/unit-72/home/171101352,GMLS,109124,N,Y,41.0339936,-73.6200564
MLS Listing,,Single Family Residential,43 Lafrentz Rd,Greenwich,CT,06831,1595000,4,3.5,Greenwich,3088,174240,1978,6,517,,Active,,,http://www.redfin.com/CT/Greenwich/43-Lafrentz-Rd-06831/home/107014526,GMLS,109116,N,Y,41.1147807,-73.6764994
MLS Listing,,Single Family Residential,27 Fairfield Ave,Westport,CT,06880,1999000,4,3.5,Compo Beach,3041,4356,2019,6,657,,Active,,,http://www.redfin.com/CT/Westport/27-Fairfield-Ave-06880/home/107261813,Smart MLS,170281243,N,Y,41.1086308,-73.3506291
MLS Listing,,Single Family Residential,35 Cooper Rd,Ridgefield,CT,06877,499000,3,2.0,South Ridgefield,1472,43560,1944,6,339,,Active,,,http://www.redfin.com/CT/Ridgefield/35-Cooper-Rd-06877/home/53650480,Smart MLS,170277908,N,Y,41.2743799,-73.4632749
MLS Listing,,Condo/Co-op,685 Success Ave #25,Stratford,CT,06614,137000,1,1.0,Stratford,841,,1985,6,163,170,Active,,,http://www.redfin.com/CT/Stratford/685-Success-Ave-06614/unit-25/home/107210598,Smart MLS,170280555,N,Y,41.2012757,-73.156317
MLS Listing,,Single Family Residential,31 Horseshoe Rd,Cos Cob,CT,06807,1625000,5,4.0,Cos Cob,3898,47480,1970,6,417,,Active,,,http://www.redfin.com/CT/Cos-Cob/31-Horseshoe-Rd-06807/home/107011344,GMLS,109122,N,Y,41.0767476,-73.596287
MLS Listing,,Single Family Residential,49 Le Grande Ave,Greenwich,CT,06830,1190000,3,2.0,Greenwich,2166,5662,1926,6,549,,Active,,,http://www.redfin.com/CT/Greenwich/49-Le-Grande-Ave-06830/home/107030212,GMLS,109121,N,Y,41.0273552,-73.6181369
MLS Listing,,Single Family Residential,153 N Taylor Ave,Norwalk,CT,06854,499000,4,2.0,West Norwalk,1600,13068,1948,6,312,,Active,,,http://www.redfin.com/CT/Norwalk/153-N-Taylor-Ave-06854/home/107847627,Smart MLS,170280014,N,Y,41.1135153,-73.4394062
MLS Listing,,Single Family Residential,54 Misty Ln,Monroe,CT,06468,479900,4,2.5,Monroe,3286,43995,1992,6,146,,Active,,,http://www.redfin.com/CT/Monroe/54-Misty-Ln-06468/home/107068025,Smart MLS,170279735,N,Y,41.3477223,-73.2090085
MLS Listing,,Condo/Co-op,34 Highland Dr #34,Monroe,CT,06468,199900,2,1.5,Monroe,1365,,1990,6,146,342,Active,,,http://www.redfin.com/CT/Monroe/34-Highland-Dr-06468/unit-34/home/171099992,Smart MLS,170278894,N,Y,41.3645254,-73.1930631
MLS Listing,,Single Family Residential,165 High Ridge Ave,Ridgefield,CT,06877,639000,3,2.0,Village Center,1786,8276,1983,6,358,,Active,,,http://www.redfin.com/CT/Ridgefield/165-High-Ridge-Ave-06877/home/53648149,Smart MLS,170280339,N,Y,41.2809749,-73.5046301
MLS Listing,,Single Family Residential,100 Roosevelt Ave,Stratford,CT,06615,165000,3,1.5,South End,1100,3920,1994,6,150,,Active,,,http://www.redfin.com/CT/Stratford/100-Roosevelt-Ave-06615/home/107216767,Smart MLS,170280139,N,Y,41.1780314,-73.144161
MLS Listing,,Single Family Residential,59 Barnswallow Dr,Trumbull,CT,06611,499900,4,2.5,Trumbull,3228,57934,1981,6,155,,Active,March-22-2020 12:00 PM,March-22-2020 02:00 PM,http://www.redfin.com/CT/Trumbull/59-Barnswallow-Dr-06611/home/107195830,Smart MLS,170279961,N,Y,41.2789326,-73.2120155
MLS Listing,,Single Family Residential,91 Golf Ln,Ridgefield,CT,06877,1645000,5,6.0,Village Center,7246,101930,2004,6,227,,Active,,,http://www.redfin.com/CT/Ridgefield/91-Golf-Ln-06877/home/53651329,Smart MLS,170281209,N,Y,41.2705401,-73.5135284
MLS Listing,,Single Family Residential,158 Woodrow Ave,Bridgeport,CT,06606,349900,4,2.5,North End,2200,4791,2020,6,159,,Active,March-19-2020 06:00 PM,March-19-2020 07:00 PM,http://www.redfin.com/CT/Bridgeport/158-Woodrow-Ave-06606/home/107065307,Smart MLS,170281203,N,Y,41.213581,-73.1947714
MLS Listing,,Single Family Residential,217 Cedarwood Rd,Stamford,CT,06903,689000,3,2.5,North Stamford,2958,50093,1939,6,233,100,Active,,,http://www.redfin.com/CT/Stamford/217-Cedarwood-Rd-06903/home/107117068,Smart MLS,170279375,N,Y,41.1507932,-73.5441598
MLS Listing,,Single Family Residential,490 Canaan Rd,Stratford,CT,06614,275000,3,1.5,Stonybrook,1600,7840,1921,6,172,,Active,,,http://www.redfin.com/CT/Stratford/490-Canaan-Rd-06614/home/107215353,Smart MLS,170280175,N,Y,41.197357,-73.1530542
MLS Listing,,Condo/Co-op,72 Putnam Park,Greenwich,CT,06830,585000,3,2.0,Greenwich,1654,,1950,6,354,1186,Active,,,http://www.redfin.com/CT/Greenwich/72-Putnam-Park-06830/home/171094916,Smart MLS,170280221,N,Y,41.0339936,-73.6200564
MLS Listing,,Single Family Residential,3 Twin Brook Dr,Stamford,CT,06907,499900,3,2.0,Newfield,3304,44431,1955,7,151,,Active,,,http://www.redfin.com/CT/Stamford/3-Twin-Brook-Dr-06907/home/107085381,Smart MLS,170281198,N,Y,41.1110171,-73.5240508
MLS Listing,,Condo/Co-op,14 Maple Tree Ave #1,Stamford,CT,06906,494000,3,2.5,Glenbrook,1893,,1997,7,261,250,Active,,,http://www.redfin.com/CT/Stamford/14-Maple-Tree-Ave-06906/unit-1/home/107094047,Smart MLS,170280571,N,Y,41.0714338,-73.515909
MLS Listing,,Single Family Residential,133 Glenfield Ave,Stratford,CT,06614,379000,3,2.0,Stratford,1510,8712,1942,7,251,,Active,,,http://www.redfin.com/CT/Stratford/133-Glenfield-Ave-06614/home/107209487,Smart MLS,170281047,N,Y,41.2099329,-73.1409881
MLS Listing,,Single Family Residential,51 State Route 37,New Fairfield,CT,06812,315000,3,1.5,New Fairfield,1920,14810,1935,7,164,,Active,,,http://www.redfin.com/CT/NEW-FAIRFIELD/51-STATE-ROUTE-37-06812/home/107231108,Smart MLS,170278724,N,Y,41.471948,-73.493638
MLS Listing,,Single Family Residential,6 Little Fox Run,Shelton,CT,06484,414900,3,2.0,Shelton,1444,43560,1979,7,287,,Active,,,http://www.redfin.com/CT/Shelton/6-Little-Fox-Run-06484/home/107177864,Smart MLS,170280648,N,Y,41.3620943,-73.1567419
MLS Listing,,Condo/Co-op,92 Lafayette St #5,Stamford,CT,06902,319999,2,1.5,Glenbrook,1300,,1984,7,246,250,Active,,,http://www.redfin.com/CT/Stamford/92-Lafayette-St-06902/unit-5/home/107085167,Smart MLS,170281162,N,Y,41.0565924,-73.5273625
MLS Listing,,Single Family Residential,16 A Westview Trl,call Listing Agent,CT,06812,519900,3,2.5,New Fairfield,2545,,1988,7,204,,Active,,,http://www.redfin.com/CT/New-Fairfield/16A-Westview-Trl-06812/home/171055832,HGMLS,6024545,N,Y,41.446663,-73.5341745
MLS Listing,,Condo/Co-op,20 Spruce St #15,Stamford,CT,06902,158393,1,1.5,West Side,1095,,2004,7,145,167,Active,,,http://www.redfin.com/CT/Stamford/20-Spruce-St-06902/unit-15/home/107118177,Smart MLS,170278737,N,Y,41.0485619,-73.5499091
MLS Listing,,Single Family Residential,26 Grey Hollow Rd,Norwalk,CT,06850,799000,4,3.0,Silvermine,3421,44431,1972,7,234,,Active,,,http://www.redfin.com/CT/Norwalk/26-Grey-Hollow-Rd-06850/home/107815933,Smart MLS,170280468,N,Y,41.1532691,-73.4409019
MLS Listing,,Single Family Residential,58 Flat Rock Rd,Easton,CT,06612,619000,4,2.5,Lower Easton,3332,53143,1940,7,186,,Active,,,http://www.redfin.com/CT/Easton/58-Flat-Rock-Rd-06612/home/107618305,Smart MLS,170276076,N,Y,41.243089,-73.2668379
MLS Listing,,Single Family Residential,46 Eden Hill Rd,Newtown,CT,06470,399900,3,2.5,Hattertown,1534,476546,1957,7,261,,Active,,,http://www.redfin.com/CT/Newtown/46-Eden-Hill-Rd-06470/home/107623546,Smart MLS,170280710,N,Y,41.338095,-73.323053
MLS Listing,,Single Family Residential,139 Mountain Rd,Redding,CT,06896,389900,3,2.5,West Redding,1676,87120,1978,7,233,,Active,,,http://www.redfin.com/CT/Redding/139-Mountain-Rd-06896/home/107080828,Smart MLS,170281124,N,Y,41.2842569,-73.4438955
MLS Listing,,Single Family Residential,67 Hulda Hill Rd,Wilton,CT,06897,789000,5,3.5,Wilton,3562,93218,1965,7,222,,Active,,,http://www.redfin.com/CT/Wilton/67-Hulda-Hill-Rd-06897/home/107151397,Smart MLS,170274991,N,Y,41.2258331,-73.4374726
MLS Listing,,Vacant Land,875 Lake Ave,Greenwich,CT,06831,10950000,,,Greenwich,,401187,,7,,,Active,,,http://www.redfin.com/CT/Greenwich/875-Lake-Ave-06831/home/171082918,GMLS,109120,N,Y,41.1010556,-73.6505038
MLS Listing,,Single Family Residential,399 Wahackme Rd,New Canaan,CT,06840,2380000,6,6.5,New Canaan,7456,87120,1999,7,319,,Active,,,http://www.redfin.com/CT/New-Canaan/399-Wahackme-Rd-06840/home/107233720,Smart MLS,170281100,N,Y,41.1479053,-73.5241604
MLS Listing,,Single Family Residential,22 Wake Robin Ln,Shelton,CT,06484,449000,4,3.0,Huntington,3564,33105,1991,7,126,,Active,,,http://www.redfin.com/CT/Shelton/22-Wake-Robin-Ln-06484/home/107179748,Smart MLS,170280242,N,Y,41.3179065,-73.1453559
MLS Listing,,Multi-Family (2-4 Unit),190 Hamilton Ave,Greenwich,CT,06830,1199000,6,3.0,Greenwich,2887,6534,1921,7,415,,Active,,,http://www.redfin.com/CT/Greenwich/190-Hamilton-Ave-06830/home/107017353,GMLS,109119,N,Y,41.0157872,-73.6412264
MLS Listing,,Single Family Residential,1 Spruce Dr,Brookfield,CT,06804,505000,5,3.0,Pokono Ridge,2946,40510,1977,7,171,,Active,,,http://www.redfin.com/CT/Brookfield/1-Spruce-Dr-06804/home/107300035,Smart MLS,170281092,N,Y,41.4379111,-73.3920752
MLS Listing,,Single Family Residential,143 Overlook Dr,Greenwich,CT,06830,2445000,6,4.5,Milbrook,4435,15681,1958,7,551,207,Active,,,http://www.redfin.com/CT/Greenwich/143-Overlook-Dr-06830/home/107014877,Smart MLS,170280952,N,Y,41.0313717,-73.6149943
MLS Listing,,Condo/Co-op,455 Hope St Unit 1C,Stamford,CT,06906,409000,3,2.5,Glenbrook,2355,,1982,7,174,426,Active,,,http://www.redfin.com/CT/Stamford/455-Hope-St-06906/unit-1C/home/107107104,Smart MLS,170281036,N,Y,41.0751291,-73.5229401
MLS Listing,,Condo/Co-op,33 N Water St #602,Norwalk,CT,06854,615000,2,2.0,South Norwalk,1512,,2007,7,407,720,Active,,,http://www.redfin.com/CT/Norwalk/33-N-Water-St-06854/unit-602/home/107853294,Smart MLS,170281083,N,Y,41.0998133,-73.4164179
MLS Listing,,Single Family Residential,71 New St,Shelton,CT,06484,260000,3,2.0,Shelton Center,1220,4791,1920,7,213,,Active,,,http://www.redfin.com/CT/Shelton/71-New-St-06484/home/107190221,Smart MLS,170281053,N,Y,41.3227052,-73.1030339
MLS Listing,,Single Family Residential,7 1/2 Bettswood Rd,Norwalk,CT,06851,629900,4,3.5,Bettswood Area,3301,6098,1999,7,191,,Active,,,http://www.redfin.com/CT/Norwalk/7-1-2-Bettswood-Rd-06851/home/171082044,Smart MLS,170280323,N,Y,41.1190821,-73.406027
MLS Listing,,Single Family Residential,65 Elderberry Ln,Fairfield,CT,06824,710000,4,3.0,University,3558,11325,1977,7,200,,Active,,,http://www.redfin.com/CT/Fairfield/65-Elderberry-Ln-06824/home/107143281,Smart MLS,170275256,N,Y,41.1749091,-73.2468873
MLS Listing,,Condo/Co-op,10 South St #94,Danbury,CT,06810,239000,2,1.5,Danbury,1500,,1992,7,159,320,Active,,,http://www.redfin.com/CT/Danbury/10-South-St-06810/unit-94/home/107000009,Smart MLS,170280776,N,Y,41.3830743,-73.4252418
MLS Listing,,Multi-Family (2-4 Unit),80 Colonial Rd,Stamford,CT,06906,551200,5,3.0,Stamford,3156,7405,1930,7,175,,Active,,,http://www.redfin.com/CT/Stamford/80-Colonial-Rd-06906/home/107085259,Smart MLS,170281051,N,Y,41.0701086,-73.5285605
MLS Listing,,Condo/Co-op,66 Seaside Ave #1,Stamford,CT,06902,300000,2,1.0,Cove,1844,,1929,7,163,300,Active,,,http://www.redfin.com/CT/Stamford/66-Seaside-Ave-06902/unit-1/home/107103490,Smart MLS,170279874,N,Y,41.056924,-73.5102616
MLS Listing,,Condo/Co-op,233 Danbury Rd #209,Ridgefield,CT,06877,349900,1,1.5,North Ridgefield,1011,,2020,7,346,275,Active,,,http://www.redfin.com/CT/Ridgefield/233-Danbury-Rd-06877/unit-209/home/171080859,Smart MLS,170281045,N,Y,41.3012392,-73.4928941
MLS Listing,,Condo/Co-op,233 Danbury Rd #204,Ridgefield,CT,06877,332900,1,1.0,North Ridgefield,1003,,2020,7,332,275,Active,,,http://www.redfin.com/CT/Ridgefield/233-Danbury-Rd-06877/unit-204/home/171080615,Smart MLS,170281042,N,Y,41.3012392,-73.4928941
MLS Listing,,Single Family Residential,66 Meadowcrest Dr,Fairfield,CT,06825,549900,3,2.5,Fairfield,4218,21344,1954,7,130,,Active,,,http://www.redfin.com/CT/Fairfield/66-Meadowcrest-Dr-06825/home/107143781,Smart MLS,170264339,N,Y,41.204146,-73.2386316
MLS Listing,,Single Family Residential,30 Almira Dr,Greenwich,CT,06831,999000,3,3.5,Glenville,2637,6534,1948,7,379,,Active,,,http://www.redfin.com/CT/Greenwich/30-Almira-Dr-06831/home/107023043,Smart MLS,170278131,N,Y,41.0212137,-73.6529541
MLS Listing,,Single Family Residential,34 Winding Ln,Norwalk,CT,06851,415000,4,2.0,Cranbury,2074,23086,1955,7,200,,Active,,,http://www.redfin.com/CT/Norwalk/34-Winding-Ln-06851/home/107847436,Smart MLS,170279138,N,Y,41.1434569,-73.41219
MLS Listing,,Condo/Co-op,14 Ledgewood Dr #14,Brookfield,CT,06804,289000,2,3.5,Brookfield Center,2208,,1987,7,131,430,Active,March-22-2020 01:00 PM,March-22-2020 03:00 PM,http://www.redfin.com/CT/Brookfield/14-Ledgewood-Dr-06804/unit-14/home/171080480,Smart MLS,170272096,N,Y,41.4629549,-73.3894171
MLS Listing,,Condo/Co-op,47 Lafayette Pl Unit 3H,Greenwich,CT,06830,599000,1,1.0,Greenwich,809,810,1956,7,740,,Active,,,http://www.redfin.com/CT/Greenwich/47-Lafayette-Pl-06830/unit-3H/home/107023315,HGMLS,6024472,N,Y,41.0332704,-73.6275432
MLS Listing,,Vacant Land,36 Bogus Hill Rd,New Fairfield,CT,06812,85000,,,New Fairfield,,28314,,7,,12,Active,,,http://www.redfin.com/CT/New-Fairfield/36-Bogus-Hill-Rd-06812/home/109727566,Smart MLS,170281025,N,Y,41.5074467,-73.4621688
MLS Listing,,Single Family Residential,4 Logans Way,Danbury,CT,06811,558000,4,2.5,Danbury,4210,40510,2000,7,133,,Active,,,http://www.redfin.com/CT/Danbury/4-Logans-Way-06811/home/106994191,Smart MLS,170280716,N,Y,41.3986175,-73.4858061
MLS Listing,,Vacant Land,34 Bogus Hill Rd W,New Fairfield,CT,06812,95000,,,New Fairfield,,26136,,7,,12,Active,,,http://www.redfin.com/CT/New-Fairfield/34-Bogus-Hill-Rd-06812/home/109727560,Smart MLS,170281020,N,Y,41.5077812,-73.462153
