SALE TYPE,SOLD DATE,PROPERTY TYPE,ADDRESS,CITY,STATE OR PROVINCE,ZIP OR POSTAL CODE,PRICE,BEDS,BATHS,LOCATION,SQUARE FEET,LOT SIZE,YEAR BUILT,DAYS ON MARKET,$/SQUARE FEET,HOA/MONTH,STATUS,NEXT OPEN HOUSE START TIME,NEXT OPEN HOUSE END TIME,URL (SEE http://www.redfin.com/buy-a-home/comparative-market-analysis FOR INFO ON PRICING),SOURCE,MLS#,FAVORITE,INTERESTED,LATITUDE,LONGITUDE
MLS Listing,,Multi-Family (2-4 Unit),180 Federal St,St. Albans City,VT,05478-2185,339000,7,4.0,St. Albans City,3554,6969,1910,1,95,,Active,,,http://www.redfin.com/VT/St-Albans-City/180-Federal-St-05478/home/91268139,NEREN,4803677,N,Y,44.8182826,-73.0847281
MLS Listing,,Single Family Residential,400 Brigham Rd,St. Albans Town,VT,05478,249900,3,2.0,St. Albans Town,1566,44866,2010,1,160,,Active,,,http://www.redfin.com/VT/St-Albans-City/400-Brigham-Rd-05478/home/91332942,NEREN,4803642,N,Y,44.8354236,-73.1017588
MLS Listing,,Single Family Residential,57 Nason St,St. Albans City,VT,05478,189900,3,1.0,St. Albans City,960,11325,1983,1,198,,Active,,,http://www.redfin.com/VT/St-Albans-City/57-Nason-St-05478/home/91268796,NEREN,4803577,N,Y,44.8043418,-73.0934903
MLS Listing,,Single Family Residential,75 North Ave,Richford,VT,05476,195000,4,1.75,Richford,2858,16552,1900,2,68,,Active,,,http://www.redfin.com/VT/Richford/75-North-Ave-05476/home/95139588,NEREN,4803524,N,Y,45.0002275,-72.6725607
MLS Listing,,Single Family Residential,94 Maquam Shore Rd,Swanton,VT,05488,829900,3,1.5,Swanton,2580,122839,2000,3,322,,Active,,,http://www.redfin.com/VT/Swanton/94-Maquam-Shore-Rd-05488/home/95131317,NEREN,4803475,N,Y,44.914086,-73.1639885
MLS Listing,,Single Family Residential,17 Oak St,St. Albans City,VT,05478,140000,2,1.0,St. Albans City,854,11325,1800,3,164,,Active,,,http://www.redfin.com/VT/St-Albans-City/17-Oak-St-05478/home/91268733,NEREN,4803461,N,Y,44.8141556,-73.090582
MLS Listing,,Single Family Residential,115 Green Mountain Rd,Montgomery,VT,05470,185900,3,1.25,Montgomery,2260,35719,1850,3,82,,Active,,,http://www.redfin.com/VT/Montgomery/115-Green-Mountain-Rd-05470/home/113771678,NEREN,4803441,N,Y,44.90588920196294,-72.63945830688478
MLS Listing,,Single Family Residential,381 Shipyard Bay Rd,Highgate,VT,05460,220000,2,0.75,Highgate,1444,13939,1930,4,152,,Active,,,http://www.redfin.com/VT/HIGHGATE-SPRINGS/381-SHIPYARD-BAY-RD-05460/home/91241137,NEREN,4803271,N,Y,44.977135,-73.111141
MLS Listing,,Single Family Residential,16 Jones Ct,Swanton,VT,05488,319900,4,2.5,Swanton,2122,17424,1991,4,151,,Active,,,http://www.redfin.com/VT/Swanton/16-Jones-Ct-05488/home/95130912,NEREN,4803198,N,Y,44.928461,-73.115771
MLS Listing,,Townhouse,7 Cardinal Cir,St. Albans Town,VT,05478,229000,3,2.5,St. Albans Town,1676,,2000,4,137,185,Active,,,http://www.redfin.com/VT/St-Albans-City/7-Cardinal-Cir-05478/home/91331516,NEREN,4803181,N,Y,44.8070949,-73.102104
MLS Listing,,Single Family Residential,9 Sunset Ter,St. Albans Town,VT,05478,310000,4,1.75,St. Albans Town,1680,20908,1991,5,185,,Active,,,http://www.redfin.com/VT/St-Albans-City/9-Sunset-Ter-05478/home/88576805,NEREN,4803109,N,Y,44.796808,-73.0782739
MLS Listing,,Single Family Residential,152 Mountain View Dr Unit 4E,Franklin,VT,05457,299000,3,2.25,Franklin,2008,87555,2020,5,149,,Active,,,http://www.redfin.com/VT/Franklin/152-Mountain-View-DR-05457/unit-4E/home/171475925,NEREN,4803088,N,Y,44.931532787742796,-72.85389053303616
MLS Listing,,Single Family Residential,23 Greenwich St,Swanton,VT,05488,219000,3,1.75,Swanton,1672,10890,1890,5,131,,Active,,,http://www.redfin.com/VT/Swanton/23-Greenwich-St-05488/home/91382583,NEREN,4803049,N,Y,44.9188578,-73.1193633
MLS Listing,,Single Family Residential,494 Wightman Hill Rd,Richford,VT,05476,349000,3,2.75,Richford,2643,1742400,2005,6,132,,Active,,,http://www.redfin.com/VT/Richford/494-Wightman-Hill-Rd-05476/home/91411730,NEREN,4802962,N,Y,44.965427,-72.642334
MLS Listing,,Single Family Residential,120 Messenger St,St. Albans City,VT,05478,219000,2,1.5,St. Albans City,1260,6098,1960,6,174,,Active,,,http://www.redfin.com/VT/St-Albans-City/120-Messenger-St-05478/home/91269187,NEREN,4802855,N,Y,44.8219708,-73.078932
MLS Listing,,Single Family Residential,124 Woods Hollow Dr,Georgia,VT,05468,375000,3,1.5,Georgia,1664,55756,2003,6,225,,Active,,,http://www.redfin.com/VT/Milton/124-Woods-Hollow-Dr-05468/home/91349759,NEREN,4802847,N,Y,44.6854323,-73.1240727
MLS Listing,,Single Family Residential,16 Jupiter Ln,Fairfield,VT,05455,410000,3,3.5,Fairfield,3107,443005,1998,7,132,,Active,,,http://www.redfin.com/VT/Fairfield/16-Jupiter-Ln-05455/home/95117088,NEREN,4802805,N,Y,44.787825,-73.0211379
MLS Listing,,Single Family Residential,3380 Mountain Rd,Montgomery,VT,05471,749000,3,2.0,Montgomery,3688,461736,2010,7,203,,Active,,,http://www.redfin.com/VT/Montgomery-Center/3380-Mountain-Rd-05471/home/91376685,NEREN,4802725,N,Y,44.8814552,-72.5432814
MLS Listing,,Single Family Residential,2545 Highgate Rd,Swanton,VT,05478,424900,3,2.0,Swanton,3064,126759,2005,7,139,,Active,,,http://www.redfin.com/VT/St-Albans-City/2545-Highgate-Rd-05478/home/91383566,NEREN,4802723,N,Y,44.8525697,-73.0755478
MLS Listing,,Vacant Land,319 Stagecoach Rd,Berkshire,VT,05447,184900,,,Berkshire,,1742400,,8,,,Active,,,http://www.redfin.com/VT/Berkshire/319-Stagecoach-RD-05447/home/171432383,NEREN,4802643,N,Y,44.92652386007897,-72.69381253967285
MLS Listing,,Single Family Residential,Bedard Rd Lot 2,Sheldon,VT,05483,264000,3,2.0,Sheldon,1400,59677,2019,8,189,,Active,,,http://www.redfin.com/VT/Sheldon/2-Bedard-Rd-05483/unit-2/home/148025989,NEREN,4802632,N,Y,44.8925682,-73.0088353
MLS Listing,,Single Family Residential,1 Bedard Rd Lot 1,Sheldon,VT,05483,399900,4,2.25,Sheldon,2016,271814,2019,8,198,,Active,,,http://www.redfin.com/VT/Sheldon/1-Bedard-Rd-05483/unit-1/home/148026224,NEREN,4802631,N,Y,44.8926037,-73.0085068
MLS Listing,,Townhouse,2 Elizabeth St #19,St. Albans Town,VT,05478,295000,3,2.5,St. Albans Town,1691,1742,2011,10,174,109,Active,,,http://www.redfin.com/VT/St-Albans-City/2-Elizabeth-St-05478/unit-19/home/171422327,NEREN,4802456,N,Y,44.792785,-73.086012
MLS Listing,,Single Family Residential,12 Quarry Ct,St. Albans Town,VT,05478,499000,4,4.25,St. Albans Town,4432,142441,1984,11,113,,Active,,,http://www.redfin.com/VT/St-Albans-City/12-Quarry-Ct-05478/home/91332215,NEREN,4802422,N,Y,44.8217276,-73.074023
MLS Listing,,Single Family Residential,567 Bullock Rd,Georgia,VT,05468,349000,4,2.75,Georgia,2952,217800,1861,11,118,,Active,,,http://www.redfin.com/VT/Milton/567-Bullock-Rd-05468/home/171418126,NEREN,4802406,N,Y,44.711671,-73.19452
MLS Listing,,Townhouse,3 Elizabeth St #3,St. Albans Town,VT,05478,285000,3,2.5,St. Albans Town,1928,17424,2013,11,148,109,Active,,,http://www.redfin.com/VT/St-Albans-Bay/Unknown-05481/unit-3/home/91332897,NEREN,4802381,N,Y,44.79313277245374,-73.08567699999999
MLS Listing,,Single Family Residential,"#Sunset View Estates Rd Lot 5",Fairfax,VT,05454,425000,4,2.0,Fairfax,1814,42688,2020,11,234,,Active,,,http://www.redfin.com/VT/Fairfax/5-Sunset-View-Estates-RD-05454/unit-5/home/167087899,NEREN,4802272,N,Y,44.640860705041,-72.9693654624939
MLS Listing,,Vacant Land,5 Maple Ln,Highgate,VT,05459-0000,65000,,,Highgate,,43560,,12,,,Active,,,http://www.redfin.com/VT/Highgate-Center/5-Rocky-Maple-Ln-05459/home/171408443,NEREN,4802233,N,Y,44.9260918,-72.9690846
MLS Listing,,Vacant Land,4 Maple Ln,Highgate,VT,05459-0000,65000,,,Highgate,,43560,,12,,,Active,,,http://www.redfin.com/VT/Highgate-Center/4-Rocky-Maple-Ln-05459/home/171408340,NEREN,4802227,N,Y,44.9260918,-72.9690846
MLS Listing,,Vacant Land,6 Maple Ln,Highgate,VT,05459,65000,,,Highgate,,43560,,12,,,Active,,,http://www.redfin.com/VT/Highgate-Center/6-Rocky-Maple-Ln-05459/home/171408233,NEREN,4802224,N,Y,44.9260918,-72.9690846
MLS Listing,,Vacant Land,9 Patch Rd Lot 9,Enosburg,VT,05450,100000,,,Enosburg,,931748,,12,,,Active,,,http://www.redfin.com/VT/Enosburg-Falls/9-Patch-Rd-05450/unit-9/home/171407527,NEREN,4802201,N,Y,44.9164125,-72.8057939
MLS Listing,,Single Family Residential,121 Bessette Rd,Fairfax,VT,05454,479000,4,3.5,Fairfax,4156,987940,1986,13,115,,Active,,,http://www.redfin.com/VT/Fairfax/121-Bessett-Rd-05454/home/169197200,NEREN,4802138,N,Y,44.763323,-73.045339
MLS Listing,,Single Family Residential,31 McKinlee Ln,Georgia,VT,05478,399900,4,2.5,Georgia,2376,108028,2007,13,168,33,Active,,,http://www.redfin.com/VT/Georgia/31-Mckinlee-Ln-05478/home/95120113,NEREN,4802135,N,Y,44.7397267,-73.1385691
MLS Listing,,Single Family Residential,226 School St,Enosburg,VT,05450,139900,3,1.5,Enosburg,1500,21780,1926,13,93,,Active,,,http://www.redfin.com/VT/Enosburg/226-School-St-05450/home/146793924,NEREN,4802095,N,Y,44.9052887,-72.8011897
