SALE TYPE,SOLD DATE,PROPERTY TYPE,ADDRESS,CITY,STATE OR PROVINCE,ZIP OR POSTAL CODE,PRICE,BEDS,BATHS,LOCATION,SQUARE FEET,LOT SIZE,YEAR BUILT,DAYS ON MARKET,$/SQUARE FEET,HOA/MONTH,STATUS,NEXT OPEN HOUSE START TIME,NEXT OPEN HOUSE END TIME,URL (SEE http://www.redfin.com/buy-a-home/comparative-market-analysis FOR INFO ON PRICING),SOURCE,MLS#,FAVORITE,INTERESTED,LATITUDE,LONGITUDE
MLS Listing,,Multi-Family (2-4 Unit),89 Linnmoore St,Hartford,CT,06114,237000,8,3.0,South End,3244,8712,1915,1,73,,Active,,,http://www.redfin.com/CT/Hartford/89-Linnmoore-St-06114/home/54157437,Smart MLS,170282972,N,Y,41.7334361,-72.6911493
MLS Listing,,Multi-Family (2-4 Unit),54 Ward Pl,Hartford,CT,06106,207000,6,3.0,Behind The Rocks,3189,5662,1924,1,65,,Active,,,http://www.redfin.com/CT/Hartford/54-Ward-Pl-06106/home/54145909,Smart MLS,170282969,N,Y,41.7502557,-72.6964016
MLS Listing,,Single Family Residential,11 Livingston St,Wethersfield,CT,06109,271500,3,2.5,Wethersfield,2216,7405,2000,1,123,,Active,,,http://www.redfin.com/CT/Wethersfield/11-Livingston-St-06109/home/54312584,Smart MLS,170282955,N,Y,41.721496,-72.6725712
MLS Listing,,Multi-Family (2-4 Unit),52 Catherine St,Hartford,CT,06106,217000,6,3.0,Behind The Rocks,2970,6969,1922,1,73,,Active,,,http://www.redfin.com/CT/Hartford/52-Catherine-St-06106/home/54145563,Smart MLS,170282964,N,Y,41.7465671,-72.6965203
MLS Listing,,Condo/Co-op,161 Coho Ln #161,Suffield,CT,06078,199999,2,2.5,Suffield,1812,,1984,1,110,312,Active,,,http://www.redfin.com/CT/Suffield/161-Coho-Ln-06078/unit-161/home/144512752,Smart MLS,170282937,N,Y,41.9932122,-72.610367
MLS Listing,,Single Family Residential,,East Hartford,CT,06118,220000,3,2.5,,1486,,2008,1,148,300,Active,,,http://www.redfin.com/CT/East-Hartford/Undisclosed-address-06118/home/171152305,Smart MLS,170282929,N,Y,41.7641275,-72.6037097
MLS Listing,,Single Family Residential,31 S Whitney St,Hartford,CT,06106,167000,3,2.0,Parkville,1172,4791,1915,1,142,,Active,,,http://www.redfin.com/CT/Hartford/31-S-Whitney-St-06106/home/54149815,Smart MLS,170282930,N,Y,41.7578073,-72.7094282
MLS Listing,,Condo/Co-op,41 Eden #3,Southington,CT,06489,243925,2,2.0,Southington,1074,,2019,1,227,216,Active,,,http://www.redfin.com/CT/Southington/41-Eden-Ave-06489/unit-3/home/171152600,Smart MLS,170282928,N,Y,41.5978527,-72.8790535
MLS Listing,,Single Family Residential,63 Westmeath Ln,Farmington,CT,06032,311000,3,1.5,Unionville,1131,17859,1979,1,275,,Active,,,http://www.redfin.com/CT/Farmington/63-Westmeath-LN-06032/home/171152508,Smart MLS,170282656,N,Y,41.744731,-72.892165
MLS Listing,,Single Family Residential,38 Hilltop Dr,West Hartford,CT,06107,319900,3,1.5,West Hartford,1509,7405,1942,1,212,,Active,March-22-2020 01:00 PM,March-22-2020 03:00 PM,http://www.redfin.com/CT/West-Hartford/38-Hilltop-Dr-06107/home/53967013,Smart MLS,170282741,N,Y,41.7699005,-72.7468209
MLS Listing,,Single Family Residential,20 Rockledge Dr,South Windsor,CT,06074,324900,4,2.5,Wood Pond,1920,25264,1984,1,169,,Active,,,http://www.redfin.com/CT/South-Windsor/20-Rockledge-Dr-06074/home/54134565,Smart MLS,170278381,N,Y,41.856703,-72.5429083
MLS Listing,,Single Family Residential,61 Ledgecrest Dr,Newington,CT,06111,237000,2,1.0,Newington,1022,11761,1953,1,232,,Active,March-22-2020 11:00 AM,March-22-2020 01:00 PM,http://www.redfin.com/CT/Newington/61-Ledgecrest-Dr-06111/home/54034454,Smart MLS,170281672,N,Y,41.6828178,-72.7042434
MLS Listing,,Single Family Residential,271 Rye St,East Windsor,CT,06016,309900,4,2.5,East Windsor,2338,168141,1938,1,133,,Active,,,http://www.redfin.com/CT/Broad-Brook/271-Rye-St-06016/home/53761115,Smart MLS,170280990,N,Y,41.8830666,-72.5727714
MLS Listing,,Single Family Residential,15 Rawlins Brook Rd,Suffield,CT,06078,389900,4,2.5,Suffield,2190,25264,1999,1,178,,Active,,,http://www.redfin.com/CT/Suffield/15-Rawlins-Brook-Ln-06078/home/54059173,Smart MLS,170270320,N,Y,41.9951929,-72.6174037
MLS Listing,,Single Family Residential,102 South Street Ext,Bristol,CT,06010,105000,2,1.0,Bristol,664,7840,1938,1,158,,Active,,,http://www.redfin.com/CT/Bristol/102-S-St-Ext-06010/home/54394563,Smart MLS,170281476,N,Y,41.667207,-72.951735
MLS Listing,,Single Family Residential,116 Edgewood Dr,South Windsor,CT,06074,284900,3,2.5,South Windsor,2372,20908,1965,1,120,,Active,,,http://www.redfin.com/CT/South-Windsor/116-Edgewood-Dr-06074/home/54128663,Smart MLS,170282548,N,Y,41.82604,-72.5957816
MLS Listing,,Single Family Residential,65 Tyler St,Bloomfield,CT,06002,159900,2,1.0,Bloomfield,984,22651,1948,1,163,,Active,,,http://www.redfin.com/CT/Bloomfield/65-Tyler-St-06002/home/53946622,Smart MLS,170280535,N,Y,41.8211782,-72.7155581
MLS Listing,,Single Family Residential,7 Bailey Rd,Enfield,CT,06082,225000,3,1.5,Enfield,1440,43995,1972,1,156,,Active,,,http://www.redfin.com/CT/Enfield/7-Bailey-Rd-06082/home/53813600,Smart MLS,170282820,N,Y,41.980395,-72.5067312
MLS Listing,,Single Family Residential,244 Stevens St,Bristol,CT,06010,215000,3,1.0,Bristol,960,21344,1936,1,224,,Active,,,http://www.redfin.com/CT/Bristol/244-Stevens-St-06010/home/54393185,Smart MLS,170282645,N,Y,41.713992,-72.9194567
MLS Listing,,Single Family Residential,40 Joan Rd,New Britain,CT,06053,159900,4,2.0,New Britain,1651,9583,1956,1,97,,Active,,,http://www.redfin.com/CT/New-Britain/40-Joan-Rd-06053/home/53881303,Smart MLS,170264164,N,Y,41.7013627,-72.7896681
MLS Listing,,Single Family Residential,311 Garden St,Wethersfield,CT,06109,249900,4,1.0,Old Wethersfield,1554,10454,1915,1,161,,Active,,,http://www.redfin.com/CT/Wethersfield/311-Garden-St-06109/home/54315566,Smart MLS,170282848,N,Y,41.7165174,-72.6605367
MLS Listing,,Single Family Residential,113 Hebron Rd,Marlborough,CT,06447,189900,3,1.0,Marlborough,1115,102366,1954,1,170,,Active,,,http://www.redfin.com/CT/Marlborough/113-Hebron-Rd-06447/home/54374962,Smart MLS,170281834,N,Y,41.6394128,-72.4448734
MLS Listing,,Single Family Residential,144 Nunzio Dr,Southington,CT,06479,404900,3,2.5,Plantsville,2453,29185,1993,1,165,,Active,,,http://www.redfin.com/CT/Plantsville/144-Nunzio-Dr-06479/home/53726958,Smart MLS,170282835,N,Y,41.5802763,-72.8869238
MLS Listing,,Single Family Residential,115 Williams St,Plainville,CT,06062,249900,4,2.0,Plainville,2104,11325,1940,1,119,,Active,,,http://www.redfin.com/CT/Plainville/115-Williams-St-06062/home/53794317,Smart MLS,170282502,N,Y,41.6776864,-72.8517614
MLS Listing,,Single Family Residential,548 Huckleberry Hill Rd,Avon,CT,06001,729000,4,4.0,Avon,5274,60112,2004,1,138,,Active,,,http://www.redfin.com/CT/Avon/548-Huckleberry-Hill-Rd-06001/home/136463806,Smart MLS,170281184,N,Y,41.772625,-72.8970764
MLS Listing,,Condo/Co-op,404 Watercourse Row #404,Rocky Hill,CT,06067,182000,2,2.0,Rocky Hill,1186,,1993,1,153,264,Active,,,http://www.redfin.com/CT/Rocky-Hill/404-Watercourse-Row-06067/unit-404/home/145254112,Smart MLS,170282547,N,Y,41.6393834,-72.6908422
MLS Listing,,Single Family Residential,38 Winton Rd,East Windsor,CT,06088,139900,4,2.0,East Windsor,1024,24829,1962,1,137,,Active,,,http://www.redfin.com/CT/East-Windsor/38-Winton-Rd-06088/home/53761725,Smart MLS,170282806,N,Y,41.8967753,-72.6143546
MLS Listing,,Single Family Residential,311 Keeney St,Manchester,CT,06040,214900,4,2.5,Manchester,2165,13939,1992,1,99,,Active,,,http://www.redfin.com/CT/Manchester/311-Keeney-St-06040/home/53870145,Smart MLS,170282789,N,Y,41.7518585,-72.5399623
MLS Listing,,Single Family Residential,2 Greenridge Ln,West Hartford,CT,06107,599000,6,5.0,Elmwood,4262,91476,1932,1,141,173,Active,,,http://www.redfin.com/CT/West-Hartford/2-Greenridge-Ln-06107/home/53965912,Smart MLS,170282799,N,Y,41.7588014,-72.7772026
MLS Listing,,Single Family Residential,176 Greystone Ave,Bristol,CT,06010,208900,4,2.0,Bristol,1502,31363,1947,1,139,,Active,,,http://www.redfin.com/CT/Bristol/176-Greystone-Ave-06010/home/54400869,Smart MLS,170282676,N,Y,41.6576963,-72.944511
MLS Listing,,Single Family Residential,192 W Chippens Hill Rd,Burlington,CT,06013,410000,3,2.5,Burlington,1959,32670,2009,1,209,,Active,,,http://www.redfin.com/CT/Burlington/192-W-Chippens-Hill-Rd-06013/home/53763751,Smart MLS,170282493,N,Y,41.7154833,-72.978766
MLS Listing,,Single Family Residential,66 Lawton Rd,Canton,CT,06019,319900,3,2.0,Canton,1662,70131,1967,1,192,,Active,,,http://www.redfin.com/CT/Canton/66-Lawton-Rd-06019/home/54007688,Smart MLS,170276509,N,Y,41.8306419,-72.8830011
MLS Listing,,Condo/Co-op,19 Canborne Way #19,Suffield,CT,06078,163000,2,2.0,Suffield,1280,,1982,1,127,360,Active,,,http://www.redfin.com/CT/Suffield/19-Canborne-Way-06078/unit-19/home/171149615,MLS PIN,72635387,N,Y,41.982353,-72.662375
MLS Listing,,Single Family Residential,251 Princeton St,Hartford,CT,06106,169900,3,2.0,Behind The Rocks,1145,9583,1943,1,148,,Active,,,http://www.redfin.com/CT/Hartford/251-Princeton-St-06106/home/54157200,Smart MLS,170269506,N,Y,41.7286264,-72.7020461
MLS Listing,,Single Family Residential,17 Red Oak Dr,Southington,CT,06489,35000,2,1.0,Southington,708,,1967,1,49,494,Active,,,http://www.redfin.com/CT/Southington/17-Red-Oak-Dr-06489/home/53724422,Smart MLS,170282737,N,Y,41.6478406,-72.8784255
MLS Listing,,Single Family Residential,439 Middletown Ave,Wethersfield,CT,06109,158000,3,1.0,Wethersfield,1040,10890,1952,1,152,,Active,,,http://www.redfin.com/CT/Wethersfield/439-Middletown-Ave-06109/home/54315215,Smart MLS,170281353,N,Y,41.6891193,-72.6512193
MLS Listing,,Single Family Residential,57 Orchard Farms Ln,Avon,CT,06001,589000,4,4.5,Avon,4585,34412,1995,1,128,,Active,,,http://www.redfin.com/CT/Avon/57-Orchard-Farms-Ln-06001/home/136408204,Smart MLS,170282158,N,Y,41.7682993,-72.8947229
MLS Listing,,Single Family Residential,217 Dunham St #23,Southington,CT,06489,95000,3,2.0,Southington,1152,,2016,1,82,443,Active,,,http://www.redfin.com/CT/Southington/217-Dunham-St-06489/unit-23/home/53724802,Smart MLS,170282039,N,Y,41.64564,-72.8640879
MLS Listing,,Single Family Residential,0 Brittanys Way,Berlin,CT,06037,749900,4,4.0,East Berlin,3600,39639,2020,1,208,,Active,,,http://www.redfin.com/CT/Berlin/Christopher-Way-06037/home/170176278,Smart MLS,170282686,N,Y,41.607051,-72.723078
MLS Listing,,Condo/Co-op,24 Folkstone Rd Unit D,East Windsor,CT,06016,164900,2,1.5,Broad Brook,1296,,1987,1,127,269,Active,,,http://www.redfin.com/CT/Broad-Brook/24-Folkstone-Rd-06016/unit-D/home/53760105,Smart MLS,170282267,N,Y,41.908769,-72.561067
MLS Listing,,Condo/Co-op,39 Eden Ave #8,Southington,CT,06489,238925,2,2.0,Southington,1074,,2019,1,222,216,Active,,,http://www.redfin.com/CT/Southington/39-Eden-Ave-06489/unit-8/home/171148182,Smart MLS,170282675,N,Y,41.5978509,-72.8790304
MLS Listing,,Single Family Residential,0 Brittanys Way,Berlin,CT,06037,739900,4,3.5,East Berlin,3200,27442,2020,1,231,,Active,,,http://www.redfin.com/CT/Berlin/Christopher-Way-06037/home/170176282,Smart MLS,170282674,N,Y,41.60637,-72.722528
MLS Listing,,Condo/Co-op,600 Clark Ave #2,Bristol,CT,06010,101900,2,1.5,Chippens Hill,1246,,1985,1,82,190,Active,,,http://www.redfin.com/CT/Bristol/600-Clark-Ave-06010/unit-2/home/54401149,Smart MLS,170282236,N,Y,41.6911306,-72.9847584
MLS Listing,,Single Family Residential,5 Stone Brook Xing Lot 3,Rocky Hill,CT,06067,734900,4,3.5,Oleski Farms,3200,32234,2020,1,230,,Active,,,http://www.redfin.com/CT/Rocky-Hill/5-Stone-Hill-Dr-06067/unit-3/home/171148011,Smart MLS,170277581,N,Y,41.667347,-72.6968026
MLS Listing,,Single Family Residential,55 Slater Rd,Glastonbury,CT,06033,344900,4,1.5,Glastonbury,2494,37461,1967,1,138,,Active,,,http://www.redfin.com/CT/Glastonbury/55-Slater-Rd-06033/home/54167766,Smart MLS,170271322,N,Y,41.7146723,-72.5223083
MLS Listing,,Single Family Residential,76 Red Top Dr,West Hartford,CT,06110,239000,3,1.5,West Hartford,1282,9583,1960,1,186,,Active,,,http://www.redfin.com/CT/West-Hartford/76-Red-Top-Dr-06110/home/53970285,Smart MLS,170280688,N,Y,41.7220609,-72.7527775
MLS Listing,,Condo/Co-op,85 Woodsedge Dr Unit 4B,Newington,CT,06111,107900,2,1.0,Newington,988,,1974,1,109,305,Active,,,http://www.redfin.com/CT/Newington/85-Woodsedge-Dr-06111/unit-4B/home/54038659,Smart MLS,170282576,N,Y,41.6754723,-72.7111816
MLS Listing,,Single Family Residential,494 Firetown Rd,Simsbury,CT,06070,349900,4,2.5,Simsbury,2794,121967,1978,1,125,,Active,,,http://www.redfin.com/CT/Simsbury/494-Firetown-Rd-06070/home/53998384,Smart MLS,170282369,N,Y,41.9136241,-72.844112
MLS Listing,,Single Family Residential,8 Parkview Dr,Southington,CT,06479,215000,4,1.0,Plantsville,1188,9147,1951,1,181,,Active,,,http://www.redfin.com/CT/Plantsville/8-Parkview-Dr-06479/home/53718920,Smart MLS,170269724,N,Y,41.5681351,-72.871971
MLS Listing,,Single Family Residential,38 Garrett Rd,Canton,CT,06019,624900,5,5.0,North Canton,5735,91911,2006,1,109,,Active,,,http://www.redfin.com/CT/Canton/Garrett-Rd-06019/home/54005396,Smart MLS,170282600,N,Y,41.850579,-72.896415
MLS Listing,,Single Family Residential,223 N Main St,West Hartford,CT,06107,389900,3,2.5,West Hartford,2133,18295,1952,1,183,,Active,,,http://www.redfin.com/CT/West-Hartford/223-N-Main-St-06107/home/53969223,Smart MLS,170282091,N,Y,41.77702,-72.7459898
MLS Listing,,Condo/Co-op,38 Rushford Meade #38,Granby,CT,06035,104900,2,1.5,Granby,1052,,1985,1,100,338,Active,,,http://www.redfin.com/CT/Granby/38-Rushford-Meade-Ave-06035/unit-38/home/171146957,Smart MLS,170281909,N,Y,41.9488522,-72.7809363
MLS Listing,,Single Family Residential,50 Lyle Rd,New Britain,CT,06053,199900,3,2.5,New Britain,1980,13503,1925,1,101,,Active,,,http://www.redfin.com/CT/New-Britain/50-Lyle-Rd-06053/home/53881949,Smart MLS,170282571,N,Y,41.6962917,-72.7709696
MLS Listing,,Single Family Residential,88 Delmont St,Manchester,CT,06042,174900,3,2.0,Bowers,1192,9147,1949,1,147,,Active,,,http://www.redfin.com/CT/Manchester/88-Delmont-St-06042/home/53869544,Smart MLS,170282315,N,Y,41.7845598,-72.5191657
MLS Listing,,Single Family Residential,28 Wiegands Dr,New Britain,CT,06052,254900,4,4.0,New Britain,2240,35719,1990,1,114,,Active,,,http://www.redfin.com/CT/New-Britain/28-Weigands-Dr-06052/home/53884051,Smart MLS,170282580,N,Y,41.6524426,-72.8107196
MLS Listing,,Single Family Residential,27 Hanmer St,Hartford,CT,06114,179900,3,1.5,South End,1760,5227,1941,1,102,,Active,,,http://www.redfin.com/CT/Hartford/27-Hanmer-St-06114/home/54158661,Smart MLS,170282394,N,Y,41.7328371,-72.6714164
MLS Listing,,Single Family Residential,244 Lawrence Rd,South Windsor,CT,06074,199000,3,1.5,Dart Hill,1406,31798,1961,1,142,,Active,,,http://www.redfin.com/CT/South-Windsor/244-Lawrence-Rd-06074/home/54130694,Smart MLS,170280178,N,Y,41.8567376,-72.5093675
MLS Listing,,Single Family Residential,57 Beechwood Ln,South Windsor,CT,06074,399900,4,2.5,South Windsor,3048,17424,1991,1,131,,Active,,,http://www.redfin.com/CT/South-Windsor/57-Beechwood-Ln-06074/home/54133434,Smart MLS,170282180,N,Y,41.8136939,-72.5770741
MLS Listing,,Condo/Co-op,25 Cliffside Dr Unit C,Manchester,CT,06042,144900,3,2.5,Manchester,1672,,1976,1,87,295,Active,,,http://www.redfin.com/CT/Manchester/25-Cliffside-Dr-06042/unit-C/home/53860496,Smart MLS,170280725,N,Y,41.7950523,-72.4876217
MLS Listing,,Single Family Residential,24 Overhill Rd,West Hartford,CT,06117,249900,3,2.5,West Hartford,2391,13939,1953,1,105,,Active,,,http://www.redfin.com/CT/West-Hartford/24-Overhill-Rd-06117/home/53969398,Smart MLS,170282536,N,Y,41.7884591,-72.7499092
MLS Listing,,Condo/Co-op,7 Camelot Dr #4,Bloomfield,CT,06002,65000,2,1.5,Bloomfield,1088,,1965,1,60,474,Active,,,http://www.redfin.com/CT/Bloomfield/7-Camelot-Dr-06002/unit-4/home/53942456,Smart MLS,170282534,N,Y,41.8302916,-72.7036155
MLS Listing,,Single Family Residential,90 Roberts Trce #90,Bristol,CT,06010,289900,2,2.0,Chippens Hill,1596,,2011,1,182,265,Active,,,http://www.redfin.com/CT/Bristol/90-Roberts-Trce-06010/unit-90/home/171146469,Smart MLS,170280736,N,Y,41.687038,-72.977207
MLS Listing,,Condo/Co-op,235 E River Dr #806,East Hartford,CT,06108,199900,3,2.0,East Hartford,1526,,1989,1,131,1378,Active,March-22-2020 12:00 PM,March-22-2020 02:00 PM,http://www.redfin.com/CT/East-Hartford/235-E-River-Dr-06108/unit-806/home/54329277,Smart MLS,170282528,N,Y,41.767127,-72.6622913
MLS Listing,,Single Family Residential,5 Dorset Rd,West Hartford,CT,06119,269000,3,2.0,West Hartford,1496,6969,1949,2,180,,Active,,,http://www.redfin.com/CT/West-Hartford/5-Dorset-Rd-06119/home/53974804,Smart MLS,170282082,N,Y,41.767347,-72.7271032
MLS Listing,,Multi-Family (2-4 Unit),171 Homestead Ave,Hartford,CT,06112,149900,0,,Hartford,3855,6969,1910,2,39,,Active,,,http://www.redfin.com/CT/Hartford/171-Homestead-Ave-06112/home/54154827,Smart MLS,170282265,N,Y,41.7772404,-72.6939206
MLS Listing,,Single Family Residential,6 Pheasant Run,Windsor,CT,06095,379900,3,3.0,Windsor,3104,87120,1980,2,122,,Active,,,http://www.redfin.com/CT/Windsor/6-Pheasant-Run-06095/home/54268982,Smart MLS,170275305,N,Y,41.8953884,-72.6985628
MLS Listing,,Single Family Residential,93 Dennis Dr,New Britain,CT,06053,229900,3,2.5,New Britain,2226,14810,1954,2,103,,Active,,,http://www.redfin.com/CT/New-Britain/93-Dennis-Dr-06053/home/53879807,Smart MLS,170282427,N,Y,41.6980551,-72.7637668
MLS Listing,,Multi-Family (2-4 Unit),1682 Corbin Ave,New Britain,CT,06053,259900,6,2.0,New Britain,3090,13068,1927,2,84,,Active,,,http://www.redfin.com/CT/New-Britain/1682-Corbin-Ave-06053/home/53885882,Smart MLS,170282114,N,Y,41.6790422,-72.804349
MLS Listing,,Condo/Co-op,8 Tanager Cir #8,Simsbury,CT,06081,145000,2,1.5,Tariffville,1166,,1984,2,124,397,Active,,,http://www.redfin.com/CT/Tariffville/8-Tanager-Cir-06081/unit-8/home/171144214,Smart MLS,170282089,N,Y,41.9107942,-72.7712715
MLS Listing,,Condo/Co-op,19 Capitol Ave Unit B,Hartford,CT,06106,185000,1,1.0,Downtown,903,,1870,2,205,341,Active,,,http://www.redfin.com/CT/Hartford/19-Capitol-Ave-06106/unit-B/home/54152477,Smart MLS,170282335,N,Y,41.7609375,-72.675765
MLS Listing,,Single Family Residential,109 Walnut St,Southington,CT,06489,299900,3,2.5,Plantsville,1794,25700,1968,2,167,,Active,,,http://www.redfin.com/CT/Southington/109-Walnut-St-06489/home/53720477,Smart MLS,170281460,N,Y,41.5953639,-72.893758
MLS Listing,,Single Family Residential,9 Terry Plains Rd,Bloomfield,CT,06002,274900,4,2.5,Bloomfield,1682,20908,1949,2,163,,Active,,,http://www.redfin.com/CT/Bloomfield/9-Terry-Plains-Rd-06002/home/53947009,Smart MLS,170281997,N,Y,41.8447467,-72.7460821
MLS Listing,,Townhouse,86 The Laurels #86,Enfield,CT,06082,210000,2,2.5,Enfield,1436,,1987,2,146,283,Active,,,http://www.redfin.com/CT/Enfield/86-The-Laurels-06082/unit-86/home/91183282,MLS PIN,72634850,N,Y,42.0141353,-72.542698
MLS Listing,,Single Family Residential,193 Brimfield Rd,Wethersfield,CT,06109,319900,4,3.0,Wethersfield,2411,10018,1930,2,133,,Active,March-22-2020 12:00 PM,March-22-2020 03:00 PM,http://www.redfin.com/CT/Wethersfield/193-Brimfield-Rd-06109/home/54313032,Smart MLS,170282350,N,Y,41.6975213,-72.6666492
MLS Listing,,Single Family Residential,58 Hillcrest Ave,Wethersfield,CT,06109,279900,3,1.5,Wethersfield,1728,8712,1928,2,162,,Active,,,http://www.redfin.com/CT/Wethersfield/58-Hillcrest-Ave-06109/home/54312564,Smart MLS,170282364,N,Y,41.71543,-72.6676173
MLS Listing,,Single Family Residential,32 Margaret Dr,East Windsor,CT,06016,279900,3,2.0,East Windsor,2148,43124,1973,2,130,,Active,,,http://www.redfin.com/CT/Broad-Brook/32-Margaret-Dr-06016/home/53760195,Smart MLS,170266946,N,Y,41.9355153,-72.5173631
MLS Listing,,Multi-Family (2-4 Unit),23 Laurel St,Manchester,CT,06040,224900,5,2.0,Manchester,2096,7840,1886,2,107,,Active,,,http://www.redfin.com/CT/Manchester/23-Laurel-St-06040/home/53863407,Smart MLS,170282384,N,Y,41.7719139,-72.5251516
MLS Listing,,Single Family Residential,99 Shawnee Rd,East Hartford,CT,06118,19900,2,1.0,Rivermead Pointe North,696,,1968,2,29,,Active,,,http://www.redfin.com/CT/East-Hartford/99-Shawnee-Rd-06118/home/54327527,Smart MLS,170282332,N,Y,41.7370376,-72.6354724
MLS Listing,,Single Family Residential,10 Berkshire Dr,Farmington,CT,06032,349900,4,2.0,Farmington,1821,20037,1971,2,192,,Active,,,http://www.redfin.com/CT/Farmington/10-Berkshire-Dr-06032/home/54428361,Smart MLS,170279546,N,Y,41.7214455,-72.7806653
MLS Listing,,Single Family Residential,3786 Old Mountain Rd,Suffield,CT,06093,349900,3,3.0,West Suffield,2035,17424,1971,2,172,7,Active,,,http://www.redfin.com/CT/West-Suffield/3786-Old-Mountain-Rd-06093/home/54061021,Smart MLS,170279187,N,Y,42.0225243,-72.7534701
MLS Listing,,Single Family Residential,32 Durkin St,Manchester,CT,06040,159900,3,1.5,Central,1152,4791,1943,2,139,,Active,March-22-2020 01:00 AM,March-22-2020 02:30 PM,http://www.redfin.com/CT/Manchester/32-Durkin-St-06040/home/53861132,Smart MLS,170282003,N,Y,41.7810385,-72.5130649
MLS Listing,,Single Family Residential,15 Trevor Ln,East Granby,CT,06026,419900,4,2.5,East Granby,2797,94960,1999,2,150,,Active,,,http://www.redfin.com/CT/East-Granby/15-Trevor-Ln-06026/home/53814427,Smart MLS,170281180,N,Y,41.9276985,-72.7359105
MLS Listing,,Single Family Residential,207 Duncaster Rd,Bloomfield,CT,06002,334900,4,2.0,North Bloomfield,2825,288802,1992,2,119,,Active,,,http://www.redfin.com/CT/Bloomfield/207-Duncaster-Rd-06002/home/53942995,Smart MLS,170281174,N,Y,41.8789002,-72.7578566
MLS Listing,,Vacant Land,99 Union St,Manchester,CT,06042,79000,,,Manchester,,6969,,2,,,Active,,,http://www.redfin.com/CT/Manchester/99-Union-St-06042/home/109582458,Smart MLS,170282276,N,Y,41.7993188,-72.5281756
MLS Listing,,Single Family Residential,92 Northgate,Avon,CT,06001,675000,7,6.5,Avon,7326,43560,2005,2,92,,Active,,,http://www.redfin.com/CT/Avon/92-Northgate-06001/home/136452569,Smart MLS,170276221,N,Y,41.7934436,-72.8987608
MLS Listing,,Multi-Family (2-4 Unit),82 Florence St,Manchester,CT,06040,219900,4,2.0,Manchester,1965,6098,1919,2,112,,Active,,,http://www.redfin.com/CT/Manchester/82-Florence-St-06040/home/53861787,Smart MLS,170282296,N,Y,41.771225,-72.512298
MLS Listing,,Single Family Residential,76 Candlewood Dr,Bristol,CT,06010,314900,4,2.5,Bristol,2120,32670,1985,2,149,,Active,,,http://www.redfin.com/CT/Bristol/76-Candlewood-Dr-06010/home/54410778,Smart MLS,170279733,N,Y,41.6641386,-72.8882673
MLS Listing,,Single Family Residential,74 S Stonybrook Dr,Marlborough,CT,06447,284900,3,2.5,Marlborough,2405,67953,1978,2,118,,Active,,,http://www.redfin.com/CT/Marlborough/74-S-Stonybrook-Dr-06447/home/54376462,Smart MLS,170282287,N,Y,41.6763571,-72.4509809
MLS Listing,,Condo/Co-op,61 Brandywine Ln #61,Suffield,CT,06078,153000,2,1.5,Suffield,1340,,1972,2,114,260,Active,,,http://www.redfin.com/CT/Suffield/61-Brandywine-Ln-06078/unit-61/home/171139594,Smart MLS,170282078,N,Y,41.98093,-72.6457351
MLS Listing,,Multi-Family (2-4 Unit),197 Center St,Manchester,CT,06040,245000,8,2.0,Manchester,2724,9147,1907,2,90,,Active,,,http://www.redfin.com/CT/Manchester/197-Center-St-06040/home/53860016,Smart MLS,170281743,N,Y,41.7737139,-72.5277161
MLS Listing,,Multi-Family (2-4 Unit),71 Ashford St,Hartford,CT,06120,184900,4,2.0,Northeast,2464,6098,1926,2,75,,Active,,,http://www.redfin.com/CT/Hartford/71-Ashford-St-06120/home/54156552,Smart MLS,170280379,N,Y,41.799073,-72.665372
MLS Listing,,Single Family Residential,70 Sycamore Rd,South Windsor,CT,06074,199900,4,2.5,South Windsor,2177,16117,1979,2,92,,Active,,,http://www.redfin.com/CT/South-Windsor/70-Sycamore-Rd-06074/home/54130495,Smart MLS,170282064,N,Y,41.8146381,-72.5838147
MLS Listing,,Condo/Co-op,63 Summit St #1,Manchester,CT,06040,94900,2,1.0,Manchester,1362,,1982,2,70,250,Active,,,http://www.redfin.com/CT/Manchester/63-Summit-St-06040/unit-1/home/53868543,Smart MLS,170274546,N,Y,41.7788567,-72.5189165
MLS Listing,,Single Family Residential,23 King Rd,West Hartford,CT,06107,299900,2,1.5,West Hartford,2013,10890,1978,2,149,,Active,,,http://www.redfin.com/CT/West-Hartford/23-King-Rd-06107/home/53980284,Smart MLS,170282222,N,Y,41.7504733,-72.7537933
MLS Listing,,Single Family Residential,154 Case St,Canton,CT,06019,274000,4,2.0,Cherry Brook,2016,63162,1940,2,136,,Active,,,http://www.redfin.com/CT/Canton/154-Case-St-06019/home/54005468,Smart MLS,170282242,N,Y,41.916848,-72.891855
MLS Listing,,Single Family Residential,29 Orchard Rd,Farmington,CT,06032,259900,2,2.0,Farmington,1074,21780,1954,2,242,,Active,,,http://www.redfin.com/CT/Farmington/29-Orchard-Rd-06032/home/54424306,Smart MLS,170281627,N,Y,41.7192693,-72.7719378
MLS Listing,,Single Family Residential,14 Varno Ln,Enfield,CT,06082,169900,3,1.0,Enfield,1508,12632,1963,2,113,,Active,,,http://www.redfin.com/CT/Enfield/14-Varno-Ln-06082/home/53811384,Smart MLS,170275595,N,Y,42.0162035,-72.5666258
MLS Listing,,Condo/Co-op,410 Cedar Hollow Dr,Rocky Hill,CT,06067,130000,2,1.5,Rocky Hill,1570,,1974,2,83,325,Active,,,http://www.redfin.com/CT/Rocky-Hill/410-Cedar-Hollow-Dr-06067/unit-000410/home/53843324,Smart MLS,170280542,N,Y,41.6635266,-72.6349806
MLS Listing,,Single Family Residential,50 Hannah St,Bristol,CT,06010,198900,3,2.0,Bristol,1464,9147,1955,2,136,,Active,,,http://www.redfin.com/CT/Bristol/50-Hannah-St-06010/home/54395199,Smart MLS,170279420,N,Y,41.700666,-72.907019
MLS Listing,,Single Family Residential,25 Overhill Rd,West Hartford,CT,06117,389000,3,3.0,West Hartford,2502,13068,1955,3,155,,Active,,,http://www.redfin.com/CT/West-Hartford/25-Overhill-Rd-06117/home/53969386,Smart MLS,170282094,N,Y,41.7878609,-72.7499608
MLS Listing,,Condo/Co-op,1 Talcott Forest Rd Unit D,Farmington,CT,06032,129900,1,1.0,Farmington,838,,1973,3,155,259,Active,,,http://www.redfin.com/CT/Farmington/1-Talcott-Forest-Rd-06032/unit-D/home/54431157,Smart MLS,170282108,N,Y,41.7358478,-72.7995528
MLS Listing,,Condo/Co-op,15 Darling St Unit A,Southington,CT,06489,135900,3,1.5,Southington,1200,,1978,3,113,319,Active,,,http://www.redfin.com/CT/Southington/15-Darling-St-06489/unit-A/home/53722799,Smart MLS,170282171,N,Y,41.6119369,-72.8749826
MLS Listing,,Single Family Residential,5 Crestview Dr,Bloomfield,CT,06002,130000,3,2.0,Bloomfield,1512,22651,1956,3,86,,Active,,,http://www.redfin.com/CT/Bloomfield/5-Crestview-Dr-06002/home/53942832,Smart MLS,170281582,N,Y,41.8323401,-72.7301972
MLS Listing,,Single Family Residential,195 Webster Hill Blvd,West Hartford,CT,06107,314900,3,2.5,West Hartford,2271,7840,1941,3,139,,Active,March-22-2020 02:00 PM,March-22-2020 03:30 PM,http://www.redfin.com/CT/West-Hartford/195-Webster-Hill-Blvd-06107/home/53973236,Smart MLS,170281922,N,Y,41.7390636,-72.7395712
MLS Listing,,Condo/Co-op,503 Kebalo Ln #503,South Windsor,CT,06074,275000,2,2.0,South Windsor,1335,,2003,3,206,314,Active,,,http://www.redfin.com/CT/South-Windsor/501-Evergreen-Way-06074/unit-503/home/54126305,Smart MLS,170280528,N,Y,41.8094457,-72.557176
MLS Listing,,Condo/Co-op,9 Cinnamon Spgs #9,South Windsor,CT,06074,129000,2,1.0,Pleasant Valley,1040,,1973,3,124,231,Active,March-22-2020 01:00 AM,March-22-2020 03:00 PM,http://www.redfin.com/CT/South-Windsor/9-Cinnamon-Spg-06074/unit-9/home/168653424,Smart MLS,170282127,N,Y,41.807574,-72.5745405
MLS Listing,,Single Family Residential,23 Bay Hill Dr #23,Bloomfield,CT,06002,599900,4,3.5,Bloomfield,5362,43560,2011,3,112,600,Active,,,http://www.redfin.com/CT/Bloomfield/23-Bay-Hill-Dr-06002/unit-23/home/144780564,Smart MLS,170277146,N,Y,41.8117119,-72.7641035
MLS Listing,,Single Family Residential,9 Washington Cir,Farmington,CT,06085,194900,2,1.0,Unionville,1080,4791,1939,3,180,,Active,,,http://www.redfin.com/CT/Unionville/9-Washington-Cir-06085/home/54423979,Smart MLS,170282138,N,Y,41.7433952,-72.9025525
MLS Listing,,Vacant Land,6 Hill Top/ Lot 325,Burlington,CT,06013,130000,,,Johnny Cake,,54014,,3,,,Active,,,http://www.redfin.com/CT/Burlington/6-Hill-Top-Rd-06013/home/146261714,Smart MLS,170281001,N,Y,41.755836,-72.992864
MLS Listing,,Vacant Land,23 Mountain Top/ Lot 369 Pass,Burlington,CT,06013,110000,,,Johnny Cake,,50965,,3,,,Active,,,http://www.redfin.com/CT/Burlington/23-Mountain-Top-Pass-06013/home/171131270,Smart MLS,170280997,N,Y,41.759696,-72.993387
MLS Listing,,Vacant Land,19 Mountain Top/ Lot 311 Pass,Burlington,CT,06013,105000,,,Johnny Cake,,46173,,3,,,Active,,,http://www.redfin.com/CT/Burlington/19-Mountain-Top-Pass-06013/home/167970684,Smart MLS,170280974,N,Y,41.759781,-72.993847
MLS Listing,,Vacant Land,12 Mountain Top/ Lot 307 Pass,Burlington,CT,06013,110000,,,Johnny Cake,,44431,,3,,,Active,,,http://www.redfin.com/CT/Burlington/12-Mountain-Top-Pass-06013/unit-307/home/169057948,Smart MLS,170280964,N,Y,41.758383,-72.995002
MLS Listing,,Vacant Land,8 Mountain Top/ Lot 305 Pass,Burlington,CT,06013,110000,,,Johnny Cake,,67953,,3,,,Active,,,http://www.redfin.com/CT/Burlington/8-Mountain-Top-Pass-06013/unit-305/home/169057924,Smart MLS,170280931,N,Y,41.758008,-72.996049
MLS Listing,,Single Family Residential,71 Black Walnut Ln,Burlington,CT,06013,439900,5,3.5,Chippens Hill,4058,51400,1993,3,108,,Active,,,http://www.redfin.com/CT/Burlington/71-Black-Walnut-Ln-06013/home/53765558,Smart MLS,170279481,N,Y,41.7192737,-72.9637526
MLS Listing,,Single Family Residential,100 Cambridge St,Manchester,CT,06042,93500,3,1.0,Manchester,1123,9147,1948,3,83,,Active,,,http://www.redfin.com/CT/Manchester/100-Cambridge-St-06042/home/53860064,Smart MLS,170281951,N,Y,41.784021,-72.52828
MLS Listing,,Multi-Family (2-4 Unit),12 Park St,Plainville,CT,06062,290000,5,3.5,Plainville,2656,12632,1890,3,109,,Active,,,http://www.redfin.com/CT/Plainville/12-Park-St-06062/home/53794701,Smart MLS,170281897,N,Y,41.6692518,-72.8652852
MLS Listing,,Multi-Family (2-4 Unit),50 Acton St,Hartford,CT,06120,239900,6,3.0,North Meadows,3640,7405,1924,3,66,,Active,,,http://www.redfin.com/CT/Hartford/50-Acton-St-06120/home/54156841,Smart MLS,170282085,N,Y,41.789092,-72.6752514
MLS Listing,,Multi-Family (2-4 Unit),18 Yale St,Hartford,CT,06114,289000,6,2.0,Hartford,3270,9583,1925,3,88,,Active,,,http://www.redfin.com/CT/Hartford/18-Yale-St-06114/home/54145342,Smart MLS,170282023,N,Y,41.7312973,-72.6927358
MLS Listing,,Single Family Residential,85 Tanner St,Manchester,CT,06042,219900,3,1.5,Bowers,1533,10890,1937,3,143,,Active,,,http://www.redfin.com/CT/Manchester/85-Tanner-St-06042/home/53872784,Smart MLS,170280950,N,Y,41.7899853,-72.5129478
MLS Listing,,Condo/Co-op,9 Talcott Ridge Rd Unit B2,Farmington,CT,06032,135000,1,1.0,Farmington,756,,1970,3,179,337,Active,,,http://www.redfin.com/CT/Farmington/9-Talcott-Ridge-Rd-06032/unit-B2/home/54426515,Smart MLS,170280330,N,Y,41.7398736,-72.7969554
MLS Listing,,Single Family Residential,7 Perry Ln,Enfield,CT,06082,189900,3,1.5,Hazardville,1260,10890,1957,3,151,,Active,,,http://www.redfin.com/CT/Enfield/7-Perry-Ln-06082/home/53808193,Smart MLS,170282048,N,Y,41.997744,-72.5132036
MLS Listing,,Single Family Residential,235 Bingham St,New Britain,CT,06051,199900,3,2.0,New Britain,1744,8276,1957,3,115,,Active,,,http://www.redfin.com/CT/New-Britain/235-Bingham-St-06051/home/53891408,Smart MLS,170281455,N,Y,41.6576999,-72.7593133
MLS Listing,,Multi-Family (2-4 Unit),4 Martin St,Hartford,CT,06120,215000,6,3.0,Clay Arsenal,1898,4356,1930,3,113,,Active,,,http://www.redfin.com/CT/Hartford/4-Martin-St-06120/home/106681085,Smart MLS,170282030,N,Y,41.7857598,-72.6809659
MLS Listing,,Multi-Family (2-4 Unit),115 Baltimore St,Hartford,CT,06112,219000,6,3.0,Upper Albany,3261,4356,1922,3,67,,Active,,,http://www.redfin.com/CT/Hartford/115-Baltimore-St-06112/home/54153424,Smart MLS,170282005,N,Y,41.785587,-72.701547
MLS Listing,,Single Family Residential,1405 East St N,Suffield,CT,06078,374700,4,2.5,Suffield,2614,83199,1979,3,143,,Active,,,http://www.redfin.com/CT/Suffield/1405-East-St-N-06078/home/54058748,Smart MLS,170280173,N,Y,42.0155389,-72.6169649
MLS Listing,,Single Family Residential,21 Briarwood Dr,Glastonbury,CT,06033,374900,4,2.5,Glastonbury,2456,19602,1964,3,153,,Active,,,http://www.redfin.com/CT/Glastonbury/21-Briarwood-Dr-06033/home/54171369,Smart MLS,170281877,N,Y,41.7182038,-72.5248502
MLS Listing,,Single Family Residential,29 Dogwood Ln,Glastonbury,CT,06033,389900,3,2.5,Glastonbury,3220,26571,1983,3,121,,Active,,,http://www.redfin.com/CT/Glastonbury/29-Dogwood-Ln-06033/home/54163903,Smart MLS,170281820,N,Y,41.7232295,-72.5475873
MLS Listing,,Single Family Residential,1976 Boulevard,West Hartford,CT,06107,409900,3,2.5,West Hartford,2024,9583,1935,3,203,,Active,,,http://www.redfin.com/CT/West-Hartford/1976-Boulevard-06107/home/53982183,Smart MLS,170281855,N,Y,41.7545955,-72.7579951
MLS Listing,,Single Family Residential,62 Ridge Blvd,East Granby,CT,06026,374900,4,2.5,East Granby,2156,43995,1996,3,174,,Active,March-22-2020 01:00 PM,March-22-2020 03:00 PM,http://www.redfin.com/CT/East-Granby/62-Ridge-Blvd-06026/home/53815571,MLS PIN,72634162,N,Y,41.9715533,-72.7284424
MLS Listing,,Vacant Land,0 Witches Rock Rd,Bristol,CT,06010,54740,,,Bristol,,30927,,3,,,Active,,,http://www.redfin.com/CT/Bristol/Witches-Rock-Rd-06010/home/109637319,Smart MLS,170281866,N,Y,41.657175,-72.971126
MLS Listing,,Single Family Residential,248 Edgewood Cir,Southington,CT,06489,325000,3,1.5,Southington,1902,24829,1969,3,171,,Active,,,http://www.redfin.com/CT/Southington/248-Edgewood-Cir-06489/home/53727217,Smart MLS,170280150,N,Y,41.5929327,-72.9199305
MLS Listing,,Single Family Residential,29 Alba Dr,Bristol,CT,06010,197788,2,1.5,Bristol,1620,17424,1968,3,122,,Active,,,http://www.redfin.com/CT/Bristol/29-Alba-Dr-06010/home/54395978,Smart MLS,170281941,N,Y,41.7101898,-72.9444548
MLS Listing,,Single Family Residential,14 Magnolia Way,Southington,CT,06489,429900,3,3.0,Southington,2168,7405,2016,3,198,,Active,,,http://www.redfin.com/CT/Southington/Magnolia-Way-06489/home/141376183,Smart MLS,170281113,N,Y,41.612815,-72.872329
MLS Listing,,Single Family Residential,940 Mather St,Suffield,CT,06078,71500,2,1.0,Suffield,1116,51836,1956,3,64,,Active,,,http://www.redfin.com/CT/Suffield/940-Mather-St-06078/home/54058438,Smart MLS,170281933,N,Y,41.9557669,-72.6440593
MLS Listing,,Single Family Residential,189 Thomaston St,Hartford,CT,06112,189900,3,1.0,Blue Hills,1714,8276,1955,3,111,,Active,,,http://www.redfin.com/CT/Hartford/189-Thomaston-St-06112/home/54153389,Smart MLS,170281902,N,Y,41.7925952,-72.7031812
MLS Listing,,Multi-Family (2-4 Unit),328 Chapman St,New Britain,CT,06051,229000,7,3.0,New Britain,3660,7840,1929,3,63,,Active,,,http://www.redfin.com/CT/New-Britain/328-Chapman-St-06051/home/53879222,Smart MLS,170281911,N,Y,41.6719704,-72.7613969
MLS Listing,,Single Family Residential,200 Chester St,East Hartford,CT,06108,175000,3,1.5,East Hartford,2189,27442,1900,3,80,,Active,,,http://www.redfin.com/CT/East-Hartford/200-Chester-St-06108/home/54322456,Smart MLS,170278574,N,Y,41.7738693,-72.5939797
MLS Listing,,Condo/Co-op,6 Riverview Dr Unit D,East Windsor,CT,06088,137000,2,1.5,Warehouse Point,1296,,1986,3,106,278,Active,,,http://www.redfin.com/CT/East-Windsor/6-Riverview-Dr-06088/unit-D/home/53760997,Smart MLS,170281679,N,Y,41.906693,-72.614874
MLS Listing,,Single Family Residential,23 Wolf Hill Rd,Southington,CT,06489,464900,4,2.5,Wolf Hill,2435,12196,2014,4,191,,Active,,,http://www.redfin.com/CT/Southington/23-Wolf-Hill-Rd-06489/home/109829796,Smart MLS,170273561,N,Y,41.5983724,-72.8879345
MLS Listing,,Single Family Residential,140 Tanner St,Manchester,CT,06042,199900,3,1.5,Manchester,1802,9583,1957,4,111,,Active,,,http://www.redfin.com/CT/Manchester/140-Tanner-St-06042/home/53872633,Smart MLS,170281668,N,Y,41.7899532,-72.5102109
MLS Listing,,Single Family Residential,31 High St #11206,East Hartford,CT,06118,125000,2,2.0,Hockanum,1140,,1989,4,110,312,Active,,,http://www.redfin.com/CT/East-Hartford/31-High-St-06118/unit-11206/home/54324700,Smart MLS,170281757,N,Y,41.7445353,-72.6355726
MLS Listing,,Condo/Co-op,858 Glacier Way #858,Southington,CT,06489,270000,3,3.0,Southington,1961,,1999,4,138,373,Active,,,http://www.redfin.com/CT/Southington/858-Glacier-Way-06489/unit-858/home/171125976,Smart MLS,170281837,N,Y,41.6012105,-72.8647238
MLS Listing,,Single Family Residential,91 Spring Wood Ln,Bloomfield,CT,06002,349900,3,2.5,Bloomfield,2210,61855,1997,4,158,,Active,March-21-2020 01:00 PM,March-21-2020 03:00 PM,http://www.redfin.com/CT/Bloomfield/91-Springwood-Ln-06002/home/53946164,Smart MLS,170281732,N,Y,41.8823536,-72.7626586
MLS Listing,,Single Family Residential,1315 Boulevard,West Hartford,CT,06119,244900,3,1.5,West Hartford,1529,11761,1941,4,160,,Active,,,http://www.redfin.com/CT/West-Hartford/1315-Boulevard-06119/home/53962933,Smart MLS,170281733,N,Y,41.7583536,-72.7283198
MLS Listing,,Multi-Family (2-4 Unit),33 Canal St,Simsbury,CT,06089,515000,0,,Weatogue,3938,64468,1883,4,131,,Active,,,http://www.redfin.com/CT/Weatogue/33-Canal-St-06089/home/53998284,Smart MLS,170278649,N,Y,41.8489089,-72.8132418
MLS Listing,,Single Family Residential,21 Laurel Dr,Granby,CT,06035,309900,3,2.5,Granby,2708,67082,1964,4,114,,Active,,,http://www.redfin.com/CT/Granby/21-Laurel-Dr-06035/home/54373896,Smart MLS,170280913,N,Y,41.9578392,-72.7765562
MLS Listing,,Condo/Co-op,41 Millbrook Ct #41,Newington,CT,06111,94900,1,1.0,Newington,760,,1989,4,125,180,Active,,,http://www.redfin.com/CT/Newington/41-Millbrook-Ct-06111/unit-41/home/171124479,Smart MLS,170281531,N,Y,41.7112969,-72.7245657
MLS Listing,,Multi-Family (2-4 Unit),75 Madison St,Hartford,CT,06106,109900,8,3.0,Frog Hollow,3342,3920,1900,4,33,,Active,,,http://www.redfin.com/CT/Hartford/75-Madison-St-06106/home/54147108,Smart MLS,170281779,N,Y,41.7543305,-72.6853947
MLS Listing,,Multi-Family (2-4 Unit),216 Vine St,Hartford,CT,06112,159900,10,3.0,Hartford,4028,8276,1910,4,40,,Active,,,http://www.redfin.com/CT/Hartford/216-Vine-St-06112/home/54155479,Smart MLS,170281472,N,Y,41.7863909,-72.6878209
MLS Listing,,Multi-Family (2-4 Unit),71 Madison St,Hartford,CT,06106,119900,8,3.0,Frog Hollow,3668,3920,1900,4,33,,Active,,,http://www.redfin.com/CT/Hartford/71-Madison-St-06106/home/54147106,Smart MLS,170281774,N,Y,41.7543355,-72.6852487
MLS Listing,,Multi-Family (2-4 Unit),5 Winter St,Hartford,CT,06120,139900,9,3.0,Clay Arsenal,3393,3484,1900,4,41,,Active,,,http://www.redfin.com/CT/Hartford/5-Winter-St-06120/home/54156225,Smart MLS,170281498,N,Y,41.7787568,-72.6817973
MLS Listing,,Single Family Residential,168 Red Oak Hill Rd,Farmington,CT,06032,374900,3,2.5,West District,3122,55321,1951,4,120,,Active,,,http://www.redfin.com/CT/Farmington/168-Red-Oak-Hill-Rd-06032/home/54433772,Smart MLS,170281290,N,Y,41.7326452,-72.8712655
MLS Listing,,Single Family Residential,224 Manchester St,Hartford,CT,06112,145000,3,3.0,Hartford,1368,8712,1952,4,106,,Active,,,http://www.redfin.com/CT/Hartford/224-Manchester-St-06112/home/54153167,Smart MLS,170281763,N,Y,41.7992224,-72.7055366
MLS Listing,,Single Family Residential,26 Westbury,Avon,CT,06001,749000,4,4.5,Avon,4318,44866,2015,4,173,,Active,,,http://www.redfin.com/CT/Avon/26-Westbury-06001/home/136483305,Smart MLS,170281641,N,Y,41.7927555,-72.9141113
MLS Listing,,Multi-Family (2-4 Unit),100 Clark St,New Britain,CT,06051,209000,6,3.0,New Britain,2190,6098,1860,4,95,,Active,March-21-2020 12:00 PM,March-21-2020 02:00 PM,http://www.redfin.com/CT/New-Britain/100-Clark-St-06051/home/53879151,Smart MLS,170281744,N,Y,41.6746045,-72.7800966
MLS Listing,,Single Family Residential,13 Susan Cir,Enfield,CT,06082,259900,3,1.5,Enfield,2869,24829,1987,4,91,,Active,March-29-2020 12:00 PM,March-29-2020 02:00 PM,http://www.redfin.com/CT/Enfield/13-Susan-Cir-06082/home/53809537,Smart MLS,170281730,N,Y,41.9503313,-72.5495744
MLS Listing,,Single Family Residential,9 Pine Grove Rd,Bloomfield,CT,06002,229000,4,2.5,Bloomfield,1792,13939,1949,4,128,,Active,,,http://www.redfin.com/CT/Bloomfield/9-Pine-Grove-Rd-06002/home/53945739,Smart MLS,170281626,N,Y,41.8225366,-72.69436
MLS Listing,,Condo/Co-op,29 Bay Hill Dr,Bloomfield,CT,06002,429900,3,3.5,Bloomfield,3560,,2005,4,121,600,Active,,,http://www.redfin.com/CT/Bloomfield/29-Bay-Hill-Dr-06002/home/53940302,Smart MLS,170281575,N,Y,41.8202166,-72.7469938
MLS Listing,,Multi-Family (5+ Unit),5 Maple St,East Windsor,CT,06088,399000,12,6.0,Broad Brook,4371,13503,1880,5,91,,Active,,,http://www.redfin.com/CT/East-Windsor/5-Maple-St-06088/home/53760174,Smart MLS,170281717,N,Y,41.927339,-72.617227
MLS Listing,,Single Family Residential,5 Timothy Ln,Bloomfield,CT,06002,344900,2,2.0,Bloomfield,1803,17424,2005,5,191,105,Active,,,http://www.redfin.com/CT/Bloomfield/5-Timothy-Ln-06002/home/53940126,Smart MLS,170281382,N,Y,41.8500965,-72.7548553
MLS Listing,,Single Family Residential,283 Carlton St,New Britain,CT,06053,209900,3,1.5,New Britain,1914,7840,1928,5,110,,Active,,,http://www.redfin.com/CT/New-Britain/283-Carlton-St-06053/home/53879371,Smart MLS,170279201,N,Y,41.6906321,-72.7752173
MLS Listing,,Single Family Residential,16 Southwood Rd,Enfield,CT,06082,179900,4,1.0,Enfield,1152,12196,1954,5,156,,Active,,,http://www.redfin.com/CT/Enfield/16-Southwood-Rd-06082/home/53804368,Smart MLS,170281696,N,Y,41.9823658,-72.5624324
MLS Listing,,Single Family Residential,24 Valley View Dr,Bloomfield,CT,06002,250000,4,3.5,Bloomfield,2310,38768,1985,5,108,,Active,,,http://www.redfin.com/CT/Bloomfield/24-Valley-View-Dr-06002/home/53946825,Smart MLS,170280630,N,Y,41.8434511,-72.7501455
MLS Listing,,Vacant Land,181 Grove St,Bristol,CT,06010,148000,,,Bristol,,78408,,5,,,Active,,,http://www.redfin.com/CT/Bristol/181-Grove-St-06010/home/109639874,Smart MLS,170281682,N,Y,41.6821887,-72.9351671
MLS Listing,,Single Family Residential,7 Chestnut Ln,West Hartford,CT,06110,269900,3,1.5,West Hartford,1360,14810,1953,5,198,,Active,,,http://www.redfin.com/CT/West-Hartford/7-Chestnut-Ln-06110/home/53964040,Smart MLS,170280945,N,Y,41.7225398,-72.7492682
MLS Listing,,Single Family Residential,26 High Meadow Rd,Marlborough,CT,06447,429900,4,2.5,Marlborough,2707,90604,2004,5,159,,Active,,,http://www.redfin.com/CT/Marlborough/26-High-Meadow-Rd-06447/home/54374560,Smart MLS,170281341,N,Y,41.6244067,-72.4490456
MLS Listing,,Single Family Residential,421 Milford St,Burlington,CT,06013,189900,3,1.0,Burlington,1532,78408,1952,5,124,,Active,,,http://www.redfin.com/CT/Burlington/421-Milford-St-06013/home/53763949,Smart MLS,170267047,N,Y,41.7228443,-72.9490063
MLS Listing,,Condo/Co-op,803 Misty Meadow Ln #803,South Windsor,CT,06074,109000,1,1.0,Pleasant Valley,842,,1983,5,129,193,Active,March-22-2020 12:00 PM,March-22-2020 02:00 PM,http://www.redfin.com/CT/South-Windsor/803-Misty-Meadow-Ln-06074/unit-803/home/171119965,Smart MLS,170281651,N,Y,41.8095667,-72.5727188
MLS Listing,,Single Family Residential,172 Manor Cir,East Hartford,CT,06118,172000,3,1.0,East Hartford,1058,8276,1953,5,163,,Active,,,http://www.redfin.com/CT/East-Hartford/172-Manor-Cir-06118/home/54328487,Smart MLS,170281620,N,Y,41.7325208,-72.5897289
MLS Listing,,Single Family Residential,5 Knibbs Cir #5,Bristol,CT,06010,329900,3,2.5,Chippens Hill,2152,,2007,5,153,265,Active,,,http://www.redfin.com/CT/Bristol/5-Knibbs-Cir-06010/unit-5/home/144568015,Smart MLS,170280644,N,Y,41.6848297,-72.9791423
MLS Listing,,Single Family Residential,124 Hollister Dr,Avon,CT,06001,499900,3,2.5,Avon,2700,140263,2020,5,185,,Active,,,http://www.redfin.com/CT/Avon/124-Hollister-Dr-06001/home/136475656,Smart MLS,170281492,N,Y,41.780871,-72.873813
MLS Listing,,Single Family Residential,135 Hollister Dr,Avon,CT,06001,549900,4,2.5,Avon,3200,74052,2020,5,172,,Active,,,http://www.redfin.com/CT/Avon/135-Hollister-Dr-06001/home/147443107,Smart MLS,170281493,N,Y,41.7799868,-72.8750875
MLS Listing,,Single Family Residential,64 Pinnacle Rd,Farmington,CT,06032,879000,6,4.5,Farmington,5859,53578,1983,5,150,,Active,,,http://www.redfin.com/CT/Farmington/64-Pinnacle-Rd-06032/home/54425157,Smart MLS,170279704,N,Y,41.7005455,-72.8377528
MLS Listing,,Single Family Residential,16 Snowberry Ln,Farmington,CT,06085,509900,4,3.5,West District,2732,5227,2007,5,187,165,Active,,,http://www.redfin.com/CT/Unionville/16-Snowberry-Ln-06085/home/54425612,Smart MLS,170281537,N,Y,41.7214134,-72.8887629
MLS Listing,,Single Family Residential,23 Cumberland St,Manchester,CT,06042,264900,3,3.5,Manchester,2932,9583,1900,5,90,,Active,,,http://www.redfin.com/CT/Manchester/23-Cumberland-St-06042/home/53860737,Smart MLS,170267327,N,Y,41.7925272,-72.5334769
MLS Listing,,Single Family Residential,15 Gooseberry Hl,Wethersfield,CT,06109,324900,4,2.5,Wethersfield,2138,16117,1972,5,152,,Active,,,http://www.redfin.com/CT/Wethersfield/15-Gooseberry-Hl-06109/home/54313839,Smart MLS,170281588,N,Y,41.6988739,-72.6946024
MLS Listing,,Single Family Residential,75 Judd Ave,New Britain,CT,06051,169900,3,1.5,New Britain,1388,9147,1923,5,122,,Active,,,http://www.redfin.com/CT/New-Britain/75-Judd-Ave-06051/home/53887227,Smart MLS,170281600,N,Y,41.6754871,-72.7593803
MLS Listing,,Single Family Residential,14 Phelan St,Plainville,CT,06062,284900,4,2.0,Plainville,2620,30491,1949,5,109,,Active,,,http://www.redfin.com/CT/Plainville/14-Phelan-St-06062/home/53793422,Smart MLS,170280753,N,Y,41.6959046,-72.8897021
MLS Listing,,Single Family Residential,398 Woodland St,Glastonbury,CT,06073,698500,4,3.0,South Glastonbury,4178,112820,2003,5,167,,Active,,,http://www.redfin.com/CT/South-Glastonbury/398-Woodland-St-06073/home/54168496,Smart MLS,170276775,N,Y,41.6607052,-72.5596945
MLS Listing,,Condo/Co-op,9 Kingsley Ct #9,West Hartford,CT,06110,174900,2,1.5,Elmwood,1278,,1981,5,137,343,Active,,,http://www.redfin.com/CT/West-Hartford/9-Kingsley-Ct-06110/unit-9/home/171118152,Smart MLS,170273087,N,Y,41.732314,-72.7378392
MLS Listing,,Single Family Residential,65 Seminary Rd,Simsbury,CT,06070,269000,3,1.5,Simsbury,1248,14810,1930,5,216,,Active,,,http://www.redfin.com/CT/Simsbury/65-Seminary-Rd-06070/home/53996935,Smart MLS,170281219,N,Y,41.8842403,-72.8089192
MLS Listing,,Single Family Residential,5 Meadow Ct #5,Simsbury,CT,06070,249900,3,2.5,Simsbury,2102,,1977,5,119,200,Active,,,http://www.redfin.com/CT/Simsbury/5-Meadow-Ct-06070/unit-5/home/171118137,Smart MLS,170281205,N,Y,41.8581371,-72.8100512
MLS Listing,,Single Family Residential,68 Sheep Hill Dr,West Hartford,CT,06117,425000,4,2.5,West Hartford,1925,15681,1959,5,221,,Active,,,http://www.redfin.com/CT/West-Hartford/68-Sheep-Hill-Dr-06117/home/53971230,Smart MLS,170274847,N,Y,41.7980394,-72.7561075
MLS Listing,,Single Family Residential,30 Auburn Rd,Manchester,CT,06042,129900,3,1.0,Manchester,1152,9583,1942,6,113,,Active,,,http://www.redfin.com/CT/Manchester/30-Auburn-Rd-06042/home/53859619,Smart MLS,170281558,N,Y,41.7926365,-72.5098296
MLS Listing,,Single Family Residential,33 Walton Dr,West Hartford,CT,06107,414900,4,2.5,West Hartford,2421,10454,1950,6,171,,Active,,,http://www.redfin.com/CT/West-Hartford/33-Walton-Dr-06107/home/53972514,Smart MLS,170281429,N,Y,41.760983,-72.7621969
MLS Listing,,Single Family Residential,146 W Avon Rd,Farmington,CT,06085,324900,3,2.0,Unionville,1735,19602,1955,6,187,,Active,,,http://www.redfin.com/CT/Unionville/146-W-Avon-Rd-06085/home/54433689,Smart MLS,170281528,N,Y,41.7627305,-72.8743709
MLS Listing,,Single Family Residential,42 Melinda Ln,Bristol,CT,06010,395000,3,2.0,Bristol,1800,35719,2020,6,219,,Active,,,http://www.redfin.com/CT/Bristol/42-Melinda-Ln-06010/home/109639889,Smart MLS,170281517,N,Y,41.6590143,-72.9483174
MLS Listing,,Single Family Residential,22 Griswold Dr,West Hartford,CT,06119,499900,4,2.5,West Hartford,2772,7405,1927,6,180,,Active,,,http://www.redfin.com/CT/West-Hartford/22-Griswold-Dr-06119/home/53966337,Smart MLS,170281419,N,Y,41.7702972,-72.7339838
MLS Listing,,Single Family Residential,6 Treeborough Dr,West Hartford,CT,06117,399900,4,3.0,West Hartford,2483,10018,1973,6,161,,Active,,,http://www.redfin.com/CT/West-Hartford/6-Treeborough-Dr-06117/home/53976473,Smart MLS,170279967,N,Y,41.7725145,-72.7645055
MLS Listing,,Vacant Land,24 & 28 Saner Rd,Marlborough,CT,06447,99000,,,Marlborough,,126324,,6,,,Active,,,http://www.redfin.com/CT/Marlborough/28-Saner-Rd-06447/home/54374628,Smart MLS,170280471,N,Y,41.6166242,-72.4764605
MLS Listing,,Single Family Residential,94 Fennbrook Rd,West Hartford,CT,06119,318500,3,1.5,West Hartford,1544,7840,1927,6,206,,Active,,,http://www.redfin.com/CT/West-Hartford/94-Fennbrook-Rd-06119/home/53965633,Smart MLS,170281143,N,Y,41.7512134,-72.7333835
MLS Listing,,Single Family Residential,27 Talcott Notch Rd,Avon,CT,06001,537000,3,2.5,Avon,2858,98881,1954,6,188,,Active,,,http://www.redfin.com/CT/Avon/27-Talcott-Notch-Rd-06001/home/136414407,Smart MLS,170281185,N,Y,41.7610968,-72.8181518
MLS Listing,,Single Family Residential,1480 Forbes St,East Hartford,CT,06118,185000,3,1.5,East Hartford,888,8712,1951,6,208,,Active,,,http://www.redfin.com/CT/East-Hartford/1480-Forbes-St-06118/home/54329961,Smart MLS,170280904,N,Y,41.7314338,-72.6040574
MLS Listing,,Single Family Residential,155 Birdseye Rd,Farmington,CT,06032,249900,3,1.5,Farmington,1352,17859,1940,6,185,,Active,,,http://www.redfin.com/CT/Farmington/155-Birdseye-Rd-06032/home/54425053,Smart MLS,170281436,N,Y,41.713024,-72.8082268
MLS Listing,,Multi-Family (2-4 Unit),184-186 Ward St,Hartford,CT,06106,279000,10,4.0,Frog Hollow,2200,4791,1900,6,127,,Active,,,http://www.redfin.com/CT/Hartford/184-Ward-St-06106/home/54151172,Smart MLS,170275255,N,Y,41.7562697,-72.6911162
MLS Listing,,Single Family Residential,55 Wright Rd,Rocky Hill,CT,06067,249900,3,1.0,Rocky Hill,912,11325,1950,6,274,,Active,,,http://www.redfin.com/CT/Rocky-Hill/55-Wright-Rd-06067/home/53841227,Smart MLS,170280590,N,Y,41.6631239,-72.6593492
MLS Listing,,Single Family Residential,60 Viets St,New Britain,CT,06053,159900,2,2.0,New Britain,1032,6098,1954,6,155,,Active,March-21-2020 12:00 PM,March-21-2020 02:00 PM,http://www.redfin.com/CT/New-Britain/60-Viets-St-06053/home/53889188,Smart MLS,170279559,N,Y,41.6736452,-72.8024562
MLS Listing,,Condo/Co-op,1985 West St #19,Southington,CT,06489,249900,2,2.5,Southington,1500,,2019,6,167,260,Active,,,http://www.redfin.com/CT/Southington/1985-West-St-06489/unit-19/home/53716285,Smart MLS,170281069,N,Y,41.640056,-72.9006479
MLS Listing,,Condo/Co-op,1985 West St #18,Southington,CT,06489,249900,2,2.5,Southington,1500,,2019,6,167,260,Active,,,http://www.redfin.com/CT/Southington/1985-West-St-06489/unit-18/home/53716120,Smart MLS,170281065,N,Y,41.640056,-72.9006479
MLS Listing,,Condo/Co-op,441 Clark Ave #1,Bristol,CT,06010,89900,2,1.0,Bristol,968,,1989,6,93,255,Active,,,http://www.redfin.com/CT/Bristol/441-Clark-Ave-06010/unit-1/home/54401113,Smart MLS,170281368,N,Y,41.6841999,-72.9844466
MLS Listing,,Condo/Co-op,1985 West St #27,Southington,CT,06489,229900,2,2.5,Southington,1500,,2015,6,153,258,Active,,,http://www.redfin.com/CT/Southington/1985-West-St-06489/unit-27/home/53716168,Smart MLS,170281058,N,Y,41.640056,-72.9006479
MLS Listing,,Vacant Land,57 Maple Ave,Bristol,CT,06010,59900,,,Bristol,,43995,,6,,,Active,,,http://www.redfin.com/CT/Bristol/57-Maple-Ave-06010/home/144538733,Smart MLS,170278441,N,Y,41.7033062,-72.9302259
MLS Listing,,Single Family Residential,17 Gilman St,Hartford,CT,06114,124900,3,2.0,South End,1386,3049,1989,6,90,,Active,,,http://www.redfin.com/CT/Hartford/17-Gilman-St-06114/home/54158846,Smart MLS,170280781,N,Y,41.7372985,-72.6781843
MLS Listing,,Single Family Residential,87 Pine Meadow Dr,Bristol,CT,06010,360000,4,3.5,Bristol,3084,25264,1993,6,117,,Active,,,http://www.redfin.com/CT/Bristol/87-Pine-Meadow-Dr-06010/home/54410866,Smart MLS,170281090,N,Y,41.7067584,-72.9500437
MLS Listing,,Single Family Residential,136 Kensington Rd,Berlin,CT,06037,220000,3,1.0,Kensington,1326,14810,1955,6,166,,Active,,,http://www.redfin.com/CT/Berlin/136-Kensington-Rd-06037/home/53818997,Smart MLS,170280951,N,Y,41.6303711,-72.7696998
MLS Listing,,Condo/Co-op,820 Matthews St #40,Bristol,CT,06010,119900,2,1.5,Chippens Hill,972,,1983,6,123,225,Active,,,http://www.redfin.com/CT/Bristol/820-Matthews-St-06010/unit-40/home/54405438,Smart MLS,170281187,N,Y,41.6848114,-72.9822156
MLS Listing,,Single Family Residential,94 Sterling St,New Britain,CT,06053,189500,4,1.5,New Britain,1329,6969,1953,6,143,,Active,,,http://www.redfin.com/CT/New-Britain/94-Sterling-St-06053/home/53883930,Smart MLS,170280813,N,Y,41.6771537,-72.8078113
MLS Listing,,Single Family Residential,90 Dayl Dr,Berlin,CT,06037,424900,5,3.0,Kensington,3396,23522,1951,6,125,,Active,,,http://www.redfin.com/CT/Berlin/90-Dayl-Dr-06037/home/53818355,Smart MLS,170280550,N,Y,41.6406821,-72.7854207
MLS Listing,,Single Family Residential,35 High Gate Dr,Avon,CT,06001,529900,4,2.5,Avon,3534,51836,1985,6,150,,Active,,,http://www.redfin.com/CT/Avon/35-High-Gate-Dr-06001/home/136456649,Smart MLS,170273637,N,Y,41.7959647,-72.8645404
MLS Listing,,Single Family Residential,650 Neipsic Rd,Glastonbury,CT,06033,299900,3,2.5,Glastonbury,2047,26136,1975,6,147,,Active,,,http://www.redfin.com/CT/Glastonbury/650-Neipsic-Rd-06033/home/54166610,Smart MLS,170281040,N,Y,41.7029534,-72.5604338
MLS Listing,,Single Family Residential,16 Norman Dr,Bloomfield,CT,06002,179900,3,1.5,Bloomfield,1426,17424,1955,6,126,,Active,,,http://www.redfin.com/CT/Bloomfield/16-Norman-Dr-06002/home/53945130,Smart MLS,170281220,N,Y,41.8261871,-72.7040587
MLS Listing,,Single Family Residential,1 Highwood,Simsbury,CT,06070,599900,4,4.0,Simsbury,5927,91911,1987,6,101,,Active,,,http://www.redfin.com/CT/Simsbury/1-Highwood-06070/home/53997362,Smart MLS,170281201,N,Y,41.8451116,-72.7917456
MLS Listing,,Condo/Co-op,17 Hearthstone Ln #17,Farmington,CT,06032,887900,3,3.5,Farmington,4614,,2009,6,192,300,Active,,,http://www.redfin.com/CT/Farmington/17-Hearthstone-Dr-06032/unit-17/home/171099423,Smart MLS,170277640,N,Y,41.710095,-72.8158
MLS Listing,,Single Family Residential,149 Kenyon St,Hartford,CT,06105,399900,5,2.5,West End,4418,13939,1900,6,91,,Active,,,http://www.redfin.com/CT/Hartford/149-Kenyon-St-06105/home/54149722,Smart MLS,170277857,N,Y,41.7719096,-72.710709
MLS Listing,,Single Family Residential,1035 Worthington Rdg,Berlin,CT,06037,425000,4,3.5,Berlin,3189,22651,1895,6,133,,Active,,,http://www.redfin.com/CT/Berlin/1035-Worthington-Rdg-06037/home/53819071,Smart MLS,170280337,N,Y,41.6150777,-72.7467286
MLS Listing,,Single Family Residential,7 Newbury Ct,Simsbury,CT,06070,409900,4,2.5,Simsbury,2828,42688,1992,7,145,,Active,,,http://www.redfin.com/CT/Simsbury/7-Newbury-Ct-06070/home/54003880,Smart MLS,170280137,N,Y,41.90223,-72.8156591
MLS Listing,,Single Family Residential,38 Saw Mill Rd,Burlington,CT,06013,429000,4,2.5,Johnny Cake,2400,80586,2020,7,179,,Active,,,http://www.redfin.com/CT/Burlington/38-Saw-Mill-Rd-06013/home/166475746,Smart MLS,170281195,N,Y,41.7616316,-72.9819847
MLS Listing,,Condo/Co-op,1634 Farmington Ave #11,Farmington,CT,06085,93000,2,1.0,Unionville,719,,1964,7,129,265,Active,,,http://www.redfin.com/CT/Unionville/1634-Farmington-Ave-06085/unit-11/home/54432450,Smart MLS,170279880,N,Y,41.7524848,-72.873277
MLS Listing,,Single Family Residential,42 Angela Dr,Wethersfield,CT,06109,299900,2,2.0,Wethersfield,2194,14374,1978,7,137,,Active,,,http://www.redfin.com/CT/Wethersfield/42-Angela-Dr-06109/home/54314273,Smart MLS,170281127,N,Y,41.697753,-72.6962074
MLS Listing,,Condo/Co-op,6 Concorde Way Unit B2,Windsor Locks,CT,06096,104900,2,2.0,Windsor Locks,932,,1986,7,113,245,Active,,,http://www.redfin.com/CT/Windsor-Locks/6-Concorde-Way-06096/unit-B2/home/53695414,Smart MLS,170280425,N,Y,41.9222852,-72.6672081
MLS Listing,,Single Family Residential,33 Norton Pl,Plainville,CT,06062,159900,2,1.0,Plainville,966,10018,1954,7,166,,Active,,,http://www.redfin.com/CT/Plainville/33-Norton-Pl-06062/home/53796459,Smart MLS,170281115,N,Y,41.6746343,-72.8631962
MLS Listing,,Vacant Land,150 Wright Rd,Canton,CT,06019,75000,,,North Canton,,163350,,7,,,Active,,,http://www.redfin.com/CT/Collinsville/150-Wright-Rd-06019/home/54008016,Smart MLS,170281105,N,Y,41.887431,-72.916144
MLS Listing,,Vacant Land,4 Triangle Rd,Canton,CT,06019,125000,,,North Canton,,194277,,7,,,Active,,,http://www.redfin.com/CT/Collinsville/4-Triangle-Rd-06019/home/54006853,Smart MLS,170281093,N,Y,41.888285,-72.917639
MLS Listing,,Single Family Residential,40 Matthews St #8,Bristol,CT,06010,34900,2,1.0,Matthews Park,938,,1985,7,37,465,Active,,,http://www.redfin.com/CT/Bristol/40-Matthews-St-06010/unit-8/home/54401972,Smart MLS,170281079,N,Y,41.6821022,-72.9569518
MLS Listing,,Single Family Residential,3 Concord Dr,East Granby,CT,06026,299900,4,2.5,East Granby,1952,40510,1972,7,154,,Active,,,http://www.redfin.com/CT/East-Granby/3-Concord-Dr-06026/home/53814396,Smart MLS,170278036,N,Y,41.9287344,-72.7532854
MLS Listing,,Single Family Residential,52 South Rd,Enfield,CT,06082,194900,3,1.5,Hazardville,1802,44866,1950,7,108,,Active,,,http://www.redfin.com/CT/Enfield/52-S-Rd-06082/home/53805657,Smart MLS,170281086,N,Y,41.9826897,-72.5553045
MLS Listing,,Single Family Residential,139 Muir Ave,Bristol,CT,06010,224900,3,2.0,Cedar Lake,1582,13068,1968,7,142,,Active,March-22-2020 01:00 PM,March-22-2020 03:00 PM,http://www.redfin.com/CT/Bristol/139-Muir-Ave-06010/home/54400398,Smart MLS,170280833,N,Y,41.6581008,-72.9429423
MLS Listing,,Condo/Co-op,30 Outlook Ave #303,West Hartford,CT,06119,225000,2,2.0,West Hartford,1341,,1957,7,168,548,Active,,,http://www.redfin.com/CT/West-Hartford/30-Outlook-Ave-06119/unit-303/home/53975896,Smart MLS,170275095,N,Y,41.7603938,-72.7346038
MLS Listing,,Condo/Co-op,7 Ambassador Dr Unit C,Manchester,CT,06042,164900,3,2.5,Manchester,1464,,1973,7,113,347,Active,,,http://www.redfin.com/CT/Manchester/7-Ambassador-Dr-06042/unit-C/home/53859787,Smart MLS,170279850,N,Y,41.7955934,-72.4971995
MLS Listing,,Single Family Residential,21 Belleview Ave,Southington,CT,06489,209900,4,2.0,Southington,2144,20908,1924,7,98,,Active,,,http://www.redfin.com/CT/Southington/21-Belleview-Ave-06489/home/53726124,Smart MLS,170281057,N,Y,41.5950372,-72.8689711
MLS Listing,,Single Family Residential,71 Branford St,Manchester,CT,06040,129900,3,1.5,Central,1152,6534,1943,7,113,,Active,,,http://www.redfin.com/CT/Manchester/71-Branford-St-06040/home/53873367,Smart MLS,170280298,N,Y,41.7800481,-72.5122792
MLS Listing,,Single Family Residential,30 Huckleberry Holw,Suffield,CT,06078,278400,3,2.5,Suffield,2564,23958,1987,7,109,,Active,,,http://www.redfin.com/CT/Suffield/30-Huckleberry-Holw-06078/home/54062053,Smart MLS,170280552,N,Y,41.9887478,-72.654268
MLS Listing,,Single Family Residential,42 Lowery Dr,Southington,CT,06489,230000,3,1.0,Southington,1176,20037,1969,7,196,,Active,,,http://www.redfin.com/CT/Southington/42-Lowery-Dr-06489/home/53726741,Smart MLS,170281008,N,Y,41.6135013,-72.9136888
MLS Listing,,Single Family Residential,37 Dunham St,Southington,CT,06489,189000,3,1.0,Southington,936,10018,1955,7,202,,Active,,,http://www.redfin.com/CT/Southington/37-Dunham-St-06489/home/53724205,Smart MLS,170280463,N,Y,41.6449626,-72.8705403
MLS Listing,,Condo/Co-op,20 Thorne Rd #20,West Hartford,CT,06110,169900,3,2.5,West Hartford,1640,,1975,7,104,403,Active,,,http://www.redfin.com/CT/West-Hartford/20-Thorne-Rd-06110/unit-20/home/171079936,Smart MLS,170279179,N,Y,41.730113,-72.7471245
MLS Listing,,Single Family Residential,372 Griswold Rd,Wethersfield,CT,06109,354900,4,2.5,Griswoldville,2666,15245,1965,7,133,,Active,,,http://www.redfin.com/CT/Wethersfield/372-Griswold-Rd-06109/home/54315796,Smart MLS,170280272,N,Y,41.6828466,-72.6695111
MLS Listing,,Condo/Co-op,33 Hiltbrand Rd Unit 1-5,Bristol,CT,06010,79000,2,1.5,Bristol,1056,,1968,7,75,260,Active,,,http://www.redfin.com/CT/Bristol/33-Hiltbrand-Rd-06010/unit-1-5/home/54403660,Smart MLS,170279921,N,Y,41.6955369,-72.9046579
MLS Listing,,Condo/Co-op,93 River Crest Dr #93,Southington,CT,06479,329000,3,2.5,Plantsville,1928,,2006,7,171,258,Active,,,http://www.redfin.com/CT/Southington/93-Rivercrest-Dr-06479/unit-93/home/144537172,Smart MLS,170280600,N,Y,41.5624838,-72.8991615
MLS Listing,,Vacant Land,224 lot A Old Farms Rd,Simsbury,CT,06070,105000,,,Simsbury,,109335,,7,,,Active,,,http://www.redfin.com/CT/Simsbury/224-lot-A-Old-Farms-Rd-06070/home/171099932,Smart MLS,170280923,N,Y,41.900187,-72.844637
MLS Listing,,Single Family Residential,34 Walbridge Rd,West Hartford,CT,06119,575000,8,3.5,West Hartford,3422,13503,1921,7,168,,Active,,,http://www.redfin.com/CT/West-Hartford/34-Walbridge-Rd-06119/home/53972574,Smart MLS,170273272,N,Y,41.767702,-72.720879
MLS Listing,,Single Family Residential,13 Colony Rd,Canton,CT,06019,300000,4,2.0,Canton,2007,21780,1970,7,149,,Active,,,http://www.redfin.com/CT/Canton/13-Colony-Rd-06019/home/54007378,Smart MLS,170280526,N,Y,41.8300328,-72.9118628
MLS Listing,,Vacant Land,1286 Matianuck Ave,Windsor,CT,06095,49900,,,Windsor,,21039,,7,,,Active,,,http://www.redfin.com/CT/Windsor/1286-Matianuck-Ave-06095/home/54273515,Smart MLS,170280889,N,Y,41.845793,-72.666842
MLS Listing,,Single Family Residential,5 Napoleon Dr,East Windsor,CT,06016,346900,3,3.0,Broad Brook,2240,82328,2018,7,155,,Active,,,http://www.redfin.com/CT/Broad-Brook/5-Napoleon-Dr-06016/home/53758547,Smart MLS,170280843,N,Y,41.894369,-72.5593619
MLS Listing,,Single Family Residential,40 Worthington Dr #40,Farmington,CT,06032,354900,3,2.0,Farmington,2200,,2002,7,161,355,Active,,,http://www.redfin.com/CT/Farmington/40-Worthington-Dr-06032/unit-40/home/170622353,Smart MLS,170280658,N,Y,41.7424789,-72.845916
MLS Listing,,Single Family Residential,94 E Harold St,Bloomfield,CT,06002,129900,4,1.0,Bloomfield,1171,8276,1950,7,111,,Active,,,http://www.redfin.com/CT/Bloomfield/94-E-Harold-St-06002/home/53942858,Smart MLS,170276989,N,Y,41.8050487,-72.6903534
MLS Listing,,Single Family Residential,75 Rockledge Dr,Newington,CT,06111,469000,4,3.5,Newington,3818,20037,2002,7,123,,Active,,,http://www.redfin.com/CT/Newington/75-Rockledge-Dr-06111/home/54044912,Smart MLS,170279852,N,Y,41.6560923,-72.7122561
MLS Listing,,Vacant Land,36 Ferncliff Dr,West Hartford,CT,06117,250000,,,West Hartford,,31798,,7,,,Active,,,http://www.redfin.com/CT/West-Hartford/36-Ferncliff-Dr-06117/home/53960924,Smart MLS,170280691,N,Y,41.7919723,-72.7747626
MLS Listing,,Single Family Residential,613 Boston Neck Rd,Suffield,CT,06078,349900,5,2.0,Suffield,2674,87991,1890,7,131,,Active,,,http://www.redfin.com/CT/Suffield/613-Boston-Neck-Rd-06078/home/54058471,Smart MLS,170274218,N,Y,41.9631115,-72.6405023
MLS Listing,,Condo/Co-op,14 Wynwood Dr #14,Enfield,CT,06082,140800,2,2.0,Enfield,1200,,1983,8,117,251,Active,,,http://www.redfin.com/CT/Enfield/14-Wynwood-Dr-06082/unit-14/home/144524299,Smart MLS,170279269,N,Y,41.9480725,-72.5681615
MLS Listing,,Condo/Co-op,140 Kane St Unit B4,West Hartford,CT,06119,114900,3,2.0,West Hartford,1440,,1971,8,80,305,Active,,,http://www.redfin.com/CT/West-Hartford/140-Kane-St-06119/unit-B4/home/53975221,Smart MLS,170276218,N,Y,41.7509675,-72.7201912
MLS Listing,,Single Family Residential,10 Stratford Rd,West Hartford,CT,06117,449900,4,2.5,West Hartford,2843,11761,1949,8,158,,Active,,,http://www.redfin.com/CT/West-Hartford/10-Stratford-Rd-06117/home/53972043,Smart MLS,170271357,N,Y,41.7825954,-72.722947
MLS Listing,,Single Family Residential,54 Johnnycake Mountain Rd,Burlington,CT,06013,349900,4,2.0,Johnny Cake,2078,58370,1970,8,168,,Active,,,http://www.redfin.com/CT/Burlington/54-Johnnycake-Mountain-Rd-06013/home/53763537,Smart MLS,170274074,N,Y,41.7704695,-73.0045013
MLS Listing,,Single Family Residential,23 Pasture Trl,Wethersfield,CT,06109,349800,3,2.0,Wethersfield,2000,11325,1950,8,175,,Active,,,http://www.redfin.com/CT/Wethersfield/23-Pasture-Trl-06109/home/54314774,Smart MLS,170280812,N,Y,41.6768746,-72.6685411
MLS Listing,,Single Family Residential,19 Garnet Hill Ln,Avon,CT,06001,1085000,6,6.0,Avon,7038,57934,2002,8,154,,Active,,,http://www.redfin.com/CT/Avon/19-Garnet-Hill-Ln-06001/home/136454836,Smart MLS,170279069,N,Y,41.7844955,-72.8980224
MLS Listing,,Condo/Co-op,26 Iris Way #26,Berlin,CT,06037,284900,2,2.5,Berlin,2864,,2009,8,99,280,Active,,,http://www.redfin.com/CT/Berlin/26-Iris-Way-06037/unit-26/home/169053130,Smart MLS,170280636,N,Y,41.5880648,-72.757643
MLS Listing,,Single Family Residential,55 Edgewood Dr,Suffield,CT,06093,649900,3,2.5,West Suffield,3347,27007,2013,8,194,,Active,,,http://www.redfin.com/CT/West-Suffield/55-Edgewood-Dr-06093/home/54057615,Smart MLS,170280243,N,Y,42.00468,-72.758657
MLS Listing,,Condo/Co-op,1 Gold St Unit 10F,Hartford,CT,06103,150000,0,1.0,Downtown,433,,1969,8,346,330,Active,,,http://www.redfin.com/CT/Hartford/1-Gold-St-06103/unit-10F/home/54152011,Smart MLS,170280148,N,Y,41.7639507,-72.6751462
MLS Listing,,Multi-Family (2-4 Unit),30 Chadwick Ave,Hartford,CT,06106,224900,6,3.0,Parkville,2616,4356,1910,8,86,,Active,,,http://www.redfin.com/CT/Hartford/30-Chadwick-Ave-06106/home/54149893,Smart MLS,170280775,N,Y,41.7578749,-72.7080766
MLS Listing,,Single Family Residential,83 Beverly Dr,Avon,CT,06001,449900,4,2.5,Avon,3628,41382,1984,8,124,,Active,,,http://www.redfin.com/CT/Avon/83-Beverly-Dr-06001/home/136450668,Smart MLS,170279016,N,Y,41.8050006,-72.8682096
MLS Listing,,Condo/Co-op,29 Applewood Ln #29,Avon,CT,06001,304900,3,2.5,Avon,2048,,1977,8,149,462,Active,,,http://www.redfin.com/CT/Avon/29-Applewood-Ln-06001/unit-29/home/171056178,Smart MLS,170280259,N,Y,41.768553,-72.8784621
MLS Listing,,Single Family Residential,17 Wilson Way,Manchester,CT,06040,274900,4,2.5,Manchester,2380,12632,2001,8,116,,Active,,,http://www.redfin.com/CT/Manchester/17-Wilson-Way-06040/home/53866479,Smart MLS,170279727,N,Y,41.7570916,-72.5575226
MLS Listing,,Condo/Co-op,65 Cassandra Blvd #303,West Hartford,CT,06107,232000,2,2.0,West Hartford,1434,,2001,8,162,608,Active,,,http://www.redfin.com/CT/West-Hartford/65-Cassandra-Blvd-06107/unit-303/home/53982373,Smart MLS,170280529,N,Y,41.7435839,-72.7708194
MLS Listing,,Single Family Residential,6 Brandee Ln #6,Rocky Hill,CT,06067,449900,2,2.5,Rocky Hill,2620,,2006,8,172,220,Active,,,http://www.redfin.com/CT/Rocky-Hill/6-Brandee-Ln-06067/unit-6/home/144527529,Smart MLS,170280698,N,Y,41.6541154,-72.6821469
MLS Listing,,Single Family Residential,250 Gwen Rd,Southington,CT,06489,204900,3,1.0,Southington,1296,12196,1956,8,158,,Active,,,http://www.redfin.com/CT/Southington/250-Gwen-Rd-06489/home/53726397,Smart MLS,170280632,N,Y,41.5454229,-72.8465817
MLS Listing,,Single Family Residential,11 Yale St,Wethersfield,CT,06109,200000,3,1.0,Wethersfield,1386,6098,1930,8,144,,Active,,,http://www.redfin.com/CT/Wethersfield/11-Yale-St-06109/home/54315259,Smart MLS,170276855,N,Y,41.712618,-72.6839104
MLS Listing,,Vacant Land,26 Spur Ln,Newington,CT,06111,129900,,,Newington,,22651,,8,,,Active,,,http://www.redfin.com/CT/Newington/26-Spur-Ln-06111/home/171054939,Smart MLS,170280073,N,Y,41.6491951,-72.7448486
MLS Listing,,Single Family Residential,46 Portage Xing,Farmington,CT,06032,847900,4,4.5,Farmington,5460,42688,1995,8,155,,Active,,,http://www.redfin.com/CT/Farmington/46-Portage-Xing-06032/home/54431972,Smart MLS,170270870,N,Y,41.7229419,-72.8790836
MLS Listing,,Single Family Residential,37 Bolton Center Rd,Manchester,CT,06040,223900,3,1.5,Manchester,1178,35283,1976,8,190,,Active,,,http://www.redfin.com/CT/Manchester/37-Bolton-Center-Rd-06040/home/53875947,Smart MLS,170279731,N,Y,41.782904,-72.4722157
MLS Listing,,Single Family Residential,391 Woodbridge St,Manchester,CT,06042,231000,3,1.5,Manchester,1544,19602,1955,8,150,,Active,,,http://www.redfin.com/CT/Manchester/391-Woodbridge-St-06042/home/53866579,Smart MLS,170280637,N,Y,41.7922316,-72.5073561
MLS Listing,,Single Family Residential,316 Strickland St,Glastonbury,CT,06033,349900,3,3.5,Glastonbury,2034,95832,1979,8,172,,Active,,,http://www.redfin.com/CT/Glastonbury/316-Strickland-St-06033/home/54168244,Smart MLS,170280624,N,Y,41.7067968,-72.5431971
MLS Listing,,Condo/Co-op,1 Thompson Rd Unit H,Manchester,CT,06040,65000,2,1.5,Manchester,952,,1969,8,68,319,Active,,,http://www.redfin.com/CT/Manchester/1-Thompson-Rd-06040/unit-H/home/53865489,Smart MLS,170280553,N,Y,41.7738976,-72.5456695
MLS Listing,,Single Family Residential,12-1/2 Charter Oak Pl,Hartford,CT,06106,359900,3,3.0,Shelden Charter Oak,3392,13939,1910,8,106,,Active,,,http://www.redfin.com/CT/Hartford/12-1-2-Charter-Oak-Pl-06106/home/54161592,Smart MLS,170278375,N,Y,41.7570475,-72.6733387
MLS Listing,,Single Family Residential,76 Cumberland Ave,Wethersfield,CT,06109,205000,4,2.5,Wethersfield,1344,3920,1960,8,153,,Active,,,http://www.redfin.com/CT/Wethersfield/76-Cumberland-Ave-06109/home/54312573,Smart MLS,170280217,N,Y,41.7203348,-72.6709892
MLS Listing,,Single Family Residential,245 Main St,Wethersfield,CT,06109,449000,0,,Old Wethersfield,5600,11325,1921,8,80,,Active,,,http://www.redfin.com/CT/Wethersfield/245-Main-St-06109/home/171053846,Smart MLS,170279473,N,Y,41.713166,-72.6531742
MLS Listing,,Single Family Residential,178 Buena Vista Ave #178,Newington,CT,06111,122500,2,1.0,Newington,1268,5662,1954,8,97,,Active,,,http://www.redfin.com/CT/Newington/178-Buena-Vista-Ave-06111/unit-178/home/171053667,Smart MLS,170280507,N,Y,41.6797619,-72.7527573
MLS Listing,,Single Family Residential,1 Kilmer Ln,Granby,CT,06035,279900,4,3.0,Granby,3008,40075,1971,8,93,,Active,,,http://www.redfin.com/CT/Granby/1-Kilmer-Ln-06035/home/54372408,Smart MLS,170274947,N,Y,41.9279421,-72.7996863
MLS Listing,,Condo/Co-op,31 Woodland St Unit 11-A,Hartford,CT,06105,82900,1,1.0,West End,765,,1963,8,108,605,Active,,,http://www.redfin.com/CT/Hartford/31-Woodland-St-06105/unit-11A/home/54159348,Smart MLS,170280116,N,Y,41.7696997,-72.702567
MLS Listing,,Single Family Residential,80 Belle Woods Dr,Glastonbury,CT,06033,430000,4,2.5,Bell Town,2280,29185,1983,8,189,,Active,March-21-2020 12:00 PM,March-21-2020 02:00 PM,http://www.redfin.com/CT/Glastonbury/80-Belle-Woods-Dr-06033/home/54171827,Smart MLS,170279861,N,Y,41.7228842,-72.5586779
MLS Listing,,Multi-Family (2-4 Unit),205 Greenfield St,Hartford,CT,06112,89900,6,3.0,Upper Albany,2423,7405,1905,9,37,,Active,,,http://www.redfin.com/CT/Hartford/205-Greenfield-St-06112/home/54155182,Smart MLS,170280102,N,Y,41.78414,-72.6930437
MLS Listing,,Multi-Family (5+ Unit),89 James St,Hartford,CT,06106,384900,12,6.0,West End,6048,6534,1914,9,64,,Active,,,http://www.redfin.com/CT/Hartford/89-James-St-06106/home/54149308,Smart MLS,170280101,N,Y,41.7596945,-72.7122854
MLS Listing,,Single Family Residential,169 Adelaide St,Hartford,CT,06114,119900,3,1.0,South End,1653,7840,1910,9,73,,Active,,,http://www.redfin.com/CT/Hartford/169-Adelaide-St-06114/home/54147314,Smart MLS,170280476,N,Y,41.741255,-72.6803937
MLS Listing,,Single Family Residential,66 Commonwealth Ave,New Britain,CT,06053,139900,3,2.0,New Britain,1172,12196,1915,9,119,,Active,,,http://www.redfin.com/CT/New-Britain/66-Commonwealth-Ave-06053/home/52272210,Smart MLS,170280475,N,Y,41.6863961,-72.7868173
MLS Listing,,Vacant Land,9 Thronebrook Way,Granby,CT,06090,149900,,,West Granby,,574120,,9,,,Active,,,http://www.redfin.com/CT/West-Granby/9-Thronebrook-Rd-06090/home/54374217,Smart MLS,170280349,N,Y,41.9626904,-72.8517442
MLS Listing,,Multi-Family (5+ Unit),21 Wayland St,Hartford,CT,06114,369900,12,6.0,South End,3300,3049,1920,9,112,,Active,,,http://www.redfin.com/CT/Hartford/21-Wayland-St-06114/home/54148339,Smart MLS,170279524,N,Y,41.7383179,-72.6725771
MLS Listing,,Condo/Co-op,211 W Bank #211,Windsor,CT,06095,299900,2,2.0,Hayden Station,1856,,2005,9,162,245,Active,,,http://www.redfin.com/CT/Windsor/211-W-Bank-06095/unit-211/home/167165383,Smart MLS,170277550,N,Y,41.8351147,-72.6840194
MLS Listing,,Single Family Residential,55 Hartland St,Hartford,CT,06112,169900,3,1.5,Blue Hills,1344,9147,1950,9,126,,Active,,,http://www.redfin.com/CT/Hartford/55-Hartland-St-06112/home/54154353,Smart MLS,170280262,N,Y,41.8008298,-72.7002601
MLS Listing,,Single Family Residential,24 Arrowhead Cir,Newington,CT,06111,199000,3,1.0,Newington,1512,11761,1964,9,132,,Active,,,http://www.redfin.com/CT/Newington/24-Arrowhead-Cir-06111/home/54044478,Smart MLS,170279903,N,Y,41.696794,-72.7438195
MLS Listing,,Single Family Residential,921 Thrall Ave,Suffield,CT,06078,1050000,4,3.5,Suffield,6724,728323,1999,9,156,,Active,,,http://www.redfin.com/CT/Suffield/921-Thrall-Ave-06078/home/54059351,Smart MLS,170280268,N,Y,41.978943,-72.617227
MLS Listing,,Condo/Co-op,31 Woodland St Unit 10-A,Hartford,CT,06105,79900,1,1.0,West End,765,,1963,9,104,605,Active,,,http://www.redfin.com/CT/Hartford/31-Woodland-St-06105/unit-10A/home/54159344,Smart MLS,170280128,N,Y,41.7696997,-72.702567
MLS Listing,,Single Family Residential,12 Murphy Dr,Rocky Hill,CT,06067,599609,4,3.5,Rocky Hill,3015,20037,2003,9,199,17,Active,,,http://www.redfin.com/CT/Rocky-Hill/12-Murphy-Dr-06067/home/53839717,Smart MLS,170280263,N,Y,41.6500976,-72.6843838
MLS Listing,,Single Family Residential,25 Scarsdale Rd,West Hartford,CT,06107,565000,4,4.5,West Hartford,3312,10018,1931,9,171,,Active,,,http://www.redfin.com/CT/West-Hartford/25-Scarsdale-Rd-06107/home/53970717,Smart MLS,170279975,N,Y,41.7500526,-72.7488414
MLS Listing,,Single Family Residential,17 Vine Hill Rd,Farmington,CT,06032,1495000,4,3.5,Farmington,4000,226512,2021,9,374,,Active,,,http://www.redfin.com/CT/Farmington/17-Vine-Hill-Rd-06032/home/171048369,Smart MLS,170279203,N,Y,41.7398561,-72.8068046
MLS Listing,,Single Family Residential,85 N Main St,Marlborough,CT,06447,209900,2,1.0,Marlborough,929,11325,1953,9,226,8,Active,,,http://www.redfin.com/CT/Marlborough/85-N-Main-St-06447/home/54376469,Smart MLS,170275629,N,Y,41.6333094,-72.4669818
MLS Listing,,Multi-Family (2-4 Unit),29 Olive St,New Britain,CT,06051,249900,6,3.0,New Britain,2668,8276,1880,9,94,,Active,,,http://www.redfin.com/CT/New-Britain/29-Olive-St-06051/home/53882591,Smart MLS,170280302,N,Y,41.6725274,-72.7681531
MLS Listing,,Vacant Land,72 Sunrise Dr,Avon,CT,06001,249000,,,Avon,,406414,,9,,,Active,,,http://www.redfin.com/CT/Avon/72-Sunrise-Dr-06001/home/171046156,Smart MLS,170278369,N,Y,41.7701327,-72.865186
MLS Listing,,Condo/Co-op,7 Downing Way #7,Suffield,CT,06078,229900,3,2.5,Suffield,2002,,1986,9,115,360,Active,,,http://www.redfin.com/CT/Suffield/7-Downing-Way-06078/unit-7/home/54061738,Smart MLS,170280310,N,Y,41.9821632,-72.6632561
MLS Listing,,Single Family Residential,61 Ridgeway St,Newington,CT,06111,130000,2,1.0,Newington,1286,12632,1950,9,101,,Active,,,http://www.redfin.com/CT/Newington/61-Ridgeway-St-06111/home/54034536,Smart MLS,170280291,N,Y,41.6792318,-72.7395251
MLS Listing,,Single Family Residential,208 Ridgewood Rd,East Hartford,CT,06118,169900,3,2.0,East Hartford,1260,34848,1910,9,135,,Active,,,http://www.redfin.com/CT/East-Hartford/208-Ridgewood-Rd-06118/home/54328773,Smart MLS,170280260,N,Y,41.7706795,-72.5971792
MLS Listing,,Single Family Residential,142 Hyde Rd,West Hartford,CT,06117,425000,4,2.5,West Hartford,2505,12632,1964,9,170,,Active,,,http://www.redfin.com/CT/West-Hartford/142-Hyde-Rd-06117/home/53967316,Smart MLS,170278713,N,Y,41.7961136,-72.7594265
MLS Listing,,Single Family Residential,1451 Ellington Rd,South Windsor,CT,06074,464900,3,3.5,South Windsor,2942,26136,2001,9,158,,Active,,,http://www.redfin.com/CT/South-Windsor/1451-Ellington-Rd-06074/home/54128350,Smart MLS,170277934,N,Y,41.825717,-72.5685665
MLS Listing,,Single Family Residential,79 Filley St,Bloomfield,CT,06002,309900,3,2.5,Bloomfield Ridge,2058,17424,2015,9,151,,Active,,,http://www.redfin.com/CT/Bloomfield/79-Filley-St-06002/home/53941029,Smart MLS,170276956,N,Y,41.8482989,-72.7175901
MLS Listing,,Single Family Residential,15 Glendale Rd,Enfield,CT,06082,180000,3,1.0,Enfield,2500,12196,1954,9,72,,Active,,,http://www.redfin.com/CT/Enfield/15-Glendale-Rd-06082/home/53804606,Smart MLS,170280182,N,Y,41.9807784,-72.5649623
MLS Listing,,Single Family Residential,38 Victoria Rd,Hartford,CT,06114,247500,5,2.0,South End,2154,6969,1910,9,115,,Active,,,http://www.redfin.com/CT/Hartford/38-Victoria-Rd-06114/home/54148002,Smart MLS,170280172,N,Y,41.7286884,-72.6702963
MLS Listing,,Condo/Co-op,235 E River Dr #306,East Hartford,CT,06108,299999,3,2.0,East Hartford,1526,,1989,9,197,1258,Active,,,http://www.redfin.com/CT/East-Hartford/235-E-River-Dr-06108/unit-306/home/54332968,Smart MLS,170277837,N,Y,41.767127,-72.6622913
MLS Listing,,Single Family Residential,116 Hepworth St,Bristol,CT,06010,195000,3,1.0,Forestville,1008,11761,1958,9,193,,Active,,,http://www.redfin.com/CT/Bristol/116-Hepworth-St-06010/home/54403706,Smart MLS,170279998,N,Y,41.6684949,-72.8903395
MLS Listing,,Single Family Residential,455 Toll Gate Rd,Glastonbury,CT,06073,349900,4,3.0,South Glastonbury,2371,114998,1984,9,148,,Active,,,http://www.redfin.com/CT/South-Glastonbury/455-Toll-Gate-Rd-06073/home/54170786,Smart MLS,170279895,N,Y,41.6623499,-72.5191656
MLS Listing,,Single Family Residential,28 Skyline Dr,Farmington,CT,06032,425000,3,3.0,Farmington,3167,20908,1955,9,134,,Active,March-22-2020 12:00 PM,March-22-2020 03:00 PM,http://www.redfin.com/CT/Farmington/28-Skyline-Dr-06032/home/54425255,Smart MLS,170279690,N,Y,41.7284902,-72.7789923
MLS Listing,,Single Family Residential,45 Pheasant Run,Granby,CT,06060,379900,3,2.5,North Granby,2694,87120,1988,9,141,,Active,,,http://www.redfin.com/CT/North-Granby/45-Pheasant-Run-06060/home/54370366,Smart MLS,170280132,N,Y,42.0232549,-72.8512479
MLS Listing,,Single Family Residential,40 Seminole Cir,West Hartford,CT,06117,210000,3,2.0,West Hartford,2086,24829,1955,9,101,,Active,,,http://www.redfin.com/CT/West-Hartford/40-Seminole-Cir-06117/home/53978111,Smart MLS,170280127,N,Y,41.7958169,-72.73403
MLS Listing,,Condo/Co-op,232 Farmington Ave Unit F8,Hartford,CT,06105,65000,2,1.0,Asylum Hill,821,,1939,9,79,319,Active,,,http://www.redfin.com/CT/Hartford/232-Farmington-Ave-06105/unit-F8/home/171040105,Smart MLS,170280124,N,Y,41.768352,-72.696011
MLS Listing,,Single Family Residential,4 Stockade Rd,Simsbury,CT,06092,334900,5,2.5,West Simsbury,2180,46609,1965,9,154,,Active,,,http://www.redfin.com/CT/West-Simsbury/4-Stockade-Rd-06092/home/53997716,Smart MLS,170274549,N,Y,41.8431884,-72.8665082
MLS Listing,,Single Family Residential,134 Harding St,New Britain,CT,06052,210000,4,1.5,New Britain,2088,6534,1939,9,101,,Active,,,http://www.redfin.com/CT/New-Britain/134-Harding-St-06052/home/53886823,Smart MLS,170280114,N,Y,41.6546393,-72.7942387
MLS Listing,,Single Family Residential,6 Salerno Dr,Enfield,CT,06082,379900,5,2.5,Hazardville,2943,43995,2005,9,129,,Active,,,http://www.redfin.com/CT/Enfield/6-Salerno-Dr-06082/home/53807673,Smart MLS,170280109,N,Y,41.9675361,-72.5200814
MLS Listing,,Single Family Residential,51 Pine Dr,Burlington,CT,06013,295000,6,3.0,Lake Garda,4546,15245,1965,10,65,17,Active,,,http://www.redfin.com/CT/Burlington/51-Pine-Dr-06013/home/53765352,Smart MLS,170280010,N,Y,41.7404601,-72.9025298
MLS Listing,,Single Family Residential,207 Main St,East Hartford,CT,06118,134900,3,1.5,Hockanum,1308,10454,1900,10,103,,Active,,,http://www.redfin.com/CT/East-Hartford/207-Main-St-06118/home/54328753,Smart MLS,170279749,N,Y,41.7374313,-72.6302937
MLS Listing,,Single Family Residential,65 Selden Hill Dr,West Hartford,CT,06107,289900,3,1.5,West Hartford,2001,14374,1953,10,145,,Active,March-22-2020 01:00 PM,March-22-2020 03:00 PM,http://www.redfin.com/CT/West-Hartford/65-Selden-Hill-Dr-06107/home/53978069,Smart MLS,170280041,N,Y,41.7417447,-72.7741092
MLS Listing,,Single Family Residential,129 Duncaster Rd,Bloomfield,CT,06002,289900,4,2.5,North Bloomfield,2254,43124,1978,10,129,,Active,,,http://www.redfin.com/CT/Bloomfield/129-Duncaster-Rd-06002/home/53943038,Smart MLS,170278438,N,Y,41.8624061,-72.763305
MLS Listing,,Condo/Co-op,10 Main St #324,Berlin,CT,06037,244900,2,2.0,Berlin,1373,,2013,10,178,382,Active,,,http://www.redfin.com/CT/Berlin/10-Main-St-06037/unit-324/home/53816566,Smart MLS,170275608,N,Y,41.6305276,-72.7791812
MLS Listing,,Single Family Residential,6 Quincy Pl,Avon,CT,06001,569000,4,2.5,Buckingham,3656,25700,2004,10,156,90,Active,,,http://www.redfin.com/CT/Avon/6-Quincy-Pl-06001/home/136414522,Smart MLS,170279842,N,Y,41.7827972,-72.9097665
MLS Listing,,Single Family Residential,226 Brewer St,East Hartford,CT,06118,99900,2,1.0,Hockanum,727,24829,1900,10,137,,Active,,,http://www.redfin.com/CT/East-Hartford/226-Brewer-St-06118/home/54328792,Smart MLS,170280006,N,Y,41.7447284,-72.6207627
MLS Listing,,Vacant Land,179 Brewer St,East Hartford,CT,06118,999999,,,Hockanum,,346737,,10,,,Active,,,http://www.redfin.com/CT/East-Hartford/179-Brewer-St-06118/home/54328497,Smart MLS,170279988,N,Y,41.7441173,-72.6232115
MLS Listing,,Single Family Residential,26 Mountain Top Pass,Burlington,CT,06013,562000,4,2.5,Johnny Cake,3224,66646,2010,10,174,,Active,,,http://www.redfin.com/CT/Burlington/Mountain-Top-Pass-06013/home/53763105,Smart MLS,170279229,N,Y,41.757872,-72.991924
MLS Listing,,Single Family Residential,4 Gilbert Ln,South Windsor,CT,06074,639900,5,3.0,South Windsor,3160,32234,2020,10,203,,Active,,,http://www.redfin.com/CT/South-Windsor/4-Gilbert-Ln-06074/home/168213045,Smart MLS,170278316,N,Y,41.8139657,-72.5471184
MLS Listing,,Single Family Residential,9 Millbrook Dr,East Hartford,CT,06118,199000,4,3.0,East Hartford,1872,12632,1942,10,106,,Active,,,http://www.redfin.com/CT/Hartford/Unknown-06118/home/54330349,Smart MLS,170279985,N,Y,41.737815,-72.626713
MLS Listing,,Single Family Residential,120 Village Gate Dr,Southington,CT,06489,529000,4,3.5,Southington,4328,44866,1998,10,122,,Active,March-29-2020 01:00 PM,March-29-2020 03:00 PM,http://www.redfin.com/CT/Southington/120-Village-Gate-Dr-06489/home/53729236,Smart MLS,170278986,N,Y,41.5638121,-72.8504171
MLS Listing,,Single Family Residential,23 Pheasant Hill Dr,West Hartford,CT,06107,423000,4,3.0,West Hartford,2730,10454,1967,10,155,,Active,,,http://www.redfin.com/CT/West-Hartford/23-Pheasant-Hill-Dr-06107/home/53979028,Smart MLS,170278950,N,Y,41.7446416,-72.7522234
MLS Listing,,Condo/Co-op,1 King Philip Dr #319,West Hartford,CT,06117,247900,2,2.0,West Hartford,1211,,2007,10,205,450,Active,,,http://www.redfin.com/CT/West-Hartford/1-King-Philip-Dr-06117/unit-319/home/53961321,Smart MLS,170278652,N,Y,41.7865332,-72.7411238
MLS Listing,,Single Family Residential,91 Ashley Rd,Bristol,CT,06010,225000,3,1.5,Bristol,1334,16117,1972,10,169,,Active,,,http://www.redfin.com/CT/Bristol/91-Ashley-Rd-06010/home/54404298,Smart MLS,170261364,N,Y,41.7064257,-72.9411236
MLS Listing,,Single Family Residential,138 7th St,Newington,CT,06111,229000,3,1.5,Newington,1407,9147,1948,10,163,,Active,,,http://www.redfin.com/CT/Newington/138-7th-St-06111/home/54043689,Smart MLS,170279900,N,Y,41.6812093,-72.7530199
MLS Listing,,Single Family Residential,461 Robbins Ave,Newington,CT,06111,254900,4,1.5,Newington,1936,19602,1901,10,132,,Active,,,http://www.redfin.com/CT/Newington/461-Robbins-Ave-06111/home/54036021,Smart MLS,170279769,N,Y,41.6802228,-72.7418372
MLS Listing,,Vacant Land,0 Chamberlain Rd,East Windsor,CT,06088,575000,,,East Windsor,,2178000,,10,,,Active,,,http://www.redfin.com/CT/East-Windsor/Chamberlain-Rd-06016/home/53759691,Smart MLS,170279181,N,Y,41.904472,-72.530315
MLS Listing,,Vacant Land,263 Brewer St,East Hartford,CT,06118,399900,,,Hockanum,,165528,,10,,,Active,,,http://www.redfin.com/CT/East-Hartford/263-Brewer-St-06118/home/54322035,Smart MLS,170279879,N,Y,41.7446647,-72.6185125
MLS Listing,,Condo/Co-op,36 Henley Way #36,West Hartford,CT,06117,223000,3,3.0,West Hartford,1604,,2000,10,139,392,Active,,,http://www.redfin.com/CT/West-Hartford/36-Henley-Way-06117/unit-36/home/168818324,Smart MLS,170279661,N,Y,41.804063,-72.7365043
MLS Listing,,Single Family Residential,30 Kensington Ave,New Britain,CT,06051,130000,3,1.5,New Britain,1212,9583,1950,10,107,,Active,,,http://www.redfin.com/CT/New-Britain/30-Kensington-Ave-06051/home/53881503,Smart MLS,170279906,N,Y,41.654105,-72.785095
MLS Listing,,Single Family Residential,68 Holcomb St,Simsbury,CT,06070,349900,3,2.5,Simsbury,3279,41817,1960,10,107,,Active,,,http://www.redfin.com/CT/Simsbury/68-Holcomb-St-06070/home/53998499,Smart MLS,170278592,N,Y,41.9069984,-72.8361544
MLS Listing,,Single Family Residential,105 Pine Lane Ext,Windsor,CT,06095,199900,3,3.0,Windsor,2127,18730,1984,10,94,,Active,,,http://www.redfin.com/CT/Windsor/105-Pine-Ln-Ext-06095/home/54265978,Smart MLS,170279890,N,Y,41.8247166,-72.667063
MLS Listing,,Single Family Residential,95 Kenyon St,Hartford,CT,06105,375000,3,2.0,West End,2726,17859,1875,10,138,,Active,,,http://www.redfin.com/CT/Hartford/95-Kenyon-St-06105/home/54149471,Smart MLS,170277812,N,Y,41.7696826,-72.710709
MLS Listing,,Condo/Co-op,410 Farmington Ave Unit Q2,New Britain,CT,06053,134900,2,1.5,New Britain,1024,,1986,10,132,250,Active,,,http://www.redfin.com/CT/New-Britain/410-Farmington-Ave-06053/unit-Q2/home/53877145,Smart MLS,170276765,N,Y,41.6884433,-72.7894405
MLS Listing,,Single Family Residential,805 S End Rd,Southington,CT,06479,339900,4,2.5,Plantsville,2130,37461,1900,10,160,,Active,,,http://www.redfin.com/CT/PLANTSVILLE/805-S-END-RD-06479/home/53727384,Smart MLS,170279870,N,Y,41.561205,-72.872535
MLS Listing,,Single Family Residential,397 Auburn Rd,West Hartford,CT,06119,485000,4,2.5,West Hartford,2480,10018,1940,10,196,,Active,,,http://www.redfin.com/CT/West-Hartford/397-Auburn-Rd-06119/home/53981476,Smart MLS,170279720,N,Y,41.7781676,-72.7301972
MLS Listing,,Single Family Residential,159 Sedgwick Rd,West Hartford,CT,06107,339000,3,1.5,West Hartford,2132,11325,1947,10,159,,Active,,,http://www.redfin.com/CT/West-Hartford/159-Sedgwick-Rd-06107/home/53978055,Smart MLS,170279831,N,Y,41.7500517,-72.7576719
MLS Listing,,Condo/Co-op,19 Saddle Rdg #19,Bloomfield,CT,06002,425000,4,3.5,Bloomfield,3082,,1989,10,138,925,Active,,,http://www.redfin.com/CT/Bloomfield/19-Saddle-Rdg-06002/unit-19/home/144519289,Smart MLS,170278641,N,Y,41.8328434,-72.7748284
MLS Listing,,Single Family Residential,190 Smith St,South Windsor,CT,06074,510000,4,3.5,South Windsor,2470,100187,2020,10,206,,Active,,,http://www.redfin.com/CT/South-Windsor/190-Smith-St-06074/home/168213030,Smart MLS,170279834,N,Y,41.809404,-72.5653159
MLS Listing,,Condo/Co-op,141 Mallard Dr #141,Avon,CT,06001,129900,1,1.0,Avon,880,,1972,10,148,375,Active,,,http://www.redfin.com/CT/Avon/141-Mallard-Dr-06001/unit-141/home/170022764,Smart MLS,170279360,N,Y,41.766863,-72.881567
MLS Listing,,Single Family Residential,83 Starr Ave,Newington,CT,06111,229500,3,1.0,Newington,1428,11325,1950,10,161,,Active,,,http://www.redfin.com/CT/Newington/83-Starr-Ave-06111/home/54041619,Smart MLS,170279775,N,Y,41.7136007,-72.7305204
MLS Listing,,Single Family Residential,33 Mohawk Cir,Windsor,CT,06095,299900,4,2.5,Windsor,1960,40075,1972,10,153,,Active,,,http://www.redfin.com/CT/Windsor/33-Mohawk-Cir-06095/home/54274263,Smart MLS,170279405,N,Y,41.850078,-72.6716358
MLS Listing,,Single Family Residential,15 Onlook Rd,Wethersfield,CT,06109,359900,3,2.5,Wethersfield,1746,10890,1931,10,206,,Active,,,http://www.redfin.com/CT/Wethersfield/15-Onlook-Rd-06109/home/54319180,Smart MLS,170277066,N,Y,41.7067361,-72.6897876
MLS Listing,,Single Family Residential,460 Palisado Ave,Windsor,CT,06095,289900,3,2.5,Windsor,2028,16117,2004,10,143,,Active,,,http://www.redfin.com/CT/Windsor/460-Palisado-Ave-06095/home/54267860,Smart MLS,170276980,N,Y,41.8677883,-72.6282141
MLS Listing,,Vacant Land,0 Riverton Rd,Hartland,CT,06027,150000,,,Hartland,,841579,,10,,,Active,,,http://www.redfin.com/CT/Hartland/0-Riverton-Rd-06027/home/144523482,Smart MLS,170279705,N,Y,41.971745,-73.017133
MLS Listing,,Single Family Residential,25 Sylvan Ave,Farmington,CT,06085,315000,4,2.0,Unionville,2085,7405,1926,10,151,,Active,,,http://www.redfin.com/CT/Unionville/25-Sylvan-Ave-06085/home/54431545,Smart MLS,170278433,N,Y,41.7613205,-72.8867369
