SALE TYPE,SOLD DATE,PROPERTY TYPE,ADDRESS,CITY,STATE OR PROVINCE,ZIP OR POSTAL CODE,PRICE,BEDS,BATHS,LOCATION,SQUARE FEET,LOT SIZE,YEAR BUILT,DAYS ON MARKET,$/SQUARE FEET,HOA/MONTH,STATUS,NEXT OPEN HOUSE START TIME,NEXT OPEN HOUSE END TIME,URL (SEE http://www.redfin.com/buy-a-home/comparative-market-analysis FOR INFO ON PRICING),SOURCE,MLS#,FAVORITE,INTERESTED,LATITUDE,LONGITUDE
MLS Listing,,Single Family Residential,15 Van Buren Cir,Goffstown,NH,03045,469900,3,2.25,Goffstown,2616,141134,1998,1,180,,Active,,,http://www.redfin.com/NH/Goffstown/15-Van-Buren-Cir-03045/home/88059313,NEREN,4803730,N,Y,42.9881671,-71.5295756
MLS Listing,,Single Family Residential,11 Prisilla Cir,Manchester,NH,03103,299900,4,1.75,Manchester,2160,9583,1983,1,139,,Active,,,http://www.redfin.com/NH/Manchester/11-Priscilla-Cir-03103/home/87927502,NEREN,4803727,N,Y,42.918838,-71.4528023
MLS Listing,,Single Family Residential,27 Boston View Dr,New Ipswich,NH,03071,390000,3,2.0,New Ipswich,2046,374616,1990,1,191,,Active,,,http://www.redfin.com/NH/New-Ipswich/27-Boston-View-Dr-03071/home/88125910,NEREN,4803719,N,Y,42.7550123,-71.8873578
MLS Listing,,Single Family Residential,607 Ray St,Manchester,NH,03104,675000,4,2.75,Manchester,3328,29185,2010,1,203,,Active,,,http://www.redfin.com/NH/Manchester/607-Ray-St-03104/home/96644960,NEREN,4803717,N,Y,43.0182424,-71.4628202
MLS Listing,,Single Family Residential,40 WORTHLEY Rd,Manchester,NH,03102,314000,3,4.5,Manchester,1806,12196,1970,1,174,,Active,,,http://www.redfin.com/NH/Manchester/40-Worthley-Rd-03102/home/108656373,NEREN,4803712,N,Y,42.9797991,-71.4926171
MLS Listing,,Mobile/Manufactured Home,187 Victorian Way #58,Manchester,NH,03104,179900,2,2.0,Manchester,1118,,2003,1,161,710,Active,,,http://www.redfin.com/NH/Manchester/187-Victorian-Way-03104/unit-58/home/109164505,NEREN,4803709,N,Y,42.9988492,-71.4052367
MLS Listing,,Townhouse,20 Pimlico Ct #20,Bedford,NH,03110,279900,2,1.5,Bedford,1370,,1986,1,204,300,Active,,,http://www.redfin.com/NH/Bedford/20-Pimlico-Ct-03110/unit-20/home/171539098,NEREN,4803708,N,Y,42.9598079,-71.4873768
MLS Listing,,Single Family Residential,595 Fairfield St,Manchester,NH,03104,319900,3,1.75,Manchester,1586,10018,1956,1,202,,Active,,,http://www.redfin.com/NH/Manchester/595-Fairfield-St-03104/home/88245084,NEREN,4803706,N,Y,43.0164934,-71.4448017
MLS Listing,,Single Family Residential,23 Woekel Cir,Pelham,NH,03076,489900,3,2.5,Pelham,2992,8712,1989,1,164,,Active,,,http://www.redfin.com/NH/Pelham/23-Woekel-Cir-03076/home/60339415,NEREN,4803703,N,Y,42.7273915,-71.280716
MLS Listing,,Single Family Residential,212 W Main St,Hillsborough,NH,03244,329900,3,2.0,Hillsborough,3212,87120,1965,1,103,,Active,,,http://www.redfin.com/NH/Hillsboro/212-W-Main-St-03244/home/103055560,NEREN,4803697,N,Y,43.1109718,-71.9105166
MLS Listing,,Single Family Residential,130 Eastwind Dr,Manchester,NH,03104,314900,4,2.0,Manchester,1700,10454,1990,1,185,,Active,,,http://www.redfin.com/NH/Manchester/130-Eastwind-Dr-03104/home/108655478,NEREN,4803684,N,Y,43.0055014,-71.4022216
MLS Listing,,Single Family Residential,12 Golden Dr,Bedford,NH,03110,459900,4,2.5,Bedford,2532,76665,1986,1,182,,Active,,,http://www.redfin.com/NH/Bedford/12-Golden-Dr-03110/home/96524978,NEREN,4803683,N,Y,42.9459591,-71.5775417
MLS Listing,,Single Family Residential,27 Lone Pine Ln #7,Hollis,NH,03049,819000,4,3.25,Hollis,3621,88426,2020,1,226,,Active,,,http://www.redfin.com/NH/Hollis/114-Rideout-Rd-03049/unit-7/home/164345968,NEREN,4803669,N,Y,42.726097,-71.5395075
MLS Listing,,Multi-Family (2-4 Unit),13-15 Demanche St,Nashua,NH,03060,359900,6,2.0,Nashua,2464,31363,1970,1,146,,Active,,,http://www.redfin.com/NH/Nashua/13-Demanche-St-03060/home/88098938,NEREN,4803659,N,Y,42.7407296,-71.4810965
MLS Listing,,Vacant Land,22 & 22-1 Old Pound Rd Lot 22,Antrim,NH,03440,115000,,,Antrim,,1263675,,1,,,Active,,,http://www.redfin.com/NH/Antrim/1-Old-Pound-Rd-03440/unit-22/home/171535623,NEREN,4803654,N,Y,43.0529298,-71.9697288
MLS Listing,,Single Family Residential,45 Middle Rd,Hancock,NH,03449,299000,5,2.25,Hancock,3528,209088,1830,1,85,,Active,,,http://www.redfin.com/NH/Hancock/45-Middle-Rd-03449/home/88325965,NEREN,4803623,N,Y,42.9567306,-71.9859066
MLS Listing,,Single Family Residential,679 Island Pond Rd,Manchester,NH,03109,299900,3,1.5,Manchester,2240,33105,1900,1,134,,Active,,,http://www.redfin.com/NH/Manchester/679-Island-Pond-Rd-03109/home/108655110,NEREN,4803619,N,Y,42.9687881,-71.4114524
MLS Listing,,Single Family Residential,3 Divinity Cir,Nashua,NH,03063,419900,4,2.25,Nashua,2058,17859,1979,1,204,,Active,,,http://www.redfin.com/NH/Nashua/3-Divinity-Cir-03063/home/88091326,NEREN,4803604,N,Y,42.7623284,-71.5155717
MLS Listing,,Single Family Residential,7 Rimmon Ct,Merrimack,NH,03054,544900,4,2.5,Merrimack,3434,63162,1998,1,159,,Active,,,http://www.redfin.com/NH/Merrimack/7-Rimmon-Ct-03054/home/96550876,NEREN,4803571,N,Y,42.8494042,-71.5658348
MLS Listing,,Single Family Residential,41 Indian Rock Rd,Nashua,NH,03063,434900,3,2.25,Nashua,2589,62726,1957,1,168,,Active,,,http://www.redfin.com/NH/Nashua/41-Indian-Rock-Rd-03063/home/88098649,NEREN,4803556,N,Y,42.7795822,-71.5240344
MLS Listing,,Single Family Residential,23 Middle Dunstable Rd,Nashua,NH,03062,439900,4,2.5,Nashua,2600,47828,1976,1,169,,Active,,,http://www.redfin.com/NH/Nashua/23-Middle-Dunstable-Rd-03062/home/88092682,NEREN,4803555,N,Y,42.7140298,-71.4779392
MLS Listing,,Single Family Residential,49 McFarland Rd,Goffstown,NH,03054,284000,2,1.0,Goffstown,1240,9583,1980,1,229,,Active,,,http://www.redfin.com/NH/Goffstown/49-Mc-Farland-Rd-03045/home/88058292,NEREN,4803552,N,Y,42.9905883,-71.5816889
MLS Listing,,Mobile/Manufactured Home,18 Hollyhock Way,Manchester,NH,03109,82000,2,2.0,Manchester,1008,,1987,1,81,446,Active,,,http://www.redfin.com/NH/Manchester/18-Holly-Hock-Way-03109/home/88248459,NEREN,4803533,N,Y,42.9519399,-71.4032464
MLS Listing,,Single Family Residential,41 Fairview Ave,Nashua,NH,03060,339900,3,1.75,Nashua,2048,10890,1951,1,166,,Active,,,http://www.redfin.com/NH/Nashua/41-Fairview-Ave-03060/home/88088124,NEREN,4803532,N,Y,42.7460862,-71.4819044
MLS Listing,,Condo/Co-op,30-305 Ledgewood Hills Dr #221,Nashua,NH,03062,190000,1,1.5,Nashua,942,3746160,1986,1,202,435,Active,,,http://www.redfin.com/NH/Nashua/30-Ledgewood-Hills-Dr-03062/unit-221/home/137591784,NEREN,4803531,N,Y,42.7389699,-71.5083144
MLS Listing,,Single Family Residential,69 Nottingham Dr,Nashua,NH,03062,364900,3,2.0,Nashua,2160,12588,1982,1,169,,Active,,,http://www.redfin.com/NH/Nashua/69-Nottingham-Dr-03062/home/88078963,NEREN,4803529,N,Y,42.7309223,-71.4892317
MLS Listing,,Single Family Residential,129 Candia Rd,Manchester,NH,03109,259900,3,1.5,Manchester,1274,8973,1890,1,204,,Active,,,http://www.redfin.com/NH/Manchester/129-Candia-Rd-03109/home/96493881,NEREN,4803527,N,Y,42.9801403,-71.4283362
MLS Listing,,Single Family Residential,204 E Dunstable Rd,Nashua,NH,03062,309900,2,1.0,Nashua,1220,24393,1890,2,254,,Active,,,http://www.redfin.com/NH/Nashua/204-E-Dunstable-Rd-03062/home/88081537,NEREN,4803523,N,Y,42.7233363,-71.4754117
MLS Listing,,Single Family Residential,11 Quail Ct,Manchester,NH,03109,345000,3,2.0,Manchester,2030,50093,1988,2,170,,Active,,,http://www.redfin.com/NH/Manchester/11-Quail-Ct-03109/home/96658560,NEREN,4803496,N,Y,42.9516358,-71.392434
MLS Listing,,Single Family Residential,621 Hall St,Manchester,NH,03104,249900,3,1.5,Manchester,1260,3920,1901,2,198,,Active,,,http://www.redfin.com/NH/Manchester/621-Hall-St-03104/home/87558218,NEREN,4803488,N,Y,42.9939994,-71.4459612
MLS Listing,,Single Family Residential,249 Old Temple Rd,Lyndeborough,NH,03082,350000,4,1.75,Lyndeborough,2304,169884,1974,3,152,,Active,,,http://www.redfin.com/NH/Lyndeborough/249-Old-Temple-Rd-03082/home/60350592,NEREN,4803470,N,Y,42.8836749,-71.8177787
MLS Listing,,Single Family Residential,134 longwood Ave,Manchester,NH,03103,249900,3,1.0,Manchester,1308,,1962,3,191,,Active,,,http://www.redfin.com/NH/Manchester/134-Longwood-Ave-03109/home/88248489,NEREN,4803458,N,Y,42.9817607,-71.4284173
MLS Listing,,Multi-Family (2-4 Unit),400 Myrtle St,Manchester,NH,03104,299900,5,2.0,Manchester,2377,7883,1906,3,126,,Active,,,http://www.redfin.com/NH/Manchester/400-Myrtle-St-03104/home/88245773,MLS PIN,72650619,N,Y,42.999294,-71.4451264
MLS Listing,,Single Family Residential,41 Dudley Brook Rd,Weare,NH,03281,344900,3,2.25,Weare,2074,87120,2000,3,166,,Active,,,http://www.redfin.com/NH/Weare/41-Dudley-Brook-Rd-03281/home/88280073,NEREN,4803450,N,Y,43.0860338,-71.7914625
MLS Listing,,Townhouse,8 E Ridge Rd Unit A-2,Merrimack,NH,03054,220000,2,1.5,Merrimack,1450,,1985,3,152,310,Active,,,http://www.redfin.com/NH/Merrimack/8-E-Ridge-Rd-03054/unit-A-2/home/171519144,NEREN,4803444,N,Y,42.8478931,-71.494489
MLS Listing,,Single Family Residential,128 Leda Ave,Manchester,NH,03104,364900,3,1.75,Manchester,2052,119790,1997,3,178,,Active,,,http://www.redfin.com/NH/Manchester/128-Leda-Ave-03104/home/103928585,NEREN,4803440,N,Y,43.0148279,-71.4266432
MLS Listing,,Townhouse,7 Hawthorne Village Rd #7,Nashua,NH,03062,575000,4,3.25,Nashua,3098,,1986,3,186,660,Active,,,http://www.redfin.com/NH/Nashua/7-Hawthorne-Village-Rd-03062/unit-7/home/103923498,NEREN,4803435,N,Y,42.7084674,-71.4706335
MLS Listing,,Single Family Residential,94 Everett St,Manchester,NH,03104,384900,4,2.5,North End,2340,5662,1910,4,164,,Active,,,http://www.redfin.com/NH/Manchester/94-Everett-St-03104/home/108660858,MLS PIN,72650476,N,Y,43.0102514,-71.4673884
MLS Listing,,Single Family Residential,38 Proctor Rd,Amherst,NH,03031,459000,4,2.5,Amherst,2864,220849,1991,4,160,,Active,,,http://www.redfin.com/NH/Amherst/38-Proctor-Rd-03031/home/109193198,NEREN,4803400,N,Y,42.8973301485981,-71.5700215904574
MLS Listing,,Single Family Residential,102 Wilton Rd,Milford,NH,03055,219900,2,1.0,Milford,1080,4356,1850,4,204,,Active,,,http://www.redfin.com/NH/Milford/102-Wilton-Rd-03055/home/69096970,NEREN,4803398,N,Y,42.8395361,-71.7274036
MLS Listing,,Single Family Residential,195 Waverly St,Manchester,NH,03109,225000,3,1.0,Manchester,1433,11325,1911,4,157,,Active,,,http://www.redfin.com/NH/Manchester/195-Waverly-St-03109/home/88243998,NEREN,4803396,N,Y,42.9826454,-71.4141427
MLS Listing,,Single Family Residential,12 Cheryl St,Nashua,NH,03062,175000,3,1.75,Nashua,1536,,2004,4,114,428,Active,,,http://www.redfin.com/NH/Nashua/12-Cheryl-St-03062/home/57368679,NEREN,4803390,N,Y,42.7353217,-71.5266565
MLS Listing,,Single Family Residential,26 Main St,Hancock,NH,03449,255000,3,1.5,Hancock,2000,4356,1824,4,128,,Active,,,http://www.redfin.com/NH/Hancock/26-Main-St-03449/home/113891255,NEREN,4803388,N,Y,42.9728568,-71.9820406
MLS Listing,,Single Family Residential,47 Currier Ave,Peterborough,NH,03458,279900,4,2.5,Peterborough,2432,20908,1966,4,115,,Active,,,http://www.redfin.com/NH/Peterborough/47-Currier-Ave-03458/home/103423874,NEREN,4803378,N,Y,42.9025621,-71.9423338
MLS Listing,,Single Family Residential,83 Slip Rd,Greenfield,NH,03047,169000,2,1.0,Greenfield,1209,25264,1957,4,140,,Active,,,http://www.redfin.com/NH/Greenfield/83-Slip-Rd-03047/home/88124505,NEREN,4803373,N,Y,42.9447914,-71.869895
MLS Listing,,Condo/Co-op,12 Mountain Laurels Dr #304,Nashua,NH,03062,204900,1,1.0,Nashua,761,,1985,4,269,585,Active,,,http://www.redfin.com/NH/Nashua/12-Mountain-Laurels-Dr-03062/unit-304/home/60367874,NEREN,4803371,N,Y,42.7060297,-71.4706249
MLS Listing,,Single Family Residential,51 Stoneridge Rd,New Ipswich,NH,03071,264900,3,2.5,New Ipswich,1700,243935,1990,4,156,,Active,,,http://www.redfin.com/NH/New-Ipswich/51-Stoneridge-Rd-03071/home/88125250,NEREN,4803351,N,Y,42.7699725,-71.8624715
MLS Listing,,Townhouse,62 GOLFVIEW Dr #62,Manchester,NH,03102,167900,2,1.5,Manchester,1044,,1985,4,161,265,Active,,,http://www.redfin.com/NH/Manchester/62-Golfview-Dr-03102/unit-62/home/171497817,NEREN,4803345,N,Y,43.0347369,-71.4784375
MLS Listing,,Townhouse,82 Union St,Peterborough,NH,03458,149900,2,1.5,Peterborough,1374,158122,1985,4,109,175,Active,,,http://www.redfin.com/NH/Peterborough/82-Union-St-03458/home/143933206,NEREN,4803341,N,Y,42.8815951,-71.961029
MLS Listing,,Vacant Land,35-7 Carriage Hill Rd,Wilton,NH,03086,110000,,,Wilton,,66646,,4,,,Active,,,http://www.redfin.com/NH/Wilton/35-Carriage-Hill-Rd-03086/home/109199485,NEREN,4803338,N,Y,42.8350143,-71.7863422
MLS Listing,,Single Family Residential,17 Ellie Dr,Merrimack,NH,03054,439900,4,2.5,Merrimack,3223,14810,2000,4,136,,Active,,,http://www.redfin.com/NH/Merrimack/17-Ellie-Dr-03054/home/96535127,NEREN,4803325,N,Y,42.8662587,-71.5276745
MLS Listing,,Condo/Co-op,15 Lund Dr Unit A,Hudson,NH,03051,205000,2,1.5,Hudson,1146,,1986,4,179,,Active,,,http://www.redfin.com/NH/Hudson/15-Lund-Dr-03051/unit-A/home/103043688,NEREN,4803306,N,Y,42.7835871,-71.3723661
MLS Listing,,Vacant Land,448 Old Bennington Rd,Greenfield,NH,03047,69900,,,Greenfield,,174240,,4,,,Active,,,http://www.redfin.com/NH/Greenfield/448-Old-Bennington-Rd-03047/home/88124788,NEREN,4803303,N,Y,42.9716923,-71.92449
MLS Listing,,Single Family Residential,584 Center Rd,Hillsborough,NH,03244,324900,4,1.75,Hillsborough,2193,26136,1815,4,148,,Active,,,http://www.redfin.com/NH/Hillsboro/584-Center-Rd-03244/home/59024246,NEREN,4803304,N,Y,43.1465317,-71.9343451
MLS Listing,,Townhouse,66 Preston St #43,Hillsborough,NH,03244,110000,2,1.5,Hillsborough,1080,,1986,4,102,210,Active,,,http://www.redfin.com/NH/Hillsboro/66-Preston-St-03244/unit-43/home/96513012,NEREN,4803302,N,Y,43.1186701,-71.8891166
MLS Listing,,Vacant Land,49-2 Crestwood Ln,Milford,NH,03055,159900,,,Milford,,657756,,4,,,Active,,,http://www.redfin.com/NH/Milford/49-Crestwood-Ln-03055/unit-49-2/home/146685443,NEREN,4803297,N,Y,42.8163449,-71.620757
MLS Listing,,Single Family Residential,20 Henniker St Lot 1,Hillsborough,NH,03244,84900,3,2.0,Hillsborough,1191,,2019,4,71,,Active,,,http://www.redfin.com/NH/Hillsboro/20-Henniker-St-03244/unit-1/home/168756610,NEREN,4803292,N,Y,43.115575,-71.8943282
MLS Listing,,Vacant Land,317 Forest Rd,Wilton,NH,03086,74500,,,Wilton,,196020,,4,,,Active,,,http://www.redfin.com/NH/Wilton/317-Forest-Rd-03086/home/63530059,NEREN,4803288,N,Y,42.8545909,-71.7630315
MLS Listing,,Single Family Residential,220 Myrtle St,Manchester,NH,03103,750000,5,4.5,Manchester,4945,398486880,1863,4,152,,Active,,,http://www.redfin.com/NH/Manchester/220-Myrtle-St-03104/home/108660027,NEREN,4803280,N,Y,42.9983653,-71.4544952
MLS Listing,,Vacant Land,1-2 Powers St,Milford,NH,03055,399900,,,Milford,,139392,,4,,,Active,,,http://www.redfin.com/NH/Milford/1-Powers-St-03055/home/142267756,NEREN,4803276,N,Y,42.825221,-71.6374257
MLS Listing,,Condo/Co-op,500-U-Candlewood Park #37,Nashua,NH,03062,216900,2,2.0,Nashua,1102,,1986,4,197,324,Active,,,http://www.redfin.com/NH/Nashua/500-Candlewood-Park-03062/unit-37/home/88099866,NEREN,4803274,N,Y,42.7384536,-71.5151556
MLS Listing,,Townhouse,61 Tonella Rd,Milford,NH,03055,320000,,,Milford,2100,97138,,4,152,,Active,,,http://www.redfin.com/NH/Milford/61-Tonella-Rd-03055/home/96455804,NEREN,4803265,N,Y,42.828228,-71.641146
MLS Listing,,Single Family Residential,10 General Amherst Rd,Amherst,NH,03031,689000,4,3.25,Amherst,5687,65340,1978,4,121,,Active,,,http://www.redfin.com/NH/Amherst/10-General-Amherst-Rd-03031/home/96483209,NEREN,4803244,N,Y,42.8532202,-71.6282592
MLS Listing,,Single Family Residential,15 Higgins Ln,Greenfield,NH,03047,325000,3,2.0,Greenfield,1537,7840,2007,4,211,,Active,,,http://www.redfin.com/NH/Greenfield/15-Higgins-Ln-03047/home/108624461,NEREN,4803236,N,Y,42.984261,-71.902701
MLS Listing,,Single Family Residential,26 Mountain View Ct,Milford,NH,03055,684900,4,2.75,Milford,2636,108900,2020,4,260,,Active,,,http://www.redfin.com/NH/Milford/26-Mountain-View-Ct-03055/home/171198514,NEREN,4803229,N,Y,42.7992092,-71.6326943
MLS Listing,,Townhouse,2B Harry Brook Dr Unit B,Goffstown,NH,03045,254900,3,2.0,Goffstown,2134,,1988,4,119,365,Active,,,http://www.redfin.com/NH/Goffstown/2-Harry-Brook-Dr-03045/unit-B/home/88056570,NEREN,4803210,N,Y,43.0234775,-71.5564869
MLS Listing,,Single Family Residential,75 Cornerstone Ln,Temple,NH,03084,784500,6,3.5,Temple,6322,1890504,1997,4,124,,Active,,,http://www.redfin.com/NH/Temple/75-Cornerstone-Ln-03084/home/63514137,NEREN,4803206,N,Y,42.830936,-71.8576343
MLS Listing,,Single Family Residential,41 Westgate Xing,Nashua,NH,03062,379000,3,2.5,Nashua,2160,9147,1982,4,175,,Active,,,http://www.redfin.com/NH/Nashua/41-Westgate-Xing-03062/home/88076311,NEREN,4803204,N,Y,42.7340488,-71.5081986
MLS Listing,,Single Family Residential,1 Cider Ln,Nashua,NH,03063,359900,3,1.75,Nashua,1854,9583,1976,4,194,,Active,,,http://www.redfin.com/NH/Nashua/1-Cider-Ln-03063/home/79103973,NEREN,4803197,N,Y,42.758344,-71.5215536
MLS Listing,,Single Family Residential,104 Burke Rd,Peterborough,NH,03458,269000,4,2.25,Peterborough,2468,135036,1790,4,109,,Active,,,http://www.redfin.com/NH/Peterborough/104-Burke-Rd-03458/home/143932905,NEREN,4803187,N,Y,42.9339347,-71.9240402
MLS Listing,,Single Family Residential,85 Davis Village Rd,New Ipswich,NH,03071,625000,4,3.5,New Ipswich,3576,258310,2001,4,175,,Active,,,http://www.redfin.com/NH/New-Ipswich/85-Davis-Village-Rd-03071/home/88126361,NEREN,4803185,N,Y,42.7566691,-71.8706447
MLS Listing,,Single Family Residential,120 Gregg Lake Rd,Antrim,NH,03440,449000,7,1.5,Antrim,3360,17424,1900,4,134,,Active,,,http://www.redfin.com/NH/Antrim/120-Gregg-Lake-Rd-03440/home/88188193,NEREN,4803182,N,Y,43.0414619,-71.9819999
MLS Listing,,Single Family Residential,18 Ridgecrest Dr,Hudson,NH,03051,354900,4,2.0,Hudson,1612,34848,1960,4,220,,Active,,,http://www.redfin.com/NH/Hudson/18-Ridgecrest-Dr-03051/home/103042556,MLS PIN,72649893,N,Y,42.7276734,-71.4150704
MLS Listing,,Single Family Residential,112 Cross Rd,Weare,NH,03281,899000,5,2.75,Weare,5467,1433124,1790,4,164,,Active,,,http://www.redfin.com/NH/Weare/112-Cross-Rd-03281/home/88279471,NEREN,4803179,N,Y,43.1207787,-71.6871229
MLS Listing,,Townhouse,35 Collins Landing Rd #19,Weare,NH,03281,245500,2,1.5,Weare,1772,6359760,2013,4,139,395,Active,,,http://www.redfin.com/NH/Weare/35-Collins-Landing-Rd-03281/unit-19/home/88280440,NEREN,4803172,N,Y,43.1112903,-71.7846607
MLS Listing,,Single Family Residential,269 Mast Rd,Manchester,NH,03102,305000,3,1.5,Manchester,1630,5227,1916,4,187,,Active,,,http://www.redfin.com/NH/Manchester/269-Mast-Rd-03102/home/88244752,NEREN,4803166,N,Y,42.9841078,-71.4887216
MLS Listing,,Single Family Residential,970 Mammoth Rd,Pelham,NH,03076,319000,3,1.0,Pelham,1029,46173,1968,4,310,,Active,,,http://www.redfin.com/NH/Pelham/970-Mammoth-Rd-03076/home/88214382,NEREN,4803165,N,Y,42.7567211,-71.3398268
MLS Listing,,Single Family Residential,30 Exeter Ave,Manchester,NH,03103-5527,250000,3,1.0,Manchester,1235,5227,1948,5,202,,Active,,,http://www.redfin.com/NH/Manchester/30-Exeter-Ave-03103/home/82335010,NEREN,4803145,N,Y,42.9787405,-71.4546343
MLS Listing,,Multi-Family (2-4 Unit),27-29 Arlington St,Nashua,NH,03060,369900,5,3.0,Nashua,2702,6969,1890,5,137,,Active,,,http://www.redfin.com/NH/Nashua/27-Arlington-St-03060/home/88089889,NEREN,4803141,N,Y,42.7580094,-71.4494861
MLS Listing,,Single Family Residential,46 Flint Pond Rd,Hollis,NH,03049,429900,3,2.25,Hollis,1664,34412,2020,5,258,,Active,,,http://www.redfin.com/NH/Hollis/46-Flint-Pond-Dr-03049/home/103033564,NEREN,4803134,N,Y,42.7480151,-71.5537333
MLS Listing,,Single Family Residential,29 Birch Hill Rd,Brookline,NH,03033,440000,4,2.5,Brookline,2398,153766,1994,5,183,,Active,,,http://www.redfin.com/NH/Brookline/29-Birch-Hill-Rd-03033/home/88312650,NEREN,4803133,N,Y,42.7584649,-71.6463608
MLS Listing,,Single Family Residential,43 Iron Works Ln,Hollis,NH,03049,615000,4,2.5,Hollis,3241,67082,2000,5,190,,Active,,,http://www.redfin.com/NH/Hollis/43-Iron-Works-Ln-03049/home/103033229,MLS PIN,72649593,N,Y,42.7090736,-71.6307624
MLS Listing,,Multi-Family (2-4 Unit),39 Cumberland St,Manchester,NH,03102,339900,5,3.0,Manchester,3741,4791,1901,5,91,,Active,,,http://www.redfin.com/NH/Manchester/39-Cumberland-St-03102/home/63526503,NEREN,4803108,N,Y,42.9926055,-71.4868202
MLS Listing,,Single Family Residential,20 Curtis Commons Cir Lot 20,Milford,NH,03055,379900,3,2.0,Milford,1674,16448,2020,5,227,,Active,,,http://www.redfin.com/NH/Milford/20-Curtis-Commons-CIR-03055/unit-20/home/171476464,NEREN,4803107,N,Y,42.82056252381135,-71.65424626579285
MLS Listing,,Single Family Residential,7 Judith Dr,Nashua,NH,03062,389900,3,2.0,Nashua,2901,9801,1979,5,134,,Active,,,http://www.redfin.com/NH/Nashua/7-Judith-Dr-03062/home/88086549,NEREN,4803071,N,Y,42.7285181,-71.471516
MLS Listing,,Multi-Family (2-4 Unit),24 Dyson St,Manchester,NH,03102,379900,8,6.25,Manchester,3216,7405,1915,5,118,,Active,,,http://www.redfin.com/NH/Manchester/24-Dyson-St-03102/home/108657832,NEREN,4803059,N,Y,42.9841745,-71.4785653
MLS Listing,,Single Family Residential,74 Wendover Way,Bedford,NH,03110,700000,5,3.25,Bedford,3921,78843,1986,5,179,,Active,,,http://www.redfin.com/NH/Bedford/74-Wendover-Way-03110/home/96519346,NEREN,4803053,N,Y,42.9569131,-71.4968371
MLS Listing,,Single Family Residential,2572 2nd NH Tpke,Deering,NH,03244,89900,2,1.0,Deering,1377,224769,1988,5,65,,Active,,,http://www.redfin.com/NH/Deering/2572-2nd-New-Hampshire-Tpke-N-03244/home/108622828,NEREN,4803045,N,Y,43.045799,-71.888501
MLS Listing,,Townhouse,738 Fox Hollow Way,Manchester,NH,03104,225000,2,1.5,Manchester,1184,,1986,5,190,295,Active,,,http://www.redfin.com/NH/Manchester/738-Fox-Hollow-Way-03104/home/96514249,NEREN,4803024,N,Y,43.010976,-71.429467
MLS Listing,,Single Family Residential,363 Sherburne Rd,Pelham,NH,03076,549900,4,2.5,Pelham,3334,74052,2004,5,165,,Active,,,http://www.redfin.com/NH/Pelham/363-Sherburne-Rd-03076/home/171471327,NEREN,4803003,N,Y,42.70050903375947,-71.38249
MLS Listing,,Single Family Residential,13 Iron Works Ln,Hollis,NH,03049,634500,4,2.5,Hollis,3772,42688,2002,5,168,,Active,,,http://www.redfin.com/NH/Hollis/13-Iron-Works-Ln-03049/home/96620701,MLS PIN,72649365,N,Y,42.7130444,-71.6312028
MLS Listing,,Townhouse,877 Mammoth Rd Unit 1,Manchester,NH,03104,185000,3,1.75,Manchester,1640,,1985,5,113,221,Active,,,http://www.redfin.com/NH/Manchester/877-Mammoth-Rd-03104/unit-1/home/113611179,NEREN,4802990,N,Y,43.0026172,-71.4353815
MLS Listing,,Townhouse,117 Cadogan Way,Nashua,NH,03062,259900,3,2.25,Nashua,1378,,1988,5,189,337,Active,,,http://www.redfin.com/NH/Nashua/117-Cadogan-Way-03062/home/88078778,NEREN,4802986,N,Y,42.7080306,-71.4842261
MLS Listing,,Vacant Land,67-69 S River Rd,Bedford,NH,03110,12000,,,Bedford,,39204,,5,,,Active,,,http://www.redfin.com/NH/Bedford/67-S-River-Rd-03110/home/88192445,NEREN,4802983,N,Y,42.9594154,-71.4790291
MLS Listing,,Condo/Co-op,30 Doggett Ln,Nashua,NH,03063,284900,2,1.5,Nashua,1283,,1985,6,222,216,Active,,,http://www.redfin.com/NH/Nashua/30-Doggett-Ln-03064/home/79142283,NEREN,4802967,N,Y,42.7839166,-71.4928489
MLS Listing,,Single Family Residential,251 Varney St,Manchester,NH,03102,287900,3,1.75,Manchester,2162,8276,1958,6,133,,Active,,,http://www.redfin.com/NH/Manchester/251-Varney-St-03102/home/79030992,NEREN,4802965,N,Y,42.9807082,-71.4821131
MLS Listing,,Mobile/Manufactured Home,194 Buckley Rd #43,Weare,NH,03281,30000,1,1.0,Weare,640,,1987,6,47,90,Active,,,http://www.redfin.com/NH/Weare/194-Buckley-Rd-03281/unit-43/home/88280052,NEREN,4802963,N,Y,43.0708367,-71.766412
MLS Listing,,Single Family Residential,7 Forest Hills Dr,Nashua,NH,03060,479999,5,3.0,Nashua,4309,10890,1965,6,111,,Active,,,http://www.redfin.com/NH/Nashua/7-Forest-Hills-Dr-03060/home/88094721,NEREN,4802953,N,Y,42.7388421,-71.4805131
MLS Listing,,Mobile/Manufactured Home,26 Melendy Rd #30,Milford,NH,03055,65000,2,1.0,Milford,980,,1984,6,66,510,Active,,,http://www.redfin.com/NH/Milford/26-Melendy-Rd-03055/unit-30/home/108627297,NEREN,4802951,N,Y,42.8174512,-71.6654866
MLS Listing,,Single Family Residential,12 Adelaide St,Hudson,NH,03051,329900,3,2.0,Hudson,1400,12458,1890,6,236,,Active,,,http://www.redfin.com/NH/Hudson/12-Adelaide-St-03051/home/103040959,MLS PIN,72649220,N,Y,42.7632832,-71.4307481
MLS Listing,,Single Family Residential,6 Leaor Cir,Hudson,NH,03051,515000,3,2.75,Hudson,2804,23522,2006,6,184,6,Active,,,http://www.redfin.com/NH/Hudson/6-Leaor-Cir-03051/home/103041032,NEREN,4802915,N,Y,42.760495,-71.405747
MLS Listing,,Single Family Residential,87 Tallant Rd,Pelham,NH,03076,549900,4,2.5,Pelham,2482,43560,2020,6,222,,Active,,,http://www.redfin.com/NH/Pelham/87-Tallant-Rd-03076/home/109874208,NEREN,4802910,N,Y,42.7689208,-71.3465071
MLS Listing,,Single Family Residential,5 Tuckerwood Ct,Nashua,NH,03064,450000,4,2.25,Nashua,2227,89297,1988,6,202,,Active,,,http://www.redfin.com/NH/Nashua/5-Tuckerwood-Ct-03064/home/79144049,NEREN,4802891,N,Y,42.7902166,-71.4921533
MLS Listing,,Single Family Residential,24 Elliott St,Nashua,NH,03064,550000,3,2.5,Nashua,3071,17598,1950,6,179,,Active,,,http://www.redfin.com/NH/Nashua/24-Elliott-St-03064/home/88094276,MLS PIN,72648949,N,Y,42.7750232,-71.4707276
MLS Listing,,Single Family Residential,70 Potter Rd,Wilton,NH,03086,389900,4,2.25,Wilton,2312,111077,1999,6,169,,Active,,,http://www.redfin.com/NH/Wilton/70-Potter-Rd-03086/home/108644350,NEREN,4802870,N,Y,42.8029679,-71.7562473
MLS Listing,,Single Family Residential,57 Ferry St,Hudson,NH,03051,389900,4,2.5,Hudson,1792,11325,1914,6,218,,Active,,,http://www.redfin.com/NH/Hudson/57-Ferry-St-03051/home/88287033,NEREN,4802868,N,Y,42.7667871,-71.4369169
MLS Listing,,Single Family Residential,74 Bush Hill Rd,Hudson,NH,03051,470000,4,2.75,Hudson,2644,79714,1991,6,178,,Active,,,http://www.redfin.com/NH/Hudson/74-Bush-Hill-Rd-03051/home/96593943,NEREN,4802863,N,Y,42.7551531,-71.3954492
MLS Listing,,Vacant Land,0 Stonegate Farm Rd,Temple,NH,03084,139500,,,Temple,,217800,,6,,,Active,,,http://www.redfin.com/NH/TEMPLE/STONEGATE-FARM-RD-03084/home/88298129,NEREN,4802853,N,Y,42.82497868893722,-71.84812326850884
MLS Listing,,Single Family Residential,14 Dearborn St,Milford,NH,03055,239900,2,1.5,Milford,906,13939,1957,6,265,,Active,,,http://www.redfin.com/NH/Milford/14-Dearborn-St-03055/home/92585178,NEREN,4802835,N,Y,42.8389973,-71.6455265
MLS Listing,,Single Family Residential,41 Ventura Cir,Nashua,NH,03062,324900,3,1.5,Nashua,1440,9321,1984,6,226,,Active,,,http://www.redfin.com/NH/Nashua/41-Ventura-Cir-03062/home/88086889,NEREN,4802832,N,Y,42.7361703,-71.5125112
MLS Listing,,Townhouse,41 Sprague St,Manchester,NH,03103,159900,2,1.5,Manchester,1400,,1988,6,114,105,Active,,,http://www.redfin.com/NH/Manchester/41-Sprague-St-03103/home/88243970,NEREN,4802826,N,Y,42.9652669,-71.4695209
MLS Listing,,Townhouse,9 Blackstone Ct,Merrimack,NH,03054,169900,2,1.5,Merrimack,1108,,1981,6,153,454,Active,,,http://www.redfin.com/NH/Merrimack/9-Blackstone-Ct-03054/home/96639518,NEREN,4802824,N,Y,42.8756941,-71.4851148
MLS Listing,,Single Family Residential,21 Sawtelle Rd,Brookline,NH,03033,585000,4,2.25,Brookline,2470,53143,2020,7,237,,Active,,,http://www.redfin.com/NH/Brookline/21-Sawtelle-Rd-03033/home/88313638,NEREN,4802816,N,Y,42.728459,-71.6404481
MLS Listing,,Single Family Residential,65 Christie Rd,New Boston,NH,03070,279900,2,1.5,New Boston,1351,242193,1991,7,207,,Active,,,http://www.redfin.com/NH/New-Boston/65-Christie-Rd-03070/home/88295320,NEREN,4802811,N,Y,42.9755274,-71.627025
MLS Listing,,Multi-Family (2-4 Unit),424 Front St,Manchester,NH,03102,349900,3,2.0,Manchester,1980,4704,1930,7,177,,Active,,,http://www.redfin.com/NH/Manchester/424-Front-St-03102/home/96677458,NEREN,4802809,N,Y,43.0088313,-71.4782755
MLS Listing,,Single Family Residential,10 Damon Pond Rd,Amherst,NH,03031,190000,3,1.0,Amherst,978,5227,1945,7,194,,Active,,,http://www.redfin.com/NH/Amherst/10-Damon-Pond-Rd-03031/home/88228629,NEREN,4802808,N,Y,42.9113653,-71.5937634
MLS Listing,,Multi-Family (2-4 Unit),7-71/2 Gillis St,Nashua,NH,03060,400000,7,3.0,Nashua,2948,9147,1900,7,136,,Active,,,http://www.redfin.com/NH/Nashua/266-Main-Dunstable-Rd-03062/home/171440563,NEREN,4802806,N,Y,42.7409923,-71.4952874
MLS Listing,,Single Family Residential,374 Manchester St,Manchester,NH,03103,235000,4,2.0,Manchester,1922,5227,1871,7,122,,Active,,,http://www.redfin.com/NH/Manchester/374-Manchester-St-03103/home/60433913,MLS PIN,72648637,N,Y,42.9903303,-71.4503674
MLS Listing,,Single Family Residential,14 Oak Dr,Litchfield,NH,03052,349900,3,1.5,Litchfield,2084,43560,1976,7,168,,Active,,,http://www.redfin.com/NH/Litchfield/14-Oak-Dr-03052/home/88226967,NEREN,4802761,N,Y,42.8748415,-71.4663681
MLS Listing,,Multi-Family (2-4 Unit),22 Pleasant St,Greenville,NH,03048,119900,,3.0,Greenville,4159,21780,1872,7,29,,Active,,,http://www.redfin.com/NH/Greenville/22-Pleasant-St-03048/home/103446403,NEREN,4802742,N,Y,42.764803,-71.8089297
MLS Listing,,Condo/Co-op,9 Northbrook Dr #906,Manchester,NH,03102,139000,1,1.0,Manchester,725,,1981,7,192,293,Active,,,http://www.redfin.com/NH/Manchester/9-Northbrook-Dr-03102/unit-906/home/108658180,NEREN,4802698,N,Y,43.0351908,-71.4797124
MLS Listing,,Single Family Residential,124 Thorp St,Manchester,NH,03102,285000,3,2.0,Manchester,1894,5662,1935,7,150,,Active,,,http://www.redfin.com/NH/Manchester/124-Thorp-St-03102/home/96573921,NEREN,4802692,N,Y,42.9678168,-71.4791682
MLS Listing,,Single Family Residential,15 Old Mail Rd,Amherst,NH,03031,525000,2,2.0,Amherst,2236,577605,1985,8,235,,Active,,,http://www.redfin.com/NH/Amherst/15-Old-Mail-Rd-03031/home/88228523,NEREN,4802681,N,Y,42.9172572,-71.5865454
MLS Listing,,Single Family Residential,39 Cambridge Dr,Merrimack,NH,03054,469900,3,2.25,Merrimack,2396,19602,1997,8,196,,Active,,,http://www.redfin.com/NH/Merrimack/39-Cambridge-Dr-03054/home/91655287,NEREN,4802664,N,Y,42.8202285,-71.5213681
MLS Listing,,Multi-Family (5+ Unit),598 Daniel Webster Hwy,Merrimack,NH,03054,215000,12,9.0,Merrimack,9000,26136,2020,8,24,,Active,,,http://www.redfin.com/NH/Merrimack/598-Daniel-Webster-Hwy-03054/home/171433066,NEREN,4802660,N,Y,42.8827798,-71.4769078
MLS Listing,,Single Family Residential,2 Lowther Pl,Nashua,NH,03062,419900,4,2.5,Nashua,3062,7405,2008,8,137,295,Active,,,http://www.redfin.com/NH/Nashua/2-Lowther-Pl-03062/home/60346663,NEREN,4802612,N,Y,42.7403189,-71.5173355
MLS Listing,,Single Family Residential,19 Baileys Grn,Bedford,NH,03110,549900,4,2.5,Bedford,2541,51400,2010,8,216,23,Active,,,http://www.redfin.com/NH/Bedford/19-Baileys-Grn-03110/home/88192398,NEREN,4802592,N,Y,42.9057373,-71.4972313
MLS Listing,,Single Family Residential,124 Pinecrest Rd,Litchfield,NH,03052-2343,575000,4,2.25,Litchfield,3188,44431,2004,8,180,,Active,,,http://www.redfin.com/NH/Litchfield/124-Pinecrest-Rd-03052/home/88226366,NEREN,4802579,N,Y,42.8449969,-71.4437813
MLS Listing,,Single Family Residential,181 Tucker Mill Rd,New Boston,NH,03070,115000,1,1.0,New Boston,,60983,1770,8,,,Active,,,http://www.redfin.com/NH/New-Boston/181-Tucker-Mill-Rd-03070/home/88294854,NEREN,4802553,N,Y,43.007175,-71.7087773
MLS Listing,,Single Family Residential,12 WARREN Dr,New Boston,NH,03070,519000,4,2.75,New Boston,2605,259617,2007,9,199,,Active,,,http://www.redfin.com/NH/New-Boston/12-Warren-Dr-03070/home/88296183,NEREN,4802538,N,Y,42.9685187,-71.6464339
MLS Listing,,Multi-Family (2-4 Unit),50R English Village Rd #103,Manchester,NH,03102,385000,4,3.0,Manchester,2165,209088,1974,9,178,,Active,,,http://www.redfin.com/NH/Manchester/50-English-Village-Rd-03102/unit-103/home/108653046,NEREN,4802537,N,Y,43.0113619,-71.4848905
MLS Listing,,Townhouse,7 Clinton Ct,Merrimack,NH,03054,175000,2,1.5,Merrimack,1428,,1984,9,123,454,Active,,,http://www.redfin.com/NH/Merrimack/7-Clinton-Ct-03054/home/88141947,NEREN,4802531,N,Y,42.8749854,-71.4832448
MLS Listing,,Single Family Residential,20 HIGH RANGE Dr,New Ipswich,NH,03071,399600,3,2.0,New Ipswich,1780,108900,2020,9,224,,Active,,,http://www.redfin.com/NH/New-Ipswich/20-High-Range-Dr-03071/home/145834559,NEREN,4802499,N,Y,42.7343762,-71.8518219
MLS Listing,,Single Family Residential,21 Cummings Ln,Hollis,NH,03049,1100000,4,5.0,Hollis,5388,53578,2001,9,204,,Active,,,http://www.redfin.com/NH/Hollis/21-Cummings-Ln-03049/home/103032819,NEREN,4802491,N,Y,42.7336551,-71.541191
MLS Listing,,Condo/Co-op,24 Robert Ct Unit F,Manchester,NH,03103,119900,2,1.0,Manchester,836,,1974,10,143,221,Active,,,http://www.redfin.com/NH/Manchester/24-Robert-Ct-03103/unit-F/home/96548200,NEREN,4802482,N,Y,42.9669321,-71.467829
MLS Listing,,Single Family Residential,55 Carriage Ln,Bedford,NH,03110,495000,3,2.5,Bedford,2526,65340,1976,10,196,,Active,,,http://www.redfin.com/NH/Bedford/55-Carriage-Ln-03110/home/96472615,NEREN,4802474,N,Y,42.9192914,-71.5665766
MLS Listing,,Townhouse,12A Farnum Ct Unit A,Hudson,NH,03051,304900,2,2.5,Hudson,2059,,2004,10,148,250,Active,,,http://www.redfin.com/NH/Hudson/12-Farnum-Ct-03051/unit-A/home/103042999,MLS PIN,72647760,N,Y,42.7699149,-71.4013909
MLS Listing,,Single Family Residential,5 Erik St,Merrimack,NH,03054,465000,4,2.25,Merrimack,2692,40075,1987,11,173,,Active,,,http://www.redfin.com/NH/Merrimack/5-Erik-St-03054/home/108630469,NEREN,4802424,N,Y,42.8192116,-71.5429298
MLS Listing,,Single Family Residential,173 Mammoth Rd,Manchester,NH,03109,174900,3,1.0,Manchester,1387,6121,1940,11,126,,Active,,,http://www.redfin.com/NH/Manchester/173-Mammoth-Rd-03109/home/88246445,MLS PIN,72647667,N,Y,42.9792745,-71.4308408
MLS Listing,,Single Family Residential,214 Joppa Hill Rd,Bedford,NH,03110,1000000,4,3.0,Bedford,4689,239580,1979,11,213,,Active,,,http://www.redfin.com/NH/Bedford/214-Joppa-Hill-Rd-03110/home/96444572,NEREN,4802410,N,Y,42.9373521,-71.5766068
MLS Listing,,Vacant Land,55 Purgatory Rd,Mont Vernon,NH,03057,159000,,,Mont Vernon,,226512,,11,,,Active,,,http://www.redfin.com/NH/Mont-Vernon/55-W-Purgatory-Rd-03057/home/171417547,NEREN,4802396,N,Y,42.8854891,-71.6895485
MLS Listing,,Condo/Co-op,4 Revolution Way #47,Milford,NH,03055,413400,2,1.75,Milford,1592,7579,,11,260,260,Active,,,http://www.redfin.com/NH/Milford/1-Revolution-Way-03055/unit-47/home/171414852,NEREN,4802351,N,Y,42.8092509,-71.6310275
MLS Listing,,Condo/Co-op,2 Revolution Way #46,Milford,NH,03055,413400,2,1.75,Milford,1592,7100,,11,260,260,Active,,,http://www.redfin.com/NH/Milford/1-Revolution-Way-03055/unit-46/home/171414730,NEREN,4802347,N,Y,42.8092509,-71.6310275
MLS Listing,,Single Family Residential,36 Thornton Ferry 1 Rd,Amherst,NH,03031,649900,4,3.5,Amherst,5488,97138,2003,11,118,,Active,,,http://www.redfin.com/NH/Amherst/36-Thornton-Ferry-Rd-I-03031/home/96648468,NEREN,4802328,N,Y,42.858354,-71.6084448
MLS Listing,,Single Family Residential,22 Moose Hollow Rd,Litchfield,NH,03052,579900,4,3.5,Litchfield,4438,43560,2004,12,131,,Active,,,http://www.redfin.com/NH/Litchfield/22-Moose-Hollow-Rd-03052/home/88227089,NEREN,4802262,N,Y,42.8486577,-71.4421116
MLS Listing,,Single Family Residential,17 Carriage Cir,Mont Vernon,NH,03057-1427,439900,4,2.25,Mont Vernon,2272,59241,2005,12,194,,Active,,,http://www.redfin.com/NH/Mont-Vernon/17-Carriage-Cir-03057/home/88109031,NEREN,4802256,N,Y,42.9022545,-71.6723179
MLS Listing,,Single Family Residential,8 Dunloggin Rd,Nashua,NH,03063,384900,4,2.0,Nashua,1927,12196,1962,12,200,,Active,,,http://www.redfin.com/NH/Nashua/8-Dunloggin-Rd-03063/home/88096687,NEREN,4802254,N,Y,42.7734261,-71.5021469
MLS Listing,,Single Family Residential,160 Four Winds Farm Rd,Peterborough,NH,03458,375000,4,1.75,Peterborough,2240,191228,1930,12,167,,Active,,,http://www.redfin.com/NH/Peterborough/160-4-Winds-Farm-Rd-03458/home/143932185,NEREN,4802250,N,Y,42.8697361,-71.9830298
MLS Listing,,Vacant Land,0 Peterborough Rd,Hancock,NH,03449,52000,,,Hancock,,252648,,12,,,Active,,,http://www.redfin.com/NH/HANCOCK/PETERBOROUGH-RD-03449/home/88325679,NEREN,4802235,N,Y,42.970327164903026,-71.97746799468995
MLS Listing,,Single Family Residential,393 Chestnut Hill Rd,New Boston,NH,03070,460000,3,2.5,New Boston,2934,435600,1986,12,157,,Active,,,http://www.redfin.com/NH/New-Boston/393-Chestnut-Hill-Rd-03070/home/88294611,NEREN,4802229,N,Y,42.954293,-71.6217949
MLS Listing,,Single Family Residential,815 Goffstown Rd,Manchester,NH,03102,430000,4,3.5,Manchester,4145,20473,1972,12,104,,Active,,,http://www.redfin.com/NH/Manchester/815-Goffstown-Rd-03102/home/108655422,NEREN,4802188,N,Y,43.0085226,-71.4913186
MLS Listing,,Vacant Land,Baldwin Ln Lot Baldwin,Hollis,NH,03049,314900,,,Hollis,,141570,,13,,,Active,,,http://www.redfin.com/NH/Hollis/Baldwin-Ln-03049/unit-Baldwin/home/171398238,NEREN,4802122,N,Y,42.714191865564395,-71.59016165618897
MLS Listing,,Single Family Residential,17 Dutton Cir,Mont Vernon,NH,03057,550000,4,2.5,Mont Vernon,2894,111513,2016,13,190,,Active,,,http://www.redfin.com/NH/Mont-Vernon/17-Dutton-Cir-03057/home/63527430,NEREN,4802071,N,Y,42.9153911,-71.6974851
MLS Listing,,Townhouse,1 A Adams Way,Amherst,NH,03031,299900,2,1.5,Amherst,1291,,2020,13,232,165,Active,,,http://www.redfin.com/NH/Amherst/1-A-Adams-WAY-03031/home/171394612,NEREN,4802024,N,Y,42.8121236115789,-71.60162145767212
MLS Listing,,Multi-Family (5+ Unit),731 Summer St,Manchester,NH,03103,429700,6,8.25,Manchester,4293,11325,1920,13,100,,Active,,,http://www.redfin.com/NH/Manchester/731-Summer-St-03103/home/108659255,NEREN,4802017,N,Y,42.9840615,-71.4442915
MLS Listing,,Single Family Residential,2874 Brown Ave,Manchester,NH,03103,369000,4,2.5,Manchester,2049,9583,2020,14,180,,Active,,,http://www.redfin.com/NH/Manchester/2874-Brown-Ave-03103/home/171388629,NEREN,4801998,N,Y,42.9343128,-71.4525881
MLS Listing,,Condo/Co-op,23 Country Club Dr #14,Manchester,NH,03102,159000,2,1.0,Manchester,898,,1980,14,177,351,Active,,,http://www.redfin.com/NH/Manchester/23-Country-Club-Dr-03102/unit-14/home/88246253,NEREN,4801997,N,Y,43.0245529,-71.4834857
MLS Listing,,Single Family Residential,3 Williamsburg Way #8,Milford,NH,03055,374900,2,1.75,Milford,1732,10454,2014,14,216,260,Active,,,http://www.redfin.com/NH/Milford/3-Williamsburg-Way-03055/unit-8/home/60335998,NEREN,4801969,N,Y,42.8108491,-71.635321
MLS Listing,,Single Family Residential,6 Fairview St,Antrim,NH,03440,149900,3,1.0,Antrim,1608,21344,1905,14,93,,Active,,,http://www.redfin.com/NH/Antrim/6-Fairview-St-03440/home/88187789,NEREN,4801954,N,Y,43.0261571,-71.941176
