SALE TYPE,SOLD DATE,PROPERTY TYPE,ADDRESS,CITY,STATE OR PROVINCE,ZIP OR POSTAL CODE,PRICE,BEDS,BATHS,LOCATION,SQUARE FEET,LOT SIZE,YEAR BUILT,DAYS ON MARKET,$/SQUARE FEET,HOA/MONTH,STATUS,NEXT OPEN HOUSE START TIME,NEXT OPEN HOUSE END TIME,URL (SEE http://www.redfin.com/buy-a-home/comparative-market-analysis FOR INFO ON PRICING),SOURCE,MLS#,FAVORITE,INTERESTED,LATITUDE,LONGITUDE
MLS Listing,,Condo/Co-op,433 Bryantville Ct,Warwick,RI,02886,229900,2,2.0,Wethersfield Commons,1093,,1983,1,210,336,Active,,,http://www.redfin.com/RI/Warwick/433-Bryantville-Ct-02886/home/51781876,RIS,1252945,N,Y,41.721165,-71.450916
MLS Listing,,Single Family Residential,112 Maplewood Dr,East Greenwich,RI,02818,399000,3,2.0,Meadowbrook,1980,12295,1962,1,202,,Active,,,http://www.redfin.com/RI/East-Greenwich/112-Maplewood-Dr-02818/home/51734885,RIS,1252166,N,Y,41.6436157,-71.4727102
MLS Listing,,Single Family Residential,123 Read Ave,Coventry,RI,02816,189900,3,1.0,Quidnick,1410,3518,1880,1,135,,Active,,,http://www.redfin.com/RI/Coventry/123-Read-Ave-02816/home/51871799,RIS,1252883,N,Y,41.7031894,-71.5346415
MLS Listing,,Single Family Residential,84 Spofford Ave,Warwick,RI,02888,269900,3,2.0,Warwick,2102,10000,1915,1,128,,Active,,,http://www.redfin.com/RI/Warwick/84-Spofford-Ave-02888/home/51776238,RIS,1252921,N,Y,41.7572777,-71.4119626
MLS Listing,,Condo/Co-op,1740 Nooseneck Hill Rd #22,Coventry,RI,02816,204900,2,2.0,Coventry,1200,,2004,1,171,258,Active,,,http://www.redfin.com/RI/Coventry/1740-Nooseneck-Hill-Rd-02816/unit-22/home/51877241,RIS,1252604,N,Y,41.6733485,-71.5952677
MLS Listing,,Single Family Residential,114 Ticonderoga Dr,Warwick,RI,02889,240000,2,1.0,MEADOWBROOK,1488,12145,1955,1,161,,Active,,,http://www.redfin.com/RI/Warwick/114-Ticonderoga-Dr-02889/home/51769577,RIS,1252878,N,Y,41.7080245,-71.3939729
MLS Listing,,Single Family Residential,30 Torch Ln,Coventry,RI,02816,69500,2,2.0,Westwood Estates,952,,1994,1,73,443,Active,,,http://www.redfin.com/RI/Coventry/30-Torch-Ln-02816/home/51876410,RIS,1252865,N,Y,41.6893344,-71.5800221
MLS Listing,,Single Family Residential,591 Fish Hill Rd,Coventry,RI,02816,380000,3,2.5,Coventry,2808,217800,1989,1,135,,Active,,,http://www.redfin.com/RI/Coventry/591-Fish-Hill-Rd-02816/home/51869596,RIS,1252828,N,Y,41.659721,-71.637611
MLS Listing,,Condo/Co-op,17 Bank St Unit A,West Warwick,RI,02893,230000,2,1.0,Gaspee / Pawtuxet Village,1277,5001,1900,1,180,150,Active,,,http://www.redfin.com/RI/West-Warwick/17-Bank-St-02893/unit-A/home/171533466,RIS,1252869,N,Y,41.7047741,-71.522915
MLS Listing,,Single Family Residential,0 Brayton St,West Warwick,RI,02893,289900,3,2.0,West Warwick,1244,5000,2020,1,233,,Active,,,http://www.redfin.com/RI/West-Warwick/Brayton-St-02893/home/171533442,RIS,1252582,N,Y,41.713486,-71.52269
MLS Listing,,Single Family Residential,190 Kenyon Ave,East Greenwich,RI,02818,325000,3,2.0,HILL & HARBOUR,1183,14636,1978,1,275,,Active,,,http://www.redfin.com/RI/East-Greenwich/190-Kenyon-Ave-02818/home/51736171,RIS,1252867,N,Y,41.659011,-71.460431
MLS Listing,,Condo/Co-op,23 Benefit St #23,Warwick,RI,02886,150000,2,1.5,Warwick,926,,1987,1,162,275,Active,,,http://www.redfin.com/RI/Warwick/23-Benefit-St-02886/unit-23/home/52243987,RIS,1251559,N,Y,41.6968236,-71.4650968
MLS Listing,,Single Family Residential,105 River St,Warwick,RI,02888,234900,3,1.0,Pawtuxet/Lakewood,1000,12875,1940,2,235,,Active,,,http://www.redfin.com/RI/Warwick/105-River-St-02888/home/51782958,RIS,1252844,N,Y,41.7633282,-71.4031958
MLS Listing,,Single Family Residential,81 Harrop Ave,Warwick,RI,02886,235000,2,1.5,Arnold's Neck,1584,15000,1915,2,148,,Active,,,http://www.redfin.com/RI/Warwick/81-Harrop-Ave-02886/home/51773119,RIS,1252841,N,Y,41.6941075,-71.4550517
MLS Listing,,Single Family Residential,190 Sand Pond Rd,Warwick,RI,02888,279000,3,1.5,Warwick,1939,15282,1915,2,144,,Active,,,http://www.redfin.com/RI/Warwick/190-Sand-Pond-Rd-02888/home/51760960,RIS,1252832,N,Y,41.7421762,-71.4219701
MLS Listing,,Single Family Residential,295 Kent Dr,East Greenwich,RI,02818,559900,4,2.5,CindyAnn Farms,2915,32404,1969,2,192,,Active,,,http://www.redfin.com/RI/East-Greenwich/295-Kent-Dr-02818/home/51736985,RIS,1252789,N,Y,41.653666,-71.483959
MLS Listing,,Single Family Residential,4 Arrow Ct,West Warwick,RI,02893,259900,3,2.0,"Nottingham Estates,Greenbush",1464,10097,1991,2,178,,Active,,,http://www.redfin.com/RI/West-Warwick/4-Arrow-Ct-02893/home/51802353,RIS,1252824,N,Y,41.6632656,-71.5319868
MLS Listing,,Multi-Family (2-4 Unit),203 Atlantic Ave,Warwick,RI,02888,307000,4,2.0,Lakewood,2436,10000,1915,3,126,,Active,,,http://www.redfin.com/RI/Warwick/203-Atlantic-Ave-02888/home/51776820,RIS,1252791,N,Y,41.7582764,-71.4006375
MLS Listing,,Single Family Residential,30 Mckinley St,Warwick,RI,02886,230000,4,1.0,Buttonwoods,1525,5000,1950,3,151,,Active,,,http://www.redfin.com/RI/Warwick/30-McKinley-St-02886/home/51756293,RIS,1252758,N,Y,41.7039675,-71.4304698
MLS Listing,,Single Family Residential,20 Saint Claire Ave,Warwick,RI,02889,319900,3,2.5,Conimicut,1800,5000,2019,3,178,,Active,,,http://www.redfin.com/RI/Warwick/20-Saint-Claire-Ave-02889/home/169430835,RIS,1252781,N,Y,41.7161094,-71.368436
MLS Listing,,Single Family Residential,86 Pepin St,West Warwick,RI,02893,245000,3,1.0,West Warwick,1000,10890,1964,3,245,,Active,,,http://www.redfin.com/RI/West-Warwick/86-Pepin-St-02893/home/51804051,RIS,1252780,N,Y,41.6884343,-71.5053973
MLS Listing,,Single Family Residential,35 Watch Hl,East Greenwich,RI,02818,835000,4,4.0,Signal Ridge,4854,44431,1984,4,172,,Active,,,http://www.redfin.com/RI/East-Greenwich/35-Watch-Hill-Dr-02818/home/51735178,RIS,1252764,N,Y,41.6589803,-71.5143344
MLS Listing,,Single Family Residential,19 Kelly Ln,Coventry,RI,02816,139900,3,2.0,Westwood Estates,1296,,2000,4,108,473,Active,,,http://www.redfin.com/RI/Coventry/19-Kelly-Ln-02816/home/51876225,RIS,1252767,N,Y,41.68715,-71.581352
MLS Listing,,Single Family Residential,63 Chelmsford Ave,Warwick,RI,02889,319000,3,2.0,Oakland Heights,1918,7200,1979,4,166,,Active,,,http://www.redfin.com/RI/Warwick/63-Chelmsford-Ave-02889/home/51765464,RIS,1252636,N,Y,41.697812,-71.3974438
MLS Listing,,Single Family Residential,57 Old Forge Rd,Warwick,RI,02818,1650000,6,4.0,Warwick,5095,554083,1723,4,324,,Active,,,http://www.redfin.com/RI/East-Greenwich/57-Old-Forge-Rd-02818/home/169091233,RIS,1252739,N,Y,41.64275,-71.444993
MLS Listing,,Condo/Co-op,28 Middleberry Ln,East Greenwich,RI,02818,587000,2,2.5,The Residences at Middleberry,2100,440827,2019,4,280,450,Active,,,http://www.redfin.com/RI/East-Greenwich/28-Middleberry-LN-02818/unit-5/home/170058721,RIS,1252687,N,Y,41.662409,-71.449799
MLS Listing,,Single Family Residential,18 Jade Rd,Coventry,RI,02816,254900,3,1.0,Coventry,1388,11761,1968,4,184,,Active,,,http://www.redfin.com/RI/Coventry/18-Jade-Rd-02816/home/51871570,RIS,1252755,N,Y,41.669285,-71.5551243
MLS Listing,,Single Family Residential,32 Andrews Ave,West Warwick,RI,02893,220000,3,1.5,West Warwick,1331,7315,1900,4,165,,Active,,,http://www.redfin.com/RI/West-Warwick/32-Andrews-Ave-02893/home/51796387,RIS,1252752,N,Y,41.698349,-71.5324042
MLS Listing,,Single Family Residential,70 Cardinal Ln,East Greenwich,RI,02818,489900,3,2.5,East Greenwich,3188,48020,1987,4,154,,Active,,,http://www.redfin.com/RI/East-Greenwich/70-Cardinal-Ln-02818/home/51732756,RIS,1252750,N,Y,41.626056,-71.520835
MLS Listing,,Single Family Residential,35 Romano Ct,East Greenwich,RI,02818,1385000,5,5.5,The Woods,7405,43865,2003,4,187,33,Active,,,http://www.redfin.com/RI/East-Greenwich/35-Romano-Ct-02818/home/51735473,RIS,1252438,N,Y,41.63827,-71.537381
MLS Listing,,Condo/Co-op,34 Middleberry Ln,East Greenwich,RI,02818,639900,2,2.5,East Greenwich,2100,440827,2020,4,305,450,Active,,,http://www.redfin.com/RI/East-Greenwich/34-Middleberry-LN-02818/unit-8/home/169400016,RIS,1252705,N,Y,41.644452,-71.492028
MLS Listing,,Single Family Residential,2 Shirley St,Warwick,RI,02888,249000,2,2.0,Lakewood,1404,9147,1900,4,177,,Active,,,http://www.redfin.com/RI/Warwick/2-Shirley-St-02888/home/51772943,RIS,1252733,N,Y,41.7557983,-71.409712
MLS Listing,,Single Family Residential,10 Sweet Briar Ln,West Warwick,RI,02893,199900,4,1.5,West Warwick,1766,16113,1972,4,113,,Active,,,http://www.redfin.com/RI/West-Warwick/10-Sweet-Briar-Ln-02893/home/51799497,MLS PIN,72650123,N,Y,41.730391,-71.516119
MLS Listing,,Single Family Residential,25 Glendale Dr,West Warwick,RI,02893,289900,3,2.0,Brookfield Hills,1827,9757,1950,4,159,,Active,,,http://www.redfin.com/RI/West-Warwick/25-Glendale-Dr-02893/home/51799020,RIS,1252683,N,Y,41.7269505,-71.4934619
MLS Listing,,Single Family Residential,37 Beach Ave,Warwick,RI,02889,229900,2,2.0,Conimicut,1097,4510,1925,4,210,,Active,,,http://www.redfin.com/RI/Warwick/37-Beach-Ave-02889/home/51778919,RIS,1252600,N,Y,41.7240309,-71.3808369
MLS Listing,,Multi-Family (2-4 Unit),39 Eton Ave,Warwick,RI,02889,270000,4,2.0,Conimicut,2396,4800,1905,4,113,,Active,,,http://www.redfin.com/RI/Warwick/39-Eton-Ave-02889/home/51774666,RIS,1252363,N,Y,41.7282053,-71.3853367
MLS Listing,,Single Family Residential,100 Uncas St,Warwick,RI,02889,195000,3,1.5,Oakland Beach,1023,3049,1930,4,191,,Active,,,http://www.redfin.com/RI/Warwick/100-Uncas-St-02889/home/51755877,RIS,1252393,N,Y,41.6882473,-71.3972235
MLS Listing,,Single Family Residential,158 Jefferson St,Warwick,RI,02888,237500,3,1.5,Warwick,1157,5000,1895,4,205,,Active,,,http://www.redfin.com/RI/Warwick/158-Jefferson-St-02888/home/51785661,RIS,1252671,N,Y,41.7576606,-71.4022796
MLS Listing,,Single Family Residential,91 Green Bush Rd,Warwick,RI,02818,489900,3,2.5,cowesett,3272,41818,1987,5,150,,Active,,,http://www.redfin.com/RI/East-Greenwich/91-Green-Bush-Rd-02818/home/171479108,RIS,1252457,N,Y,41.6757356,-71.4813333
MLS Listing,,Condo/Co-op,47 King St #3,East Greenwich,RI,02818,299900,1,2.0,Hill & Harbor,1170,,1989,5,256,150,Active,,,http://www.redfin.com/RI/East-Greenwich/47-King-St-02818/unit-3/home/52247987,RIS,1252640,N,Y,41.662184,-71.447947
MLS Listing,,Single Family Residential,635 Division St,Warwick,RI,02866,429900,3,2.5,Warwick,1870,608969,1960,5,230,,Active,,,http://www.redfin.com/RI/Warwick/635-Division-St-02886/home/143015164,RIS,1252615,N,Y,41.6638899,-71.469955
MLS Listing,,Condo/Co-op,9 Eagle Run,Warwick,RI,02818,249500,2,2.0,Eagle Run,1638,,1983,5,152,360,Active,,,http://www.redfin.com/RI/East-Greenwich/9-Eagle-Run-02818/home/51760494,RIS,1252603,N,Y,41.676531,-71.492151
MLS Listing,,Single Family Residential,9 Sugar Maple Dr,Coventry,RI,02816,629900,4,3.5,Wood Estates,4489,20038,1988,5,140,4,Active,,,http://www.redfin.com/RI/Coventry/9-Sugar-Maple-Dr-02816/home/51868939,RIS,1252426,N,Y,41.6817171,-71.5943015
MLS Listing,,Condo/Co-op,4430 Post Rd Unit B-21,Warwick,RI,02818,149900,2,1.0,Warwick,900,,1970,5,167,300,Active,,,http://www.redfin.com/RI/East-Greenwich/4430-Post-Rd-02818/unit-B-21/home/52251717,RIS,1252588,N,Y,41.6706921,-71.4480569
MLS Listing,,Single Family Residential,44 Goodwin St,Warwick,RI,02818,364900,3,1.5,Cowesett,1510,18295,1915,6,242,,Active,,,http://www.redfin.com/RI/East-Greenwich/44-Goodwin-St-02818/home/51782827,RIS,1252477,N,Y,41.6748234,-71.450016
MLS Listing,,Vacant Land,0 Kilvert St,Warwick,RI,02886,1500000,,,Warwick,,300000,,6,,,Active,,,http://www.redfin.com/RI/WARWICK/KILVERT-ST-02886/home/166985954,RIS,1252565,N,Y,41.731541,-71.450217
MLS Listing,,Condo/Co-op,425 Main St #5,East Greenwich,RI,02818,249900,2,1.0,Hill & Harbor,1027,,1910,6,243,315,Active,,,http://www.redfin.com/RI/East-Greenwich/425-Main-St-02818/unit-5/home/51737239,RIS,1252556,N,Y,41.6581424,-71.451193
MLS Listing,,Single Family Residential,11 Lane B,Coventry,RI,02816,75000,2,1.0,Ramblewood Estates,1084,,1976,6,69,409,Active,,,http://www.redfin.com/RI/Coventry/11-Lane-B-02816/home/51876137,RIS,1251977,N,Y,41.676036,-71.57701
MLS Listing,,Single Family Residential,73 Posnegansett Ave,Warwick,RI,02888,324900,3,2.0,Warwick,1386,11000,1950,6,234,,Active,,,http://www.redfin.com/RI/Warwick/73-Posnegansett-Ave-02888/home/51777923,RIS,1252049,N,Y,41.7519299,-71.4067791
MLS Listing,,Condo/Co-op,3524 West Shore Rd #510,Warwick,RI,02886,142500,2,1.5,Lockwood,1100,,1987,6,130,260,Active,,,http://www.redfin.com/RI/Warwick/3524-W-Shore-Rd-02886/unit-510/home/51760607,RIS,1250826,N,Y,41.6992643,-71.4487334
MLS Listing,,Single Family Residential,91 Ticonderoga Dr,Warwick,RI,02889,282900,3,2.0,Meadow Brook,2080,8712,1953,6,136,,Active,,,http://www.redfin.com/RI/Warwick/91-Ticonderoga-Dr-02889/home/51779742,RIS,1252533,N,Y,41.7086354,-71.3942505
MLS Listing,,Condo/Co-op,650 East Greenwich Ave Unit 6/105,West Warwick,RI,02893,194900,2,2.0,West Warwick,1176,,1986,7,166,250,Active,,,http://www.redfin.com/RI/West-Warwick/650-E-Greenwich-Ave-02893/unit-6/home/52254908,RIS,1252492,N,Y,41.676842,-71.5023558
MLS Listing,,Single Family Residential,229 Reynolds Ave,Warwick,RI,02889,499000,3,2.0,Brush Neck Cove,1868,8276,1967,7,267,,Active,,,http://www.redfin.com/RI/Warwick/229-Reynolds-Ave-02889/home/51784845,MLS PIN,72648649,N,Y,41.6976413,-71.4117307
MLS Listing,,Single Family Residential,90 Waverly St,Warwick,RI,02889,205000,3,1.5,Conimicut,1095,4050,2008,7,187,,Active,,,http://www.redfin.com/RI/Warwick/90-Waverly-St-02889/home/51778795,RIS,1252466,N,Y,41.7179729,-71.3750267
MLS Listing,,Single Family Residential,57 Longfellow Dr,Warwick,RI,02818,335000,3,1.0,Potowomut,1760,8710,1960,7,190,,Active,,,http://www.redfin.com/RI/East-Greenwich/57-Longfellow-Dr-02818/home/51769573,RIS,1252338,N,Y,41.6384644,-71.4570481
MLS Listing,,Single Family Residential,17 Revere Ave,West Warwick,RI,02893,249900,3,2.0,West Warwick,1007,5998,1915,8,248,,Active,,,http://www.redfin.com/RI/West-Warwick/17-Revere-Ave-02893/home/51800078,RIS,1252358,N,Y,41.6952412,-71.5156605
MLS Listing,,Single Family Residential,6 Evergreen Ct,Coventry,RI,02816,410000,3,2.5,Summerfield,2838,39640,2000,8,144,,Active,,,http://www.redfin.com/RI/Coventry/6-Evergreen-Ct-02816/home/51867558,RIS,1252365,N,Y,41.7179142,-71.5526011
MLS Listing,,Single Family Residential,25 Squirrels Run,West Greenwich,RI,02817,539000,4,3.5,West Greenwich,3331,87556,1997,8,162,,Active,,,http://www.redfin.com/RI/West-Greenwich/25-Squirrels-Run-02817/home/52023900,RIS,1252368,N,Y,41.619091,-71.558993
MLS Listing,,Single Family Residential,499 Diamond Hill Rd,Warwick,RI,02886,307900,3,2.0,Cowesett 4,1386,10500,1964,8,222,,Active,,,http://www.redfin.com/RI/Warwick/499-Diamond-Hill-Rd-02886/home/51765854,RIS,1252382,N,Y,41.6853595,-71.4723508
MLS Listing,,Single Family Residential,130 Tamarack Dr,East Greenwich,RI,02818,549900,4,2.5,Tanglewood,3052,47786,1967,8,180,,Active,,,http://www.redfin.com/RI/East-Greenwich/130-Tamarack-Dr-02818/home/51736041,RIS,1252373,N,Y,41.640081,-71.4849188
MLS Listing,,Single Family Residential,2350 Harkney Hill Rd,Coventry,RI,02816,329900,3,2.0,Western Coventry,2244,409464,1992,8,147,,Active,,,http://www.redfin.com/RI/Coventry/2350-Harkney-Hill-Rd-02816/home/51875416,RIS,1252340,N,Y,41.6860893,-71.6751138
MLS Listing,,Single Family Residential,1980 New London Tpke,Warwick,RI,02816,375000,3,2.5,"Exit 7, Centre of NE , WW Line",1952,36447,2020,8,192,,Active,,,http://www.redfin.com/RI/Coventry/1980-New-London-Tpke-02816/home/51870503,RIS,1252372,N,Y,41.6707571,-71.5333895
MLS Listing,,Single Family Residential,39 Ethel St,West Warwick,RI,02893,235000,2,1.0,West Warwick,929,6164,1950,8,253,,Active,,,http://www.redfin.com/RI/West-Warwick/39-Ethel-Ave-02893/home/51800029,RIS,1252346,N,Y,41.6917113,-71.5141806
MLS Listing,,Condo/Co-op,45 Scenic Dr,West Warwick,RI,02893,184900,2,1.5,New London Turnpike,1214,,1988,8,152,350,Active,,,http://www.redfin.com/RI/West-Warwick/45-Scenic-Dr-02893/home/51799836,RIS,1252360,N,Y,41.672392,-71.528609
MLS Listing,,Condo/Co-op,1404 South County Trl #208,East Greenwich,RI,02818,369900,2,2.0,East Greenwich,1180,,2018,8,313,304,Active,,,http://www.redfin.com/RI/East-Greenwich/1404-S-County-Trl-02818/unit-208/home/145693680,RIS,1252347,N,Y,41.658439,-71.496618
MLS Listing,,Single Family Residential,6 Marshall Ave,Warwick,RI,02886,304000,4,2.0,Buttonwoods,2168,15840,1965,8,140,,Active,,,http://www.redfin.com/RI/Warwick/6-Marshall-Ave-02886/home/51772136,RIS,1252337,N,Y,41.6982099,-71.4264793
MLS Listing,,Single Family Residential,85 Landis Dr,Warwick,RI,02818,269000,2,1.0,Potowomut,888,7840,1955,8,303,,Active,,,http://www.redfin.com/RI/East-Greenwich/85-Landis-Dr-02818/home/51764379,RIS,1252303,N,Y,41.6429028,-71.4535234
MLS Listing,,Vacant Land,0 Samuel Gorton Ave,Warwick,RI,02889,159000,,,Longmeadow,,7511,,9,,,Active,,,http://www.redfin.com/RI/WARWICK/SAMUEL-GORTON-AVE-02889/home/51774966,RIS,1248282,N,Y,41.70381,-71.365856
MLS Listing,,Single Family Residential,43 Samuel Gorton Ave,Warwick,RI,02889,339000,3,2.5,Longmeadow,1322,7405,1925,9,256,,Active,,,http://www.redfin.com/RI/Warwick/43-Samuel-Gorton-Ave-02889/home/51773843,RIS,1248054,N,Y,41.7037286,-71.3660386
MLS Listing,,Single Family Residential,85 Juniper Dr,East Greenwich,RI,02818,835000,4,4.5,Fox Ridge,5718,120661,1995,10,146,,Active,,,http://www.redfin.com/RI/East-Greenwich/85-Juniper-Dr-02818/home/51736314,RIS,1252002,N,Y,41.617503,-71.523721
MLS Listing,,Single Family Residential,55 Twin Lakes Ave,Coventry,RI,02816,265000,4,1.0,Coventry,1440,6543,1958,10,184,,Active,,,http://www.redfin.com/RI/Coventry/55-Twin-Lakes-Ave-02816/home/51869866,RIS,1252285,N,Y,41.6778919,-71.5593436
MLS Listing,,Single Family Residential,2857 West Shore Rd,Warwick,RI,02886,374900,3,2.5,Warwick,1800,7001,2020,10,208,,Active,,,http://www.redfin.com/RI/Warwick/2857-W-Shore-Rd-02886/home/171423016,RIS,1252260,N,Y,41.7033373,-71.4251446
MLS Listing,,Single Family Residential,87 Roosevelt St,Warwick,RI,02888,235000,2,1.0,Pawtuxet/Gaspee,908,6400,1952,10,259,,Active,,,http://www.redfin.com/RI/Warwick/87-Roosevelt-St-02888/home/51772820,RIS,1252283,N,Y,41.7575543,-71.3969644
MLS Listing,,Single Family Residential,47 Bailey St,Warwick,RI,02886,279000,3,1.0,Greenwood/ Greenwood Proper,2182,8276,1949,10,128,,Active,,,http://www.redfin.com/RI/Warwick/47-Bailey-St-02886/home/51756698,RIS,1252279,N,Y,41.7151112,-71.4620717
MLS Listing,,Single Family Residential,16 Somerset St,East Greenwich,RI,02818,725000,4,4.5,On The Hill,2938,5620,1890,10,247,,Active,,,http://www.redfin.com/RI/East-Greenwich/16-Somerset-St-02818/home/51735266,RIS,1252277,N,Y,41.6586946,-71.4528529
MLS Listing,,Single Family Residential,170 Spring St,East Greenwich,RI,02818,965000,4,2.5,On the Hill,2862,29224,1920,11,337,,Active,,,http://www.redfin.com/RI/East-Greenwich/170-Spring-St-02818/home/51733685,RIS,1252213,N,Y,41.6604109,-71.4568141
MLS Listing,,Single Family Residential,35 Sand Pond Rd,Warwick,RI,02888,229900,2,1.0,Norwood,968,8600,1920,11,238,,Active,,,http://www.redfin.com/RI/Warwick/35-Sand-Pond-Rd-02888/home/51778893,RIS,1252261,N,Y,41.7446977,-71.4264345
MLS Listing,,Single Family Residential,36 Meeting St,Coventry,RI,02816,349000,3,2.0,Anthony,2863,47916,1960,11,122,,Active,,,http://www.redfin.com/RI/Coventry/36-Meeting-St-02816/home/51865684,RIS,1252251,N,Y,41.6985848,-71.5506268
MLS Listing,,Single Family Residential,12 Tero Dr,Coventry,RI,02816,295000,4,1.5,Coventry,1963,12632,1976,11,150,,Active,,,http://www.redfin.com/RI/Coventry/12-Tero-Dr-02816/home/51866248,RIS,1252228,N,Y,41.6929964,-71.5614301
MLS Listing,,Single Family Residential,245 Chapmans Ave,Warwick,RI,02886,239999,3,1.0,Greenwood Proper,912,8000,1955,11,263,,Active,,,http://www.redfin.com/RI/Warwick/245-Chapmans-Ave-02886/home/51755805,RIS,1252150,N,Y,41.7139585,-71.4569996
MLS Listing,,Single Family Residential,153 Circle Dr,West Warwick,RI,02893,269900,3,1.0,West Warwick,1240,7052,1962,11,218,,Active,,,http://www.redfin.com/RI/West-Warwick/153-Circle-Dr-02893/home/51798048,RIS,1251775,N,Y,41.7174978,-71.4972545
MLS Listing,,Multi-Family (2-4 Unit),149 Oakside St,Warwick,RI,02889,242000,2,2.0,Warwick,2010,6235,1925,12,120,,Active,,,http://www.redfin.com/RI/Warwick/149-Oakside-St-02889/home/51775918,RIS,1251608,N,Y,41.6975723,-71.3789413
MLS Listing,,Condo/Co-op,46 Kristee Cir #46,West Warwick,RI,02893,189900,2,1.5,West Warwick,960,,1986,12,198,300,Active,,,http://www.redfin.com/RI/West-Warwick/46-Kristee-Cir-02893/unit-46/home/51803284,MLS PIN,72647235,N,Y,41.682059,-71.5051809
MLS Listing,,Single Family Residential,1 Dumont Farm Rd,Coventry,RI,02816,379900,3,2.5,Flat River/ Old Main,2182,20038,2001,12,174,,Active,,,http://www.redfin.com/RI/Coventry/1-Dumont-Farm-Rd-02816/home/51872452,RIS,1252177,N,Y,41.70057,-71.581335
MLS Listing,,Condo/Co-op,80 Spencer Woods Dr,Warwick,RI,02818,309900,2,2.0,Cowesett / East Greenwich line,1529,,1998,12,203,1333,Active,,,http://www.redfin.com/RI/East-Greenwich/80-Spencer-Woods-Dr-02818/home/51783950,RIS,1252165,N,Y,41.675657,-71.49685
MLS Listing,,Single Family Residential,3 Lee St,West Warwick,RI,02893,239900,3,1.0,West Warwick,1248,8490,1954,12,192,,Active,,,http://www.redfin.com/RI/West-Warwick/3-Lee-St-02893/home/51805001,RIS,1252160,N,Y,41.6870728,-71.5161562
MLS Listing,,Single Family Residential,3 Mystic Dr,East Greenwich,RI,02818,549900,3,2.0,Whispering Woods/South Road,1858,52677,2020,12,296,,Active,,,http://www.redfin.com/RI/East-Greenwich/3-Mystic-DR-02818/home/171406756,RIS,1252158,N,Y,41.611814,-71.531578
MLS Listing,,Single Family Residential,11 Anchorage Rd,Warwick,RI,02889,274900,3,1.0,Hoxie,1578,7865,1959,13,174,,Active,,,http://www.redfin.com/RI/Warwick/11-Anchorage-Rd-02889/home/51786393,RIS,1252140,N,Y,41.718991,-71.4071386
MLS Listing,,Single Family Residential,1 Stubble Brook Rd,West Greenwich,RI,02817,599000,4,2.5,West Greenwich,2800,87120,2020,13,214,,Active,,,http://www.redfin.com/RI/West-Greenwich/1-Stubble-Brook-Rd-02817/home/171397708,RIS,1252096,N,Y,41.6406705,-71.7153058
MLS Listing,,Single Family Residential,110 Brentwood Ave,Warwick,RI,02886,349900,3,2.5,Buttonwoods,1600,7000,2020,13,219,,Active,,,http://www.redfin.com/RI/Warwick/110-Brentwood-Ave-02886/home/51765557,RIS,1252062,N,Y,41.7097305,-71.4304582
MLS Listing,,Single Family Residential,100 Brentwood Ave,Warwick,RI,02886,349900,3,2.5,Buttonwoods,1600,12229,2020,13,219,,Active,,,http://www.redfin.com/RI/Warwick/100-Brentwood-Ave-02886/home/171398292,RIS,1252061,N,Y,41.7100013,-71.4302492
MLS Listing,,Single Family Residential,100 Sheffield St,Warwick,RI,02889,599900,3,2.5,Warwick,2150,20100,2019,13,279,,Active,,,http://www.redfin.com/RI/Warwick/100-Sheffield-St-02889/home/170010323,RIS,1252118,N,Y,41.6916201,-71.3938227
MLS Listing,,Single Family Residential,22 Woodbine St,West Warwick,RI,02893,234900,3,1.0,Phenix Avenue/Wakefield,1344,15724,1920,13,175,,Active,,,http://www.redfin.com/RI/West-Warwick/22-Woodbine-St-02893/home/51796978,RIS,1252020,N,Y,41.7261615,-71.5256342
MLS Listing,,Single Family Residential,65 Burr Ave,Warwick,RI,02889,224900,3,2.0,Warwick,1080,5720,1925,13,208,,Active,,,http://www.redfin.com/RI/Warwick/65-Burr-Ave-02889/home/51756675,RIS,1252045,N,Y,41.6859449,-71.3957739
MLS Listing,,Condo/Co-op,1975 West Shore Rd #6,Warwick,RI,02889,249900,2,2.0,Warwick,1434,,2020,13,174,243,Active,,,http://www.redfin.com/RI/Warwick/1975-W-Shore-Rd-02889/unit-6/home/165562580,RIS,1252085,N,Y,41.700703,-71.3951422
MLS Listing,,Single Family Residential,40 Oakbrook Ct,East Greenwich,RI,02818,799000,4,3.5,OAKBROOK ESTATES / OFF SOUTH ROAD,3600,44296,2020,14,222,,Active,,,http://www.redfin.com/RI/East-Greenwich/40-Oakbrook-Ct-02818/home/51737155,RIS,1252033,N,Y,41.605784,-71.514819
MLS Listing,,Single Family Residential,50 Main Ave,Warwick,RI,02886,197500,3,1.0,Warwick,1034,6961,1942,14,191,,Active,,,http://www.redfin.com/RI/Warwick/50-Main-Ave-02886/home/51786891,MLS PIN,72646222,N,Y,41.7038066,-71.4260687
MLS Listing,,Single Family Residential,453 Plain Rd,West Greenwich,RI,02817,449900,3,2.5,West Greenwich,3313,87120,2001,14,136,,Active,,,http://www.redfin.com/RI/West-Greenwich/453-Plain-Rd-02817/home/52024214,RIS,1252012,N,Y,41.6165522,-71.7443167
MLS Listing,,Single Family Residential,264 Spring Valley Dr,East Greenwich,RI,02818,539900,3,2.5,East Greenwich,1772,30043,2019,14,305,,Active,,,http://www.redfin.com/RI/East-Greenwich/264-Spring-Valley-Dr-02818/home/171386120,MLS PIN,72646147,N,Y,41.6515506,-71.4920724
MLS Listing,,Single Family Residential,144 Vernon St,Warwick,RI,02889,299900,3,1.5,Church/Hoxsie,1470,7104,1987,14,204,,Active,,,http://www.redfin.com/RI/Warwick/144-Vernon-St-02889/home/51757911,RIS,1251963,N,Y,41.7217262,-71.4021289
