SALE TYPE,SOLD DATE,PROPERTY TYPE,ADDRESS,CITY,STATE OR PROVINCE,ZIP OR POSTAL CODE,PRICE,BEDS,BATHS,LOCATION,SQUARE FEET,LOT SIZE,YEAR BUILT,DAYS ON MARKET,$/SQUARE FEET,HOA/MONTH,STATUS,NEXT OPEN HOUSE START TIME,NEXT OPEN HOUSE END TIME,URL (SEE http://www.redfin.com/buy-a-home/comparative-market-analysis FOR INFO ON PRICING),SOURCE,MLS#,FAVORITE,INTERESTED,LATITUDE,LONGITUDE
MLS Listing,,Single Family Residential,28 Brick School Rd,Warren,CT,06754,264900,3,2.0,Warren,2282,115434,1981,1,116,,Active,,,http://www.redfin.com/CT/Warren/28-Brick-School-Rd-06754/home/107620807,Smart MLS,170292434,N,Y,41.7452831,-73.3929041
MLS Listing,,Single Family Residential,7 Mountain View Ln,North Canaan,CT,06018,399000,3,2.0,Canaan Village,2735,177289,1995,1,146,,Active,,,http://www.redfin.com/CT/Canaan/7-Mountain-View-Ln-06018/home/107273543,Smart MLS,170292416,N,Y,42.037446,-73.2779501
MLS Listing,,Single Family Residential,153 Carmen Hill Rd,New Milford,CT,06776,305000,3,1.5,Candlewood Lake,1028,17424,1976,1,297,13,Active,,,http://www.redfin.com/CT/New-Milford/153-Carmen-Hill-Rd-06776/home/107726243,Smart MLS,170292254,N,Y,41.5111027,-73.4331171
MLS Listing,,Multi-Family (2-4 Unit),16 Oak St,Plymouth,CT,06786,150000,0,,Terryville,1473,9583,1918,1,102,,Active,,,http://www.redfin.com/CT/Terryville/16-Oak-St-06786/home/107244460,Smart MLS,170292093,N,Y,41.6770241,-73.0190055
MLS Listing,,Single Family Residential,101 N Shore Rd,Litchfield,CT,06750,249900,3,1.0,Bantam,894,6969,1956,1,280,,Active,,,http://www.redfin.com/CT/Bantam/101-N-Shore-Rd-06750/home/109713333,Smart MLS,170292371,N,Y,41.7135996,-73.226329
MLS Listing,,Vacant Land,00 Lime Rock Rd,Salisbury,CT,06068,960000,,,Lime Rock,,4967582,,1,,,Active,,,http://www.redfin.com/CT/Salisbury/00-Lime-Rock-RD-06068/home/171533636,Smart MLS,170292338,N,Y,41.929402,-73.36717
MLS Listing,,Single Family Residential,408 Kent Cornwall Rd,Kent,CT,06757,352000,4,2.5,Kent,2399,196020,1968,1,147,,Active,,,http://www.redfin.com/CT/Kent/408-Kent-Cornwall-Rd-06757/home/107316534,Smart MLS,170292297,N,Y,41.7712815,-73.4197476
MLS Listing,,Single Family Residential,674 Walnut Hill Rd,Thomaston,CT,06787,195000,3,1.5,Thomaston,1644,24393,1965,1,119,,Active,,,http://www.redfin.com/CT/Thomaston/674-Walnut-Hill-Rd-06787/home/107270761,Smart MLS,170292287,N,Y,41.6855567,-73.1007371
MLS Listing,,Single Family Residential,5 Mohawk ACR,New Milford,CT,06776,299000,3,2.0,New Milford,1712,55321,1986,1,175,,Active,,,http://www.redfin.com/CT/New-Milford/5-Mohawk-Acres-06776/home/107728414,Smart MLS,170290445,N,Y,41.6058099,-73.4153724
MLS Listing,,Single Family Residential,55 Hammertown Rd,Salisbury,CT,06068,495000,2,1.5,Taconic,925,200811,1916,1,535,,Active,,,http://www.redfin.com/CT/Salisbury/55-Hammertown-Rd-06068/home/107174555,Smart MLS,170292160,N,Y,42.0429226,-73.4142687
MLS Listing,,Single Family Residential,50 Hammertown Rd,Salisbury,CT,06068,395000,3,1.0,Taconic,1574,109771,1900,1,251,,Active,,,http://www.redfin.com/CT/Salisbury/50-Hammertown-Rd-06068/home/107174574,Smart MLS,170292153,N,Y,42.043538,-73.4153737
MLS Listing,,Vacant Land,000 Taconic Rd,Salisbury,CT,06068,525000,,,Taconic,,308404,,1,,,Active,,,http://www.redfin.com/CT/SALISBURY/TACONIC-RD-06068/home/107173685,Smart MLS,170292147,N,Y,42.036656,-73.408966
MLS Listing,,Single Family Residential,125 Pleasantview St,Watertown,CT,06779,99900,3,1.5,Oakville,1288,11761,1970,1,78,,Active,,,http://www.redfin.com/CT/Watertown/125-Pleasantview-St-06779/home/107308644,Smart MLS,170291984,N,Y,41.5945612,-73.08546
MLS Listing,,Single Family Residential,189 Moore Dr,Torrington,CT,06790,99000,2,1.5,Torrington,1620,12196,1978,1,61,,Active,,,http://www.redfin.com/CT/Torrington/189-Moore-Dr-06790/home/107288970,Smart MLS,170291266,N,Y,41.8093613,-73.088602
MLS Listing,,Single Family Residential,4 Apple Way,Salisbury,CT,06039,349900,3,2.0,Lakeville,1956,33976,1761,1,179,,Active,,,http://www.redfin.com/CT/Lakeville/4-Apple-Way-06039/home/107175127,Smart MLS,170292103,N,Y,41.9576172,-73.4596153
MLS Listing,,Single Family Residential,91 Eno Ave,Torrington,CT,06790,154900,2,1.5,N/A,1508,13939,1940,2,103,,Active,,,http://www.redfin.com/CT/Torrington/91-Eno-Ave-06790/home/107289720,Smart MLS,170292077,N,Y,41.8044289,-73.1079672
MLS Listing,,Single Family Residential,3 Mountain View Dr,New Milford,CT,06776,284900,4,2.5,Mountain View Terrace,2252,31363,1970,2,127,,Active,,,http://www.redfin.com/CT/New-Milford/3-Mountain-View-Dr-06776/home/107704168,Smart MLS,170292066,N,Y,41.61299,-73.4023895
MLS Listing,,Single Family Residential,3 Lamotte Rd,Salisbury,CT,06068,1400000,3,2.5,Lakeville,2229,239580,1985,2,628,,Active,,,http://www.redfin.com/CT/Salisbury/3-La-Motte-Rd-06068/home/107174218,Smart MLS,170291971,N,Y,42.039544,-73.406674
MLS Listing,,Vacant Land,4 Cattle Drive Ct,Chico,CA,,199000,,,Chico,,43560,,2,,,Active,,,http://www.redfin.com/CT/Unknown/Unknown-Unknown/home/171522308,CRMLS,SN20083787,N,Y,41.6032207,-73.087749
MLS Listing,,Single Family Residential,59 Foote Ave,North Canaan,CT,06018,184000,3,2.0,North Canaan,1432,21780,1910,2,128,,Active,,,http://www.redfin.com/CT/Canaan/59-Foote-Ave-06018/home/107273496,Smart MLS,170292060,N,Y,42.0295885,-73.3314894
MLS Listing,,Vacant Land,3 Cattle Drive Ct,Chico,CA,,189000,,,Chico,,43560,,2,,,Active,,,http://www.redfin.com/CT/Unknown/Unknown-Unknown/home/171522234,CRMLS,SN20083782,N,Y,41.6032207,-73.087749
MLS Listing,,Vacant Land,2 Cattle Drive Ct,Chico,CA,,175000,,,Chico,,43560,,2,,,Active,,,http://www.redfin.com/CT/Unknown/Unknown-Unknown/home/171522005,CRMLS,SN20083768,N,Y,41.6032207,-73.087749
MLS Listing,,Single Family Residential,86 Glendale Ave,Winchester,CT,06098,195000,3,2.0,Winsted,1750,35283,1948,2,111,,Active,,,http://www.redfin.com/CT/Winsted/86-Glendale-Ave-06098/home/107324041,Smart MLS,170292046,N,Y,41.9170415,-73.0507755
MLS Listing,,Single Family Residential,222 Town Hill Rd,Plymouth,CT,06786,189900,3,1.5,Terryville,1165,96703,1986,2,163,,Active,,,http://www.redfin.com/CT/Terryville/222-Town-Hill-Rd-06786/home/107246336,Smart MLS,170291947,N,Y,41.6638781,-73.0218603
MLS Listing,,Single Family Residential,144 Curtis Rd,Bridgewater,CT,06752,1895000,5,5.0,Bridgewater,7209,138520,1981,3,263,,Active,,,http://www.redfin.com/CT/Bridgewater/144-Curtis-Rd-06752/home/107272218,Smart MLS,170291767,N,Y,41.5443554,-73.3803579
MLS Listing,,Condo/Co-op,15 Aspetuck Vlg #15,New Milford,CT,06776,89900,1,1.0,Aspetuck District,578,,1982,3,156,176,Active,,,http://www.redfin.com/CT/New-Milford/15-Aspetuck-Vlg-06776/unit-15/home/171497976,Smart MLS,170290595,N,Y,41.5898031,-73.4209005
MLS Listing,,Vacant Land,0 Preston Ln,Salisbury,CT,06068,296000,,,Salisbury,,45302,,3,,,Active,,,http://www.redfin.com/CT/SALISBURY/PRESTON-LN-06068/home/107174177,Smart MLS,170291866,N,Y,42.033866,-73.400608
MLS Listing,,Single Family Residential,17 Lovely St,Plymouth,CT,06786,39900,2,1.0,Terryville,980,,1977,3,41,504,Active,,,http://www.redfin.com/CT/Terryville/17-Lovely-St-06786/home/107244967,Smart MLS,170291367,N,Y,41.6837365,-73.0273443
MLS Listing,,Single Family Residential,55 Hard Hill Rd N,Bethlehem,CT,06751,360000,3,2.5,Bethlehem,2379,131986,1980,3,151,,Active,,,http://www.redfin.com/CT/Bethlehem/55-Hard-Hill-Rd-N-06751/home/107242237,Smart MLS,170291042,N,Y,41.6535973,-73.1788207
MLS Listing,,Single Family Residential,25 Sandstrom Rd,Washington,CT,06777,379000,4,1.5,New Preston,2052,46609,1948,3,185,,Active,,,http://www.redfin.com/CT/New-Preston/25-Sandstrom-Rd-06777/home/107172174,Smart MLS,170291179,N,Y,41.6823182,-73.3499383
MLS Listing,,Single Family Residential,104 Belden St,Canaan,CT,06031,365000,4,3.5,Falls Village,2422,361112,1973,3,151,,Active,,,http://www.redfin.com/CT/Falls-Village/104-Belden-St-06031/home/107076788,Smart MLS,170290591,N,Y,41.9888187,-73.3592155
MLS Listing,,Single Family Residential,30 Laurel Way,Norfolk,CT,06058,1095000,6,3.5,Norfolk,5573,118918,1895,3,196,,Active,,,http://www.redfin.com/CT/Norfolk-Historic-District/30-Laurel-Way-06058/home/107274906,Smart MLS,170280435,N,Y,41.9927733,-73.1914033
MLS Listing,,Multi-Family (2-4 Unit),41 Maple Ave,Norfolk,CT,06058,439000,8,4.0,Norfolk,3634,20908,1900,3,121,,Active,,,http://www.redfin.com/CT/Norfolk-Historic-District/41-Maple-Ave-06058/home/107274916,Smart MLS,170289353,N,Y,41.991923,-73.196352
MLS Listing,,Single Family Residential,22 Bexley Ct,Goshen,CT,06756,475000,4,3.5,Woodridge Lake,2474,36590,2010,3,192,152,Active,,,http://www.redfin.com/CT/Goshen/22-Bexley-Ct-06756/home/107319036,Smart MLS,170280443,N,Y,41.7936863,-73.2521631
MLS Listing,,Vacant Land,0 Allyndale Rd,North Canaan,CT,06018,89000,,,East Canaan,,239580,,3,,,Active,,,http://www.redfin.com/CT/CANAAN/ALLYNDALE-RD-06018/home/107274137,Smart MLS,170291529,N,Y,42.043988,-73.305405
MLS Listing,,Single Family Residential,111 Malletts Ln,New Milford,CT,06776,274999,4,2.0,New Milford,1700,10018,1870,3,162,,Active,,,http://www.redfin.com/CT/New-Milford/111-Malletts-Ln-06776/home/107725706,Smart MLS,170291597,N,Y,41.5794175,-73.4027578
MLS Listing,,Condo/Co-op,87 Canaan Rd Unit 3D,Salisbury,CT,06068,395000,2,2.5,Salisbury,1624,,1984,3,243,900,Active,,,http://www.redfin.com/CT/Salisbury/87-Canaan-Rd-06068/unit-3D/home/107174374,Smart MLS,170291514,N,Y,41.9903196,-73.4164363
MLS Listing,,Single Family Residential,133 Lindberg St,Torrington,CT,06790,59900,4,2.0,Torrington,1188,14374,1980,4,50,,Active,,,http://www.redfin.com/CT/Torrington/133-Lindbergh-St-06790/unit-A/home/107295166,Smart MLS,170291349,N,Y,41.8198653,-73.1000301
MLS Listing,,Single Family Residential,380 Sharon Goshen Tpke,Cornwall,CT,06796,330000,3,1.5,West Cornwall,907,171626,1800,4,364,,Active,,,http://www.redfin.com/CT/West-Cornwall/380-Sharon-Goshen-Tpke-06796/home/107275796,Smart MLS,170291258,N,Y,41.8739942,-73.3566623
MLS Listing,,Single Family Residential,62 Highwood Ave,Watertown,CT,06779,209900,3,2.0,Oakville,1480,6969,1971,4,142,,Active,,,http://www.redfin.com/CT/Oakville/62-Highwood-Ave-06779/home/107311388,Smart MLS,170291556,N,Y,41.5940873,-73.0946521
MLS Listing,,Multi-Family (2-4 Unit),80-82 Cherry St,Torrington,CT,06790,127000,4,2.0,Torrington,2708,5662,1900,4,47,,Active,,,http://www.redfin.com/CT/Torrington/80-Cherry-St-06790/home/107289405,Smart MLS,170291557,N,Y,41.8081539,-73.1321714
MLS Listing,,Condo/Co-op,7 Upper Cmns #7,Woodbury,CT,06798,155000,3,2.5,Woodlake,1640,,1980,4,95,330,Active,,,http://www.redfin.com/CT/Woodbury/7-Upper-Cmns-06798/unit-7/home/171477176,Smart MLS,170291461,N,Y,41.5126028,-73.2294573
MLS Listing,,Single Family Residential,80 Hickory Hill Rd,Morris,CT,06763,269900,4,3.0,Lakeside,1591,81457,1948,4,170,,Active,,,http://www.redfin.com/CT/Morris/80-Hickory-Hill-Rd-06763/home/107306521,Smart MLS,170290903,N,Y,41.6739936,-73.2426876
MLS Listing,,Single Family Residential,73 East St,Sharon,CT,06069,335000,2,1.0,Sharon,950,398574,1935,4,353,,Active,,,http://www.redfin.com/CT/Sharon/73-East-St-06069/home/107175839,Smart MLS,170291499,N,Y,41.805238,-73.4796269
MLS Listing,,Single Family Residential,259 Nova Scotia Hill Rd,Watertown,CT,06795,489500,3,4.0,Taft School,3832,44431,1990,4,128,,Active,,,http://www.redfin.com/CT/Watertown/259-Nova-Scotia-Hill-Rd-06795/home/107309092,Smart MLS,170263237,N,Y,41.6170438,-73.1071373
MLS Listing,,Single Family Residential,103 Squash Hollow Rd,New Milford,CT,06776,239000,2,1.0,Gaylordsville,1000,20908,1950,4,239,,Active,,,http://www.redfin.com/CT/New-Milford/103-Squash-Hollow-Rd-06776/home/107720345,Smart MLS,170291486,N,Y,41.6171838,-73.4729988
MLS Listing,,Vacant Land,16-18 Vanishing Brook Ln,Sharon,CT,06069,249000,,,Sharon,,435600,,4,,42,Active,,,http://www.redfin.com/CT/Sharon/16-Vanishing-Brook-Ln-06069/home/107176412,Smart MLS,170291120,N,Y,41.828216,-73.396447
MLS Listing,,Single Family Residential,44 Deerfield Rd,Norfolk,CT,06058,1195000,3,3.5,North Norfolk,2850,104979,1926,4,419,400,Active,,,http://www.redfin.com/CT/Norfolk-Historic-District/44-Deerfield-Rd-06058/home/107274966,Smart MLS,170286452,N,Y,42.0114856,-73.1557508
MLS Listing,,Single Family Residential,82 Bear Run,Woodbury,CT,06798,474000,4,2.5,Transylvania,3158,60112,1998,4,150,,Active,,,http://www.redfin.com/CT/Woodbury/82-Bear-Run-06798/home/107119912,Smart MLS,170291095,N,Y,41.5315678,-73.2195157
MLS Listing,,Single Family Residential,2 Mountain Laurel Rd,New Milford,CT,06776,240000,3,1.0,Mountain View Terrace,1118,30927,1957,4,215,,Active,,,http://www.redfin.com/CT/New-Milford/2-Mountain-Laurel-Rd-06776/home/107707524,Smart MLS,170290766,N,Y,41.6151889,-73.4051982
MLS Listing,,Single Family Residential,441 Stub Hollow Rd,New Hartford,CT,06057,265000,3,2.0,Bakersville,1646,80150,1984,5,161,,Active,,,http://www.redfin.com/CT/New-Hartford/441-Stub-Hollow-Rd-06057/home/107321507,Smart MLS,170290793,N,Y,41.8503562,-73.0126137
MLS Listing,,Single Family Residential,12 Silver Hill Rd,Sharon,CT,06069,399900,3,2.5,Sharon,2655,130680,1988,5,151,,Active,,,http://www.redfin.com/CT/Sharon/12-Silver-Hill-Rd-06069/home/107177438,Smart MLS,170291298,N,Y,41.8198239,-73.402737
MLS Listing,,Single Family Residential,120 South Rd,New Hartford,CT,06057,319000,3,2.5,New Hartford,2040,100187,1987,5,156,,Active,,,http://www.redfin.com/CT/New-Hartford/120-S-Rd-06057/home/107322213,Smart MLS,170291044,N,Y,41.8218747,-73.0042061
MLS Listing,,Single Family Residential,2 Broadview Ln,New Milford,CT,06776,389000,4,2.5,New Milford,2596,60112,1997,5,150,,Active,,,http://www.redfin.com/CT/New-Milford/2-Broadview-Ln-06776/home/107729097,Smart MLS,170289481,N,Y,41.5983121,-73.3840514
MLS Listing,,Single Family Residential,6 Kearney St,Plymouth,CT,06786,154900,2,1.0,Plymouth,1134,6534,1926,5,137,,Active,,,http://www.redfin.com/CT/Terryville/6-Kearney-St-06786/home/107244940,Smart MLS,170290621,N,Y,41.6788674,-72.9978341
MLS Listing,,Single Family Residential,132 Stone Pit Rd,Woodbury,CT,06798,599900,4,3.5,Woodbury,5148,217800,2006,5,117,,Active,,,http://www.redfin.com/CT/Woodbury/132-Stone-Pit-Rd-06798/home/107119859,Smart MLS,170290247,N,Y,41.5580763,-73.2229949
MLS Listing,,Single Family Residential,5 B Chase Hill Rd,Kent,CT,06757,269000,3,2.0,Kent,1230,29620,1930,5,219,,Active,,,http://www.redfin.com/CT/Kent/5B-Chase-Hill-Rd-06757/home/145234256,Smart MLS,170291079,N,Y,41.7412884,-73.4642185
MLS Listing,,Single Family Residential,18 Oak St,Plymouth,CT,06786,165000,3,2.0,Plymouth,1416,9583,1918,6,117,,Active,,,http://www.redfin.com/CT/Terryville/18-Oak-St-06786/home/107249170,Smart MLS,170288814,N,Y,41.6762576,-73.0187783
MLS Listing,,Single Family Residential,19 Blue Bonnet Knls,New Milford,CT,06776,189900,3,2.5,New Milford,1531,22651,1950,6,124,,Active,,,http://www.redfin.com/CT/New-Milford/19-Blue-Bonnet-Knls-06776/home/107711370,Smart MLS,170267073,N,Y,41.549439,-73.4214051
MLS Listing,,Single Family Residential,188 Christian St,Bridgewater,CT,06752,694900,4,2.5,Bridgewater,2650,134600,2008,6,262,,Active,,,http://www.redfin.com/CT/Bridgewater/188-Christian-St-06752/home/107272285,Smart MLS,170291025,N,Y,41.5216522,-73.368727
MLS Listing,,Vacant Land,2 Candlewood Shr,New Milford,CT,06776,275000,,,Candlewood Lake,,13068,,6,,6,Active,,,http://www.redfin.com/CT/New-Milford/2-Candlewood-Shr-06776/home/107701441,Smart MLS,170290978,N,Y,41.5559031,-73.4451146
MLS Listing,,Single Family Residential,43 Town Line Hwy N,Bethlehem,CT,06751,324900,3,2.0,Bethlehem,1673,176853,1999,6,194,,Active,,,http://www.redfin.com/CT/Bethlehem/43-Town-Line-Hwy-N-06751/home/107243711,Smart MLS,170280167,N,Y,41.6510435,-73.1674038
MLS Listing,,Single Family Residential,10 Hazel Plain Rd,Woodbury,CT,06798,209900,3,2.0,Hazel Plain,739,14374,1960,6,284,,Active,,,http://www.redfin.com/CT/Woodbury/10-Hazel-Plain-Rd-06798/home/107121959,Smart MLS,170290970,N,Y,41.5772235,-73.2407589
MLS Listing,,Vacant Land,0-0-1150 Bassett Rd,Watertown,CT,06795,309900,,,Watertown,,1924480,,6,,,Active,,,http://www.redfin.com/CT/Watertown/1150-Bassett-Rd-06795/home/169625268,Smart MLS,170290920,N,Y,41.656266,-73.143197
MLS Listing,,Single Family Residential,36 Doman Dr,Torrington,CT,06790,95000,2,1.5,N/A,1100,3920,1988,6,86,,Active,,,http://www.redfin.com/CT/Torrington/36-Doman-Dr-06790/home/107290469,Smart MLS,170290900,N,Y,41.8218269,-73.1092899
MLS Listing,,Single Family Residential,8 Garrett Ridge Ct,New Hartford,CT,06057,499900,3,2.0,Nepaug,1850,90169,2020,6,270,,Active,,,http://www.redfin.com/CT/New-Hartford/8-Garrett-Ridge-Ct-06057/home/144527884,Smart MLS,170290738,N,Y,41.8171795,-72.9794846
MLS Listing,,Single Family Residential,366 Greenwoods Rd W,Norfolk,CT,06058,69900,3,1.5,Norfolk,1570,7405,1820,7,45,,Active,,,http://www.redfin.com/CT/Norfolk-Historic-District/366-Greenwoods-Rd-W-06058/home/107275023,Smart MLS,170290313,N,Y,42.0042173,-73.2250248
MLS Listing,,Condo/Co-op,349 Ledge Dr #349,Torrington,CT,06790,109000,2,2.0,Burrville,1612,,1977,7,68,255,Active,,,http://www.redfin.com/CT/Torrington/349-Ledge-Dr-06790/unit-349/home/171432763,Smart MLS,170290733,N,Y,41.8767128,-73.1091234
MLS Listing,,Single Family Residential,91 Browns Forge Rd,New Milford,CT,06755,395000,3,2.5,Merwinsville,1635,40075,1740,7,242,,Active,,,http://www.redfin.com/CT/Gaylordsville/91-Browns-Forge-Rd-06755/home/107714865,Smart MLS,170289432,N,Y,41.6579252,-73.4719056
MLS Listing,,Single Family Residential,267 Main St S,Bridgewater,CT,06752,1600000,4,5.0,Bridgewater Center,5007,309276,1958,7,320,,Active,,,http://www.redfin.com/CT/Bridgewater/267-Main-St-S-06752/home/107272525,Smart MLS,170290387,N,Y,41.5216975,-73.3637753
MLS Listing,,Single Family Residential,17 Williams Rd,Sharon,CT,06069,525000,4,3.0,Sharon,2184,192099,2007,7,240,,Active,,,http://www.redfin.com/CT/Sharon/17-Williams-Rd-06069/home/107175812,Smart MLS,170290683,N,Y,41.8901045,-73.4539533
MLS Listing,,Single Family Residential,111 Brynmoor Ct,Goshen,CT,06756,369900,3,2.5,Woodridge Lake,2718,36154,1983,7,136,152,Active,,,http://www.redfin.com/CT/Goshen/111-Brynmoor-Ct-06756/home/107318687,Smart MLS,170290627,N,Y,41.7892447,-73.2362432
MLS Listing,,Vacant Land,20 Mike Rd,Litchfield,CT,06759,169000,,,Litchfield,,88426,,7,,,Active,,,http://www.redfin.com/CT/Litchfield/20-Mike-Rd-06759/home/107164320,Smart MLS,170289456,N,Y,41.7704151,-73.2358187
MLS Listing,,Single Family Residential,142 Lexington Dr,Watertown,CT,06795,294900,2,1.5,Watertown,1941,23958,1965,7,152,,Active,,,http://www.redfin.com/CT/Watertown/142-Lexington-Dr-06795/home/107309394,Smart MLS,170290073,N,Y,41.5724267,-73.1210609
MLS Listing,,Single Family Residential,33 Turner Ave,Watertown,CT,06779,157000,4,1.0,Oakville,980,4791,1949,7,160,,Active,,,http://www.redfin.com/CT/Oakville/33-Turnor-Ave-06779/home/107312094,Smart MLS,170289927,N,Y,41.593238,-73.0759341
MLS Listing,,Single Family Residential,81 Ives Rd,Goshen,CT,06756,349900,3,2.5,Woodridge Lake,2030,43560,1986,7,172,152,Active,,,http://www.redfin.com/CT/Goshen/81-Ives-Rd-06756/home/107317998,Smart MLS,170277407,N,Y,41.7951882,-73.2408511
MLS Listing,,Single Family Residential,37/50 Dilliston/Aquatic Rd,New Hartford,CT,06057,279900,3,2.5,West Hill,1224,3484,2004,7,229,,Active,,,http://www.redfin.com/CT/New-Hartford/50-Dilliston-Rd-06057/home/171427669,Smart MLS,170290559,N,Y,41.8879626,-73.0344491
MLS Listing,,Single Family Residential,37 Dilliston Rd,New Hartford,CT,06057,234900,3,2.5,West Hill,1224,3484,2004,7,192,,Active,,,http://www.redfin.com/CT/New-Hartford/37-Dilliston-Rd-06057/home/107321506,Smart MLS,170290533,N,Y,41.8878691,-73.034852
MLS Listing,,Single Family Residential,680 Main St,Watertown,CT,06779,140000,4,1.0,Oakville,1160,5662,1910,7,121,,Active,,,http://www.redfin.com/CT/WATERTOWN/680-MAIN-ST-06779/home/107307891,Smart MLS,170288931,N,Y,41.590013,-73.093304
MLS Listing,,Single Family Residential,20 Upper Main St,Sharon,CT,06069,365000,5,3.0,Sharon,1620,39639,1900,9,225,,Active,,,http://www.redfin.com/CT/Sharon/20-Upper-Main-St-06069/home/107175811,Smart MLS,170290003,N,Y,41.8782082,-73.4749985
MLS Listing,,Single Family Residential,71 Schroback Rd,Plymouth,CT,06782,230000,3,2.0,Terryville,1642,168577,2001,9,140,,Active,,,http://www.redfin.com/CT/Plymouth/71-Schroback-Rd-06782/home/107246777,Smart MLS,170290338,N,Y,41.6896372,-73.0418502
MLS Listing,,Multi-Family (2-4 Unit),160 E Main St,Torrington,CT,06790,134900,3,3.5,Torrington,2112,3920,1900,9,64,,Active,,,http://www.redfin.com/CT/Torrington/160-E-Main-St-06790/home/171422452,Smart MLS,170289061,N,Y,41.802586,-73.1177875
MLS Listing,,Single Family Residential,4 Grandview Ln,New Milford,CT,06776,439900,4,2.5,New Milford,2733,105850,2001,9,161,,Active,,,http://www.redfin.com/CT/New-Milford/4-Grandview-Ln-06776/home/107720404,Smart MLS,170290300,N,Y,41.6114312,-73.4325236
MLS Listing,,Single Family Residential,498 Sylvan Lake Rd,Watertown,CT,06779,349000,4,3.0,Oakville,2300,15245,1950,10,152,,Active,,,http://www.redfin.com/CT/Watertown/498-Sylvan-Lake-Rd-06779/home/107308309,Smart MLS,170290068,N,Y,41.5974531,-73.0700191
MLS Listing,,Single Family Residential,72 Fall Mountain Lake Rd,Plymouth,CT,06786,109900,3,2.0,Terryville,1520,7840,1985,10,72,13,Active,,,http://www.redfin.com/CT/Terryville/72-Fall-Mountain-Lake-Rd-06786/home/107244772,Smart MLS,170290200,N,Y,41.6487176,-72.9910452
MLS Listing,,Single Family Residential,117 Minortown Rd,Woodbury,CT,06798,569000,4,4.5,Minortown,4286,253954,1997,10,133,,Active,,,http://www.redfin.com/CT/Woodbury/117-Minortown-Rd-06798/home/107120537,Smart MLS,170289753,N,Y,41.564822,-73.188794
MLS Listing,,Single Family Residential,556 Flanders Rd,Woodbury,CT,06798,799900,5,3.5,Woodbury,5403,130680,2008,10,148,,Active,,,http://www.redfin.com/CT/Woodbury/556-Flanders-Rd-06798/home/109703604,Smart MLS,170289476,N,Y,41.596476,-73.2065743
MLS Listing,,Vacant Land,22 Parsonage Dr,New Hartford,CT,06057,64500,,,Bakersville,,176853,,10,,,Active,,,http://www.redfin.com/CT/New-Hartford/22-Parsonage-Dr-06057/home/107322230,Smart MLS,170289606,N,Y,41.8287484,-73.0301059
MLS Listing,,Single Family Residential,2 Blueberry Ln,Plymouth,CT,06786,127000,2,2.0,Terryville,1280,,2015,10,99,,Active,,,http://www.redfin.com/CT/Terryville/2-Blueberry-Ln-06786/home/107248755,Smart MLS,170289769,N,Y,41.6842929,-73.0262613
MLS Listing,,Single Family Residential,123 Sand Rd,North Canaan,CT,06018,99000,2,1.0,North Canaan,880,24829,1958,10,113,,Active,,,http://www.redfin.com/CT/Canaan/123-Sand-Rd-06018/home/171413501,Smart MLS,170290022,N,Y,42.0051298,-73.3488297
MLS Listing,,Single Family Residential,52 Housatonic Ave,New Milford,CT,06776,215000,2,1.0,Wellsville,1040,10018,1952,10,207,,Active,,,http://www.redfin.com/CT/New-Milford/52-Housatonic-Ave-06776/home/107717690,Smart MLS,170290080,N,Y,41.5820687,-73.4178599
MLS Listing,,Condo/Co-op,6 Carlson Ridge Ct #6,New Milford,CT,06776,339000,2,2.5,Taylor Terrace,1870,,2003,10,181,345,Active,,,http://www.redfin.com/CT/New-Milford/6-Carlson-Ridge-Ct-06776/unit-6/home/144526513,Smart MLS,170289845,N,Y,41.599321,-73.4082277
MLS Listing,,Single Family Residential,290 Lake Rd,Warren,CT,06777,700000,4,3.5,Warren,3300,124146,1745,11,212,,Active,,,http://www.redfin.com/CT/Warren/290-Lake-Rd-06777/home/107620735,Smart MLS,170290055,N,Y,41.709993,-73.3460466
MLS Listing,,Single Family Residential,30 Maplewood St,Waterbury,CT,06708,79900,3,1.0,Waterbury,1300,3049,1961,11,61,,Active,,,http://www.redfin.com/CT/Waterbury/30-Maplewood-St-06708/home/53665218,Smart MLS,170289741,N,Y,41.5841192,-73.0838816
MLS Listing,,Condo/Co-op,117 Village Ctr #117,Torrington,CT,06790,109000,4,3.5,Burrville,2073,,1976,11,53,275,Active,,,http://www.redfin.com/CT/Torrington/117-Village-Ctr-06790/unit-117/home/145699299,Smart MLS,170290006,N,Y,41.8752453,-73.1016979
MLS Listing,,Single Family Residential,37 Upper Reservoir Dr,New Milford,CT,06776,810000,4,3.0,New Milford,2586,2621571,1986,11,313,,Active,,,http://www.redfin.com/CT/New-Milford/37-Upper-Reservoir-Rd-06776/home/171407332,Smart MLS,170289945,N,Y,41.5920047,-73.3828485
MLS Listing,,Vacant Land,LOTS Upper Reservoir Dr,New Milford,CT,06776,810000,,,New Milford,,2621571,,11,,,Active,,,http://www.redfin.com/CT/New-Milford/375-Danbury-Rd-06776/home/107691736,Smart MLS,170289940,N,Y,41.5292592,-73.4229492
MLS Listing,,Single Family Residential,582 Main St S,Bethlehem,CT,06751,475000,4,1.5,Nonnewaug Falls,2498,246114,1841,11,190,,Active,,,http://www.redfin.com/CT/Bethlehem/582-Main-St-S-06751/home/107243722,Smart MLS,170289772,N,Y,41.612239,-73.184463
MLS Listing,,Single Family Residential,330 North Rd,Harwinton,CT,06791,1000000,3,2.5,Harwinton,2297,2450685,1824,11,435,,Active,,,http://www.redfin.com/CT/Harwinton/330-N-Rd-06791/home/107254327,Smart MLS,170289777,N,Y,41.7931558,-73.0581827
MLS Listing,,Single Family Residential,1 Lucinda Ln,New Milford,CT,06776,380000,4,2.5,New Milford,2502,154638,2001,12,152,,Active,,,http://www.redfin.com/CT/New-Milford/1-Lucinda-Ln-06776/home/107728249,Smart MLS,170289368,N,Y,41.6004736,-73.3691123
MLS Listing,,Single Family Residential,,Washington,CT,06777,599000,1,1.0,,1040,177724,1929,12,576,,Active,,,http://www.redfin.com/CT/New-Preston/Undisclosed-address-06777/home/107172448,Smart MLS,170289811,N,Y,41.6879593,-73.3577216
MLS Listing,,Condo/Co-op,319 Thomaston Rd #28,Watertown,CT,06795,146000,2,2.5,Watertown,1224,,1986,12,119,350,Active,,,http://www.redfin.com/CT/Watertown/319-Thomaston-Rd-06795/unit-28/home/107314108,Smart MLS,170289480,N,Y,41.6137496,-73.1144976
MLS Listing,,Multi-Family (5+ Unit),25 Hillside Ave,Winchester,CT,06098,349000,0,,Winsted,5001,27007,1900,12,70,,Active,,,http://www.redfin.com/CT/Winsted/25-Hillside-Ave-06098/home/107607158,Smart MLS,170289739,N,Y,41.9258174,-73.0745256
MLS Listing,,Single Family Residential,33 Monroe St,Torrington,CT,06790,46200,2,1.0,Newfield,1150,3920,1880,12,40,,Active,,,http://www.redfin.com/CT/Torrington/33-Monroe-St-06790/home/107295512,Smart MLS,170289689,N,Y,41.8130128,-73.1228704
MLS Listing,,Single Family Residential,4 Moretta Ln,New Milford,CT,06776,459000,4,2.5,New Milford,2464,98010,1999,12,186,21,Active,,,http://www.redfin.com/CT/New-Milford/4-Moretta-Ln-06776/home/107711602,Smart MLS,170289442,N,Y,41.5099043,-73.4352168
MLS Listing,,Vacant Land,329 South St,Roxbury,CT,06783,185000,,,Roxbury,,130680,,12,,,Active,,,http://www.redfin.com/CT/Roxbury/329-South-St-06783/home/145013120,Smart MLS,170289653,N,Y,41.5127054,-73.3101852
MLS Listing,,Single Family Residential,235 Dibble Hill Rd,Cornwall,CT,06796,1150000,5,4.5,West Cornwall,5252,217800,1952,12,219,,Active,,,http://www.redfin.com/CT/West-Cornwall/235-Dibble-Hill-Rd-06796/home/107275725,Smart MLS,170289611,N,Y,41.870093,-73.355372
MLS Listing,,Condo/Co-op,39 Aspetuck Vlg #39,New Milford,CT,06776,92000,1,1.0,New Milford,578,,1982,13,159,176,Active,,,http://www.redfin.com/CT/New-Milford/39-Aspetuck-Vlg-06776/unit-39/home/144637101,Smart MLS,170289574,N,Y,41.5901869,-73.4217977
MLS Listing,,Vacant Land,00 West Hyerdale Dr #121,Goshen,CT,06756,495000,,,Woodridge Lake,,47480,,13,,152,Active,,,http://www.redfin.com/CT/Goshen/121-W-Hyerdale-Dr-06756/unit-121/home/171387674,Smart MLS,170289485,N,Y,41.8178342,-73.2597158
MLS Listing,,Condo/Co-op,318 Hunter Dr #318,Litchfield,CT,06759,309000,3,2.5,South Plains,1972,,2013,13,157,395,Active,,,http://www.redfin.com/CT/Litchfield/318-Hunter-Dr-06759/unit-318/home/144680025,Smart MLS,170288828,N,Y,41.781507,-73.149256
MLS Listing,,Single Family Residential,46 Under Mountain Rd,Salisbury,CT,06068,465000,3,2.0,Lakeville,2160,10890,1900,13,215,,Active,,,http://www.redfin.com/CT/Salisbury/46-Under-Mountain-Rd-06068/home/107174357,Smart MLS,170289501,N,Y,41.9868479,-73.4237531
MLS Listing,,Vacant Land,133 Douglas Rd,Sharon,CT,06069,37000,,,Sharon,,3484,,13,,25,Active,,,http://www.redfin.com/CT/Sharon/133-Douglas-Rd-06069/home/147133608,Smart MLS,170289444,N,Y,41.8956903,-73.4756957
MLS Listing,,Single Family Residential,51 Highview Dr,Harwinton,CT,06791,140000,3,1.5,Harwinton,1196,30056,1960,13,117,,Active,,,http://www.redfin.com/CT/Harwinton/51-Highview-Dr-06791/home/107252248,Smart MLS,170289227,N,Y,41.7774117,-73.0720746
MLS Listing,,Single Family Residential,104 Alain White Rd,Morris,CT,06763,299000,3,2.0,Morris,2283,432115,1969,13,131,,Active,,,http://www.redfin.com/CT/Morris/104-Alain-White-Rd-06763/home/107305741,Smart MLS,170289431,N,Y,41.693866,-73.198565
MLS Listing,,Single Family Residential,200 Cathole Rd,Litchfield,CT,06759,289900,3,2.0,Bantam,1938,87120,1940,13,150,,Active,,,http://www.redfin.com/CT/Litchfield/200-Cathole-Rd-06759/home/107167787,Smart MLS,170289409,N,Y,41.7347282,-73.2512464
MLS Listing,,Single Family Residential,19 Fox Run,New Milford,CT,06776,335000,4,2.5,Candlewood Lake,2688,84942,1980,14,125,,Active,,,http://www.redfin.com/CT/New-Milford/19-Fox-Run-06776/home/107700948,Smart MLS,170288921,N,Y,41.5719957,-73.4278046
MLS Listing,,Single Family Residential,93 Humiston Cir,Thomaston,CT,06787,134900,3,1.5,Thomaston,1552,20473,1967,14,87,,Active,,,http://www.redfin.com/CT/Thomaston/93-Humiston-Cir-06787/home/107270667,Smart MLS,170289312,N,Y,41.686858,-73.0793338
