SALE TYPE,SOLD DATE,PROPERTY TYPE,ADDRESS,CITY,STATE OR PROVINCE,ZIP OR POSTAL CODE,PRICE,BEDS,BATHS,LOCATION,SQUARE FEET,LOT SIZE,YEAR BUILT,DAYS ON MARKET,$/SQUARE FEET,HOA/MONTH,STATUS,NEXT OPEN HOUSE START TIME,NEXT OPEN HOUSE END TIME,URL (SEE http://www.redfin.com/buy-a-home/comparative-market-analysis FOR INFO ON PRICING),SOURCE,MLS#,FAVORITE,INTERESTED,LATITUDE,LONGITUDE
MLS Listing,,Single Family Residential,75 Oakmont Dr,Concord,NH,03301,435000,3,2.5,Concord,3038,24393,1989,1,143,5,Active,,,http://www.redfin.com/NH/Concord/75-Oakmont-Dr-03301/home/96459194,NEREN,4803538,N,Y,43.2594672,-71.5394058
MLS Listing,,Multi-Family (2-4 Unit),49 Farmer Rd,Hooksett,NH,03106,399900,5,2.0,Hooksett,3054,30056,1986,1,131,,Active,,,http://www.redfin.com/NH/Hooksett/49-Farmer-Rd-03106/home/103018528,NEREN,4803739,N,Y,43.0463576,-71.4193841
MLS Listing,,Townhouse,52 Great Falls Dr #52,Concord,NH,03303,157000,2,1.5,Concord,1089,,1986,1,144,305,Active,,,http://www.redfin.com/NH/Concord/52-Great-Falls-Dr-03303/unit-52/home/109089092,NEREN,4803735,N,Y,43.2730825,-71.6097771
MLS Listing,,Single Family Residential,2 Terrace Hill Rd,Boscawen,NH,03303,199900,3,1.5,Boscawen,1697,23958,1968,1,118,,Active,,,http://www.redfin.com/NH/Boscawen/2-Terrace-Hill-Rd-03303/home/88129998,NEREN,4803726,N,Y,43.3250337,-71.656883
MLS Listing,,Single Family Residential,1033 Long St,Webster,NH,03303,319000,3,2.25,Webster,1734,129808,2010,1,184,,Active,,,http://www.redfin.com/NH/Webster/1033-Long-St-03303/home/88109862,NEREN,4803702,N,Y,43.3305885,-71.7147059
MLS Listing,,Single Family Residential,100 Valley St,Franklin,NH,03235,145000,2,1.0,Franklin,794,7405,1900,1,183,,Active,,,http://www.redfin.com/NH/Franklin/100-Valley-St-03235/home/88274783,NEREN,4803690,N,Y,43.439858,-71.660313
MLS Listing,,Multi-Family (2-4 Unit),71-73 Park St,Northfield,NH,03276,219900,,,Northfield,,6098,1890,1,,,Active,,,http://www.redfin.com/NH/Northfield/71-Park-St-03276/home/88191098,NEREN,4803678,N,Y,43.4389987,-71.5931889
MLS Listing,,Single Family Residential,9 Hamilton Ct Lot 9,Bow,NH,03304,589900,3,1.75,Bow,2506,43777,2020,1,235,,Active,,,http://www.redfin.com/NH/Bow/9-Hamilton-CT-03304/unit-9/home/171535453,NEREN,4803645,N,Y,43.124244082780855,-71.56861787986756
MLS Listing,,Single Family Residential,246 Barrett Rd,New London,NH,03257,314900,3,1.0,New London,1852,24393,1950,1,170,,Active,,,http://www.redfin.com/NH/New-London/246-Barrett-Rd-03257/home/80166053,NEREN,4803638,N,Y,43.4118979,-71.9843812
MLS Listing,,Single Family Residential,8 Hamilton Ct Lot 8,Bow,NH,03304,559900,3,1.75,Bow,4164,34107,2020,1,134,,Active,,,http://www.redfin.com/NH/Bow/8-Hamilton-CT-03304/unit-8/home/171535054,NEREN,4803636,N,Y,43.12446334167338,-71.56869298171998
MLS Listing,,Vacant Land,Old Holmes Rd,Hopkinton,NH,03229,105000,,,Hopkinton,,252648,,1,,,Active,,,http://www.redfin.com/NH/HOPKINTON/OLD-HOLMES-RD-03229/home/88301366,NEREN,4803622,N,Y,43.152373,-71.710797
MLS Listing,,Single Family Residential,163 Little Frost,Hopkinton,NH,03229,344500,4,2.0,Hopkinton,1512,2,2010,1,228,,Active,,,http://www.redfin.com/NH/Hopkinton/163-Little-Frost-Rd-03229/home/60349276,MLS PIN,72651139,N,Y,43.1784824,-71.699617
MLS Listing,,Single Family Residential,4 Park Rdg,Concord,NH,03301,449900,6,1.5,Concord,3648,15245,1890,1,123,,Active,,,http://www.redfin.com/NH/Concord/4-Park-Rdg-03301/home/103047691,NEREN,4803593,N,Y,43.20358,-71.550908
MLS Listing,,Single Family Residential,1385 Hopkinton Rd,Hopkinton,NH,03229,292900,3,1.5,Hopkinton,1656,82764,1976,1,177,,Active,,,http://www.redfin.com/NH/Hopkinton/1385-Hopkinton-Rd-03229/home/88301698,NEREN,4803585,N,Y,43.1877205,-71.6532095
MLS Listing,,Single Family Residential,6 Hilltop Pl,New London,NH,03257,299000,2,1.75,New London,1468,2395800,1971,1,204,706,Active,,,http://www.redfin.com/NH/New-London/6-Hilltop-Pl-03257/home/63519039,NEREN,4803537,N,Y,43.4250344,-71.9994218
MLS Listing,,Townhouse,4 Savage Ct,Pembroke,NH,03275,179900,2,1.5,Pembroke,1650,1742,1986,3,109,371,Active,,,http://www.redfin.com/NH/Pembroke/4-Savage-Ct-03275/home/96561713,NEREN,4803455,N,Y,43.1479697,-71.4601001
MLS Listing,,Vacant Land,12-23 Gerrish Rd Lot 12-23,Webster,NH,03303,25000,,,Webster,,74052,,3,,,Active,,,http://www.redfin.com/NH/Webster/12-Gerrish-Rd-03303/unit-12-23/home/145212614,NEREN,4803449,N,Y,43.2659755,-71.6974057
MLS Listing,,Single Family Residential,1745 Little Sunapee Rd,New London,NH,03257,829000,3,1.0,New London,3197,34412,1955,3,259,,Active,,,http://www.redfin.com/NH/New-London/1745-Little-Sunapee-Rd-03257/home/88290034,NEREN,4803432,N,Y,43.4314925,-72.0348027
MLS Listing,,Mobile/Manufactured Home,40 Longmeadow Dr,Concord,NH,03301,81900,2,1.5,Concord,924,,2015,3,89,,Active,,,http://www.redfin.com/NH/Concord/40-Longmeadow-Dr-03301/home/103049376,NEREN,4803415,N,Y,43.1845489,-71.518571
MLS Listing,,Single Family Residential,8 Maple View Dr Lot 8,Bradford,NH,03221,275000,3,2.0,Bradford,1196,104108,2020,3,230,,Active,,,http://www.redfin.com/NH/Bradford/8-Maple-View-Dr-03221/unit-8/home/144543006,NEREN,4803408,N,Y,43.2528271,-71.9564257
MLS Listing,,Townhouse,1465 Hooksett Rd #126,Hooksett,NH,03106,219900,2,1.5,Hooksett,1550,,1987,4,142,243,Active,,,http://www.redfin.com/NH/Hooksett/1465-Hooksett-Rd-03106/unit-126/home/79061254,NEREN,4803405,N,Y,43.0727747,-71.4543725
MLS Listing,,Single Family Residential,44 New London Dr,Webster,NH,03303,249900,3,3.0,Webster,1736,16552,2008,4,144,,Active,,,http://www.redfin.com/NH/Webster/44-New-London-Dr-03303/home/88110706,NEREN,4803393,N,Y,43.2776917,-71.6780129
MLS Listing,,Single Family Residential,65 Moulton Hill Rd,Danbury,NH,03230,395000,1,1.75,Danbury,3026,11784286,2001,4,131,,Active,,,http://www.redfin.com/NH/Danbury/65-Moulton-Hill-Rd-03230/home/88283112,NEREN,4803377,N,Y,43.5036669,-71.882113
MLS Listing,,Single Family Residential,40 Elm St,Concord,NH,03303,199900,4,1.5,Concord,2222,12196,1850,4,90,,Active,,,http://www.redfin.com/NH/Concord/40-Elm-St-03303/home/96593218,NEREN,4803349,N,Y,43.2808634,-71.6050107
MLS Listing,,Townhouse,48 Mulberry St #3,Concord,NH,03301,209900,2,1.5,Concord,1232,,2004,4,170,267,Active,,,http://www.redfin.com/NH/Concord/48-Mulberry-St-03301/unit-3/home/96624155,NEREN,4803347,N,Y,43.1950627,-71.5049336
MLS Listing,,Single Family Residential,52 Old Holmes Rd,Hopkinton,NH,03229,324900,3,1.75,Hopkinton,1764,174240,1990,4,184,,Active,,,http://www.redfin.com/NH/Hopkinton/52-Old-Holmes-Rd-03229/home/88301405,NEREN,4803333,N,Y,43.1552106,-71.7011001
MLS Listing,,Single Family Residential,21 Tahanto St,Concord,NH,03301,349000,4,1.75,Concord,2900,3920,1885,4,120,,Active,,,http://www.redfin.com/NH/Concord/21-Tahanto-St-03301/home/78604092,NEREN,4803320,N,Y,43.204766,-71.5455264
MLS Listing,,Vacant Land,Pumpkin Hill Rd Unit 15-014,Warner,NH,03278,69000,,,Warner,,165528,,4,,,Active,,,http://www.redfin.com/NH/Warner/15-Pumpkin-Hill-Rd-03278/unit-15-014/home/146264399,NEREN,4803309,N,Y,43.2817202,-71.8096178
MLS Listing,,Single Family Residential,3 Blevens Dr,Bow,NH,03304,379900,4,2.25,Bow,2457,87120,1979,4,155,,Active,,,http://www.redfin.com/NH/Bow/3-Blevens-Dr-03304/home/87987750,NEREN,4803216,N,Y,43.1176242,-71.5745976
MLS Listing,,Single Family Residential,156 Birch Acres Rd,New London,NH,03257,549000,3,3.5,New London,3303,91476,1988,4,166,,Active,,,http://www.redfin.com/NH/New-London/156-Birch-Acres-Rd-03257/home/88289823,NEREN,4803208,N,Y,43.4178019,-71.9753517
MLS Listing,,Single Family Residential,29 Morning Glory Dr,Franklin,NH,03235,219000,3,3.5,Franklin,1754,25700,2017,4,125,,Active,,,http://www.redfin.com/NH/Franklin/29-Morning-Glory-Dr-03235/home/113059257,NEREN,4803170,N,Y,43.4635664,-71.6439982
MLS Listing,,Single Family Residential,65 Auburn St,Concord,NH,03301,399000,3,2.0,Concord,2231,54885,1929,5,179,,Active,,,http://www.redfin.com/NH/Concord/65-Auburn-St-03301/home/88317142,NEREN,4803150,N,Y,43.2092755,-71.5567935
MLS Listing,,Vacant Land,172 Smith Hill Rd,Franklin,NH,03235,29000,,,Franklin,,34848,,5,,,Active,,,http://www.redfin.com/NH/Franklin/172-Smith-Hill-Rd-03235/home/171476059,NEREN,4803096,N,Y,43.4087924,-71.6616493
MLS Listing,,Single Family Residential,7 Randlett St,Concord,NH,03303,259900,3,1.0,Concord,1652,12632,1982,5,157,,Active,,,http://www.redfin.com/NH/Concord/7-Randlett-St-03303/home/96554996,NEREN,4803076,N,Y,43.2650717,-71.578353
MLS Listing,,Single Family Residential,10 Deer Meadow Rd,Pittsfield,NH,03263,279000,3,2.0,Pittsfield,1200,253519,,5,233,,Active,,,http://www.redfin.com/NH/Pittsfield/10-Deer-Meadow-Rd-03263/home/167102143,NEREN,4803066,N,Y,43.3201229,-71.3158071
MLS Listing,,Single Family Residential,343 Mountain Rd,Concord,NH,03301,370000,3,2.0,Concord,1736,47044,2014,5,213,,Active,,,http://www.redfin.com/NH/Concord/343-Mountain-Rd-03301/home/96479312,NEREN,4803035,N,Y,43.2722767,-71.5558397
MLS Listing,,Single Family Residential,10 Garvin Hill Rd,Chichester,NH,03258,259900,3,1.5,Chichester,1330,87120,1978,5,195,,Active,,,http://www.redfin.com/NH/Chichester/10-Garvin-Hill-Rd-03258/home/88197203,NEREN,4803006,N,Y,43.2286392,-71.4262489
MLS Listing,,Single Family Residential,70 Summer St,Northfield,NH,03276,54900,2,1.0,Northfield,1050,21780,1949,5,52,,Active,,,http://www.redfin.com/NH/Northfield/70-Summer-St-03276/home/88190324,NEREN,4802973,N,Y,43.4317015,-71.5886153
MLS Listing,,Mobile/Manufactured Home,104 Union Rd,Northfield,NH,03276,92500,3,1.5,Northfield,980,73180,1989,6,94,,Active,,,http://www.redfin.com/NH/Northfield/104-Union-Rd-03276/home/88190049,NEREN,4802931,N,Y,43.3847111,-71.6282962
MLS Listing,,Vacant Land,00 Route 4A Rte,Andover,NH,03216,79900,,,Andover,,984891,,6,,,Active,,,http://www.redfin.com/NH/Andover/New-Hampshire-4A-03216/home/147288757,NEREN,4802928,N,Y,43.44230646342288,-71.88258288688617
MLS Listing,,Single Family Residential,0 103A Rte,New London,NH,03257,415000,3,2.25,New London,1872,207345,,6,222,,Active,,,http://www.redfin.com/NH/New-London/New-Hampshire-103A-03257/home/171487105,NEREN,4802898,N,Y,43.397105619321934,-72.02704896188665
MLS Listing,,Vacant Land,243 Currier Rd,Andover,NH,03216,58500,,,Andover,,642945,,6,,,Active,,,http://www.redfin.com/NH/Andover/243-Currier-Rd-03216/home/103491154,NEREN,4802886,N,Y,43.4358749,-71.7664763
MLS Listing,,Multi-Family (2-4 Unit),26 South St,Concord,NH,03301,239000,3,2.0,Concord,3602,11325,1880,6,66,,Active,,,http://www.redfin.com/NH/Concord/26-South-St-03301/home/103049775,NEREN,4802884,N,Y,43.1998022,-71.5393363
MLS Listing,,Single Family Residential,615 Main St,Hopkinton,NH,03229,325000,2,1.0,Hopkinton,1350,121967,1940,6,241,,Active,,,http://www.redfin.com/NH/Contoocook/615-Main-St-03229/home/88303664,NEREN,4802833,N,Y,43.2194469,-71.7034475
MLS Listing,,Vacant Land,0 Seasons Rd,New London,NH,03257,149000,,,New London,,272685,,6,,,Active,,,http://www.redfin.com/NH/New-London/The-Seasons-03257/home/63525100,NEREN,4802829,N,Y,43.399715,-71.952315
MLS Listing,,Single Family Residential,41 Sterling Dr,Franklin,NH,03235,334900,3,2.5,Franklin,2680,84942,2004,6,125,,Active,,,http://www.redfin.com/NH/Franklin/41-Sterling-Dr-03235/home/88275061,NEREN,4802823,N,Y,43.4294981,-71.6648555
MLS Listing,,Single Family Residential,49 W Main St,Bradford,NH,03221,149900,3,1.5,Bradford,1700,11761,1856,7,88,,Active,,,http://www.redfin.com/NH/Bradford/49-W-Main-St-03221/home/88182500,NEREN,4802776,N,Y,43.2692162,-71.9630141
MLS Listing,,Single Family Residential,91 Hot Hole Pond Rd,Concord,NH,03301,359900,3,1.75,Concord,1624,133293,2018,8,222,,Active,,,http://www.redfin.com/NH/Concord/91-Hot-Hole-Pond-Rd-03301/home/160586808,NEREN,4802677,N,Y,43.2895141,-71.5164632
MLS Listing,,Single Family Residential,175 Bumfagon Rd,Loudon,NH,03307,289999,2,1.0,Loudon,1905,418176,1823,8,152,,Active,,,http://www.redfin.com/NH/Loudon/175-Bumfagon-Rd-03307/home/77286130,NEREN,4802675,N,Y,43.3503673,-71.4361917
MLS Listing,,Single Family Residential,132 Piper Hill Rd,Loudon,NH,03307,379000,3,2.5,Loudon,3362,239580,1990,8,113,,Active,,,http://www.redfin.com/NH/Loudon/132-Piper-Hill-Rd-03307/home/88144666,NEREN,4802673,N,Y,43.3081111,-71.4473893
MLS Listing,,Single Family Residential,47 gile pond Rd Lot 47,Franklin,NH,03245,185000,3,2.0,Franklin,1493,28314,2019,8,124,,Active,,,http://www.redfin.com/NH/Franklin/47-Gile-Pond-Rd-03235/unit-47/home/171433460,NEREN,4802669,N,Y,43.4847396,-71.6488273
MLS Listing,,Single Family Residential,1562 Hooksett Rd,Hooksett,NH,03106,499900,2,1.5,Hooksett,4380,126324,1978,8,114,,Active,,,http://www.redfin.com/NH/Hooksett/1562-Hooksett-Rd-03106/home/101646089,NEREN,4802633,N,Y,43.0781545,-71.4591316
MLS Listing,,Single Family Residential,234 Page Rd,New London,NH,03257,389000,3,2.25,New London,2124,87120,1962,8,183,,Active,,,http://www.redfin.com/NH/New-London/234-Page-Rd-03257/home/63519469,NEREN,4802608,N,Y,43.4001706,-72.0288766
MLS Listing,,Single Family Residential,11 Morning Glory Dr,Franklin,NH,03235,159900,3,2.75,Franklin,1357,10890,2012,9,118,,Active,,,http://www.redfin.com/NH/Franklin/11-Morning-Glory-Dr-03235/home/96601356,NEREN,4802535,N,Y,43.4619604,-71.6407924
MLS Listing,,Condo/Co-op,7 Dogwood Dr,Hooksett,NH,03106,269000,2,1.75,Hooksett,1232,1710601,2005,9,218,375,Active,,,http://www.redfin.com/NH/Hooksett/7-Dogwood-Dr-03106/home/96501846,NEREN,4802507,N,Y,43.1012587,-71.4533111
MLS Listing,,Vacant Land,0 Bay Rd,Salisbury,NH,03268,165000,,,Salisbury,,2333509,,10,,,Active,,,http://www.redfin.com/NH/SALISBURY/BAY-RD-03268/home/88197804,NEREN,4802465,N,Y,43.403216,-71.77621
MLS Listing,,Single Family Residential,19 Mill Falls Rd,Pembroke,NH,03275,250000,2,1.0,Pembroke,2616,1306,1900,10,96,,Active,,,http://www.redfin.com/NH/Pembroke/19-Mill-Falls-Rd-03275/home/88236141,NEREN,4802449,N,Y,43.1304151,-71.4527072
MLS Listing,,Multi-Family (2-4 Unit),5 Thomas St,Concord,NH,03301,449900,8,4.0,Concord,4486,30056,1870,11,100,,Active,,,http://www.redfin.com/NH/Concord/5-Thomas-St-03301/home/96676237,NEREN,4802420,N,Y,43.2124597,-71.5165223
MLS Listing,,Single Family Residential,12 Nasturtium Ter,Concord,NH,03303,269900,3,1.75,Concord,1888,8712,1987,11,143,,Active,,,http://www.redfin.com/NH/Concord/12-Nasturtium-Ter-03303/home/88316331,NEREN,4802409,N,Y,43.2616561,-71.577646
MLS Listing,,Single Family Residential,674 Murray Hill Rd,Hill,NH,03243,389900,4,4.0,Hill,3300,261360,1992,11,118,,Active,,,http://www.redfin.com/NH/Hill/674-Murray-Hill-Rd-03243/home/88180456,NEREN,4802380,N,Y,43.5369378,-71.7723267
MLS Listing,,Single Family Residential,295 Bay Point Rd Unit 006/170/443 and 006/165/100,Newbury,NH,03255,875000,2,0.75,Newbury,1188,39204,1955,11,737,,Active,,,http://www.redfin.com/NH/Newbury/295-Bay-Point-Rd-03255/unit-006-170-443-and-006-165-100/home/171413924,NEREN,4802322,N,Y,43.3601528,-72.0614731
MLS Listing,,Single Family Residential,35 Dunklee St,Concord,NH,03301,399000,4,2.75,Concord,3962,14374,1865,11,101,,Active,,,http://www.redfin.com/NH/Concord/35-Dunklee-St-03301/home/103046463,NEREN,4802305,N,Y,43.1906581,-71.5355109
MLS Listing,,Vacant Land,247-13 Southwest Rd,Canterbury,NH,03224,94900,,,Canterbury,,293158,,11,,,Active,,,http://www.redfin.com/NH/Canterbury/247-SW-Rd-03224/home/88172465,NEREN,4802290,N,Y,43.3284992,-71.5736323
MLS Listing,,Single Family Residential,218 Chestnut Pond Rd,Epsom,NH,03234,239000,2,1.0,Epsom,768,239580,1970,12,311,25,Active,,,http://www.redfin.com/NH/Epsom/218-Chestnut-Pond-Rd-03234/home/88184103,NEREN,4802249,N,Y,43.2517031,-71.2836389
MLS Listing,,Single Family Residential,147 Cottage Ln,Sutton,NH,03273,1650000,3,2.5,Sutton,6424,7187400,2012,12,257,,Active,,,http://www.redfin.com/NH/SOUTH-SUTTON/147-COTTAGE-LN-03273/home/88037031,NEREN,4802212,N,Y,43.287888,-71.909285
MLS Listing,,Single Family Residential,39 Mason Rd,Chichester,NH,03258,394900,3,2.25,Chichester,2286,115434,2005,12,173,,Active,,,http://www.redfin.com/NH/Chichester/39-Mason-Rd-03258/home/88196781,NEREN,4802209,N,Y,43.2438946,-71.4178535
MLS Listing,,Single Family Residential,107 Webster Mills Rd,Chichester,NH,03258,308000,4,2.0,Chichester,2102,126324,1890,13,147,,Active,,,http://www.redfin.com/NH/Chichester/107-Webster-Mills-Rd-03258/home/88197392,NEREN,4802105,N,Y,43.2851079,-71.3593118
MLS Listing,,Vacant Land,99/100 Brookside Ln Unit 66 & 74,Danbury,NH,03230,25000,,,Danbury,,87555,,13,,,Active,,,http://www.redfin.com/NH/Danbury/100-Brookside-Ln-03230/unit-66-74/home/171396014,NEREN,4802067,N,Y,43.5459497,-71.8766371
MLS Listing,,Single Family Residential,0 Brookview Dr #65,Hooksett,NH,03106,491700,4,2.25,Hooksett,2638,26484,2020,14,186,,Active,,,http://www.redfin.com/NH/Hooksett/Brookview-Dr-03106/unit-65/home/171387221,NEREN,4801951,N,Y,43.01690795200615,-71.41317926826488
MLS Listing,,Single Family Residential,46 Woodrow Ave,Franklin,NH,03235,249900,3,2.5,Franklin,1944,31798,1970,14,129,,Active,,,http://www.redfin.com/NH/Franklin/46-Woodrow-Ave-03235/home/88275238,NEREN,4801912,N,Y,43.4533426,-71.6358116
