SALE TYPE,SOLD DATE,PROPERTY TYPE,ADDRESS,CITY,STATE OR PROVINCE,ZIP OR POSTAL CODE,PRICE,BEDS,BATHS,LOCATION,SQUARE FEET,LOT SIZE,YEAR BUILT,DAYS ON MARKET,$/SQUARE FEET,HOA/MONTH,STATUS,NEXT OPEN HOUSE START TIME,NEXT OPEN HOUSE END TIME,URL (SEE http://www.redfin.com/buy-a-home/comparative-market-analysis FOR INFO ON PRICING),SOURCE,MLS#,FAVORITE,INTERESTED,LATITUDE,LONGITUDE
MLS Listing,,Single Family Residential,11 Ridgewood Rd,Middletown,CT,06457,334375,4,2.5,Middletown,1810,18295,2020,1,185,,Active,,,http://www.redfin.com/CT/Middletown/11-Ridgewood-Rd-06457/home/147377907,Smart MLS,170292280,N,Y,41.5639687,-72.6906261
MLS Listing,,Single Family Residential,25 Wheeler Hill Dr,Durham,CT,06422,319900,3,2.0,Durham Center,1404,26136,1966,1,228,,Active,,,http://www.redfin.com/CT/Durham/25-Wheeler-Hill-Dr-06422/home/54015908,Smart MLS,170292271,N,Y,41.4828841,-72.6668464
MLS Listing,,Vacant Land,20 Lot 13 Skyline Dr,East Hampton,CT,06424,134900,,,Pocotopaug Lake,,53143,,1,,17,Active,,,http://www.redfin.com/CT/East-Hampton/13-Skyline-Dr-06424/home/171532673,Smart MLS,170292249,N,Y,41.5956853,-72.5197261
MLS Listing,,Single Family Residential,13 Groveway,Clinton,CT,06413,1795000,4,3.0,Grove Beach,3020,10454,2007,1,594,16,Active,,,http://www.redfin.com/CT/Clinton/13-Grove-Way-06413/home/53955721,Smart MLS,170292105,N,Y,41.2687396,-72.4934678
MLS Listing,,Single Family Residential,69 Little Meadow Rd,Haddam,CT,06438,439900,1,1.0,Haddam,560,54885,1955,1,786,,Active,,,http://www.redfin.com/CT/Haddam/69-Little-Meadow-Rd-06438/home/53705331,Smart MLS,170291527,N,Y,41.447168,-72.464843
MLS Listing,,Single Family Residential,538 Winthrop Rd Unit 9 & 11,Deep River,CT,06417,379000,4,2.5,Deep River,2006,25700,1947,1,189,,Active,,,http://www.redfin.com/CT/Deep-River/538-Winthrop-Rd-06417/unit-9-11/home/171526911,Smart MLS,170291988,N,Y,41.3599284,-72.5007027
MLS Listing,,Single Family Residential,65 Bokum Rd,Chester,CT,06412,699000,4,4.0,Chester,3856,1048053,1979,2,181,,Active,,,http://www.redfin.com/CT/Chester/65-Bokum-Rd-06412/home/54024894,Smart MLS,170286548,N,Y,41.3898473,-72.4527814
MLS Listing,,Single Family Residential,17 E Woods Trl,Durham,CT,06422,415000,4,2.5,Durham,2400,101494,2007,2,173,,Active,,,http://www.redfin.com/CT/Durham/17-E-Woods-Trl-06422/home/54014200,Smart MLS,170291678,N,Y,41.4570089,-72.653529
MLS Listing,,Single Family Residential,14 Seabreeze Rd,Old Saybrook,CT,06475,449900,4,2.0,Cornfield Point,1368,3920,1953,2,329,42,Active,,,http://www.redfin.com/CT/Old-Saybrook/14-Seabreeze-Rd-06475/home/54422546,Smart MLS,170291040,N,Y,41.2662408,-72.3854934
MLS Listing,,Single Family Residential,399 Pine St,Middletown,CT,06457,314900,3,1.5,Middletown,1963,74052,1941,2,160,,Active,,,http://www.redfin.com/CT/Middletown/399-Pine-St-06457/home/54064617,Smart MLS,170291974,N,Y,41.5416368,-72.661148
MLS Listing,,Single Family Residential,73 Nooks Hill Rd,Cromwell,CT,06416,235000,2,1.0,Cromwell,847,14810,1949,3,277,,Active,,,http://www.redfin.com/CT/Cromwell/73-Nooks-Hill-Rd-06416/home/53660348,Smart MLS,170289817,N,Y,41.6122588,-72.6392088
MLS Listing,,Single Family Residential,18 Sunset Ter,Essex,CT,06426,339500,3,1.5,Essex Village,1460,32234,1962,3,233,,Active,,,http://www.redfin.com/CT/Essex/18-Sunset-Ter-06426/home/54240097,Smart MLS,170291660,N,Y,41.3554172,-72.4025417
MLS Listing,,Condo/Co-op,11 Willow Ct #11,Cromwell,CT,06416,152000,2,1.5,Cromwell,1368,,1973,3,111,366,Active,,,http://www.redfin.com/CT/Cromwell/11-Willow-CT-06416/unit-11/home/171498342,Smart MLS,170286768,N,Y,41.606202,-72.684087
MLS Listing,,Single Family Residential,52 Wildwood Rd,East Haddam,CT,06423,239900,2,1.0,Lake Hayward,780,25264,1933,3,308,46,Active,,,http://www.redfin.com/CT/East-Haddam/52-Wildwood-Rd-06423/home/146061492,Smart MLS,170291049,N,Y,41.515824,-72.331246
MLS Listing,,Single Family Residential,660 Killingworth Rd,Haddam,CT,06441,150609,3,1.5,Higganum,2628,100187,1700,3,57,,Active,,,http://www.redfin.com/CT/Higganum/660-Killingworth-Rd-06441/home/53704785,Smart MLS,170291518,N,Y,41.4529148,-72.5549348
MLS Listing,,Single Family Residential,1 Brockway Ferry Rd,Deep River,CT,06417,995000,3,4.5,Deep River,7519,67953,1997,3,132,,Active,,,http://www.redfin.com/CT/Deep-River/1-Brockway-Ferry-Rd-06417/home/54311018,Smart MLS,170289695,N,Y,41.3844119,-72.3955534
MLS Listing,,Single Family Residential,6 Lindera Ln,Clinton,CT,06413,469900,4,2.5,Clinton,2568,146361,2019,3,183,,Active,,,http://www.redfin.com/CT/Clinton/6-Lindera-Ln-06413/home/53955460,Smart MLS,170290935,N,Y,41.3250348,-72.5107123
MLS Listing,,Single Family Residential,8 Hickory Ln,Essex,CT,06442,249900,3,1.5,Ivoryton,1432,18730,1957,3,175,,Active,,,http://www.redfin.com/CT/Ivoryton/8-Hickory-Ln-06442/home/54240560,Smart MLS,170291531,N,Y,41.3371474,-72.4408919
MLS Listing,,Single Family Residential,4 Upper Heatherwood #4,Cromwell,CT,06416,639000,3,2.5,TPC River Highlands,2553,,2000,3,250,511,Active,,,http://www.redfin.com/CT/Cromwell/4-Upper-Heatherwood-06416/unit-4/home/171492534,Smart MLS,170278548,N,Y,41.6312125,-72.636673
MLS Listing,,Single Family Residential,15 Oak Ridge Dr,Cromwell,CT,06416,349000,3,2.0,Cromwell,2833,20037,1996,3,123,,Active,,,http://www.redfin.com/CT/Cromwell/15-Oak-Ridge-Dr-06416/home/53657217,Smart MLS,170291581,N,Y,41.615026,-72.6333882
MLS Listing,,Single Family Residential,66 Lakeside Dr,East Haddam,CT,06423,329900,2,1.5,Bashan,1350,26571,1976,3,244,8,Active,,,http://www.redfin.com/CT/East-Haddam/66-Lakeside-Dr-06423/home/53784379,Smart MLS,170290603,N,Y,41.488302,-72.404064
MLS Listing,,Vacant Land,8 West Ave,Essex,CT,06426,394000,,,Essex Village,,10890,,3,,,Active,,,http://www.redfin.com/CT/Essex/8-West-Ave-06426/home/54240610,Smart MLS,170287936,N,Y,41.3523987,-72.3929178
MLS Listing,,Single Family Residential,3 Merriwold Ln,Deep River,CT,06417,650000,3,3.5,Deep River,4581,152460,1959,3,142,,Active,,,http://www.redfin.com/CT/Deep-River/3-Merriwold-Ln-06417/home/54310436,Smart MLS,170290229,N,Y,41.3860368,-72.4098637
MLS Listing,,Condo/Co-op,29 Mountain Laurel Ct #29,Cromwell,CT,06416,152900,2,1.5,Cromwell,1365,,1973,3,112,317,Active,,,http://www.redfin.com/CT/Cromwell/29-Mountain-Laurel-Ct-06416/unit-29/home/53657417,Smart MLS,170291469,N,Y,41.6035774,-72.6836513
MLS Listing,,Single Family Residential,17 Cricket Ct,Old Saybrook,CT,06475,479900,3,2.5,Plum Bank,1761,21780,1976,3,273,,Active,,,http://www.redfin.com/CT/Old-Saybrook/17-Cricket-Ct-06475/home/54422805,Smart MLS,170291455,N,Y,41.277516,-72.378651
MLS Listing,,Single Family Residential,23 Quotonset Ln,Westbrook,CT,06498,328999,2,1.0,Westbrook,896,10890,1947,3,367,,Active,,,http://www.redfin.com/CT/Westbrook/23-Quotonset-Ln-06498/home/54387496,Smart MLS,170290641,N,Y,41.2813077,-72.4476125
MLS Listing,,Single Family Residential,32 Bevin Blvd,East Hampton,CT,06424,297900,4,2.0,East Hampton,3055,59241,1903,3,98,,Active,,,http://www.redfin.com/CT/East-Hampton/32A-Bevin-Blvd-06424/unit-A/home/54356695,Smart MLS,170289795,N,Y,41.5813087,-72.5030943
MLS Listing,,Condo/Co-op,176 Carriage Crossing Ln #176,Middletown,CT,06457,105000,2,2.0,Middletown,866,,1988,3,121,345,Active,,,http://www.redfin.com/CT/Middletown/176-Carriage-Crossing-Ln-06457/unit-176/home/169288716,Smart MLS,170291431,N,Y,41.5869065,-72.7099949
MLS Listing,,Condo/Co-op,10 Juniper Hill Ct #10,Cromwell,CT,06416,120000,2,1.5,Cromwell,1368,,1973,4,88,379,Active,,,http://www.redfin.com/CT/Cromwell/10-Juniper-Hill-Ct-06416/unit-10/home/171479115,Smart MLS,170291596,N,Y,41.6040689,-72.6801098
MLS Listing,,Single Family Residential,56 Fairway Dr,Portland,CT,06480,418200,4,5.5,Portland,3254,62726,1984,4,129,,Active,,,http://www.redfin.com/CT/Portland/56-Fairway-Dr-06480/home/54052320,Smart MLS,170291304,N,Y,41.5864771,-72.6067777
MLS Listing,,Single Family Residential,404 Congdon St,Middletown,CT,06457,249900,3,2.0,Westfield,2079,21344,1968,4,120,,Active,,,http://www.redfin.com/CT/Middletown/404-Congdon-St-06457/home/54066259,Smart MLS,170290458,N,Y,41.5709776,-72.6853075
MLS Listing,,Single Family Residential,22 Pritchett Dr,Westbrook,CT,06498,410000,4,2.5,Westbrook,2040,90169,1988,4,201,,Active,,,http://www.redfin.com/CT/Westbrook/22-Pritchett-Dr-06498/home/54387638,Smart MLS,170291348,N,Y,41.3329526,-72.4937452
MLS Listing,,Condo/Co-op,38 N Main St #6,Essex,CT,06426,449900,2,2.0,Essex Village,1467,,2006,4,307,485,Active,,,http://www.redfin.com/CT/Essex/38-N-Main-St-06426/unit-6/home/54240556,Smart MLS,170291239,N,Y,41.3564866,-72.3917412
MLS Listing,,Condo/Co-op,3A Oak Hill Dr Unit 3A,Clinton,CT,06413,195000,2,1.5,Clinton,1232,,1985,5,158,250,Active,,,http://www.redfin.com/CT/Clinton/3-Oak-Hill-Dr-06413/unit-3A/home/171449779,Smart MLS,170286056,N,Y,41.291257,-72.5188885
MLS Listing,,Single Family Residential,12 S View Ter,Old Saybrook,CT,06475,339900,3,1.5,Saybrook Acres,1344,11325,1960,5,253,,Active,,,http://www.redfin.com/CT/Old-Saybrook/12-S-View-Ter-06475/home/54420273,Smart MLS,170291027,N,Y,41.2826838,-72.3863981
MLS Listing,,Multi-Family (2-4 Unit),85 West St,Cromwell,CT,06416,419900,5,3.0,Cromwell,3166,21344,1900,5,133,,Active,,,http://www.redfin.com/CT/Cromwell/85-West-St-06416/home/53657691,Smart MLS,170290750,N,Y,41.6018714,-72.6568861
MLS Listing,,Single Family Residential,187 N Moodus Rd,East Haddam,CT,06469,259900,6,3.0,Moodus,2432,811958,1979,5,107,,Active,,,http://www.redfin.com/CT/Moodus/187-N-Moodus-Rd-06469/home/53781945,Smart MLS,170291091,N,Y,41.527095,-72.457623
MLS Listing,,Single Family Residential,14 Chestnut Cir,Haddam,CT,06441,389000,2,2.0,Haddam,2324,21780,2005,5,167,250,Active,,,http://www.redfin.com/CT/Higganum/14-Chestnut-Cir-06441/home/53704012,Smart MLS,170290520,N,Y,41.4357266,-72.5600641
MLS Listing,,Single Family Residential,33 Murray St,Middletown,CT,06457,209999,3,1.0,Middletown,952,5227,1963,5,221,,Active,,,http://www.redfin.com/CT/Middletown/33-Murray-St-06457/home/54064820,Smart MLS,170290786,N,Y,41.5315253,-72.6438856
MLS Listing,,Single Family Residential,7 Reservoir Rd,Old Saybrook,CT,06475,439000,3,2.5,Old Saybrook,2882,43560,1998,6,152,21,Active,,,http://www.redfin.com/CT/Old-Saybrook/7-Reservoir-Rd-06475/home/54421920,Smart MLS,170290671,N,Y,41.3086528,-72.3803407
MLS Listing,,Single Family Residential,32 Seminole Rd,Middlefield,CT,06455,169900,2,1.0,Lake Beseck,988,4791,1940,6,172,,Active,,,http://www.redfin.com/CT/Middlefield/32-Seminole-Rd-06455/home/53983034,Smart MLS,170290984,N,Y,41.5178987,-72.7352058
MLS Listing,,Single Family Residential,67 Highland Ter,East Hampton,CT,06424,499900,4,2.5,Skyline Estates,2860,44866,2020,6,175,17,Active,,,http://www.redfin.com/CT/East-Hampton/67-Highland-Ter-06424/home/171438548,Smart MLS,170290866,N,Y,41.6032267,-72.521385
MLS Listing,,Single Family Residential,48 Killingworth Rd,Haddam,CT,06441,350000,3,1.0,Higganum,1410,335412,1940,6,248,,Active,,,http://www.redfin.com/CT/Higganum/48-Killingworth-Rd-06441/home/53704827,Smart MLS,170290404,N,Y,41.49459,-72.556773
MLS Listing,,Single Family Residential,83 River Rd,Deep River,CT,06417,1250000,4,4.0,Deep River,2700,177289,1797,6,463,,Active,,,http://www.redfin.com/CT/Deep-River/83-River-Rd-06417/home/54310408,Smart MLS,170290823,N,Y,41.3873623,-72.4157587
MLS Listing,,Single Family Residential,267 Paley Farms Rd,Portland,CT,06480,419900,4,4.0,Paley Farms,3952,26136,1992,6,106,,Active,,,http://www.redfin.com/CT/Portland/267-Paley-Farms-Rd-06480/home/54053208,Smart MLS,170290427,N,Y,41.6299941,-72.6062695
MLS Listing,,Condo/Co-op,24 Trolley Crossing Ln #24,Middletown,CT,06457,84609,1,1.0,Westfield,656,,1987,6,129,263,Active,,,http://www.redfin.com/CT/Middletown/24-Trolley-Crossing-Ln-06457/unit-24/home/171437256,Smart MLS,170290151,N,Y,41.5985113,-72.6979165
MLS Listing,,Vacant Land,0 Killingworth Rd,Haddam,CT,06441,90000,,,Higganum,,87120,,7,,,Active,,,http://www.redfin.com/CT/Haddam/Killingworth-Rd-06441/home/53704573,Smart MLS,170290665,N,Y,41.493007,-72.556961
MLS Listing,,Single Family Residential,54 Bethke Rd,Killingworth,CT,06419,399900,5,2.5,Killingworth,3027,95832,1982,7,132,,Active,,,http://www.redfin.com/CT/Killingworth/54-Bethke-Rd-06419/home/54368000,Smart MLS,170290676,N,Y,41.4032577,-72.572448
MLS Listing,,Single Family Residential,129C Shore Rd,Clinton,CT,06413,499000,4,1.5,Clinton Beach,960,,1920,7,520,26,Active,,,http://www.redfin.com/CT/Clinton/129-Shore-Rd-06413/unit-B/home/53955833,Smart MLS,170290586,N,Y,41.266659,-72.499072
MLS Listing,,Single Family Residential,38 Briarwood Dr,Old Saybrook,CT,06475,450000,3,2.5,Forest Glen,2048,21780,1960,7,220,,Active,,,http://www.redfin.com/CT/Old-Saybrook/38-Briarwood-Dr-06475/home/54418929,Smart MLS,170289383,N,Y,41.2749904,-72.385612
MLS Listing,,Single Family Residential,161 Guilford Rd,Durham,CT,06422,339900,3,2.0,Durham,2043,187308,2002,7,166,,Active,,,http://www.redfin.com/CT/Durham/161-Guilford-Rd-06422/home/54015405,Smart MLS,170290574,N,Y,41.4550237,-72.6802529
MLS Listing,,Condo/Co-op,44 Sylvan Rdg #44,Middlefield,CT,06481,217500,2,3.0,Rockfall,2024,,1986,7,107,380,Active,,,http://www.redfin.com/CT/Rockfall/44-Sylvan-Rdg-06481/unit-44/home/53983867,Smart MLS,170289852,N,Y,41.5449984,-72.6967618
MLS Listing,,Single Family Residential,13 Timberlane Dr,Westbrook,CT,06498,585000,4,2.5,Westbrook,3329,95832,2004,7,176,38,Active,,,http://www.redfin.com/CT/Westbrook/13-Timberlane-Dr-06498/home/54385921,Smart MLS,170289608,N,Y,41.3226565,-72.4353152
MLS Listing,,Single Family Residential,95 Pratt Rd,Clinton,CT,06413,650000,3,2.5,Riverside,2274,27878,2005,7,286,,Active,,,http://www.redfin.com/CT/Clinton/95-Pratt-Rd-06413/home/53954750,Smart MLS,170289643,N,Y,41.2727592,-72.5358362
MLS Listing,,Condo/Co-op,100 Dudley Ave Unit D20,Old Saybrook,CT,06475,395000,2,2.5,Old Saybrook,2100,,1979,8,188,433,Active,,,http://www.redfin.com/CT/Old-Saybrook/100-Dudley-Ave-06475/unit-D20/home/54421694,Smart MLS,170289558,N,Y,41.2941968,-72.3744046
MLS Listing,,Condo/Co-op,314 Carriage Crossing Ln #314,Middletown,CT,06457,109900,1,1.0,Middletown,760,,1988,8,145,345,Active,,,http://www.redfin.com/CT/Middletown/314-Carriage-Crossing-Ln-06457/unit-314/home/171426415,Smart MLS,170290490,N,Y,41.5845982,-72.7099537
MLS Listing,,Condo/Co-op,8 Augusta Cir #8,East Haddam,CT,06469,199900,2,2.0,Moodus,1677,,2006,8,119,425,Active,,,http://www.redfin.com/CT/Moodus/8-Augusta-Cir-06469/unit-8/home/144539540,Smart MLS,170290206,N,Y,41.5142634,-72.4640807
MLS Listing,,Single Family Residential,Lot 4 Fairchild Rd,Middletown,CT,06457,349900,3,2.5,Middletown,2000,68389,2020,8,175,,Active,,,http://www.redfin.com/CT/Middletown/4-Fairchild-Rd-06457/home/166729632,Smart MLS,170290429,N,Y,41.549382,-72.6207024
MLS Listing,,Single Family Residential,23 Sunset Ln,Middlefield,CT,06455,489900,4,4.0,Middlefield,4626,22215,1967,9,106,,Active,,,http://www.redfin.com/CT/Middlefield/23-Sunset-Ln-06455/home/53984014,Smart MLS,170290368,N,Y,41.5324847,-72.7192022
MLS Listing,,Single Family Residential,14 Morris Hubbard Rd,Haddam,CT,06441,299900,3,2.0,Haddam,1768,49222,1974,9,170,,Active,,,http://www.redfin.com/CT/Higganum/14-Morris-Hubbard-Rd-06441/home/53705263,Smart MLS,170288949,N,Y,41.4797483,-72.5550273
MLS Listing,,Single Family Residential,444 Washington St,Middletown,CT,06457,74900,3,1.5,Middletown,1150,5227,1900,9,65,,Active,,,http://www.redfin.com/CT/Middletown/444-Washington-St-06457/home/54070069,Smart MLS,170290310,N,Y,41.557641,-72.6657235
MLS Listing,,Condo/Co-op,2 Country Squire Dr Unit E,Cromwell,CT,06416,93280,2,1.0,Cromwell,805,,1971,10,116,351,Active,,,http://www.redfin.com/CT/Cromwell/2-Country-Squire-Dr-06416/unit-E/home/53660538,Smart MLS,170290280,N,Y,41.604781,-72.691143
MLS Listing,,Single Family Residential,120 E Shore Dr,East Haddam,CT,06423,259800,3,2.0,Lake Hayward,1510,42688,1992,10,172,,Active,,,http://www.redfin.com/CT/East-Haddam/120-E-Shore-Dr-06423/home/53784108,Smart MLS,170290036,N,Y,41.5158516,-72.32258
MLS Listing,,Single Family Residential,255 Mount Parnassus Rd,East Haddam,CT,06423,259900,3,2.0,East Haddam,2130,49222,1935,10,122,,Active,,,http://www.redfin.com/CT/East-Haddam/255-Mt-Parnassus-Rd-06423/home/53784541,Smart MLS,170290250,N,Y,41.4712116,-72.4008245
MLS Listing,,Single Family Residential,45 Jack English Dr,Middletown,CT,06457,370500,3,2.5,Mercy View,2050,22215,2020,10,181,,Active,,,http://www.redfin.com/CT/Middletown/Jack-English-Dr-06457/home/141305884,Smart MLS,170287903,N,Y,41.533513,-72.664792
MLS Listing,,Single Family Residential,776 Route 148,Killingworth,CT,06419,359000,6,3.5,Killingworth,2552,113256,1887,10,141,,Active,,,http://www.redfin.com/CT/Killingworth/776-CT-148-06419/home/54368266,Smart MLS,170290212,N,Y,41.4234088,-72.6331373
MLS Listing,,Vacant Land,00 Pent Rd,Durham,CT,06422,175000,,,Durham,,106286,,10,,,Active,,,http://www.redfin.com/CT/DURHAM/PENT-RD-06422/home/109651358,Smart MLS,170290156,N,Y,41.472068,-72.713345
MLS Listing,,Single Family Residential,16 Parker Ter,Essex,CT,06426,499000,3,3.0,Essex Village,1248,36590,1947,10,400,,Active,,,http://www.redfin.com/CT/Essex/16-Parker-Ter-06426/home/54239315,Smart MLS,170289856,N,Y,41.355302,-72.398659
MLS Listing,,Single Family Residential,32 Middle Haddam Rd,East Hampton,CT,06424,269900,4,2.5,Middle Haddam,2974,25700,1984,11,91,,Active,,,http://www.redfin.com/CT/EAST-HAMPTON/32-MIDDLE-HADDAM-RD-06424/home/54356192,Smart MLS,170290048,N,Y,41.558225,-72.553371
MLS Listing,,Single Family Residential,39 Young St,East Hampton,CT,06424,299900,3,2.5,East Hampton,2106,158122,2005,11,142,,Active,,,http://www.redfin.com/CT/East-Hampton/39-Young-St-06424/home/54355500,Smart MLS,170290038,N,Y,41.5588393,-72.5118632
MLS Listing,,Single Family Residential,56 Eli Chapman Rd,East Haddam,CT,06469,299500,4,2.0,Moodus,2012,136778,1978,11,149,,Active,,,http://www.redfin.com/CT/Moodus/56-Eli-Chapman-Rd-06469/home/53785334,Smart MLS,170289775,N,Y,41.5198315,-72.4121524
MLS Listing,,Condo/Co-op,839 Long Hill Rd Unit C,Middletown,CT,06457,164900,2,2.5,Middletown,1294,,1986,11,127,338,Active,,,http://www.redfin.com/CT/Middletown/839-Long-Hill-Rd-06457/unit-C/home/54066045,Smart MLS,170287886,N,Y,41.5201435,-72.6719904
MLS Listing,,Condo/Co-op,795 Long Hill Rd Unit D,Middletown,CT,06457,174900,2,1.5,Middletown,1785,,1986,12,98,330,Active,,,http://www.redfin.com/CT/Middletown/795-Long-Hill-Rd-06457/unit-D/home/54065871,Smart MLS,170289142,N,Y,41.5208122,-72.6718188
MLS Listing,,Condo/Co-op,27 Chestnut Ct #27,Cromwell,CT,06416,167000,3,2.5,North Cromwell,1832,,1973,12,91,426,Active,,,http://www.redfin.com/CT/Cromwell/27-Chestnut-Ct-06416/unit-27/home/53660585,Smart MLS,170289588,N,Y,41.6061785,-72.6850072
MLS Listing,,Single Family Residential,255 Saybrook Rd,Haddam,CT,06441,549000,5,2.5,Higganum,3456,78408,1910,13,159,,Active,,,http://www.redfin.com/CT/Higganum/255-Saybrook-Rd-06441/home/53705661,Smart MLS,170289578,N,Y,41.497549,-72.5631602
MLS Listing,,Single Family Residential,239 Main St,Durham,CT,06422,274900,3,2.5,Durham Center,2803,10454,1704,13,98,,Active,,,http://www.redfin.com/CT/Durham/239-Main-St-06422/home/54015704,Smart MLS,170289567,N,Y,41.4788369,-72.6810344
MLS Listing,,Single Family Residential,6 Essex Glen Dr #6,Essex,CT,06426,449900,2,2.0,Essex,1560,,2020,13,288,400,Active,,,http://www.redfin.com/CT/Essex/6-Essex-Plz-06426/unit-6/home/171242370,Smart MLS,170286687,N,Y,41.3528613,-72.4074806
MLS Listing,,Single Family Residential,331 E Haddam Moodus Rd,East Haddam,CT,06469,214900,3,1.0,East Haddam Landing,960,80586,1923,13,224,,Active,,,http://www.redfin.com/CT/Moodus/331-E-Haddam-Moodus-Rd-06469/home/53784510,Smart MLS,170289217,N,Y,41.4931636,-72.4609839
MLS Listing,,Single Family Residential,16 Hammock Pkwy,Clinton,CT,06413,425000,3,2.5,Clinton,1363,4791,1963,13,312,10,Active,,,http://www.redfin.com/CT/Clinton/16-Hammock-Pkwy-06413/home/53953994,Smart MLS,170288644,N,Y,41.2625402,-72.5157809
MLS Listing,,Vacant Land,66 Brookwood Dr,Westbrook,CT,06498,110000,,,Brookwood Estates,,148975,,13,,,Active,,,http://www.redfin.com/CT/Westbrook/66-Brookwood-Dr-06498/home/54387149,Smart MLS,170282248,N,Y,41.303662,-72.460026
MLS Listing,,Single Family Residential,11 Hi Lo Rd,Durham,CT,06422,399900,3,2.5,Durham,2550,50093,1996,13,157,,Active,,,http://www.redfin.com/CT/Durham/11-Hi-Lo-Rd-06422/home/54015194,Smart MLS,170289412,N,Y,41.4548429,-72.7195297
MLS Listing,,Single Family Residential,8 Clinton Ave,Old Saybrook,CT,06475,439900,3,2.0,Old Saybrook,1715,8712,1919,13,257,,Active,,,http://www.redfin.com/CT/Old-Saybrook/8-Clinton-Ave-06475/home/54419109,Smart MLS,170288896,N,Y,41.2799506,-72.3726646
MLS Listing,,Single Family Residential,17 Economy Dr,Westbrook,CT,06498,449900,3,2.5,Westbrook,2253,25264,2020,13,200,,Active,,,http://www.redfin.com/CT/Westbrook/17-Economy-Dr-06498/home/54387958,Smart MLS,170289029,N,Y,41.281759,-72.440402
MLS Listing,,Single Family Residential,37 New Ln,Cromwell,CT,06416,329609,4,2.0,Cromwell,1600,12196,1931,14,206,,Active,,,http://www.redfin.com/CT/Cromwell/37-New-Ln-06416/home/53657962,Smart MLS,170287638,N,Y,41.600682,-72.6525417
MLS Listing,,Single Family Residential,119 Westbrook Heights Rd,Westbrook,CT,06498,189900,2,1.0,Westbrook,864,8712,1963,14,220,,Active,,,http://www.redfin.com/CT/Westbrook/119-Westbrook-Heights-Rd-06498/home/54386793,Smart MLS,170289337,N,Y,41.2864875,-72.4404353
