SALE TYPE,SOLD DATE,PROPERTY TYPE,ADDRESS,CITY,STATE OR PROVINCE,ZIP OR POSTAL CODE,PRICE,BEDS,BATHS,LOCATION,SQUARE FEET,LOT SIZE,YEAR BUILT,DAYS ON MARKET,$/SQUARE FEET,HOA/MONTH,STATUS,NEXT OPEN HOUSE START TIME,NEXT OPEN HOUSE END TIME,URL (SEE http://www.redfin.com/buy-a-home/comparative-market-analysis FOR INFO ON PRICING),SOURCE,MLS#,FAVORITE,INTERESTED,LATITUDE,LONGITUDE
MLS Listing,,Multi-Family (2-4 Unit),107 Main St,Nantucket,MA,02554,2575000,7,7.5,Nantucket,,4281,1740,3,,,Active,,,http://www.redfin.com/MA/Nantucket/107-Main-St-02554/unit-A/home/111199086,CCIMLS,22002505,N,Y,41.2812225,-70.1035133
MLS Listing,,Single Family Residential,5 Milk St,Nantucket,MA,02554,4100000,6,5.5,Nantucket,7178,7841,1830,6,571,,Active,,,http://www.redfin.com/MA/Nantucket/5-Milk-St-02554/home/111195522,CCIMLS,22002430,N,Y,41.2805131,-70.1038334
MLS Listing,,Single Family Residential,1 Barnabas Ln,Nantucket,MA,02554,6464000,7,8.0,Nantucket,6200,,2018,7,1043,,Active,,,http://www.redfin.com/MA/Nantucket/1-Barnabas-Ln-02554/home/102301763,CCIMLS,22002414,N,Y,41.2834485,-70.1082223
MLS Listing,,Single Family Residential,343 Polpis Rd,Nantucket,MA,02554,2995000,5,5.5,Nantucket,3880,143748,1982,15,772,,Active,,,http://www.redfin.com/MA/Nantucket/343-Polpis-Rd-02554/home/111216884,CCIMLS,22002286,N,Y,41.2904864,-69.9916727
MLS Listing,,Condo/Co-op,7 B Park Cir Unit B,Nantucket,MA,02554,799000,3,2.5,Nantucket,1795,,2006,18,445,,Active,,,http://www.redfin.com/MA/Nantucket/7-Park-Cir-02554/unit-B/home/111229666,CCIMLS,22002255,N,Y,41.2651835,-70.0598817
MLS Listing,,Single Family Residential,85 Millbrook Rd,Nantucket,MA,02554,4595000,4,6.0,Nantucket,8115,98446,1986,19,566,,Active,,,http://www.redfin.com/MA/Nantucket/85-Millbrook-Rd-02554/home/111203084,CCIMLS,22002244,N,Y,41.2815811,-70.1287192
MLS Listing,,Vacant Land,38 Monohansett Rd,Nantucket,MA,02554,799000,,,Nantucket,,80150,,19,,,Active,,,http://www.redfin.com/MA/Nantucket/38-Monohansett-Rd-02554/home/111222909,CCIMLS,22002242,N,Y,41.2530209,-70.070385
MLS Listing,,Single Family Residential,36 West Chester St,Nantucket,MA,02554,5100000,5,6.0,Nantucket,5300,11326,2012,19,962,,Active,,,http://www.redfin.com/MA/Nantucket/36-W-Chester-St-02554/home/111202724,CCIMLS,22002236,N,Y,41.2867603,-70.1070198
MLS Listing,,Single Family Residential,37 Macys Ln,Nantucket,MA,02554,690000,3,1.0,Nantucket,1700,7841,1999,26,406,,Active,,,http://www.redfin.com/MA/Nantucket/37-Macys-Ln-02554/home/77363615,CCIMLS,22002155,N,Y,41.2635128,-70.0633628
MLS Listing,,Single Family Residential,54 Goldfinch Dr,Nantucket,MA,02554,1395000,4,3.5,Nantucket,2638,4792,1995,43,529,,Active,,,http://www.redfin.com/MA/Nantucket/54-Goldfinch-Dr-02554/home/111210610,CCIMLS,22001856,N,Y,41.2655917,-70.0730388
MLS Listing,,Single Family Residential,1 Valley View Dr,Nantucket,MA,02554,1250000,3,3.0,Nantucket,2595,7841,1996,46,482,,Active,,,http://www.redfin.com/MA/Nantucket/1-Valley-View-Dr-02554/home/111203244,CCIMLS,22001820,N,Y,41.2626976,-70.1031357
MLS Listing,,Single Family Residential,12 Academy Ln,Nantucket,MA,02554,2495000,5,3.0,Nantucket,1792,4356,1842,55,1392,,Active,,,http://www.redfin.com/MA/Nantucket/12-Academy-Ln-02554/home/111207220,CCIMLS,22001552,N,Y,41.2853537,-70.1024379
MLS Listing,,Single Family Residential,15 Williams St,Nantucket,MA,02554,2595000,5,4.5,Nantucket,3940,6098,2006,55,659,,Active,,,http://www.redfin.com/MA/Nantucket/15-Williams-St-02554/home/111206728,CCIMLS,22001549,N,Y,41.2751378,-70.0961582
MLS Listing,,Single Family Residential,3 Weatherly Pl,Nantucket,MA,02554,1195000,3,2.0,Nantucket,1350,10019,2015,57,885,,Active,,,http://www.redfin.com/MA/Nantucket/3-Weatherly-Pl-02554/home/111231653,CCIMLS,22001498,N,Y,41.2649254,-70.0992154
MLS Listing,,Single Family Residential,7 Starbuck Ct,Nantucket,MA,02554,3695000,4,2.0,Nantucket,2516,,1800,61,1469,,Active,,,http://www.redfin.com/MA/Nantucket/7-Starbuck-Ct-02554/home/111195136,CCIMLS,22001416,N,Y,41.2799464,-70.1029882
MLS Listing,,Single Family Residential,7 Coffin Rd,Nantucket,MA,02554,3650000,4,5.0,Nantucket,4500,35284,2019,63,811,,Active,,,http://www.redfin.com/MA/Nantucket/7-Coffin-St-02554/home/167650322,CCIMLS,22001332,N,Y,41.2819801,-70.0970885
MLS Listing,,Single Family Residential,5 Curlew Ct,Nantucket,MA,02554,1175000,3,2.5,Nantucket,1682,5033,1995,68,699,,Active,,,http://www.redfin.com/MA/Nantucket/5-Curlew-Ct-02554/home/77364707,CCIMLS,22001189,N,Y,41.2638855,-70.0716781
MLS Listing,,Single Family Residential,14 Darling St,Nantucket,MA,02554,2775000,3,3.5,Nantucket,1750,2356,1843,70,1586,,Active,,,http://www.redfin.com/MA/Nantucket/14-Darling-St-02554/home/79084494,CCIMLS,22001146,N,Y,41.2800125,-70.1006238
MLS Listing,,Single Family Residential,3 W Chester,Nantucket,MA,02554,3200000,4,6.0,850,3390,6098,1820,83,944,,Active,,,http://www.redfin.com/MA/Nantucket/3-W-Chester-St-02554/home/111207609,MLS PIN,72618858,N,Y,41.2874271,-70.1032752
MLS Listing,,Single Family Residential,8 Bank St,Nantucket,MA,02554,690000,1,1.0,Nantucket,387,1307,1900,84,1783,,Active,,,http://www.redfin.com/MA/Nantucket/8-Bank-St-02554/home/111198814,CCIMLS,22000816,N,Y,41.2626855,-69.9632926
MLS Listing,,Single Family Residential,22 Flintlock Rd,Nantucket,MA,02554,995000,2,1.0,Tom Nevers,908,47916,1980,134,1096,,Active,,,http://www.redfin.com/MA/Nantucket/22-Flintlock-Rd-02554/home/111219992,CCIMLS,21908581,N,Y,41.2539294,-69.9981744
MLS Listing,,Single Family Residential,22 Eel Point Rd,Nantucket,MA,02554,2595000,5,3.5,Nantucket,2942,2,1996,138,882,,Active,,,http://www.redfin.com/MA/Nantucket/22-Eel-Point-Rd-02554/home/111214280,CCIMLS,21908554,N,Y,41.2881017,-70.148069
MLS Listing,,Single Family Residential,21 Surfside Rd,Nantucket,MA,02554,1250000,4,3.0,Nashaquisset,2182,9356,1985,177,573,,Active,,,http://www.redfin.com/MA/Nantucket/21-Surfside-Rd-02554/home/111217179,MLS PIN,72590938,N,Y,41.2717027,-70.1003447
MLS Listing,,Single Family Residential,68 Hawthorne Park Ln,Nantucket,MA,02554,3195000,5,5.5,Nantucket,3438,8276,2020,188,929,,Active,,,http://www.redfin.com/MA/Nantucket/68-Hawthorne-Ln-02554/home/169603780,CCIMLS,21907860,N,Y,41.2783983,-70.1236804
MLS Listing,,Single Family Residential,69 Hawthorne Park Ln,Nantucket,MA,02554,2995000,4,3.5,Nantucket,3197,7579,2020,188,937,,Active,,,http://www.redfin.com/MA/Nantucket/69-Hawthorne-Ln-02554/home/169603035,CCIMLS,21907858,N,Y,41.2783983,-70.1236804
MLS Listing,,Single Family Residential,77 Hawthorne Park Ln,Nantucket,MA,02554,2995000,5,5.5,Nantucket,3438,8233,2020,188,871,,Active,,,http://www.redfin.com/MA/Nantucket/77-Hawthorne-St-02554/home/169602676,CCIMLS,21907854,N,Y,41.278393,-70.123682
MLS Listing,,Vacant Land,8.5 Evergreen Way,Nantucket,MA,02554,499000,,,Nantucket,,40075,,207,,,Active,,,http://www.redfin.com/MA/Nantucket/8-5-Evergreen-Way-02554/home/169404066,CCIMLS,21907484,N,Y,41.258647,-70.07002
MLS Listing,,Single Family Residential,13 North Star Ln,Nantucket,MA,02554,4995000,5,5.5,Nantucket,3560,15681,1983,211,1403,,Active,,,http://www.redfin.com/MA/Nantucket/13-N-Star-Ln-02554/home/111210435,CCIMLS,21907366,N,Y,41.2925078,-70.1109969
MLS Listing,,Single Family Residential,11 Hussey St,Nantucket,MA,02554,4795000,6,6.0,Nantucket,,6098,1735,235,,,Active,,,http://www.redfin.com/MA/Nantucket/11-Hussey-St-02554/home/111207233,CCIMLS,21906721,N,Y,41.2843151,-70.1016936
MLS Listing,,Vacant Land,39 Beach Grass Rd,Nantucket,MA,02554,419000,,,Nantucket,,4356,,237,,,Active,,,http://www.redfin.com/MA/Nantucket/39-Beach-Grass-RD-02554/home/168981397,CCIMLS,21906640,N,Y,41.259842,-70.076076
MLS Listing,,Vacant Land,31 Beach Grass Rd,Nantucket,MA,02554,419000,,,Nantucket,,4792,,237,,,Active,,,http://www.redfin.com/MA/Nantucket/31-Beach-Grass-RD-02554/home/168981324,CCIMLS,21906639,N,Y,41.260285,-70.076325
MLS Listing,,Vacant Land,27 Beach Grass Rd,Nantucket,MA,02554,330000,,,Nantucket,,4356,,237,,,Active,,,http://www.redfin.com/MA/Nantucket/27-Beach-Grass-RD-02554/home/168981249,CCIMLS,21906638,N,Y,41.262192,-70.076438
MLS Listing,,Vacant Land,25 Beach Grass Rd,Nantucket,MA,02554,330000,,,Nantucket,,,,237,,,Active,,,http://www.redfin.com/MA/Nantucket/25-Beach-Grass-RD-02554/home/168981131,CCIMLS,21906636,N,Y,41.261335,-70.07601
MLS Listing,,Single Family Residential,71 Vestal St,Nantucket,MA,02554,4950000,5,5.0,Nantucket,3890,20037,2014,256,1272,,Active,,,http://www.redfin.com/MA/Nantucket/71-Vestal-St-02554/home/111229500,CCIMLS,21906096,N,Y,41.27906,-70.114997
MLS Listing,,Single Family Residential,30 Woodbury Ln,Nantucket,MA,02554,3175000,5,4.5,Nantucket,2819,5227,1995,326,1126,,Active,,,http://www.redfin.com/MA/Nantucket/30-Woodbury-Ln-02554/home/111203178,CCIMLS,21904392,N,Y,41.2833714,-70.1086246
MLS Listing,,Single Family Residential,51 Dukes Rd Rd,Nantucket,MA,02554,5995000,6,7.5,Nantucket,6151,27878,2015,350,975,,Active,,,http://www.redfin.com/MA/Nantucket/51-Dukes-Rd-02554/home/111231630,CCIMLS,21903671,N,Y,41.279161,-70.1221606
MLS Listing,,Multi-Family (2-4 Unit),6 Macy Rd,Nantucket,MA,02554,3995000,4,3.5,Nantucket,2646,23958,1997,413,1510,,Active,,,http://www.redfin.com/MA/Nantucket/6-Macy-Rd-02554/home/111210310,CCIMLS,21901686,N,Y,41.2707178,-70.1996034
MLS Listing,,Single Family Residential,4 Pocomo Rd,Nantucket,MA,02554,2100000,4,4.0,Nantucket,6838,170755,1977,816,307,,Active,,,http://www.redfin.com/MA/Nantucket/4-Pocomo-Rd-02554/home/111202671,CCIMLS,21800707,N,Y,41.31436,-70.007863
MLS Listing,,Vacant Land,18 Mount Vernon St,Nantucket,MA,02554,795000,,,Nantucket,,5070,,1125,,,Active,,,http://www.redfin.com/MA/Nantucket/18-Mt-Vernon-St-02554/home/108995350,CCIMLS,21710884,N,Y,41.2781939,-70.1062523
