SALE TYPE,SOLD DATE,PROPERTY TYPE,ADDRESS,CITY,STATE OR PROVINCE,ZIP OR POSTAL CODE,PRICE,BEDS,BATHS,LOCATION,SQUARE FEET,LOT SIZE,YEAR BUILT,DAYS ON MARKET,$/SQUARE FEET,HOA/MONTH,STATUS,NEXT OPEN HOUSE START TIME,NEXT OPEN HOUSE END TIME,URL (SEE http://www.redfin.com/buy-a-home/comparative-market-analysis FOR INFO ON PRICING),SOURCE,MLS#,FAVORITE,INTERESTED,LATITUDE,LONGITUDE
MLS Listing,,Single Family Residential,15 Souza Rd,Tiverton,RI,02878,399800,3,2.5,Tiverton,2128,21780,2012,8,188,,Active,,,http://www.redfin.com/RI/Tiverton/15-Souza-Rd-02878/home/52003379,RIS,1250640,N,Y,41.6460472,-71.2016396
MLS Listing,,Condo/Co-op,314 Chases Ln Unit D,Middletown,RI,02842,459900,3,2.5,Chases Lane,1738,26136,2020,1,265,208,Active,,,http://www.redfin.com/RI/Middletown/314-Chases-Ln-02842/unit-D/home/171544989,RIS,1252946,N,Y,41.5284333,-71.3062989
MLS Listing,,Condo/Co-op,12 Valley Ln,Portsmouth,RI,02871,295000,2,2.0,Valley Lane,1101,,1987,1,268,330,Active,,,http://www.redfin.com/RI/Portsmouth/12-Valley-Ln-02871/home/51906384,RIS,1252835,N,Y,41.616605,-71.248851
MLS Listing,,Single Family Residential,32 East Shore Rd,Jamestown,RI,02835,1499000,3,2.5,Jamestown,1750,6143,1982,1,857,,Active,,,http://www.redfin.com/RI/Jamestown/32-E-Shore-Rd-02835/home/51935161,RIS,1251948,N,Y,41.5155326,-71.3660099
MLS Listing,,Single Family Residential,151 Robert Gray Ave,Tiverton,RI,02878,285000,3,1.0,North Tiverton,1092,1092,1966,1,261,,Active,,,http://www.redfin.com/RI/Tiverton/151-Robert-Gray-Ave-02878/home/52002411,RIS,1252886,N,Y,41.658329,-71.1986229
MLS Listing,,Single Family Residential,829 Union St,Portsmouth,RI,02871,589900,3,2.5,SOUTH PORTSMOUTH,2250,19500,2019,1,262,,Active,,,http://www.redfin.com/RI/Portsmouth/829-Union-St-02871/home/168675252,RIS,1252854,N,Y,41.5591891,-71.2848191
MLS Listing,,Single Family Residential,153 Intrepid Ln,Jamestown,RI,02835,789900,4,2.5,East Passage Estates,4434,143748,1990,1,178,21,Active,,,http://www.redfin.com/RI/Jamestown/153-Intrepid-Ln-02835/home/51936636,RIS,1251743,N,Y,41.544656,-71.3695643
MLS Listing,,Condo/Co-op,214 Goddard Row #214,Newport,RI,02840,499000,2,1.5,Brick Market Place,1181,,1974,1,423,379,Active,,,http://www.redfin.com/RI/Newport/214-Goddard-Row-02840/unit-214/home/109247497,RIS,1249456,N,Y,41.489153,-71.315685
MLS Listing,,Single Family Residential,409 Vanderbilt Ln,Portsmouth,RI,02871,1549500,4,4.0,SEABERRY FARM,6638,40075,2004,1,233,,Active,,,http://www.redfin.com/RI/Portsmouth/409-Vanderbilt-Ln-02871/home/51901407,RIS,1249064,N,Y,41.568447,-71.2386962
MLS Listing,,Single Family Residential,82 Baker Rd,Portsmouth,RI,02871,1200000,4,3.0,Quiet dead end with beach,2900,25700,2020,2,414,,Active,,,http://www.redfin.com/RI/Portsmouth/82-Baker-Rd-02871/home/171529823,RIS,1252805,N,Y,41.622425,-71.271639
MLS Listing,,Vacant Land,0 Indian Ave,Middletown,RI,02842,2200000,,,Indian Avenue,,244044,,3,,,Active,,,http://www.redfin.com/RI/MIDDLETOWN/INDIAN-AVE-02842/home/51938892,RIS,1252756,N,Y,41.504139,-71.243637
MLS Listing,,Single Family Residential,601 Beavertail Rd,Jamestown,RI,02835,2895000,6,4.5,Beavertail Farm,6214,109336,1900,3,466,50,Active,,,http://www.redfin.com/RI/Jamestown/601-Beavertail-Rd-02835/home/51937393,RIS,1252614,N,Y,41.4598981,-71.3947418
MLS Listing,,Vacant Land,82 Smythe St,Middletown,RI,02842,64500,,,Middletown,,3920,,4,,,Active,,,http://www.redfin.com/RI/Middletown/82-Smythe-St-02842/home/51941560,RIS,1252772,N,Y,41.5157311,-71.303916
MLS Listing,,Condo/Co-op,205 Rolling Hill Rd #205,Portsmouth,RI,02871,575000,2,2.5,Overlook Point,2022,,2001,4,284,426,Active,,,http://www.redfin.com/RI/Portsmouth/205-Rolling-Hill-Rd-02871/unit-205/home/74879088,RIS,1252694,N,Y,41.568575,-71.288398
MLS Listing,,Single Family Residential,113 Quicksand Pond Rd,Little Compton,RI,02837,1650000,2,2.0,Little Compton,2945,304920,1973,4,560,,Active,,,http://www.redfin.com/RI/Little-Compton/113-Quicksand-Pond-Rd-02837/home/170040746,RIS,1252740,N,Y,41.519897,-71.136391
MLS Listing,,Single Family Residential,42 Sheldon St,Tiverton,RI,02878,154900,3,1.0,Tiverton,1222,13504,1940,4,127,,Active,,,http://www.redfin.com/RI/Tiverton/42-Sheldon-St-02878/home/51996740,MLS PIN,72650198,N,Y,41.658043,-71.150881
MLS Listing,,Condo/Co-op,32 Valley Ln,Portsmouth,RI,02871,295000,2,2.0,Portsmouth,1101,,1987,4,268,330,Active,,,http://www.redfin.com/RI/Portsmouth/32-Valley-Ln-02871/home/51905246,RIS,1252693,N,Y,41.617522,-71.248261
MLS Listing,,Single Family Residential,110 Orchard Ave,Middletown,RI,02842,650000,3,2.0,Beaches and St. George's,1980,4791,1950,4,328,,Active,,,http://www.redfin.com/RI/Middletown/110-Orchard-Ave-02842/home/51940713,RIS,1252697,N,Y,41.4922964,-71.2814584
MLS Listing,,Single Family Residential,10 Starlit Rd,Tiverton,RI,02878,995000,4,3.5,East Bay Water View,5537,30056,2006,4,180,,Active,,,http://www.redfin.com/RI/Tiverton/10-Starlit-Rd-02878/home/51999225,RIS,1252701,N,Y,41.6558217,-71.2020265
MLS Listing,,Vacant Land,71 Amy Hart Path,Little Compton,RI,02837,239000,,,Amy Hart,,278784,,4,,,Active,,,http://www.redfin.com/RI/Little-Compton/71-Amy-Hart-Path-02837/home/51745514,RIS,1252690,N,Y,41.5499617,-71.1454836
MLS Listing,,Single Family Residential,13 Whitwell Ave,Newport,RI,02840,459900,2,2.0,Newport,1664,4950,1986,4,276,,Active,,,http://www.redfin.com/RI/Newport/13-Whitwell-Ave-02840/home/51752854,RIS,1252552,N,Y,41.4987901,-71.3036492
MLS Listing,,Single Family Residential,46 Indian Hill Rd,Tiverton,RI,02878,305000,3,1.0,Tiverton,2032,38768,1978,4,150,,Active,,,http://www.redfin.com/RI/Tiverton/46-Indian-Hill-Rd-02878/home/52001635,RIS,1252259,N,Y,41.6291275,-71.1426091
MLS Listing,,Single Family Residential,252 Maple Ave,Newport,RI,02840,375000,4,2.0,Newport,1676,5000,1954,5,224,,Active,,,http://www.redfin.com/RI/Newport/252-Maple-Ave-02840/home/51748112,RIS,1252649,N,Y,41.5152692,-71.3150979
MLS Listing,,Single Family Residential,27 East View Dr,Little Compton,RI,02837,650000,3,2.5,South Shore Beach Area / East View,2559,15120,2003,5,254,13,Active,,,http://www.redfin.com/RI/Little-Compton/27-E-View-Dr-02837/home/51744695,RIS,1252623,N,Y,41.496179,-71.149587
MLS Listing,,Condo/Co-op,1 Tower Dr #605,Portsmouth,RI,02871,699000,2,3.0,Aquidneck Club/Formerly Carnegie A,1785,,2008,5,392,1382,Active,,,http://www.redfin.com/RI/Portsmouth/1-Tower-Dr-02871/unit-605/home/51909012,RIS,1252573,N,Y,41.6157919,-71.268901
MLS Listing,,Condo/Co-op,203 Fairway Dr #203,Middletown,RI,02842,319900,2,2.5,Browns Lane/Wanu Golf Course,1989,,1993,5,161,440,Active,,,http://www.redfin.com/RI/Middletown/203-Fairway-Dr-02842/unit-203/home/169148040,RIS,1252127,N,Y,41.537529,-71.296606
MLS Listing,,Single Family Residential,9 Caiger Ln,Portsmouth,RI,02871,549000,3,3.5,Sea Meadow Farms,2896,25700,1983,6,190,,Active,,,http://www.redfin.com/RI/Portsmouth/9-Caiger-Ln-02871/home/51901482,RIS,1252516,N,Y,41.5873247,-71.2521316
MLS Listing,,Single Family Residential,223 Wapping Rd,Portsmouth,RI,02871,749000,3,3.5,Wapping/Beaches,3004,91040,1985,7,249,,Active,,,http://www.redfin.com/RI/Portsmouth/223-Wapping-Rd-02871/home/51902509,RIS,1252387,N,Y,41.5452702,-71.246795
MLS Listing,,Condo/Co-op,1 Tower Dr #1005,Portsmouth,RI,02871,875000,3,3.5,Aquidneck Club / Carnegie Abbey Est,2270,,2008,7,385,1757,Active,,,http://www.redfin.com/RI/Portsmouth/1-Tower-Dr-02871/unit-1005/home/51908914,RIS,1250458,N,Y,41.6157919,-71.268901
MLS Listing,,Single Family Residential,6 Casey Ct,Newport,RI,02840,2995000,6,5.0,Bailey's Beach / Almy Pond,3957,13454,1880,7,757,,Active,,,http://www.redfin.com/RI/Newport/6-Casey-Ct-02840/home/51754430,RIS,1252364,N,Y,41.4603787,-71.3093035
MLS Listing,,Condo/Co-op,3 Kirwins Ln #3,Newport,RI,02840,1299000,2,2.0,Harbor Front,1536,,1998,7,846,900,Active,,,http://www.redfin.com/RI/Newport/3-Kirwins-5th-Ward-Ln-02840/unit-3/home/169775590,RIS,1252435,N,Y,41.478691,-71.3161329
MLS Listing,,Single Family Residential,9 Sagamore St,Newport,RI,02840,349900,3,1.0,Outer Broadway,1344,4791,1927,8,260,,Active,,,http://www.redfin.com/RI/Newport/9-Sagamore-St-02840/home/51753556,RIS,1252304,N,Y,41.5063788,-71.304979
MLS Listing,,Single Family Residential,105 Water St,Portsmouth,RI,02871,535000,3,3.0,WATER STREET,2328,21500,1979,8,230,,Active,,,http://www.redfin.com/RI/Portsmouth/105-Water-St-02871/home/51904616,RIS,1252398,N,Y,41.6046682,-71.2436802
MLS Listing,,Single Family Residential,48 Luke Dr,Tiverton,RI,02878,494900,4,2.5,Stafford Pond,2496,37026,2019,8,198,,Active,,,http://www.redfin.com/RI/Tiverton/48-Luke-Dr-02878/home/142984116,RIS,1252371,N,Y,41.6249364,-71.1515092
MLS Listing,,Vacant Land,0 Narragansett Ave,Portsmouth,RI,02872,59900,,,Prudence Island,,20000,,8,,,Active,,,http://www.redfin.com/RI/PORTSMOUTH/NARRAGANSETT-AVE-02871/home/51901009,RIS,1252318,N,Y,41.598852,-71.310535
MLS Listing,,Single Family Residential,58 Crest Rd,Tiverton,RI,02878,275000,3,1.5,Tiverton,2064,60548,1996,8,133,,Active,,,http://www.redfin.com/RI/Tiverton/58-Crest-Rd-02878/home/52000011,RIS,1252345,N,Y,41.599881,-71.145477
MLS Listing,,Condo/Co-op,386 Green End Ave #6,Middletown,RI,02842,359000,2,1.0,Aquidneck highlands,1245,,1920,9,288,414,Active,,,http://www.redfin.com/RI/Middletown/386-Green-End-Ave-02842/unit-6/home/51940029,RIS,1251852,N,Y,41.5071032,-71.2846997
MLS Listing,,Single Family Residential,228 Gibbs Ave,Newport,RI,02840,1250000,5,2.5,Kay/Catherine,2650,9503,1921,9,472,,Active,,,http://www.redfin.com/RI/Newport/228-Gibbs-Ave-02840/home/51748747,RIS,1252317,N,Y,41.4932548,-71.3010857
MLS Listing,,Condo/Co-op,9 Whitfield Pl #4,Newport,RI,02840,243000,1,1.0,Newport,624,,1865,10,389,242,Active,,,http://www.redfin.com/RI/Newport/9-Whitfield-Pl-02840/unit-4/home/51748617,RIS,1252282,N,Y,41.4886628,-71.3099184
MLS Listing,,Single Family Residential,40 Cutler Ct,Portsmouth,RI,02871,1049000,4,2.5,Cutler Court at the Glen,2875,32900,2020,11,365,,Active,,,http://www.redfin.com/RI/Portsmouth/7-Cutler-Ct-02871/home/170110177,RIS,1250622,N,Y,41.5651055,-71.2493431
MLS Listing,,Single Family Residential,83 Pemberton Ave,Jamestown,RI,02835,815000,5,3.0,Jamestown Village,2376,18000,1979,11,343,,Active,,,http://www.redfin.com/RI/Jamestown/83-Pemberton-Ave-02835/home/51936617,RIS,1252249,N,Y,41.5007434,-71.3768475
MLS Listing,,Single Family Residential,111 Warner St,Newport,RI,02840,550000,4,1.5,Broadway,2370,2614,1900,11,232,,Active,,,http://www.redfin.com/RI/Newport/111-Warner-St-02840/home/51750307,RIS,1252193,N,Y,41.4989735,-71.3076627
MLS Listing,,Single Family Residential,512 Boyds Ln,Portsmouth,RI,02871,349000,3,2.0,Bristol Ferry and Chases Lane,1500,48354,1933,11,233,,Active,,,http://www.redfin.com/RI/Portsmouth/512-Boyds-Ln-02871/home/51902526,RIS,1252050,N,Y,41.6309405,-71.2490718
MLS Listing,,Condo/Co-op,90 Rhode Island Ave #2,Newport,RI,02840,599000,2,1.0,"Kay Catherine, ""Top of the Hill""",1373,,1900,11,436,457,Active,,,http://www.redfin.com/RI/Newport/90-Rhode-Island-Ave-02840/unit-2/home/51747776,RIS,1252227,N,Y,41.4915723,-71.3035558
MLS Listing,,Single Family Residential,317 Riverside St,Portsmouth,RI,02871,349900,2,1.5,Island Park,1213,2178,1908,11,288,,Active,,,http://www.redfin.com/RI/Portsmouth/317-Riverside-St-02871/home/51903387,RIS,1252180,N,Y,41.6292218,-71.2281395
MLS Listing,,Single Family Residential,739 Wapping Rd,Portsmouth,RI,02871,649900,3,2.0,Wapping Rd,1578,30928,1940,11,412,,Active,,,http://www.redfin.com/RI/Portsmouth/739-Wapping-Rd-02871/home/51901320,RIS,1251804,N,Y,41.5314258,-71.2479921
MLS Listing,,Condo/Co-op,70 Carroll Ave #606,Newport,RI,02840,215000,2,1.0,Fifth Ward,708,,1962,12,304,446,Active,,,http://www.redfin.com/RI/Newport/70-Carroll-Ave-02840/unit-606/home/51754551,RIS,1252130,N,Y,41.4687839,-71.3154134
MLS Listing,,Single Family Residential,89 Watson Ave,Jamestown,RI,02835,419000,1,1.0,Jamestown,672,11250,1973,13,624,,Active,,,http://www.redfin.com/RI/Jamestown/89-Watson-Ave-02835/home/51934663,RIS,1251767,N,Y,41.4978262,-71.3812315
MLS Listing,,Condo/Co-op,81 Osprey Ct,Middletown,RI,02842,495000,2,2.0,Bay Ridge Forest Ave,1837,,2013,13,269,310,Active,,,http://www.redfin.com/RI/Middletown/81-Osprey-Ct-02842/home/69348836,RIS,1252048,N,Y,41.5252328,-71.2904137
MLS Listing,,Single Family Residential,17 Rockland Ter,Tiverton,RI,02878,259900,2,1.0,North Tiverton,2080,9148,1961,14,125,,Active,,,http://www.redfin.com/RI/Tiverton/17-Rockland-Ter-02878/home/51999587,RIS,1252054,N,Y,41.6603993,-71.1786191
MLS Listing,,Single Family Residential,55 Annette Dr,Portsmouth,RI,02871,609000,2,2.0,Southern Portsmouth,1690,20594,1985,14,360,,Active,,,http://www.redfin.com/RI/Portsmouth/55-Annette-Dr-02871/home/51907595,RIS,1251968,N,Y,41.5742576,-71.2374209
