SALE TYPE,SOLD DATE,PROPERTY TYPE,ADDRESS,CITY,STATE OR PROVINCE,ZIP OR POSTAL CODE,PRICE,BEDS,BATHS,LOCATION,SQUARE FEET,LOT SIZE,YEAR BUILT,DAYS ON MARKET,$/SQUARE FEET,HOA/MONTH,STATUS,NEXT OPEN HOUSE START TIME,NEXT OPEN HOUSE END TIME,URL (SEE http://www.redfin.com/buy-a-home/comparative-market-analysis FOR INFO ON PRICING),SOURCE,MLS#,FAVORITE,INTERESTED,LATITUDE,LONGITUDE
MLS Listing,,Single Family Residential,21 Suffolk Rd,Sharon,MA,02067,449900,3,2.0,Sharon,1471,10555,1950,5,306,,Active,,,http://www.redfin.com/MA/Sharon/21-Suffolk-Rd-02067/home/8946054,MLS PIN,72649364,N,Y,42.1063214,-71.1963487
MLS Listing,,Single Family Residential,21 Hemlock Way,Cohasset,MA,02025,999000,3,2.5,Estates at Cohasset,2735,11066,2014,8,365,415,Active,,,http://www.redfin.com/MA/Cohasset/21-Hemlock-Way-02025/home/52554443,MLS PIN,72648229,N,Y,42.2262637,-70.803689
MLS Listing,,Condo/Co-op,115 W Squantum St #716,Quincy,MA,02171,316500,1,1.0,North Quincy,765,,1975,11,414,368,Active,,,http://www.redfin.com/MA/Quincy/115-W-Squantum-St-02171/unit-716/home/9025439,MLS PIN,72647320,N,Y,42.2767279,-71.031966
MLS Listing,,Condo/Co-op,19 Boydes Xing #19,Norfolk,MA,02056,659000,3,2.5,Norfolk,2028,,2018,12,325,143,Active,,,http://www.redfin.com/MA/Norfolk/19-Boydes-Xing-02056/unit-19/home/145938979,MLS PIN,72647007,N,Y,42.1214767,-71.3219553
MLS Listing,,Condo/Co-op,19 Westbourne Ter #6,Brookline,MA,02446,528000,1,1.0,Brookline,637,,1916,19,829,316,Active,,,http://www.redfin.com/MA/Brookline/19-Westbourne-Ter-02446/unit-6/home/11454424,MLS PIN,72644483,N,Y,42.3404777,-71.1347913
MLS Listing,,Single Family Residential,19 Boydes Xing,Norfolk,MA,02056,659000,3,2.5,Norfolk,2028,,2018,21,325,,Active,,,http://www.redfin.com/MA/Norfolk/19-Boydes-Xing-02056/home/160664870,MLS PIN,72643857,N,Y,42.1214767,-71.3219553
MLS Listing,,Townhouse,11 Oak St #18,Wellesley,MA,02482,680000,2,1.5,Wellesley,1171,,1967,32,581,530,Active,,,http://www.redfin.com/MA/Wellesley/11-Oak-St-02482/unit-18/home/110082876,MLS PIN,72640643,N,Y,42.3022772,-71.2932998
MLS Listing,,Single Family Residential,12 Harbor View Ave,Weymouth,MA,02191,399900,3,2.0,Weymouth,1664,8184,1918,34,240,,Active,,,http://www.redfin.com/MA/Weymouth/12-Harbor-View-Ave-02191/home/11501979,MLS PIN,72639756,N,Y,42.2472611,-70.9508023
MLS Listing,,Single Family Residential,9 Valley Rd,Dover,MA,02030,1899000,5,6.0,Dover,5644,54418,2014,46,336,,Active,,,http://www.redfin.com/MA/Dover/9-Valley-Rd-02030/home/11708583,MLS PIN,72636375,N,Y,42.2285452,-71.275751
MLS Listing,,Single Family Residential,2 Glen Pines Way,Millis,MA,02054,1075000,5,4.5,Millis,5777,470448,2002,61,186,,Active,,,http://www.redfin.com/MA/Millis/2-Glen-Pines-Way-02054/home/11495200,MLS PIN,72628619,N,Y,42.1795442,-71.399599
MLS Listing,,Condo/Co-op,65 Glen Rd Unit H2,Brookline,MA,02445,579000,2,2.0,Brookline,1189,,1900,69,487,839,Active,,,http://www.redfin.com/MA/Brookline/65-Glen-Rd-02445/unit-H2/home/11489151,MLS PIN,72624367,N,Y,42.3269579,-71.1172823
MLS Listing,,Single Family Residential,109 South St,Needham,MA,02492,1199000,4,3.5,Needham,3528,17424,1992,69,340,,Active,,,http://www.redfin.com/MA/Needham/109-South-St-02492/home/8898601,MLS PIN,72624065,N,Y,42.2690435,-71.2105969
Redfin Data,,Single Family Residential,17 Norfolk Pl,Sharon,MA,02067,469900,3,2.0,Sharon,1521,16342,1950,1,309,,Pre On-Market,,,http://www.redfin.com/MA/Sharon/17-Norfolk-Pl-02067/home/8945919,Coming Soon,55107,N,Y,42.1058315,-71.2005606
MLS Listing,,Single Family Residential,5 Maple St,Bellingham,MA,02019,259900,3,1.0,Bellingham,990,5300,1890,1,263,,Active,,,http://www.redfin.com/MA/Bellingham/5-Maple-St-02019/home/8806544,MLS PIN,72651534,N,Y,42.121234,-71.4559793
MLS Listing,,Single Family Residential,35 Tilden Rd,Weymouth,MA,02190,699000,3,2.5,South Weymouth,2138,15769,1982,1,327,,Active,,,http://www.redfin.com/MA/Weymouth/35-Tilden-Rd-02190/home/11528190,MLS PIN,72651520,N,Y,42.1701629,-70.9249811
MLS Listing,,Single Family Residential,164 Carroll Ave,Westwood,MA,02090,525000,3,1.0,Westwood,1447,10156,1950,1,363,,Active,,,http://www.redfin.com/MA/Westwood/164-Carroll-Ave-02090/home/8969329,MLS PIN,72651513,N,Y,42.2226378,-71.1789051
MLS Listing,,Condo/Co-op,785 Washington St Unit 101a,Norwood,MA,02062,355000,1,1.5,Norwood,1016,,1989,1,349,313,Active,,,http://www.redfin.com/MA/Norwood/785-101-Washington-St-02062/unit-101a/home/171544503,MLS PIN,72651489,N,Y,42.1898616,-71.2030088
MLS Listing,,Condo/Co-op,88 Wharf St #501,Milton,MA,02186,749999,2,2.0,Milton,1682,,2003,1,446,801,Active,,,http://www.redfin.com/MA/Milton/88-Wharf-St-02186/unit-501/home/8937519,MLS PIN,72651482,N,Y,42.2701722,-71.0658721
MLS Listing,,Condo/Co-op,135 Thorndike St #2,Brookline,MA,02446,2049000,4,3.5,Coolidge Corner,2331,6116,2020,1,879,225,Active,,,http://www.redfin.com/MA/Brookline/135-Thorndike-St-02446/unit-2/home/171543978,MLS PIN,72651468,N,Y,42.3486018,-71.1264465
MLS Listing,,Single Family Residential,152 W Bacon St,Plainville,MA,02762,305000,3,1.0,Plainville,1584,14250,1950,1,193,,Active,,,http://www.redfin.com/MA/Plainville/152-W-Bacon-St-02762/home/8915904,MLS PIN,72651463,N,Y,41.9958362,-71.3446982
MLS Listing,,Condo/Co-op,328 Copeland St Unit 3A,Quincy,MA,02169,409000,2,2.0,Quincy,1013,,2006,1,404,403,Active,,,http://www.redfin.com/MA/Quincy/328-Copeland-St-02169/unit-3A/home/18994952,MLS PIN,72650774,N,Y,42.2452176,-71.0292084
MLS Listing,,Single Family Residential,22 Stable Way,Medway,MA,02053,875000,4,2.5,Medway,3556,43996,2004,1,246,,Active,,,http://www.redfin.com/MA/Medway/22-Stable-Way-02053/home/11483941,MLS PIN,72651432,N,Y,42.1654819,-71.4535444
MLS Listing,,Condo/Co-op,211 Central St Unit 315A,Norwood,MA,02062,359900,2,2.0,Norwood,1091,94089,2004,1,330,505,Active,,,http://www.redfin.com/MA/Norwood/211-Central-St-02062/unit-315A/home/137876299,MLS PIN,72651425,N,Y,42.1952298,-71.1984141
MLS Listing,,Single Family Residential,444 Truman Pkwy,Milton,MA,02186,849000,4,2.0,Milton,2488,13991,1953,1,341,,Active,,,http://www.redfin.com/MA/Milton/444-Truman-Hwy-02186/home/8902991,MLS PIN,72651399,N,Y,42.2581335,-71.1108515
MLS Listing,,Multi-Family (2-4 Unit),36-38 Bradford,Quincy,MA,02169,839000,7,3.0,Quincy,2833,5999,1900,1,296,,Active,,,http://www.redfin.com/MA/Quincy/36-Bradford-St-02169/home/8953991,MLS PIN,72651394,N,Y,42.238597,-71.0024
MLS Listing,,Single Family Residential,36 Sunset Way,Medfield,MA,02052,759900,3,2.5,Harding,2388,9999,2020,1,318,,Active,May-9-2020 12:00 PM,May-9-2020 03:00 PM,http://www.redfin.com/MA/Medfield/36-Sunset-Way-02052/unit-36/home/147801681,MLS PIN,72651321,N,Y,42.1871281,-71.3041699
MLS Listing,,Single Family Residential,50 Porter St,Westwood,MA,02090,1359000,4,3.5,Westwood,4300,40153,1973,1,316,,Active,,,http://www.redfin.com/MA/Westwood/50-Porter-St-02090/home/11498683,MLS PIN,72651317,N,Y,42.213841,-71.1631166
MLS Listing,,Townhouse,7 Brigantine Ln #7,Quincy,MA,02121,650000,2,2.5,Quincy,1588,1588,1984,1,409,605,Active,,,http://www.redfin.com/MA/Quincy/7-Brigantine-Ln-02171/unit-7/home/113222022,MLS PIN,72651273,N,Y,42.2973933,-71.0243577
MLS Listing,,Single Family Residential,637 North St,Randolph,MA,02368,399000,3,1.5,Randolph,1758,14718,1930,1,227,,Active,,,http://www.redfin.com/MA/Randolph/637-North-St-02368/home/11729029,MLS PIN,72651263,N,Y,42.1816333,-71.0283029
MLS Listing,,Single Family Residential,85 Centre St,Dover,MA,02030,659000,3,2.5,Dover,2505,54218,1946,1,263,,Active,May-10-2020 12:00 PM,May-10-2020 01:30 PM,http://www.redfin.com/MA/Dover/85-Centre-St-02030/home/11707716,MLS PIN,72651231,N,Y,42.2384809,-71.28234
MLS Listing,,Single Family Residential,42 Willow St,Westwood,MA,02090,829900,3,2.5,Westwood,2446,6471,1937,1,339,,Active,May-9-2020 12:00 PM,May-9-2020 02:00 PM,http://www.redfin.com/MA/Westwood/42-Willow-St-02090/home/8971252,MLS PIN,72651229,N,Y,42.2128388,-71.2237771
MLS Listing,,Townhouse,7 Pettee Unit A,Foxboro,MA,02035,499000,3,2.5,Foxboro,1756,,2019,1,284,200,Active,,,http://www.redfin.com/MA/Foxborough/7-Pettee-Pl-02035/unit-A/home/162218895,MLS PIN,72651209,N,Y,42.0674411,-71.2545562
MLS Listing,,Single Family Residential,4 Sunset Rd,Braintree,MA,02184,799900,5,3.0,Braintree,2840,16021,1928,1,282,,Active,,,http://www.redfin.com/MA/Braintree/4-Sunset-Rd-02184/home/8817346,MLS PIN,72651170,N,Y,42.2009025,-71.0145127
MLS Listing,,Single Family Residential,175 Irondequoit Rd,Franklin,MA,02038,700000,4,3.0,Franklin,3410,88862,2002,1,205,,Active,,,http://www.redfin.com/MA/Franklin/175-Irondequoit-Rd-02038/home/11468749,MLS PIN,72651127,N,Y,42.0968757,-71.4170186
MLS Listing,,Single Family Residential,107 Springvale Cir,Weymouth,MA,02188,629900,4,2.0,East Weymouth,2400,24221,1981,1,262,,Active,,,http://www.redfin.com/MA/Weymouth/107-Springvale-Cir-02188/home/11517624,MLS PIN,72651116,N,Y,42.2138887,-70.9535422
MLS Listing,,Single Family Residential,35 Sutcliffe,Canton,MA,02021,589900,3,2.0,Ponkapoag,1412,15000,1950,1,418,,Active,,,http://www.redfin.com/MA/Canton/35-Sutcliffe-Ave-02021/home/11705295,MLS PIN,72651114,N,Y,42.1898891,-71.123847
MLS Listing,,Single Family Residential,31 Arrowhead Ln,Dedham,MA,02026,409000,3,1.0,Dedham,1100,4000,1924,1,372,,Active,,,http://www.redfin.com/MA/Dedham/31-Arrowhead-Ln-02026/home/8864423,MLS PIN,72651096,N,Y,42.2391788,-71.1718774
MLS Listing,,Multi-Family (5+ Unit),76/78 Harvard Ave,Brookline,MA,02446,4800000,16,8.0,Brookline,7344,6418,1907,1,654,,Active,,,http://www.redfin.com/MA/Brookline/78-Harvard-Ave-02446/home/11468514,MLS PIN,72651083,N,Y,42.3367705,-71.1246558
MLS Listing,,Single Family Residential,20 Green Lodge St,Canton,MA,02021,989900,4,3.5,Canton,3687,30010,2016,1,268,,Active,,,http://www.redfin.com/MA/CANTON/20-GREEN-LODGE-ST-02021/home/69072265,MLS PIN,72651061,N,Y,42.194551,-71.119885
MLS Listing,,Townhouse,354 Tilden Commons Ln #354,Braintree,MA,02184,399900,3,2.0,Braintree,1346,,1996,1,297,501,Active,,,http://www.redfin.com/MA/Braintree/354-Tilden-Commons-Ln-02184/unit-354/home/113224618,MLS PIN,72651048,N,Y,42.175376,-70.9798379
MLS Listing,,Single Family Residential,170 Wrentham Rd,Bellingham,MA,02019,595000,3,3.0,Bellingham,2880,102802,1998,1,207,,Active,,,http://www.redfin.com/MA/Bellingham/170-Wrentham-Rd-02019/home/8828078,MLS PIN,72644159,N,Y,42.0261074,-71.4817919
MLS Listing,,Condo/Co-op,10 Bradford Ter #3,Brookline,MA,02446,1100000,3,1.5,Coolidge Corner,1365,,1923,1,806,631,Active,,,http://www.redfin.com/MA/Brookline/10-Bradford-Ter-02446/unit-3/home/11478479,MLS PIN,72651031,N,Y,42.3441777,-71.1230186
MLS Listing,,Single Family Residential,30 Thacher St,Milton,MA,02186,599900,3,1.5,Milton,1374,9566,1963,1,437,,Active,,,http://www.redfin.com/MA/Milton/30-Thacher-St-02186/home/8905068,MLS PIN,72651008,N,Y,42.262129,-71.0915372
MLS Listing,,Single Family Residential,18 Taft Dr,Franklin,MA,02038,549000,3,2.0,Franklin,2000,49223,1994,1,275,,Active,,,http://www.redfin.com/MA/Franklin/18-Taft-Dr-02038/home/11454402,MLS PIN,72650948,N,Y,42.065367,-71.4084373
MLS Listing,,Single Family Residential,LOT 51 BALD EAGLE Rd,Weymouth,MA,02190,749900,4,2.5,South Weymouth,2636,8411,2020,1,284,,Active,,,http://www.redfin.com/MA/Weymouth/51-Bald-Eagle-Rd-02190/home/171531821,MLS PIN,72650931,N,Y,42.1744399,-70.9444166
MLS Listing,,Townhouse,15 Cedar Sq #15,Millis,MA,02054,248150,2,1.5,Millis,1080,3920,1982,1,230,285,Active,,,http://www.redfin.com/MA/Millis/15-Cedar-Sq-02054/unit-15/home/171531757,MLS PIN,72650927,N,Y,42.1724874,-71.3605234
MLS Listing,,Townhouse,7 Waltham Dr #7,Plainville,MA,02762,329900,3,2.5,Plainville,1776,,1998,1,186,360,Active,,,http://www.redfin.com/MA/Plainville/7-Waltham-Dr-02762/unit-7/home/137496140,MLS PIN,72650340,N,Y,42.0061474,-71.314212
MLS Listing,,Condo/Co-op,501 Commerce Dr #4212,Braintree,MA,02184,349000,2,2.0,Braintree,1096,,2004,2,318,627,Active,,,http://www.redfin.com/MA/Braintree/501-Commerce-Dr-02184/unit-4212/home/8866077,MLS PIN,72650894,N,Y,42.1941053,-70.9739477
MLS Listing,,Single Family Residential,347 Pond St,Weymouth,MA,02190,439900,4,1.5,Pond Plain,2008,21140,1898,2,219,,Active,,,http://www.redfin.com/MA/Weymouth/347-Pond-St-02190/home/11529100,MLS PIN,72650872,N,Y,42.1581864,-70.9597186
MLS Listing,,Single Family Residential,15 CAPE CLUB Dr,Sharon,MA,02067,849000,2,2.5,The Cape Club of Sharon Golf Course,2800,,2019,2,303,468,Active,,,http://www.redfin.com/MA/Sharon/25-Tiot-St-02067/unit-9/home/146437494,MLS PIN,72650858,N,Y,42.152608,-71.183219
MLS Listing,,Single Family Residential,Lot A Lowell Rd,Wellesley,MA,02481,3199900,5,5.5,Cliff Estates,6650,20933,2020,2,481,,Active,,,http://www.redfin.com/MA/Wellesley/Lot-A-Lowell-Rd-02481/home/171529183,MLS PIN,72650841,N,Y,42.3128207,-71.2915547
MLS Listing,,Single Family Residential,29 Thompson St,Quincy,MA,02169,549900,4,2.0,Quincy,1732,7000,1900,2,317,,Active,,,http://www.redfin.com/MA/Quincy/29-Thompson-St-02169/home/8940846,MLS PIN,72650840,N,Y,42.2507521,-70.9839125
MLS Listing,,Single Family Residential,7 Village Dr,Walpole,MA,02081,749900,3,2.5,Walpole,2526,20121,1981,2,297,,Active,,,http://www.redfin.com/MA/Walpole/7-Village-Dr-02081/home/8954280,MLS PIN,72650831,N,Y,42.1662876,-71.2331515
MLS Listing,,Single Family Residential,11 Belcher Ct,Foxboro,MA,02035,429900,3,2.5,Foxboro,1468,16117,1900,2,293,,Active,,,http://www.redfin.com/MA/Foxborough/11-Belcher-Ct-02035/home/11715826,MLS PIN,72650813,N,Y,42.0415817,-71.2258539
MLS Listing,,Single Family Residential,40 Lyme St,Weymouth,MA,02189,450000,3,1.5,Weymouth Heights,1410,8536,1953,2,319,,Active,,,http://www.redfin.com/MA/Weymouth/40-Lyme-St-02189/home/11512339,MLS PIN,72650802,N,Y,42.225587,-70.9455313
MLS Listing,,Condo/Co-op,10 Seaport Dr #2415,Quincy,MA,02171,524900,2,2.0,Marina Bay,1299,999,2003,2,404,597,Active,,,http://www.redfin.com/MA/Quincy/10-Seaport-Dr-02171/unit-2415/home/9035725,MLS PIN,72650797,N,Y,42.2948713,-71.0300358
MLS Listing,,Single Family Residential,37 Sterling Rd,Westwood,MA,02090,999000,5,2.5,Westwood,2700,82253,1935,2,370,,Active,,,http://www.redfin.com/MA/Westwood/37-Sterling-Rd-02090/home/8965804,MLS PIN,72650780,N,Y,42.2264916,-71.2274433
MLS Listing,,Condo/Co-op,215 Winter St Unit 1-P,Weymouth,MA,02188,225000,2,1.0,Weymouth,852,,1969,2,264,446,Active,May-9-2020 01:00 PM,May-9-2020 03:00 PM,http://www.redfin.com/MA/Weymouth/215-Winter-St-02188/unit-1P/home/11522214,MLS PIN,72650761,N,Y,42.2007011,-70.9483863
MLS Listing,,Single Family Residential,79 Capen St,Milton,MA,02186,699000,3,2.5,Milton,1923,10280,1926,2,363,,Active,May-6-2020 04:00 PM,May-6-2020 06:00 PM,http://www.redfin.com/MA/Milton/79-Capen-St-02186/home/8914355,MLS PIN,72650760,N,Y,42.2664492,-71.0856878
MLS Listing,,Mobile/Manufactured Home,131 Washington St #71,Foxboro,MA,02036,35000,2,1.0,Foxboro,650,,1966,2,54,475,Active,,,http://www.redfin.com/MA/Foxborough/131-Washington-St-02035/unit-71/home/21800498,MLS PIN,72650736,N,Y,42.0762478,-71.2857703
MLS Listing,,Single Family Residential,531 Washington St,Dedham,MA,02026,1100000,4,3.5,Dedham,3200,5890,2020,2,344,,Active,,,http://www.redfin.com/MA/Dedham/531-Washington-St-02026/home/109890022,MLS PIN,72650732,N,Y,42.243635,-71.177187
MLS Listing,,Multi-Family (2-4 Unit),8 Linwood St,Holbrook,MA,02343,499900,5,2.0,Brookville,1972,6875,1880,3,253,,Active,,,http://www.redfin.com/MA/Holbrook/8-Linwood-St-02343/home/11710177,MLS PIN,72650704,N,Y,42.1270752,-71.0088125
MLS Listing,,Townhouse,2 Clarendon Cmn #2,Franklin,MA,02038,350000,2,2.5,Franklin,2315,,1983,3,151,350,Active,,,http://www.redfin.com/MA/Franklin/2-Clarendon-Cmn-02038/unit-2/home/113225528,MLS PIN,72644266,N,Y,42.0815768,-71.4297015
MLS Listing,,Condo/Co-op,19 Hospital Rd #19,Medfield,MA,02052,995000,4,4.5,Medfield,3404,22564,2017,3,292,,Active,,,http://www.redfin.com/MA/Medfield/19-Hospital-Rd-02052/unit-19/home/171170699,MLS PIN,72650685,N,Y,42.2054354,-71.3262447
MLS Listing,,Single Family Residential,52 Florence St,Franklin,MA,02038,375000,2,1.0,Franklin,1037,4112,1950,3,362,,Active,,,http://www.redfin.com/MA/Franklin/52-Florence-St-02038/home/11454067,MLS PIN,72650643,N,Y,42.0618811,-71.3795844
MLS Listing,,Single Family Residential,21 Kingcrest Ter,Randolph,MA,02368,325000,2,1.5,South Randolph,864,11356,1951,3,376,,Active,,,http://www.redfin.com/MA/Randolph/21-Kingcrest-Ter-02368/home/11732960,MLS PIN,72650591,N,Y,42.1648977,-71.0290342
MLS Listing,,Single Family Residential,186 Babcock St,Quincy,MA,02169,349900,2,1.0,Quincy,616,2974,1953,3,568,,Active,,,http://www.redfin.com/MA/Quincy/186-Babcock-St-02169/home/8915780,MLS PIN,72650586,N,Y,42.2691959,-70.9587202
MLS Listing,,Townhouse,74 Arthur St #2,Quincy,MA,02169,482000,2,2.5,West Quincy,1250,,2005,3,386,150,Active,,,http://www.redfin.com/MA/Quincy/74-Arthur-St-02169/unit-2/home/9036390,MLS PIN,72650570,N,Y,42.2431164,-71.0189562
MLS Listing,,Single Family Residential,18 Weathervane Rd,Canton,MA,02021,979900,3,3.5,Canton,5003,46609,1989,3,196,,Active,,,http://www.redfin.com/MA/Canton/18-Weathervane-Rd-02021/home/11832854,MLS PIN,72650535,N,Y,42.164412,-71.0935567
MLS Listing,,Single Family Residential,10 Knollwood Dr,Dover,MA,02030,949000,5,2.5,Knollwood,3492,45088,1968,3,272,,Active,,,http://www.redfin.com/MA/Dover/10-Knollwood-Dr-02030/home/11707677,MLS PIN,72650529,N,Y,42.2410414,-71.2840569
MLS Listing,,Single Family Residential,29 Commonwealth Ave,Dedham,MA,02026,399000,2,1.5,Riverdale Elementary,1184,4559,2017,3,337,,Active,May-5-2020 04:00 PM,May-5-2020 06:00 PM,http://www.redfin.com/MA/Dedham/29-Commonwealth-Ave-02026/home/8847346,MLS PIN,72650524,N,Y,42.2667356,-71.180464
MLS Listing,,Single Family Residential,102 High St,Weymouth,MA,02189,459900,3,2.0,Weymouth,2100,15800,1868,4,219,,Active,,,http://www.redfin.com/MA/Weymouth/102-High-St-02189/home/11519097,MLS PIN,72650493,N,Y,42.2149448,-70.9175038
MLS Listing,,Single Family Residential,15 Amherst Rd,Braintree,MA,02184,615000,6,2.0,Conveniently located between Liberty Elementary & South Middle,2572,8307,1952,4,239,,Active,,,http://www.redfin.com/MA/Braintree/15-Amherst-Rd-02184/home/8827048,MLS PIN,72650468,N,Y,42.1853577,-70.9954749
MLS Listing,,Single Family Residential,22 Belair Dr,Holbrook,MA,02343,629900,5,3.5,Belair Estates,3332,30187,2006,4,189,,Active,,,http://www.redfin.com/MA/Holbrook/22-Belair-Dr-02343/home/12441288,MLS PIN,72650460,N,Y,42.1341008,-70.9982609
MLS Listing,,Single Family Residential,71 Bayfield Rd S,Quincy,MA,02171,649000,4,1.5,Quincy,1574,4725,1930,4,412,,Active,,,http://www.redfin.com/MA/Quincy/71-Bayfield-Rd-02171/home/9001033,MLS PIN,72650455,N,Y,42.281402,-71.020846
MLS Listing,,Single Family Residential,40 PHILIP St,Medfield,MA,02052,879000,4,2.5,"Country Road, Downtown Location!",2996,74271,1998,4,293,,Active,,,http://www.redfin.com/MA/Medfield/40-Philip-St-02052/home/11719527,MLS PIN,72650377,N,Y,42.1832089,-71.290785
MLS Listing,,Single Family Residential,32 Randolph St,Weymouth,MA,02190,299000,4,2.0,Weymouth,1744,15681,1893,4,171,,Active,,,http://www.redfin.com/MA/Weymouth/32-Randolph-St-02190/home/11527282,MLS PIN,72650356,N,Y,42.1701636,-70.9585576
MLS Listing,,Single Family Residential,189 Walnut St,Brookline,MA,02446,2650000,5,5.5,Brookline,3994,16620,1865,4,663,,Active,,,http://www.redfin.com/MA/Brookline/189-Walnut-St-02445/unit-189/home/171409105,MLS PIN,72650355,N,Y,42.329935,-71.1220125
MLS Listing,,Single Family Residential,369 East St,Sharon,MA,02067,475000,3,1.5,East Sharon,1456,40794,1960,4,326,,Active,,,http://www.redfin.com/MA/Sharon/369-East-St-02067/home/8956378,MLS PIN,72650350,N,Y,42.1249548,-71.1507234
MLS Listing,,Single Family Residential,9 Crown Ridge Rd,Wellesley,MA,02482,1895000,5,4.5,College Heights,5415,13060,2005,4,350,,Active,,,http://www.redfin.com/MA/Wellesley/9-Crown-Ridge-Rd-02482/home/8988733,MLS PIN,72650293,N,Y,42.3006533,-71.2979769
MLS Listing,,Single Family Residential,70 Hillcrest Rd,Weymouth,MA,02189,574900,5,2.0,Jackson Square,2081,6302,1893,4,276,,Active,,,http://www.redfin.com/MA/Weymouth/70-Hillcrest-Rd-02189/home/11518965,MLS PIN,72650278,N,Y,42.215723,-70.9313598
MLS Listing,,Multi-Family (2-4 Unit),68 Lind St,Quincy,MA,02169,960000,8,4.0,Germantown,3696,8145,1965,4,260,,Active,,,http://www.redfin.com/MA/Quincy/68-Lind-St-02169/home/8919148,MLS PIN,72650262,N,Y,42.2587655,-70.9682168
MLS Listing,,Single Family Residential,79 Clematis Ave,Weymouth,MA,02188,479900,4,2.0,Idlewell,1960,11200,1928,4,245,,Active,,,http://www.redfin.com/MA/Weymouth/79-Clematis-Ave-02188/home/11510842,MLS PIN,72650256,N,Y,42.2324049,-70.9573967
MLS Listing,,Single Family Residential,3 Moreland Rd,Quincy,MA,02169,599999,3,1.0,Merrymount,1557,5852,1912,4,385,,Active,,,http://www.redfin.com/MA/Quincy/3-Moreland-Rd-02169/home/8925464,MLS PIN,72650255,N,Y,42.2625118,-70.9993754
MLS Listing,,Townhouse,24 Denmark Ln #24,Needham,MA,02492,669000,2,2.5,Needham,2082,,1981,4,321,550,Active,,,http://www.redfin.com/MA/Needham/24-Denmark-Ln-02492/unit-24/home/171029180,MLS PIN,72650252,N,Y,42.2794963,-71.2383854
MLS Listing,,Townhouse,12 Grove Sq #12,Randolph,MA,02368,285000,2,1.5,Randolph,1290,,1973,4,221,375,Active,,,http://www.redfin.com/MA/Randolph/12-Grove-Sq-02368/unit-12/home/77515741,MLS PIN,72650247,N,Y,42.1722197,-71.0517929
MLS Listing,,Single Family Residential,14 Cross St,Norwood,MA,02062,649900,3,1.5,Norwood,1563,12365,1880,4,416,,Active,,,http://www.redfin.com/MA/Norwood/14-Cross-St-02062/home/8905656,MLS PIN,72650233,N,Y,42.1887135,-71.1978803
MLS Listing,,Single Family Residential,8 Monadnock Rd,Wellesley,MA,02481,2795000,5,5.0,Peirce Estates,4696,25425,1947,4,595,,Active,,,http://www.redfin.com/MA/Wellesley/8-Monadnock-Rd-02481/home/8981948,MLS PIN,72650214,N,Y,42.3201077,-71.2908546
MLS Listing,,Single Family Residential,336 Canton St,Randolph,MA,02368,545000,3,2.5,The Homes at Blue Hills Randolph,1674,12119,2013,4,326,,Active,,,http://www.redfin.com/MA/Randolph/336-Canton-St-02368/home/43708939,MLS PIN,72650175,N,Y,42.1844843,-71.0848986
MLS Listing,,Single Family Residential,595 Washington St,Franklin,MA,02038,429900,4,2.5,Franklin,2600,36050,1900,4,165,,Active,,,http://www.redfin.com/MA/Franklin/595-Washington-St-02038/home/11453439,MLS PIN,72650171,N,Y,42.0577782,-71.4178071
MLS Listing,,Single Family Residential,390 Neck St,Weymouth,MA,02191,424900,2,1.0,North Weymouth,1536,10278,1948,4,277,,Active,,,http://www.redfin.com/MA/Weymouth/390-Neck-St-02191/home/11502388,MLS PIN,72650136,N,Y,42.2508439,-70.9381241
MLS Listing,,Single Family Residential,70 Casey St,Norwood,MA,02062,385000,3,1.5,Norwood,875,10950,1880,4,440,,Active,,,http://www.redfin.com/MA/Norwood/70-Casey-St-02062/home/8906694,MLS PIN,72650090,N,Y,42.200169,-71.2026143
MLS Listing,,Single Family Residential,119 Brook St,Wellesley,MA,02482,1929500,4,3.5,Dana Hall,3631,20012,2011,4,531,,Active,,,http://www.redfin.com/MA/Wellesley/119-Brook-St-02482/home/11725234,MLS PIN,72650079,N,Y,42.2918063,-71.2805768
MLS Listing,,Single Family Residential,17 Evergreen Cir,Norwood,MA,02062,500000,2,1.5,Evergreen Circle,1822,,1988,4,274,,Active,,,http://www.redfin.com/MA/Norwood/17-Evergreen-Cir-02062/home/8931810,MLS PIN,72650053,N,Y,42.1827122,-71.2140746
MLS Listing,,Single Family Residential,11 Cedar St,Foxboro,MA,02035,353900,3,1.5,Foxboro,1344,20000,1956,4,263,,Active,,,http://www.redfin.com/MA/Foxborough/11-Cedar-St-02035/home/11716842,MLS PIN,72650014,N,Y,42.0245695,-71.2747185
MLS Listing,,Single Family Residential,26 Hilltop Rd,Weymouth,MA,02191,499900,3,1.5,Weymouth,1820,6190,1941,4,275,2,Active,,,http://www.redfin.com/MA/Weymouth/26-Hilltop-Rd-02191/home/11500831,MLS PIN,72650003,N,Y,42.2564558,-70.931586
MLS Listing,,Single Family Residential,82 FLINT LOCKE Ln,Medfield,MA,02052,1069000,4,3.5,Cul-de-Sac Abutting Rocky Woods Reservation,4600,53068,1995,4,232,,Active,,,http://www.redfin.com/MA/Medfield/82-Flint-Locke-Ln-02052/home/11718276,MLS PIN,72649997,N,Y,42.2031214,-71.2944042
MLS Listing,,Single Family Residential,8 Gigis Way,Walpole,MA,02081,1799000,4,3.5,Walpole,4200,178966,2019,4,428,,Active,,,http://www.redfin.com/MA/Walpole/8-Gigis-WAY-02081/home/169621248,MLS PIN,72649970,N,Y,42.1470851,-71.2517835
MLS Listing,,Condo/Co-op,120 University Ave #2306,Westwood,MA,02090,729900,2,2.0,Westwood,1480,,2019,4,493,420,Active,,,http://www.redfin.com/MA/Westwood/120-University-Ave-02090/unit-2306/home/170558923,MLS PIN,72649953,N,Y,42.2078913,-71.1513533
MLS Listing,,Single Family Residential,11 Blueberry Ln,Franklin,MA,02038,519900,3,2.0,Franklin,1900,44344,1983,4,274,,Active,,,http://www.redfin.com/MA/Franklin/11-Blueberry-Ln-02038/home/11480023,MLS PIN,72649899,N,Y,42.1186566,-71.3774041
MLS Listing,,Single Family Residential,11 Shaw St,Weymouth,MA,02191,489900,3,2.0,North Weymouth,1991,5677,1903,4,246,,Active,,,http://www.redfin.com/MA/Weymouth/11-Shaw-St-02191/home/11506796,MLS PIN,72649889,N,Y,42.2417347,-70.9430932
MLS Listing,,Single Family Residential,27 Hunnewell St,Wellesley,MA,02481,1575000,4,4.5,Wellesley,4248,26810,2013,4,371,,Active,,,http://www.redfin.com/MA/Wellesley/27-Hunnewell-St-02481/home/8963550,MLS PIN,72649843,N,Y,42.310141,-71.2453564
MLS Listing,,Single Family Residential,69 Summer St,Cohasset,MA,02025,2390000,5,4.5,Intown - Harborside,4446,38962,1880,4,538,,Active,,,http://www.redfin.com/MA/Cohasset/69-Summer-St-02025/home/8837830,MLS PIN,72649840,N,Y,42.2386275,-70.7948301
MLS Listing,,Single Family Residential,114 Rawson Rd,Quincy,MA,02170,498800,4,1.5,Quincy,1584,5462,1920,5,315,,Active,,,http://www.redfin.com/MA/Quincy/114-Rawson-Rd-02170/home/8977105,MLS PIN,72649814,N,Y,42.2732821,-71.0171129
MLS Listing,,Townhouse,13 Cannon Forge Dr #13,Foxboro,MA,02035,535000,2,2.5,Foxboro,2050,,1995,5,261,577,Active,,,http://www.redfin.com/MA/Foxborough/13-Cannon-Forge-Dr-02035/unit-13/home/11926579,MLS PIN,72649760,N,Y,42.0660529,-71.21027
MLS Listing,,Single Family Residential,12 Earle Rd,Wellesley,MA,02481,2095000,5,4.5,Wellesley,4527,10066,2020,5,463,,Active,,,http://www.redfin.com/MA/Wellesley/12-Earle-Rd-02481/home/11726093,MLS PIN,72649710,N,Y,42.3065652,-71.3087878
MLS Listing,,Condo/Co-op,273 Lake St Unit 273-5,Weymouth,MA,02189,234900,2,1.0,Weymouth,954,,1975,5,246,498,Active,,,http://www.redfin.com/MA/Weymouth/273-Lake-St-02189/unit-273-5/home/171478072,MLS PIN,72649701,N,Y,42.210078,-70.9405105
MLS Listing,,Condo/Co-op,123 Elm St Unit A5,Quincy,MA,02169,328000,1,1.0,Quincy,764,,1974,5,429,286,Active,,,http://www.redfin.com/MA/Quincy/123-Elm-St-02169/unit-A5/home/9032766,MLS PIN,72649591,N,Y,42.248572,-70.996261
MLS Listing,,Condo/Co-op,25 Wall St Unit G,Canton,MA,02021,399000,2,2.0,Canton,1236,,2003,5,323,518,Active,,,http://www.redfin.com/MA/Canton/25-Wall-St-02021/unit-G/home/21628559,MLS PIN,72649531,N,Y,42.1538403,-71.1474974
MLS Listing,,Single Family Residential,4 John Edwards Cir,Franklin,MA,02038,539000,4,2.5,Franklin,2513,42776,1993,5,214,,Active,,,http://www.redfin.com/MA/Franklin/Edwards-St-02038/home/11480775,MLS PIN,72649595,N,Y,42.123052,-71.442805
MLS Listing,,Single Family Residential,7 Massasoit Cir,Walpole,MA,02032,575000,3,2.5,East Walpole,1997,20002,1977,5,288,,Active,,,http://www.redfin.com/MA/East-Walpole/7-Massasoit-Cir-02032/home/8969818,MLS PIN,72649559,N,Y,42.1442379,-71.2197163
MLS Listing,,Single Family Residential,6 Shawkemo Path,Franklin,MA,02038,549000,3,2.5,Franklin,2843,30205,1993,5,193,,Active,,,http://www.redfin.com/MA/Franklin/6-Shawkemo-Path-02038/home/11456175,MLS PIN,72649517,N,Y,42.0721885,-71.3869139
MLS Listing,,Townhouse,289 Tappan St #291,Brookline,MA,02445,3999996,5,5.5,Brookline,3539,99999999,2020,5,1130,9999999,Active,,,http://www.redfin.com/MA/Brookline/289-Tappan-St-02445/unit-291/home/171474002,MLS PIN,72649465,N,Y,42.335669,-71.1373086
MLS Listing,,Condo/Co-op,435 Adams St Unit 2B,Quincy,MA,02169,689000,2,2.5,Quincy,1750,,1970,5,394,467,Active,,,http://www.redfin.com/MA/Quincy/435-Adams-St-02169/unit-2B/home/9032153,MLS PIN,72649462,N,Y,42.253455,-71.0234509
MLS Listing,,Single Family Residential,291 Tappan St,Brookline,MA,02445,3999996,5,5.5,Beaconsfield,3539,99999999,2020,5,1130,,Active,,,http://www.redfin.com/MA/Brookline/291-Tappan-St-02445/unit-291/home/171081380,MLS PIN,72649442,N,Y,42.3357171,-71.1373635
MLS Listing,,Single Family Residential,199 Pleasant St,Walpole,MA,02032,398000,3,1.5,Walpole,1515,11400,1900,5,263,,Active,,,http://www.redfin.com/MA/East-Walpole/199-Pleasant-St-02032/home/8956371,MLS PIN,72649391,N,Y,42.1578579,-71.2115251
MLS Listing,,Single Family Residential,53 Hartford St,Westwood,MA,02090,1259000,5,3.5,Westwood,3623,11154,2000,5,348,,Active,,,http://www.redfin.com/MA/Westwood/53-Hartford-St-02090/home/11831942,MLS PIN,72649384,N,Y,42.2232914,-71.2246343
MLS Listing,,Single Family Residential,14 Lull St,Westwood,MA,02090,495000,2,1.0,Westwood,840,6038,1939,5,589,,Active,,,http://www.redfin.com/MA/Westwood/14-Lull-St-02090/home/8967058,MLS PIN,72649375,N,Y,42.2278529,-71.1855811
MLS Listing,,Single Family Residential,182 Summer St,Walpole,MA,02071,350000,3,1.5,South Walpole,1537,152024,1900,5,228,,Active,,,http://www.redfin.com/MA/South-Walpole/182-Summer-St-02071/home/8979817,MLS PIN,72649355,N,Y,42.1010089,-71.2693474
MLS Listing,,Condo/Co-op,151 Hancock St #2,Quincy,MA,02171,539900,2,1.5,North Quincy,1021,,2019,5,529,201,Active,,,http://www.redfin.com/MA/Quincy/151-Hancock-St-02171/unit-2/home/171469161,MLS PIN,72649332,N,Y,42.2796871,-71.0336889
MLS Listing,,Townhouse,17 Independence Dr #17,Foxboro,MA,02035,564900,2,2.5,Foxboro,2400,,1988,5,235,620,Active,,,http://www.redfin.com/MA/Foxborough/17-Independence-Dr-02035/unit-17/home/171461043,MLS PIN,72646205,N,Y,42.0655561,-71.2090384
MLS Listing,,Condo/Co-op,20 Chapel St Unit C412,Brookline,MA,02446,999900,2,2.0,Brookline,1176,,1920,5,850,1076,Active,,,http://www.redfin.com/MA/Brookline/20-Chapel-St-02446/unit-C412/home/12458299,MLS PIN,72642587,N,Y,42.3410329,-71.1110021
MLS Listing,,Single Family Residential,145 High St,Canton,MA,02021,650000,4,2.5,Canton,3345,27748,1920,6,194,,Active,,,http://www.redfin.com/MA/Canton/145-High-St-02021/home/11825743,MLS PIN,72649310,N,Y,42.14909,-71.155979
MLS Listing,,Single Family Residential,10 Vane St,Wellesley,MA,02482,1850000,5,3.5,Wellesley,3403,12200,1934,6,544,,Active,,,http://www.redfin.com/MA/Wellesley/10-Vane-St-02482/home/8986767,MLS PIN,72649302,N,Y,42.2864794,-71.293105
MLS Listing,,Condo/Co-op,33 Pond Ave #1104,Brookline,MA,02445,549000,1,1.0,Longwood,870,,1970,6,631,737,Active,,,http://www.redfin.com/MA/Brookline/33-Pond-Ave-02445/unit-1104/home/11487129,MLS PIN,72649301,N,Y,42.3313518,-71.1140979
MLS Listing,,Townhouse,203 Copperwood Dr #46,Stoughton,MA,02072,369000,2,2.5,Stoughton,2301,,1987,6,160,379,Active,,,http://www.redfin.com/MA/Stoughton/203-Copperwood-Dr-02072/unit-46/home/171453185,MLS PIN,72649281,N,Y,42.1409497,-71.1377074
MLS Listing,,Condo/Co-op,10 Weston Ave #130,Quincy,MA,02170,305000,1,1.0,Quincy,525,,1987,6,581,241,Active,,,http://www.redfin.com/MA/Quincy/10-Weston-Ave-02170/unit-130/home/8987385,MLS PIN,72649259,N,Y,42.2687106,-71.0216894
MLS Listing,,Single Family Residential,87 Hamden Cir,Quincy,MA,02170,478888,2,1.5,Norfolk Downs,1076,3688,1920,6,445,,Active,,,http://www.redfin.com/MA/Quincy/87-Hamden-Cir-02170/home/8977063,MLS PIN,72649253,N,Y,42.274392,-71.0166486
MLS Listing,,Townhouse,62 Indian Woods Way #62,Canton,MA,02021,539900,2,2.5,Canton,2101,,2005,6,257,555,Active,,,http://www.redfin.com/MA/Canton/62-Indian-Woods-Way-02021/unit-62/home/168622549,MLS PIN,72649250,N,Y,42.1485486,-71.0979729
MLS Listing,,Condo/Co-op,517 Boylston St #517,Brookline,MA,02445,1499000,4,3.5,Brookline,2609,,1984,6,575,1280,Active,,,http://www.redfin.com/MA/Brookline/517-Boylston-St-02445/unit-517/home/171450280,MLS PIN,72649231,N,Y,42.3289006,-71.1335952
MLS Listing,,Single Family Residential,11 Fore River Ave,Weymouth,MA,02191,749900,3,2.0,Weymouth,2004,3600,1923,6,374,,Active,,,http://www.redfin.com/MA/Weymouth/11-Fore-River-Ave-02191/home/11502268,MLS PIN,72649222,N,Y,42.2471776,-70.956375
MLS Listing,,Single Family Residential,15 Hillcrest Rd,Needham,MA,02492,1549000,4,5.0,Needham,4560,7405,2018,6,340,,Active,,,http://www.redfin.com/MA/Needham/15-Hillcrest-Rd-02492/home/11713912,MLS PIN,72649173,N,Y,42.277518,-71.2164909
MLS Listing,,Multi-Family (2-4 Unit),60 E Elm Ave,Quincy,MA,02170,799000,5,3.0,Quincy,3065,5000,1920,6,261,,Active,,,http://www.redfin.com/MA/Quincy/60-E-Elm-Ave-02170/home/8981607,MLS PIN,72649172,N,Y,42.2729066,-71.0120982
MLS Listing,,Single Family Residential,22 Winfield St,Dedham,MA,02026,499000,3,2.0,Greenlodge,1028,4866,1936,6,485,,Active,,,http://www.redfin.com/MA/Dedham/22-Winfield-St-02026/home/11706860,MLS PIN,72649163,N,Y,42.2239993,-71.1641841
MLS Listing,,Single Family Residential,11 Cedar Hill Rd,Dover,MA,02030,969000,4,2.5,Dover,3157,55031,1966,6,307,,Active,,,http://www.redfin.com/MA/Dover/11-Cedar-Hill-Rd-02030/home/11709141,MLS PIN,72649110,N,Y,42.2215292,-71.273367
MLS Listing,,Single Family Residential,23 Stanton Rd,Milton,MA,02186,885000,3,2.5,Milton Center,2075,7018,1917,6,427,,Active,,,http://www.redfin.com/MA/Milton/23-Stanton-Rd-02186/home/8908268,MLS PIN,72649107,N,Y,42.2565702,-71.0811846
MLS Listing,,Condo/Co-op,57 Quincy Shore Dr #602,Quincy,MA,02171,829000,2,2.0,Quincy,1333,,2019,6,622,390,Active,,,http://www.redfin.com/MA/Quincy/57-Quincy-Shore-Dr-02171/unit-602/home/169602279,MLS PIN,72649082,N,Y,42.2824403,-71.033271
MLS Listing,,Condo/Co-op,42 County St #42,Dedham,MA,02026,1599000,5,4.0,Dedham,5291,,2001,6,302,506,Active,,,http://www.redfin.com/MA/Dedham/42-County-St-02026/unit-42/home/113199194,MLS PIN,72649072,N,Y,42.248616,-71.18029
MLS Listing,,Single Family Residential,42 County St,Dedham,MA,02026,1599000,5,4.0,Precinct 1,5291,,2001,6,302,506,Active,,,http://www.redfin.com/MA/Dedham/42-County-St-02026/home/12411428,MLS PIN,72649062,N,Y,42.248616,-71.18029
MLS Listing,,Townhouse,955 pleasant St #13,Weymouth,MA,02188,369000,3,1.5,Weymouth,1500,,2006,6,246,150,Active,,,http://www.redfin.com/MA/Weymouth/955-Pleasant-St-02189/unit-13/home/39950900,MLS PIN,72649052,N,Y,42.1994064,-70.9236323
MLS Listing,,Single Family Residential,17 Pond St,Dover,MA,02030,830000,3,2.5,Dover,3140,47435,1968,6,264,,Active,,,http://www.redfin.com/MA/Dover/17-Pond-St-02030/home/11708973,MLS PIN,72649054,N,Y,42.2186141,-71.2809016
MLS Listing,,Multi-Family (2-4 Unit),64 Hazelnut,Dedham,MA,02026,799900,6,3.0,Dedham,2292,10731,1972,6,349,,Active,,,http://www.redfin.com/MA/Dedham/64-Hazelnut-Pl-02026/home/8859010,MLS PIN,72649042,N,Y,42.2465418,-71.1575467
MLS Listing,,Single Family Residential,119 Whitman Rd,Needham,MA,02492,3299000,7,7.5,Needham,8800,43560,2020,6,375,,Active,,,http://www.redfin.com/MA/Needham/119-Whitman-Rd-02492/home/8944695,MLS PIN,72649024,N,Y,42.2656361,-71.2812496
MLS Listing,,Single Family Residential,11 Sterling Dr,Dover,MA,02030,2150000,5,5.5,Glen Ridge,6056,45206,2020,6,355,,Active,,,http://www.redfin.com/MA/Dover/11-Sterling-Dr-02030/home/11707331,MLS PIN,72649020,N,Y,42.2455971,-71.3203871
MLS Listing,,Single Family Residential,22 PARKER Rd,Needham,MA,02492,2099000,5,5.5,Needham,4400,10890,2020,6,477,,Active,,,http://www.redfin.com/MA/Needham-Heights/22-Parker-Rd-02494/home/8918751,MLS PIN,72648985,N,Y,42.2956962,-71.2247981
MLS Listing,,Single Family Residential,0 Prospect,Franklin,MA,02038,714900,4,2.5,Franklin,2750,35237,2020,6,260,,Active,,,http://www.redfin.com/MA/FRANKLIN/PROSPECT-ST-02038/home/85672639,MLS PIN,72648938,N,Y,42.068937,-71.455215
MLS Listing,,Single Family Residential,51 South St #51,Medfield,MA,02052,379900,3,1.5,Medfield,1127,,1895,6,337,,Active,,,http://www.redfin.com/MA/Medfield/51-South-St-02052/unit-51/home/171445137,MLS PIN,72648921,N,Y,42.1849887,-71.3020136
MLS Listing,,Single Family Residential,69 Arnold St,Wrentham,MA,02093,464900,3,1.5,Sheldonville,1816,174251,1960,6,256,,Active,,,http://www.redfin.com/MA/Wrentham/69-Arnold-St-02093/home/11510327,MLS PIN,72648899,N,Y,42.034332,-71.396369
MLS Listing,,Single Family Residential,47 MacArthur,Wellesley,MA,02482,2295000,5,4.5,Wellesley,4808,11300,2020,6,477,,Active,,,http://www.redfin.com/MA/Wellesley/47-MacArthur-Rd-02482/home/8995294,MLS PIN,72648862,N,Y,42.3007799,-71.3126388
MLS Listing,,Condo/Co-op,438 Central Ave #1,Milton,MA,02186,549000,2,2.0,Milton,2105,5880,1950,6,261,182,Active,,,http://www.redfin.com/MA/Milton/438-Central-Ave-02186/unit-1/home/39991297,MLS PIN,72648860,N,Y,42.2576337,-71.0821079
MLS Listing,,Single Family Residential,14 Burnside Rd,Needham,MA,02494,1850000,5,5.5,Mitchell,4519,8276,2020,6,409,,Active,,,http://www.redfin.com/MA/Needham-Heights/14-Burnside-Rd-02494/home/8917975,MLS PIN,72648841,N,Y,42.294209,-71.2289748
MLS Listing,,Single Family Residential,32 Paris,Weymouth,MA,02189,349900,3,1.0,Weymouth,1124,5662,1923,6,311,,Active,,,http://www.redfin.com/MA/Weymouth/32-Paris-St-02189/home/11522384,MLS PIN,72648824,N,Y,42.1988494,-70.9394244
MLS Listing,,Condo/Co-op,55 Will Dr #158,Canton,MA,02021,182500,1,1.0,Canton,757,,1982,6,241,381,Active,,,http://www.redfin.com/MA/Canton/55-Will-Dr-02021/unit-158/home/11830338,MLS PIN,72646256,N,Y,42.1457326,-71.1230863
MLS Listing,,Single Family Residential,13 Niantic Rd,Sharon,MA,02067,810000,4,2.5,Sharon,3024,45566,1988,7,268,,Active,,,http://www.redfin.com/MA/Sharon/13-Niantic-Rd-02067/home/8940971,MLS PIN,72648809,N,Y,42.0950763,-71.2000153
MLS Listing,,Condo/Co-op,422 John Mahar Hwy #301,Braintree,MA,02184,569900,2,2.0,Braintree,1600,,2015,7,356,483,Active,,,http://www.redfin.com/MA/Braintree/422-John-Mahar-Hwy-02184/unit-301/home/65305902,MLS PIN,72648795,N,Y,42.1999459,-70.9988686
MLS Listing,,Single Family Residential,105 Amherst Rd,Braintree,MA,02184,519000,3,2.0,Conveniently located between Liberty Elementary & South Middle,1674,7701,1958,7,310,,Active,,,http://www.redfin.com/MA/Braintree/105-Amherst-Rd-02184/home/8827169,MLS PIN,72648790,N,Y,42.1874847,-70.9959392
MLS Listing,,Single Family Residential,15 STRASSER Ave,Westwood,MA,02090,899900,5,2.5,Fairway Acres,2336,24074,1958,7,385,,Active,,,http://www.redfin.com/MA/Westwood/15-Strasser-Ave-02090/home/8974056,MLS PIN,72648780,N,Y,42.2160157,-71.1743954
MLS Listing,,Single Family Residential,291 South St,Wrentham,MA,02093,850000,5,5.0,Wrentham,3372,90474,1750,7,252,,Active,,,http://www.redfin.com/MA/Wrentham/291-South-St-02093/home/11504353,MLS PIN,72648707,N,Y,42.0593974,-71.3336099
MLS Listing,,Townhouse,38 Leominster Rd #38,Dedham,MA,02026,299900,2,1.5,The Manor,864,,1973,7,347,265,Active,,,http://www.redfin.com/MA/Dedham/38-Leominster-Rd-02026/unit-38/home/113232571,MLS PIN,72648700,N,Y,42.229913,-71.137948
MLS Listing,,Single Family Residential,54 Hillsdale Rd,Dedham,MA,02026,469900,3,1.5,Dedham,1386,7860,1920,7,339,,Active,,,http://www.redfin.com/MA/Dedham/54-Hillsdale-Rd-02026/home/8873669,MLS PIN,72648667,N,Y,42.2286507,-71.1475206
MLS Listing,,Single Family Residential,15 Parliament Dr,Franklin,MA,02038,389900,3,1.0,Franklin,1300,15002,1960,7,300,,Active,,,http://www.redfin.com/MA/Franklin/15-Parliament-Dr-02038/home/11477293,MLS PIN,72648653,N,Y,42.1129411,-71.4255532
MLS Listing,,Single Family Residential,204 Bridge St,Dedham,MA,02026,419000,3,1.0,Riverdale,1060,4000,1964,7,395,,Active,,,http://www.redfin.com/MA/Dedham/204-Bridge-St-02026/home/8847622,MLS PIN,72648640,N,Y,42.264509,-71.177041
MLS Listing,,Single Family Residential,342 Maple St,Bellingham,MA,02019,499900,5,3.0,Bellingham,3757,41972,1986,7,133,,Active,,,http://www.redfin.com/MA/Bellingham/342-Maple-St-02019/home/8814087,MLS PIN,72648597,N,Y,42.0957232,-71.4501355
MLS Listing,,Single Family Residential,82 Walnut St,Walpole,MA,02081,639000,3,2.0,Walpole,1974,19364,1948,7,324,,Active,,,http://www.redfin.com/MA/Walpole/82-Walnut-St-02081/home/8952745,MLS PIN,72648572,N,Y,42.1590441,-71.2551479
MLS Listing,,Condo/Co-op,102 Sewall Ave #6,Brookline,MA,02446,665000,1,1.0,Brookline,931,,1945,7,714,464,Active,,,http://www.redfin.com/MA/Brookline/102-Sewall-Ave-02446/unit-6/home/11459150,MLS PIN,72648570,N,Y,42.3420472,-71.1167746
MLS Listing,,Townhouse,221 Victory Rd #221,Quincy,MA,02171,1082000,3,2.0,Marina Bay,2770,,1999,7,391,834,Active,,,http://www.redfin.com/MA/Quincy/221-Victory-Rd-02171/unit-221/home/136771780,MLS PIN,72648547,N,Y,42.2980377,-71.0272318
MLS Listing,,Condo/Co-op,57 Quincy Shore Dr #404,Quincy,MA,02171,715000,2,2.0,Quincy,1367,,2019,7,523,405,Active,,,http://www.redfin.com/MA/Quincy/57-Quincy-Shore-Dr-02171/unit-404/home/148026295,MLS PIN,72648521,N,Y,42.2824403,-71.033271
MLS Listing,,Condo/Co-op,94 Naples Rd #6,Brookline,MA,02446,659000,2,1.0,Coolidge Corner,900,,1920,7,732,260,Active,,,http://www.redfin.com/MA/Brookline/94-Naples-Rd-02446/unit-6/home/11449058,MLS PIN,72648518,N,Y,42.3479437,-71.1244739
MLS Listing,,Single Family Residential,16 Plymouth St,Canton,MA,02021,430000,3,1.0,Canton,1391,12000,1880,7,309,,Active,,,http://www.redfin.com/MA/Canton/16-Plymouth-St-02021/home/11827019,MLS PIN,72648497,N,Y,42.1537095,-71.1494701
MLS Listing,,Single Family Residential,16 Old Pasture Rd,Cohasset,MA,02025,1175000,4,2.5,Cohasset,2254,20000,1970,7,521,,Active,,,http://www.redfin.com/MA/Cohasset/16-Old-Pasture-Rd-02025/home/8839999,MLS PIN,72648483,N,Y,42.2323986,-70.8138999
MLS Listing,,Condo/Co-op,15 Revolution Way #007,Canton,MA,02021,637000,2,2.0,Canton,1266,,2021,7,503,391,Active,,,http://www.redfin.com/MA/Canton/15-Revolution-WAY-02021/unit-007/home/171437201,MLS PIN,72648478,N,Y,42.1841964,-71.1329685
MLS Listing,,Single Family Residential,15 West St,Foxboro,MA,02035,549900,4,2.5,Foxboro,2348,162404,1978,7,234,,Active,,,http://www.redfin.com/MA/Foxborough/15-West-St-02035/home/11715934,MLS PIN,72648480,N,Y,42.038523,-71.272131
MLS Listing,,Condo/Co-op,15 Revolution Way #013,Canton,MA,02021,539000,1,1.0,Canton,1179,,2021,7,457,353,Active,,,http://www.redfin.com/MA/Canton/15-Revolution-WAY-02021/unit-013/home/171437191,MLS PIN,72648476,N,Y,42.1841964,-71.1329685
MLS Listing,,Condo/Co-op,15 Revolution Way #001,Canton,MA,02021,799000,2,2.0,Canton,1535,,2021,7,521,424,Active,,,http://www.redfin.com/MA/Canton/15-Revolution-WAY-02021/unit-001/home/171437190,MLS PIN,72648475,N,Y,42.1841964,-71.1329685
MLS Listing,,Single Family Residential,18 Taft St,Quincy,MA,02169,629999,3,1.5,Quincy Center,2074,4800,1910,7,304,,Active,,,http://www.redfin.com/MA/Quincy/18-Taft-St-02169/home/8942085,MLS PIN,72648471,N,Y,42.2468483,-70.9964384
MLS Listing,,Single Family Residential,418 Greenlodge St,Dedham,MA,02026,449900,2,1.0,Greenlodge,1194,7861,1953,7,377,,Active,,,http://www.redfin.com/MA/Dedham/418-Greenlodge-St-02026/home/8878803,MLS PIN,72648465,N,Y,42.2182528,-71.154019
MLS Listing,,Single Family Residential,1451 Central St,Stoughton,MA,02072,580000,5,3.5,Stoughton,3890,41800,2018,7,149,,Active,,,http://www.redfin.com/MA/Stoughton/1451-Central-St-02072/home/11729650,MLS PIN,72648461,N,Y,42.1320318,-71.117998
MLS Listing,,Single Family Residential,279 Thurston St,Wrentham,MA,02093,339500,3,1.0,Wrentham,1476,14350,1950,8,230,,Active,,,http://www.redfin.com/MA/Wrentham/279-Thurston-St-02093/home/11509251,MLS PIN,72648439,N,Y,42.0582621,-71.3053079
MLS Listing,,Condo/Co-op,57 Quincy Shore Dr #508,Quincy,MA,02171,665000,2,2.0,Quincy,1137,,2019,8,585,360,Active,,,http://www.redfin.com/MA/Quincy/57-Quincy-Shore-Dr-02171/unit-508/home/166755297,MLS PIN,72648398,N,Y,42.2824403,-71.033271
MLS Listing,,Single Family Residential,5 Clark Rd,Medfield,MA,02052,639900,3,1.5,Medfield,2287,25702,1963,8,280,,Active,,,http://www.redfin.com/MA/Medfield/5-Clark-Rd-02052/home/11712119,MLS PIN,72648382,N,Y,42.1694746,-71.3010857
MLS Listing,,Townhouse,632 Washington St Unit B5,Braintree,MA,02184,449900,2,2.5,Braintree,2051,,1983,8,219,332,Active,,,http://www.redfin.com/MA/Braintree/632-Washington-St-02184/unit-B5/home/8837321,MLS PIN,72648358,N,Y,42.2115392,-71.0039571
MLS Listing,,Vacant Land,5 Holly Way Lot 2,Canton,MA,02021,400000,,,Canton,,28154,,8,,,Active,,,http://www.redfin.com/MA/Canton/5-Holly-WAY-02021/unit-2/home/171432473,MLS PIN,72648298,N,Y,42.1841964,-71.1329685
MLS Listing,,Single Family Residential,74 Court St,Dedham,MA,02026,1195000,3,3.5,Precinct 1,3285,10672,1795,8,364,,Active,,,http://www.redfin.com/MA/Dedham/74-Court-St-02026/home/8857449,MLS PIN,72648295,N,Y,42.2466022,-71.1774123
MLS Listing,,Single Family Residential,6 Stony Brook Rd,Walpole,MA,02071,599900,4,2.5,Walpole,2352,30182,1971,8,255,,Active,,,http://www.redfin.com/MA/South-Walpole/6-Stonybrook-Rd-02071/home/8979413,MLS PIN,72648280,N,Y,42.100603,-71.276679
MLS Listing,,Condo/Co-op,99 Pond Ave #814,Brookline,MA,02445,549000,1,1.0,Brookline Village,870,,1970,8,631,782,Active,,,http://www.redfin.com/MA/Brookline/99-Pond-Ave-02445/unit-814/home/11488611,MLS PIN,72648273,N,Y,42.3304821,-71.1153463
MLS Listing,,Single Family Residential,15 Russell St,Franklin,MA,02038,429900,3,1.5,Franklin,1344,15080,1962,8,320,,Active,,,http://www.redfin.com/MA/Franklin/15-Russell-St-02038/home/11467647,MLS PIN,72648256,N,Y,42.0941912,-71.3702137
MLS Listing,,Single Family Residential,5 Greenlawn Ave,Wellesley,MA,02481,899000,3,1.5,Wellesley,1568,7500,1930,8,573,,Active,,,http://www.redfin.com/MA/Wellesley/5-Greenlawn-Ave-02481/home/8968003,MLS PIN,72648207,N,Y,42.3253502,-71.2656352
MLS Listing,,Single Family Residential,189 Stonehaven Dr,Weymouth,MA,02190,714900,4,3.5,Weymouth,2506,4688,2018,8,285,119,Active,,,http://www.redfin.com/MA/Weymouth/189-Stonehaven-Dr-02190/home/144230814,MLS PIN,72648200,N,Y,42.15733,-70.951458
MLS Listing,,Vacant Land,71 River Rd,Norfolk,MA,02056,239000,,,Norfolk,,23196,,8,,,Active,,,http://www.redfin.com/MA/Norfolk/71-River-Rd-02056/home/11487057,MLS PIN,72648152,N,Y,42.1336038,-71.3746208
MLS Listing,,Condo/Co-op,164 Coolidge St #164,Brookline,MA,02446,1599000,4,3.0,Coolidge Corner,2468,,1914,8,648,400,Active,,,http://www.redfin.com/MA/Brookline/164-Coolidge-St-02446/unit-164/home/171427741,MLS PIN,72648134,N,Y,42.3493136,-71.125611
MLS Listing,,Condo/Co-op,51 Will Dr #128,Canton,MA,02021,189900,1,1.0,Canton,750,7185,1971,8,253,348,Active,,,http://www.redfin.com/MA/Canton/51-Will-Dr-02021/unit-128/home/11830477,MLS PIN,72648123,N,Y,42.1469325,-71.122667
MLS Listing,,Single Family Residential,70 Lenox St,Quincy,MA,02169,459900,3,1.0,Houghs Neck,1080,7500,1910,8,426,,Active,May-9-2020 01:00 PM,May-9-2020 03:00 PM,http://www.redfin.com/MA/Quincy/70-Lenox-St-02169/home/8916530,MLS PIN,72648108,N,Y,42.2667833,-70.9627164
MLS Listing,,Condo/Co-op,120 University Avenue 2203 #203,Westwood,MA,02090,517000,1,1.0,Westwood,956,,2019,8,541,301,Active,,,http://www.redfin.com/MA/Westwood/120-University-Ave-02090/unit-203/home/168637106,MLS PIN,72643752,N,Y,42.2078913,-71.1513533
MLS Listing,,Single Family Residential,26 Morse St,Randolph,MA,02368,489900,3,3.0,Randolph,1728,8900,1997,8,284,,Active,,,http://www.redfin.com/MA/Randolph/26-Morse-St-02368/home/11724205,MLS PIN,72648069,N,Y,42.1974729,-71.0545357
MLS Listing,,Single Family Residential,12 Wedgemere Ct,Walpole,MA,02081,549900,3,2.0,Walpole,1848,11761,1943,8,298,,Active,,,http://www.redfin.com/MA/Walpole/12-Wedgemere-Ct-02081/home/8958158,MLS PIN,72648039,N,Y,42.149436,-71.2492545
MLS Listing,,Condo/Co-op,36 Greentree Ln #28,Weymouth,MA,02190,265000,2,1.5,South Weymouth,912,,1970,8,291,338,Active,,,http://www.redfin.com/MA/Weymouth/36-Greentree-Ln-02190/unit-28/home/39951082,MLS PIN,72646964,N,Y,42.1673852,-70.9536543
MLS Listing,,Townhouse,130 Winterberry Way #130,Norfolk,MA,02056,589900,2,2.5,Norfolk,2245,,2009,8,263,390,Active,,,http://www.redfin.com/MA/Norfolk/130-Winterberry-Way-02056/unit-130/home/113224946,MLS PIN,72641947,N,Y,42.1355868,-71.3437513
MLS Listing,,Single Family Residential,418 Washington St,Walpole,MA,02032,429900,3,3.0,Walpole,1359,21194,1979,9,316,,Active,,,http://www.redfin.com/MA/East-Walpole/418-Washington-St-02032/home/8960612,MLS PIN,72647950,N,Y,42.1530147,-71.2232202
MLS Listing,,Single Family Residential,93 Beechwood Unit 1 of 2,Cohasset,MA,02025,625000,2,3.0,Cohasset,2345,20013,2019,9,267,,Active,,,http://www.redfin.com/MA/Cohasset/93-Beechwood-St-02025/unit-1-of-2/home/170560354,MLS PIN,72647918,N,Y,42.227074,-70.799507
MLS Listing,,Condo/Co-op,85 Grove St #3,Wellesley,MA,02482,989000,2,2.0,Wellesley,1488,,1973,9,665,668,Active,,,http://www.redfin.com/MA/Wellesley/85-Grove-St-02482/unit-3/home/12424549,MLS PIN,72647914,N,Y,42.2949119,-71.2920075
MLS Listing,,Single Family Residential,241 South St,Wrentham,MA,02093,424900,3,2.0,Wrentham,1584,21600,1922,9,268,,Active,,,http://www.redfin.com/MA/Wrentham/241-South-St-02093/home/11504329,MLS PIN,72647908,N,Y,42.0618506,-71.3328676
MLS Listing,,Single Family Residential,39 Birchcroft Rd,Canton,MA,02021,595000,4,2.0,Canton,1880,33939,1953,9,316,,Active,,,http://www.redfin.com/MA/Canton/39-Birchcroft-Rd-02021/home/11828416,MLS PIN,72647903,N,Y,42.1799804,-71.1464066
MLS Listing,,Single Family Residential,15 Cherokee Rd,Canton,MA,02021,2150000,5,5.5,Canton,10516,34680,1998,9,204,,Active,,,http://www.redfin.com/MA/Canton/15-Cherokee-Rd-02021/home/11705181,MLS PIN,72647877,N,Y,42.1951563,-71.1324811
MLS Listing,,Single Family Residential,174 Nahanton Ave,Milton,MA,02186,1600000,5,4.0,Milton,4814,12196,2019,9,332,,Active,,,http://www.redfin.com/MA/Milton/174-Nahanton-Ave-02186/home/8936669,MLS PIN,72641197,N,Y,42.2303446,-71.0639605
MLS Listing,,Single Family Residential,191 William Kelley Rd,Stoughton,MA,02072,469900,3,1.5,Stoughton,2400,16040,1977,10,196,,Active,,,http://www.redfin.com/MA/Stoughton/191-William-Kelley-Rd-02072/home/11498357,MLS PIN,72647798,N,Y,42.1206124,-71.0785383
MLS Listing,,Vacant Land,720 West St,Wrentham,MA,02093,330000,,,Wrentham,,87200,,10,,,Active,,,http://www.redfin.com/MA/Wrentham/720-West-St-02093/home/171422235,MLS PIN,72647767,N,Y,42.0388452,-71.3725305
MLS Listing,,Vacant Land,20 Carriage House Ln,Wrentham,MA,02093,340000,,,Wrentham,,130500,,10,,,Active,,,http://www.redfin.com/MA/Wrentham/20-Carriage-House-Ln-02093/home/171422234,MLS PIN,72647766,N,Y,42.0395326,-71.3767634
MLS Listing,,Single Family Residential,71 Centre St,Dover,MA,02030,985000,4,3.0,Dover,3468,39971,1955,10,284,,Active,,,http://www.redfin.com/MA/Dover/71-Centre-St-02030/home/11707658,MLS PIN,72647721,N,Y,42.2415378,-71.2819224
MLS Listing,,Single Family Residential,378 Beechwood St,Cohasset,MA,02025,999900,4,4.0,Cohasset,3800,400751,1994,10,263,,Active,,,http://www.redfin.com/MA/Cohasset/378-Beechwood-St-02025/home/11447797,MLS PIN,72647715,N,Y,42.2160404,-70.8120257
MLS Listing,,Single Family Residential,43 Waldo St,Dedham,MA,02026,599000,3,1.5,Dedham,1226,7057,1906,11,489,,Active,,,http://www.redfin.com/MA/Dedham/43-Waldo-St-02026/home/8855482,MLS PIN,72647672,N,Y,42.251039,-71.1586142
MLS Listing,,Condo/Co-op,121 Revere St,Canton,MA,02021,419900,2,2.0,Canton Junction,1358,,1998,11,309,373,Active,,,http://www.redfin.com/MA/Canton/121-Revere-St-02021/unit-K/home/11704697,RIS,1252232,N,Y,42.1558114,-71.1484001
MLS Listing,,Townhouse,53 Brookview Rd #53,Franklin,MA,02038,539000,2,2.5,Franklin,1848,,2018,11,292,290,Active,,,http://www.redfin.com/MA/Franklin/53-Brookview-Rd-02038/unit-53/home/171416200,MLS PIN,72647557,N,Y,42.094005,-71.4283391
MLS Listing,,Single Family Residential,88 Farrington St,Quincy,MA,02170,575000,3,1.5,Wollaston,1513,5000,1920,11,380,,Active,,,http://www.redfin.com/MA/Quincy/88-Farrington-St-02170/home/9018969,MLS PIN,72647497,N,Y,42.270843,-71.0284887
MLS Listing,,Single Family Residential,77 Village Ave,Dedham,MA,02026,1225000,4,3.5,Precinct 1,2877,7517,1840,11,426,,Active,,,http://www.redfin.com/MA/Dedham/77-Village-Ave-02026/home/8854246,MLS PIN,72647492,N,Y,42.2484128,-71.1808469
MLS Listing,,Single Family Residential,250 RIDGEWOOD Dr,Norwood,MA,02062,614000,3,2.5,Norwood,2246,12128,1956,11,273,,Active,,,http://www.redfin.com/MA/Norwood/250-Ridgewood-Dr-02062/home/8930358,MLS PIN,72647486,N,Y,42.1867708,-71.1806497
MLS Listing,,Vacant Land,0 Lane,Weymouth,MA,02188,189000,,,Weymouth,,21780,,11,,,Active,,,http://www.redfin.com/MA/Weymouth/Lane-02188/home/171415122,MLS PIN,72647475,N,Y,42.2071619,-70.9606241
MLS Listing,,Single Family Residential,195 Pond St,Avon,MA,02322,330000,3,1.0,Avon,1052,21150,1968,11,314,,Active,,,http://www.redfin.com/MA/Avon/195-Pond-St-02322/home/8802640,MLS PIN,72647448,N,Y,42.1251464,-71.0490223
MLS Listing,,Single Family Residential,8 Meadowbrook Rd,Dover,MA,02030,1395000,3,3.5,Dover,3640,45229,1955,11,383,,Active,,,http://www.redfin.com/MA/Dover/8-Meadowbrook-Rd-02030/home/11705857,MLS PIN,72647439,N,Y,42.2656789,-71.3066767
MLS Listing,,Condo/Co-op,130 University Ave #1105,Westwood,MA,02090,519800,1,1.0,Westwood,950,,2019,11,547,298,Active,,,http://www.redfin.com/MA/Westwood/130-University-Ave-02090/unit-1105/home/170660701,MLS PIN,72647436,N,Y,42.2076004,-71.1515021
MLS Listing,,Single Family Residential,21 Mount St,Franklin,MA,02038,209900,2,1.0,Franklin,884,71656,1979,11,237,,Active,,,http://www.redfin.com/MA/Franklin/21-Mount-St-02038/home/11453093,MLS PIN,72647415,N,Y,42.0519718,-71.383284
MLS Listing,,Single Family Residential,4 SENECA St,Medfield,MA,02052,929000,5,2.5,Indian Hill,4370,34217,1978,11,213,,Active,,,http://www.redfin.com/MA/Medfield/4-Seneca-St-02052/home/11710338,MLS PIN,72647377,N,Y,42.1496218,-71.3246515
MLS Listing,,Single Family Residential,10 Pleasant St #10,Wellesley,MA,02482,1450000,4,3.5,Wellesley,2738,,2011,11,530,,Active,,,http://www.redfin.com/MA/Wellesley/10-Pleasant-St-02482/unit-10/home/77523650,MLS PIN,72647376,N,Y,42.3003582,-71.2955641
MLS Listing,,Single Family Residential,70 Green St,Canton,MA,02021,785000,3,1.5,Green Street,1700,53143,1950,11,462,,Active,,,http://www.redfin.com/MA/Canton/70-Green-St-02021/home/11831895,MLS PIN,72647351,N,Y,42.21378,-71.1301137
MLS Listing,,Townhouse,84 Frances Dr #84,Stoughton,MA,02072,349900,2,2.5,Stoughton,1776,,1977,11,197,456,Active,,,http://www.redfin.com/MA/Stoughton/84-Frances-Dr-02072/unit-84/home/77494170,MLS PIN,72647321,N,Y,42.1360727,-71.1349178
MLS Listing,,Single Family Residential,20 Mackintosh St,Franklin,MA,02038,499900,5,2.5,Franklin,2198,21166,1967,11,227,,Active,,,http://www.redfin.com/MA/Franklin/20-MacKintosh-St-02038/home/11469773,MLS PIN,72647293,N,Y,42.0997515,-71.3900219
MLS Listing,,Single Family Residential,30 Aspinwall Ave,Weymouth,MA,02191,799950,3,2.0,North Weymouth,1190,7012,1918,12,672,,Active,,,http://www.redfin.com/MA/Weymouth/30-Aspinwall-Ave-02191/home/11507946,MLS PIN,72647284,N,Y,42.2394932,-70.9548773
MLS Listing,,Single Family Residential,10 Liberty Rd,Medfield,MA,02052,949000,4,3.5,Medfield,3986,40527,1988,12,238,,Active,,,http://www.redfin.com/MA/Medfield/10-Liberty-Rd-02052/home/11711085,MLS PIN,72647281,N,Y,42.1543282,-71.2865393
MLS Listing,,Single Family Residential,1378 Washington St,Braintree,MA,02184,474900,3,1.5,Braintree Highlands,1208,6486,1923,12,393,,Active,,,http://www.redfin.com/MA/Braintree/1378-Washington-St-02184/home/8819244,MLS PIN,72647248,N,Y,42.1904945,-71.0076383
MLS Listing,,Multi-Family (2-4 Unit),37-39 Green St,Medfield,MA,02052,640000,6,3.0,Medfield,2628,39208,1960,12,244,,Active,,,http://www.redfin.com/MA/Medfield/37-Green-St-02052/home/11716167,MLS PIN,72647237,N,Y,42.1913598,-71.3059135
MLS Listing,,Condo/Co-op,211 Central St Unit A210,Norwood,MA,02062,289900,1,1.0,Norwood,715,94089,2004,12,405,368,Active,,,http://www.redfin.com/MA/Norwood/211-Central-St-02062/unit-A210/home/8934412,MLS PIN,72647211,N,Y,42.1953639,-71.197951
MLS Listing,,Single Family Residential,239 Main St,Medway,MA,02053,414900,3,2.0,Medway,1910,58109,1998,12,217,,Active,,,http://www.redfin.com/MA/Medway/239-Main-St-02053/home/11472493,MLS PIN,72647209,N,Y,42.138947,-71.438553
MLS Listing,,Single Family Residential,19 Pond View Rd,Canton,MA,02021,425000,3,1.5,Canton,1384,8009,1952,12,307,,Active,,,http://www.redfin.com/MA/Canton/19-Pond-View-Rd-02021/home/11826454,MLS PIN,72647177,N,Y,42.1441068,-71.1526265
MLS Listing,,Single Family Residential,91 Turnpike St,Canton,MA,02021,285000,2,1.0,Canton,784,24138,1936,12,364,,Active,,,http://www.redfin.com/MA/Canton/91-Turnpike-St-02021/home/11832434,MLS PIN,72647175,N,Y,42.1855374,-71.1160019
MLS Listing,,Condo/Co-op,9 Independence Ave #210,Braintree,MA,02184,559000,2,2.0,Braintree,1292,,2018,12,433,200,Active,,,http://www.redfin.com/MA/BRAINTREE/9-INDEPENDENCE-AVE-02184/unit-210/home/168188203,MLS PIN,72647126,N,Y,42.230569,-71.005622
MLS Listing,,Vacant Land,17 Manchester Dr,Wrentham,MA,02093,375000,,,Wrentham,,90790,,12,,,Active,,,http://www.redfin.com/MA/Wrentham/17-Manchester-Dr-02093/home/85688131,MLS PIN,72647099,N,Y,42.034278,-71.401202
MLS Listing,,Vacant Land,15 Manchester Dr,Wrentham,MA,02093,350000,,,Wrentham,,87261,,12,,,Active,,,http://www.redfin.com/MA/Wrentham/15-Manchester-Dr-02093/home/85688132,MLS PIN,72647097,N,Y,42.033594,-71.4013669
MLS Listing,,Single Family Residential,70 Lisle St,Braintree,MA,02184,639900,3,2.0,Braintree,1602,16771,1964,12,399,,Active,,,http://www.redfin.com/MA/Braintree/70-Lisle-St-02184/home/8854938,MLS PIN,72647057,N,Y,42.2182575,-70.9802904
MLS Listing,,Single Family Residential,488 Pond St,Franklin,MA,02038,359000,3,1.0,Franklin,1040,19502,1959,12,345,,Active,,,http://www.redfin.com/MA/Franklin/488-Pond-St-02038/home/11474125,MLS PIN,72647050,N,Y,42.1077363,-71.4292638
MLS Listing,,Single Family Residential,155 Waterman Rd,Canton,MA,02021,1150000,4,2.5,Canton,5288,46609,1996,12,217,,Active,,,http://www.redfin.com/MA/Canton/155-Waterman-Rd-02021/home/11832533,MLS PIN,72647040,N,Y,42.1713954,-71.1005434
MLS Listing,,Single Family Residential,7 Sprague Rd,Wellesley,MA,02481,2695000,7,6.5,Cliff Estates,6500,20443,2020,12,415,,Active,,,http://www.redfin.com/MA/Wellesley/7-Sprague-Rd-02481/home/8985341,MLS PIN,72646999,N,Y,42.3076531,-71.2936154
MLS Listing,,Single Family Residential,691 Boylston St,Brookline,MA,02445,2000000,6,4.0,Fisher Hill,3834,12737,1923,12,522,,Active,,,http://www.redfin.com/MA/Brookline/691-Boylston-St-02445/home/11483640,MLS PIN,72646983,N,Y,42.3269142,-71.1414549
MLS Listing,,Single Family Residential,106 Elm St,Quincy,MA,02169,599000,4,1.5,Quincy Center,1752,6110,1925,12,342,,Active,,,http://www.redfin.com/MA/Quincy/106-Elm-St-02169/home/8929355,MLS PIN,72646965,N,Y,42.2480362,-70.9969143
MLS Listing,,Townhouse,15 Brook St #15,Wellesley,MA,02482,785000,3,1.5,Wellesley,2158,22000,1966,12,364,,Active,,,http://www.redfin.com/MA/Wellesley/15-Brook-St-02482/unit-15/home/171362688,MLS PIN,72646885,N,Y,42.29624,-71.2886771
MLS Listing,,Single Family Residential,210 Walpole,Canton,MA,02021,1100000,4,3.5,Canton Junction,5382,30144,2002,12,204,,Active,,,http://www.redfin.com/MA/Canton/210-Walpole-St-02021/home/11833256,MLS PIN,72646862,N,Y,42.1551836,-71.1606757
MLS Listing,,Single Family Residential,65 Lincoln Rd,Sharon,MA,02067,899900,4,2.5,Sharon,3158,40013,1968,12,285,,Active,,,http://www.redfin.com/MA/Sharon/65-Lincoln-Rd-02067/home/8953899,MLS PIN,72640542,N,Y,42.1194963,-71.1508627
MLS Listing,,Single Family Residential,375 Linden St,Wellesley,MA,02481,1839000,5,4.5,Linden Square,4500,9690,2020,13,409,,Active,,,http://www.redfin.com/MA/Wellesley/375-Linden-St-02481/home/8976823,MLS PIN,72646842,N,Y,42.3070808,-71.2820616
MLS Listing,,Townhouse,403 Crystal Way #403,Bellingham,MA,02019,334900,2,1.5,Bellingham,1492,,2013,13,224,361,Active,,,http://www.redfin.com/MA/Bellingham/403-Crystal-Way-02019/unit-403/home/168958105,MLS PIN,72646814,N,Y,42.0823666,-71.4718036
MLS Listing,,Single Family Residential,18 Oxford Rd,Wellesley,MA,02481,1275000,3,2.5,Northgate,1923,10061,1952,13,663,,Active,,,http://www.redfin.com/MA/Wellesley/18-Oxford-Rd-02481/home/8995915,MLS PIN,72646770,N,Y,42.3156276,-71.3139148
MLS Listing,,Single Family Residential,16 Townline Rd,Franklin,MA,02038,659900,4,2.5,Franklin,3400,40402,1998,13,194,,Active,,,http://www.redfin.com/MA/Franklin/16-Townline-Rd-02038/home/11450430,MLS PIN,72646744,N,Y,42.0426443,-71.4534284
MLS Listing,,Single Family Residential,170 North St,Foxboro,MA,02035,599000,4,3.0,Foxboro,2828,20066,1962,13,212,,Active,,,http://www.redfin.com/MA/Foxborough/170-North-St-02035/home/11707397,MLS PIN,72646652,N,Y,42.0964278,-71.2563544
MLS Listing,,Single Family Residential,59 Morton Rd,Milton,MA,02186,1799000,6,3.5,Milton Hill,6000,10402,1895,13,300,,Active,,,http://www.redfin.com/MA/Milton/59-Morton-Rd-02186/home/11712557,MLS PIN,72646626,N,Y,42.2683287,-71.0705531
MLS Listing,,Single Family Residential,543 Beechwood St,Cohasset,MA,02025,929000,4,2.5,Cohasset,2500,11019,2020,13,372,,Active,,,http://www.redfin.com/MA/Cohasset/543-Beechwood-St-02025/home/171395462,MLS PIN,72646560,N,Y,42.2100786,-70.8209547
MLS Listing,,Single Family Residential,541 Beechwood St,Cohasset,MA,02025,929000,4,2.5,Cohasset,2500,13892,2020,13,372,,Active,,,http://www.redfin.com/MA/Cohasset/541-Beechwood-St-02025/home/8843555,MLS PIN,72646559,N,Y,42.2101022,-70.8209376
MLS Listing,,Vacant Land,50 Pine St,Dover,MA,02030,1299000,,,Dover,,394218,,13,,,Active,,,http://www.redfin.com/MA/Dover/50-Pine-St-02030/home/11708462,MLS PIN,72646545,N,Y,42.230535,-71.278236
MLS Listing,,Single Family Residential,45 Maple St,Norwood,MA,02062,749000,4,1.5,Norwood,2600,9877,1870,13,288,,Active,,,http://www.redfin.com/MA/Norwood/45-Maple-St-02062/home/8899064,MLS PIN,72646542,N,Y,42.1949429,-71.2038674
MLS Listing,,Single Family Residential,81 Shirley St,Quincy,MA,02169,389000,2,1.0,Quincy,910,3600,1900,13,427,,Active,,,http://www.redfin.com/MA/Quincy/81-Shirley-St-02169/home/8970543,MLS PIN,72646528,N,Y,42.2535118,-71.0341068
MLS Listing,,Single Family Residential,573 Webster St,Needham,MA,02494,1125000,4,3.0,Needham,3282,13939,1938,13,343,,Active,,,http://www.redfin.com/MA/Needham/573-Webster-St-02494/home/11827767,MLS PIN,72646417,N,Y,42.288005,-71.2310229
MLS Listing,,Single Family Residential,Lot 8 Douglas St,Weymouth,MA,02190,729000,3,2.5,Stonebridge at Union Point,2551,4850,2020,13,286,120,Active,,,http://www.redfin.com/MA/Weymouth/Lot-8-Douglas-ST-02190/home/171394191,MLS PIN,72646411,N,Y,42.1707499,-70.9427914
MLS Listing,,Vacant Land,399 West St,Dedham,MA,02026,450000,,,Dedham,,161901,,13,,,Active,,,http://www.redfin.com/MA/Dedham/399-West-St-02026/home/8846744,MLS PIN,72646405,N,Y,42.267882,-71.217105
MLS Listing,,Single Family Residential,2 Ash Rd,Norfolk,MA,02056,285000,4,2.0,Norfolk,1652,12530,1955,13,173,,Active,,,http://www.redfin.com/MA/Norfolk/2-Ash-Rd-02056/home/11494153,MLS PIN,72646401,N,Y,42.0944517,-71.316629
MLS Listing,,Single Family Residential,70 Colts Xing,Canton,MA,02021,1850000,5,3.5,Southfield Estates,5793,57541,2004,13,319,,Active,,,http://www.redfin.com/MA/Canton/70-Colts-Xing-02021/home/11833576,MLS PIN,72646381,N,Y,42.1825562,-71.0946709
MLS Listing,,Single Family Residential,17 EVERETT St,Norfolk,MA,02056,469500,4,2.0,Pondville Area,2124,55321,1970,13,221,,Active,,,http://www.redfin.com/MA/Norfolk/17-Everett-St-02056/home/11496513,MLS PIN,72645695,N,Y,42.0926389,-71.2876761
MLS Listing,,Single Family Residential,575 N Quincy St,Abington,MA,02351,459900,3,1.0,Abington,2150,45000,1962,14,214,,Active,,,http://www.redfin.com/MA/ABINGTON/575-N-QUINCY-ST-02351/home/16304711,MLS PIN,72646358,N,Y,42.12725,-71.001755
MLS Listing,,Single Family Residential,638 South St,Needham,MA,02492,1599000,4,4.0,Needham,4256,43560,1997,14,376,,Active,,,http://www.redfin.com/MA/Needham/638-South-St-02492/home/8940305,MLS PIN,72646341,N,Y,42.2664585,-71.2328034
MLS Listing,,Condo/Co-op,251 Neponset St #2,Canton,MA,02021,264900,2,1.0,Canton,930,,1900,14,285,250,Active,,,http://www.redfin.com/MA/Canton/251-Neponset-St-02021/unit-2/home/11833876,MLS PIN,72646300,N,Y,42.1565713,-71.1534622
MLS Listing,,Condo/Co-op,635 Old Post Road Woodcrest Run #109,Sharon,MA,02067,480000,2,2.0,Sharon,1187,,2020,14,404,9999999,Active,,,http://www.redfin.com/MA/Sharon/3-N-Main-St-02067/unit-109/home/171387686,MLS PIN,72646279,N,Y,42.1238768,-71.1785582
MLS Listing,,Condo/Co-op,655 Washington St #655,Brookline,MA,02446,1499000,5,2.5,Brookline,2061,,1898,14,727,,Active,,,http://www.redfin.com/MA/Brookline/655-Washington-St-02446/unit-655/home/136692396,MLS PIN,72646202,N,Y,42.3387984,-71.1328545
MLS Listing,,Condo/Co-op,13 Garrison Rd #1,Brookline,MA,02445,525000,1,1.0,Brookline,719,,1895,14,730,223,Active,,,http://www.redfin.com/MA/Brookline/13-Garrison-Rd-02445/unit-1/home/11478395,MLS PIN,72646157,N,Y,42.3380242,-71.1365174
MLS Listing,,Single Family Residential,211 Fairoaks Ln,Cohasset,MA,02025,1299000,5,2.5,Fairoaks,3999,27855,1970,14,325,,Active,,,http://www.redfin.com/MA/Cohasset/211-Fairoaks-Ln-02025/home/8840602,MLS PIN,72646142,N,Y,42.2365572,-70.8225646
MLS Listing,,Single Family Residential,16 Mayo Rd,Wellesley,MA,02482,1995000,5,3.0,Wellesley,5632,22235,2006,14,354,,Active,,,http://www.redfin.com/MA/Wellesley/16-Mayo-Rd-02482/home/11726454,MLS PIN,72646124,N,Y,42.3126435,-71.3182761
MLS Listing,,Multi-Family (2-4 Unit),609 Washington St,Quincy,MA,02169,1299999,1,4.0,Quincy,2950,8370,1910,14,441,,Active,,,http://www.redfin.com/MA/Quincy/609-Washington-St-02169/home/12458841,MLS PIN,72646068,N,Y,42.2463084,-70.9766677
MLS Listing,,Townhouse,34 Pleasant St #107,Foxboro,MA,02035,489000,3,3.0,Foxboro,1951,,2013,14,251,295,Active,,,http://www.redfin.com/MA/Foxborough/34-Pleasant-St-02035/unit-107/home/52798095,MLS PIN,72646051,N,Y,42.0650489,-71.2421752
MLS Listing,,Single Family Residential,Lot 2A Sherman St,Canton,MA,02021,929000,4,2.5,Canton,2400,16973,2020,14,387,,Active,,,http://www.redfin.com/MA/Canton/2-Sherman-St-02021/home/171386210,MLS PIN,72646031,N,Y,42.1578628,-71.1311242
MLS Listing,,Condo/Co-op,23 Winslow Rd #1,Brookline,MA,02446,2075000,4,3.0,Coolidge Corner,2641,,1928,14,786,9999999,Active,,,http://www.redfin.com/MA/Brookline/23-Winslow-Rd-02446/unit-1/home/171386197,MLS PIN,72646027,N,Y,42.3509852,-71.1227793
MLS Listing,,Single Family Residential,33 Crescent St,Franklin,MA,02038,675000,4,1.5,Down Town - Dean College,2563,53410,1900,14,263,,Active,,,http://www.redfin.com/MA/Franklin/33-Crescent-St-02038/home/11462475,MLS PIN,72645988,N,Y,42.0883861,-71.3974206
MLS Listing,,Single Family Residential,274 Pleasant St,Norwood,MA,02062,620000,5,3.0,Norwood,2222,12036,1977,15,279,,Active,,,http://www.redfin.com/MA/Norwood/274-Pleasant-St-02062/home/8922575,MLS PIN,72645934,N,Y,42.1876643,-71.1930071
MLS Listing,,Condo/Co-op,43 McCormick Ter #55,Stoughton,MA,02072,210000,2,1.0,Stoughton,965,,1971,15,218,500,Active,,,http://www.redfin.com/MA/Stoughton/43-McCormick-Ter-02072/unit-55/home/11733727,MLS PIN,72645909,N,Y,42.1348674,-71.1038795
MLS Listing,,Single Family Residential,17 SUNRISE Ter,Needham,MA,02492,1869000,5,5.5,Needham,5218,10182,2020,15,358,,Active,,,http://www.redfin.com/MA/Needham/17-Sunrise-Ter-02492/home/171380395,MLS PIN,72645851,N,Y,42.286631,-71.2527248
MLS Listing,,Condo/Co-op,573 Broad St #226,Weymouth,MA,02189,229900,2,1.0,East Weymouth,856,,1985,15,269,465,Active,,,http://www.redfin.com/MA/Weymouth/573-Broad-St-02189/unit-226/home/11518430,MLS PIN,72645827,N,Y,42.2158067,-70.9355457
MLS Listing,,Townhouse,27 Lisa Rd #27,Randolph,MA,02368,344900,3,1.5,Randolph,1404,,1986,15,246,,Active,,,http://www.redfin.com/MA/Randolph/27-Lisa-Rd-02368/unit-27/home/77523266,MLS PIN,72645822,N,Y,42.1672245,-71.0602258
MLS Listing,,Condo/Co-op,14 Sanford St #31,Medway,MA,02053,219857,1,1.5,Medway,704,,1890,15,312,247,Active,,,http://www.redfin.com/MA/Medway/14-Sanford-St-02053/unit-31/home/11469982,MLS PIN,72645769,N,Y,42.1391298,-71.3989223
MLS Listing,,Condo/Co-op,17 Garrison Rd #1,Brookline,MA,02445,695000,1,1.0,Beaconsfield,915,,1895,15,760,300,Active,,,http://www.redfin.com/MA/Brookline/17-Garrison-Rd-02445/unit-1/home/11478056,MLS PIN,72645740,N,Y,42.3379876,-71.1366852
MLS Listing,,Single Family Residential,5 Jefferson Rd,Brookline,MA,02467,2249000,3,4.0,Brookline,4543,17942,1980,15,495,,Active,,,http://www.redfin.com/MA/Chestnut-Hill/5-Jefferson-Rd-02467/home/11499934,MLS PIN,72645691,N,Y,42.3245235,-71.1581733
MLS Listing,,Single Family Residential,9 Howe Cir,Randolph,MA,02368,420000,3,2.0,Randolph,1288,12100,1967,16,326,,Active,,,http://www.redfin.com/MA/Randolph/9-Howe-Cir-02368/home/45115673,MLS PIN,72645581,N,Y,42.159843,-71.0457142
MLS Listing,,Single Family Residential,11 Ledgewood Dr,Canton,MA,02021,649000,3,1.5,Canton,2122,30000,1957,16,306,,Active,,,http://www.redfin.com/MA/Canton/11-Ledgewood-Dr-02021/home/11833086,MLS PIN,72645567,N,Y,42.1626573,-71.0827166
MLS Listing,,Single Family Residential,33 Hancock Rd,Franklin,MA,02038,819900,4,3.5,Franklin Oaks,4800,21000,1998,16,171,,Active,,,http://www.redfin.com/MA/Franklin/33-Hancock-Rd-02038/home/11449304,MLS PIN,72645536,N,Y,42.1207954,-71.4134701
MLS Listing,,Single Family Residential,461 S Main St,Sharon,MA,02067,335900,3,1.0,Sharon,1468,18245,1950,16,229,,Active,,,http://www.redfin.com/MA/Sharon/461-S-Main-St-02067/home/11830265,MLS PIN,72645525,N,Y,42.1054484,-71.2059558
MLS Listing,,Single Family Residential,4 Pond St,Needham,MA,02492,1799900,5,5.0,Needham,4770,10008,2020,16,377,,Active,,,http://www.redfin.com/MA/Needham/4-Pond-St-02492/home/170105144,MLS PIN,72645465,N,Y,42.2825487,-71.2526689
MLS Listing,,Single Family Residential,106 Prospect (N) St,Braintree,MA,02184,472000,3,1.0,Braintree,1040,12162,1957,17,454,,Active,,,http://www.redfin.com/MA/Braintree/106-Prospect-St-N-02184/home/8839935,MLS PIN,72645461,N,Y,42.2204578,-71.008755
MLS Listing,,Single Family Residential,631 Blue Hills Pkwy,Milton,MA,02186,969000,4,3.0,Milton,2642,20251,1952,17,367,,Active,,,http://www.redfin.com/MA/Milton/631-Blue-Hills-Pkwy-02186/home/8904506,MLS PIN,72645454,N,Y,42.2456118,-71.094137
MLS Listing,,Multi-Family (2-4 Unit),63 billings St,Sharon,MA,02067,589000,5,2.0,Sharon,2209,10238,1863,17,267,,Active,,,http://www.redfin.com/MA/Sharon/63-Billings-St-02067/home/8952644,MLS PIN,72643903,N,Y,42.1218989,-71.1757878
MLS Listing,,Vacant Land,Lot 2 Plain St,Medfield,MA,02052,395000,,,Medfield,,83082,,17,,,Active,,,http://www.redfin.com/MA/Medfield/2-Plain-St-02052/home/167131076,MLS PIN,72645390,N,Y,42.1616208,-71.2796132
MLS Listing,,Condo/Co-op,59 Walpole St #221,Canton,MA,02021,469900,2,2.0,Canton Junction,1270,,2009,17,370,491,Active,,,http://www.redfin.com/MA/Canton/59-Walpole-St-02021/unit-221/home/110039433,MLS PIN,72645373,N,Y,42.1576325,-71.1581703
MLS Listing,,Condo/Co-op,120 Glen Ellen Blvd #63,Millis,MA,02054,778995,2,2.0,Millis,2034,,2020,17,383,430,Active,,,http://www.redfin.com/MA/Millis/120-Glen-Ellen-Blvd-02054/unit-63/home/171374044,MLS PIN,72645325,N,Y,42.1853662,-71.396333
MLS Listing,,Single Family Residential,78 River Rd,Norfolk,MA,02056,398000,3,2.0,Norfolk,2184,10000,1966,17,182,,Active,,,http://www.redfin.com/MA/Norfolk/78-River-Rd-02056/home/11487490,MLS PIN,72645307,N,Y,42.1334019,-71.373216
MLS Listing,,Single Family Residential,728 Jerusalem Rd,Cohasset,MA,02025,1525000,4,3.5,Cohasset,4610,97574,2005,17,331,,Active,,,http://www.redfin.com/MA/Cohasset/728-Jerusalem-Rd-02025/home/8844178,MLS PIN,72645298,N,Y,42.258294,-70.839848
MLS Listing,,Single Family Residential,81 Seekonk St,Norfolk,MA,02056,499900,4,2.0,Norfolk,1906,51429,1981,18,262,,Active,May-6-2020 05:00 PM,May-6-2020 06:30 PM,http://www.redfin.com/MA/Norfolk/81-Seekonk-St-02056/home/11495014,MLS PIN,72645163,N,Y,42.1288844,-71.3103189
MLS Listing,,Townhouse,13 Cleary Cir #18,Norfolk,MA,02056,564900,2,2.5,Norfolk,2047,,2020,18,276,200,Active,,,http://www.redfin.com/MA/Norfolk/13-Cleary-CIR-02056/unit-18/home/171367587,MLS PIN,72645104,N,Y,42.1208961,-71.3230549
MLS Listing,,Single Family Residential,54 LAKE St,Norfolk,MA,02056,799000,3,3.0,Norfolk,3646,117291,1961,18,219,,Active,,,http://www.redfin.com/MA/Norfolk/54-Lake-St-02056/home/11489008,MLS PIN,72645097,N,Y,42.1216998,-71.3434919
MLS Listing,,Single Family Residential,642 Webster St,Needham,MA,02492,1379000,5,4.5,Needham Heights,3030,9500,2020,18,455,175,Active,,,http://www.redfin.com/MA/Needham/642-Webster-St-02492/home/8914407,MLS PIN,72645095,N,Y,42.2858852,-71.2296709
MLS Listing,,Single Family Residential,8 Willow Ln,Stoughton,MA,02072,369000,2,2.0,Stoughton,800,10400,2020,18,461,,Active,,,http://www.redfin.com/MA/Stoughton/8-Willow-Ln-02072/home/11742028,MLS PIN,72645092,N,Y,42.1599245,-71.0710638
MLS Listing,,Condo/Co-op,33 Pond Ave #601,Brookline,MA,02445,499000,1,1.0,Brookline Village,730,,1970,18,684,670,Active,,,http://www.redfin.com/MA/Brookline/33-Pond-Ave-02445/unit-601/home/11486600,MLS PIN,72645061,N,Y,42.3313518,-71.1140979
MLS Listing,,Single Family Residential,5 Truax Ln,Foxboro,MA,02035,875000,4,3.5,STONEHURST,4841,40000,2000,18,181,,Active,,,http://www.redfin.com/MA/Foxborough/5-Truax-Ln-02035/home/11706971,MLS PIN,72645019,N,Y,42.0322286,-71.2537093
MLS Listing,,Single Family Residential,280 Oak St,Westwood,MA,02090,625000,3,1.5,Westwood,1846,40090,1958,18,339,,Active,,,http://www.redfin.com/MA/Westwood/280-Oak-St-02090/home/8982585,MLS PIN,72644968,N,Y,42.1963671,-71.2305527
MLS Listing,,Single Family Residential,71 Edgewood Rd,Westwood,MA,02090,749000,3,2.0,Westwood,2148,15434,1952,18,349,,Active,,,http://www.redfin.com/MA/Westwood/71-Edgewood-Rd-02090/home/8981321,MLS PIN,72644901,N,Y,42.202414,-71.2363536
MLS Listing,,Single Family Residential,51 Red Fox Ln,Cohasset,MA,02025,899900,4,2.5,Cohasset,2396,100188,1994,18,376,,Active,,,http://www.redfin.com/MA/Cohasset/51-Red-Fox-Ln-02025/home/11706008,MLS PIN,72644891,N,Y,42.2337948,-70.81606
MLS Listing,,Townhouse,160 Cowell Rd #160,Wrentham,MA,02093,299990,2,1.5,Wrentham,1666,,1982,18,180,150,Active,,,http://www.redfin.com/MA/Wrentham/160-Cowell-Rd-02093/unit-160/home/113237999,MLS PIN,72644386,N,Y,42.0599272,-71.3134276
MLS Listing,,Single Family Residential,247 Edge Hill Rd,Sharon,MA,02067,679000,4,2.5,Sharon,1924,73826,1974,19,353,,Active,,,http://www.redfin.com/MA/Sharon/247-Edge-Hill-Rd-02067/home/8960924,MLS PIN,72644878,N,Y,42.1467047,-71.1790094
MLS Listing,,Single Family Residential,122 Green St,Medfield,MA,02052,639900,4,2.5,Pine Needle Park,2203,20004,1966,19,290,,Active,,,http://www.redfin.com/MA/Medfield/122-Green-St-02052/home/11717194,MLS PIN,72644846,N,Y,42.200626,-71.2987773
MLS Listing,,Single Family Residential,90 Weymouth St,Holbrook,MA,02343,579900,4,2.5,Holbrook,2576,43560,1930,19,225,,Active,,,http://www.redfin.com/MA/Holbrook/90-Weymouth-St-02343/home/8871048,MLS PIN,72644843,N,Y,42.1552421,-70.9964036
MLS Listing,,Single Family Residential,47 Columbia St,Stoughton,MA,02072,310800,2,1.0,Stoughton,1083,12000,1900,19,287,,Active,,,http://www.redfin.com/MA/Stoughton/47-Columbia-St-02072/home/11729987,MLS PIN,72644833,N,Y,42.1364721,-71.1145164
MLS Listing,,Single Family Residential,144 Plymouth Ave,Quincy,MA,02169,580000,3,1.5,Quincy,1548,6588,1950,19,375,,Active,,,http://www.redfin.com/MA/Quincy/144-Plymouth-Ave-02169/home/8973010,MLS PIN,72644831,N,Y,42.2526843,-71.0407927
MLS Listing,,Single Family Residential,11 Manor Way,Cohasset,MA,02025,1150000,4,3.0,Cohasset,3236,16000,2020,19,355,,Active,,,http://www.redfin.com/MA/Cohasset/11-Manor-Way-02025/home/76487354,MLS PIN,72644791,N,Y,42.2291036,-70.8039346
MLS Listing,,Single Family Residential,64 Grandfield St,Dedham,MA,02026,609000,4,1.5,Cow Island,2039,5823,1916,19,299,,Active,,,http://www.redfin.com/MA/Dedham/64-Grandfield-St-02026/home/8845072,MLS PIN,72644767,N,Y,42.2730226,-71.1789904
MLS Listing,,Single Family Residential,50 ROBERT TOPHAM Dr,Wrentham,MA,02093,899900,5,3.5,Wrentham,3300,42458,1984,19,273,,Active,,,http://www.redfin.com/MA/Wrentham/50-Robert-Topham-Dr-02093/home/11511298,MLS PIN,72644761,N,Y,42.0621278,-71.3387032
MLS Listing,,Townhouse,17 Brook St #17,Wellesley,MA,02482,785000,3,1.5,Wellesley,2158,22000,1966,19,364,250,Active,,,http://www.redfin.com/MA/Wellesley/17-Brook-St-02482/unit-17/home/171362687,MLS PIN,72644721,N,Y,42.29624,-71.2886771
MLS Listing,,Single Family Residential,93 Mill Brook Ave,Walpole,MA,02081,945000,4,2.5,Walpole Heights,3758,41943,2003,19,251,,Active,,,http://www.redfin.com/MA/Walpole/93-Mill-Brook-Ave-02081/home/11724315,MLS PIN,72644642,N,Y,42.1685562,-71.2651632
MLS Listing,,Single Family Residential,16 Summer Heights Dr,Franklin,MA,02038,825000,4,3.5,Summer Heights,4816,40002,2000,19,171,,Active,,,http://www.redfin.com/MA/Franklin/16-Summer-Heights-Dr-02038/home/11450061,MLS PIN,72644567,N,Y,42.0632149,-71.3870994
MLS Listing,,Multi-Family (2-4 Unit),4-10 Davis Ct,Brookline,MA,02445,4000000,0,,Brookline Village,6500,7209,1890,19,615,,Active,,,http://www.redfin.com/MA/Brookline/4-Davis-Ct-02445/home/171242744,MLS PIN,72644556,N,Y,42.3323656,-71.1189998
MLS Listing,,Single Family Residential,31 Peach St,Braintree,MA,02184,769900,4,2.5,Braintree,2265,18173,2020,20,340,,Active,,,http://www.redfin.com/MA/Braintree/31-Peach-St-02184/home/11699157,MLS PIN,72644394,N,Y,42.1854637,-71.0071763
MLS Listing,,Single Family Residential,12 Greenmount St,Randolph,MA,02368,349900,3,1.0,Randolph,944,6038,1950,20,371,,Active,,,http://www.redfin.com/MA/Randolph/12-Greenmount-St-02368/home/11739646,MLS PIN,72644372,N,Y,42.1443631,-71.0402173
MLS Listing,,Townhouse,4 Prentiss Pl #4,Medfield,MA,02052,600000,2,3.0,Medfield,2016,,1988,20,298,400,Active,,,http://www.redfin.com/MA/Medfield/4-Prentiss-Pl-02052/unit-4/home/171353427,MLS PIN,72644353,N,Y,42.1927314,-71.3087801
MLS Listing,,Multi-Family (2-4 Unit),215 Front St,Weymouth,MA,02188,679900,6,4.0,Weymouth,2272,6600,1828,20,299,,Active,,,http://www.redfin.com/MA/Weymouth/215-Front-St-02188/home/11520414,MLS PIN,72644350,N,Y,42.2124891,-70.9638052
MLS Listing,,Single Family Residential,2 Needham St,Norfolk,MA,02056,585000,3,3.0,Norfolk,2354,10890,2017,20,249,,Active,,,http://www.redfin.com/MA/Norfolk/2-Needham-St-02056/home/11494855,MLS PIN,72644340,N,Y,42.120225,-71.3109685
MLS Listing,,Single Family Residential,8 Stacy St,Randolph,MA,02368,429900,4,2.0,Randolph,1572,5000,1920,20,273,,Active,,,http://www.redfin.com/MA/Randolph/8-Stacy-St-02368/home/11720353,MLS PIN,72644291,N,Y,42.1950962,-71.0615463
MLS Listing,,Townhouse,48 Kim Ter Unit U48,Stoughton,MA,02072,550000,4,3.5,Stoughton,3998,,1987,20,138,668,Active,,,http://www.redfin.com/MA/Stoughton/48-Kim-Ter-02072/unit-U48/home/171351353,MLS PIN,72644290,N,Y,42.1331946,-71.1351535
MLS Listing,,Townhouse,5 Lenox St #5,Norwood,MA,02062,579900,4,2.5,Norwood,2039,,2005,20,284,805,Active,,,http://www.redfin.com/MA/Norwood/5-Lenox-St-02062/unit-5/home/171347260,MLS PIN,72644217,N,Y,42.1953444,-71.1964361
MLS Listing,,Single Family Residential,260 Rosemary St #1,Needham,MA,02494,1299000,4,3.5,Needham,3120,10019,2020,20,416,,Active,,,http://www.redfin.com/MA/Needham-Heights/260-Rosemary-St-02494/unit-1/home/171344390,MLS PIN,72644177,N,Y,42.2874233,-71.2409934
MLS Listing,,Condo/Co-op,1600 Beacon St #610,Brookline,MA,02446,725000,1,1.0,Brookline,813,,1960,20,892,420,Active,,,http://www.redfin.com/MA/Brookline/1600-Beacon-St-02446/unit-610/home/12458578,MLS PIN,72644174,N,Y,42.3402393,-71.1340858
MLS Listing,,Condo/Co-op,132 Amory #2,Brookline,MA,02446,1325000,3,2.0,Coolidge Corner,1961,,1930,20,676,723,Active,,,http://www.redfin.com/MA/Brookline/132-Amory-St-02446/unit-2/home/11442225,MLS PIN,72644137,N,Y,42.3489243,-71.114492
MLS Listing,,Single Family Residential,20 Cleveland Rd,Needham,MA,02492,2599000,6,7.0,Needham,6110,12197,2020,20,425,,Active,,,http://www.redfin.com/MA/Needham/20-Cleveland-Rd-02492/home/8909383,MLS PIN,72644067,N,Y,42.2785168,-71.2292068
MLS Listing,,Single Family Residential,19 Wisteria Dr,Plainville,MA,02762,539900,4,2.5,Plainville,2298,20125,1999,20,235,,Active,,,http://www.redfin.com/MA/Plainville/19-Wisteria-Dr-02762/home/8913277,MLS PIN,72644006,N,Y,42.0154995,-71.3355121
MLS Listing,,Single Family Residential,27 Dover Cir,Franklin,MA,02038,719900,4,2.5,Franklin Chase,3869,30849,1989,20,186,,Active,,,http://www.redfin.com/MA/Franklin/27-Dover-Cir-02038/home/11479780,MLS PIN,72638200,N,Y,42.1189308,-71.4102464
MLS Listing,,Single Family Residential,56 Bartlett St,Quincy,MA,02169,679900,5,2.5,Quincy,2615,5400,1961,21,260,,Active,,,http://www.redfin.com/MA/Quincy/56-Bartlett-St-02169/home/8961703,MLS PIN,72643942,N,Y,42.2381611,-71.0172058
MLS Listing,,Single Family Residential,81 E Cross St,Norwood,MA,02062,575000,4,2.0,Norwood,1725,5228,1910,21,333,,Active,,,http://www.redfin.com/MA/Norwood/81-E-Cross-St-02062/home/11495803,MLS PIN,72643870,N,Y,42.1869704,-71.1895726
MLS Listing,,Single Family Residential,2 Treasure Island Rd,Plainville,MA,02762,308000,2,2.0,Plainville,1001,5000,1948,21,308,,Active,,,http://www.redfin.com/MA/Plainville/2-Treasure-Island-Rd-02762/home/8909701,MLS PIN,72643818,N,Y,42.0284447,-71.293337
MLS Listing,,Townhouse,123 Tall Oaks Dr Unit A,Weymouth,MA,02190,299900,2,1.0,Weymouth,1000,,1984,21,300,337,Active,,,http://www.redfin.com/MA/Weymouth/123-Tall-Oaks-Dr-02190/unit-A/home/11524310,MLS PIN,72643633,N,Y,42.18692,-70.940278
MLS Listing,,Single Family Residential,11 Ashcroft Rd,Sharon,MA,02067,698800,3,3.0,Sharon,2448,13690,1907,21,285,,Active,,,http://www.redfin.com/MA/Sharon/11-Ashcroft-Rd-02067/home/8957486,MLS PIN,72643624,N,Y,42.1289467,-71.1740241
MLS Listing,,Single Family Residential,62 Oak Hill Ave,Wrentham,MA,02093,649900,4,2.5,The Preserve At Oakhill,2928,36669,2014,22,222,125,Active,,,http://www.redfin.com/MA/Wrentham/62-Oak-Hill-Ave-02093/home/52974346,MLS PIN,72643613,N,Y,42.0336542,-71.4493006
MLS Listing,,Multi-Family (2-4 Unit),67 Eliot St,Brookline,MA,02467,1849000,7,3.0,Brookline,3297,5924,1925,22,561,,Active,,,http://www.redfin.com/MA/Chestnut-Hill/67-Eliot-St-02467/home/11484435,MLS PIN,72643602,N,Y,42.3279755,-71.1460375
MLS Listing,,Single Family Residential,763 Gay St,Westwood,MA,02090,1399900,4,3.5,Westwood,3480,17594,2020,22,402,,Active,,,http://www.redfin.com/MA/Westwood/763-Gay-St-02090/home/8968203,MLS PIN,72643442,N,Y,42.2253665,-71.1913363
MLS Listing,,Single Family Residential,201 Village Ave,Dedham,MA,02026,3295000,4,5.5,Precinct 1,4781,81742,1895,22,689,,Active,,,http://www.redfin.com/MA/Dedham/201-Village-Ave-02026/home/8853801,MLS PIN,72643409,N,Y,42.2501638,-71.185906
MLS Listing,,Single Family Residential,3 Winterberry Ln,Medway,MA,02053,954900,4,4.5,Oak Hill Estates,5189,71221,2004,22,184,,Active,,,http://www.redfin.com/MA/Medway/3-Winterberry-Ln-02053/home/11484375,MLS PIN,72643386,N,Y,42.1590424,-71.4622405
MLS Listing,,Single Family Residential,31 Edmunds Rd,Wellesley,MA,02481,1195000,3,2.5,Cliff Estates,2265,16036,1928,22,528,,Active,,,http://www.redfin.com/MA/Wellesley/31-Edmunds-Rd-02481/home/8976411,MLS PIN,72643321,N,Y,42.311842,-71.2831752
MLS Listing,,Single Family Residential,122 Mayflower Rd,Quincy,MA,02171,1445000,5,3.5,Squantum,3700,6400,2008,23,391,,Active,,,http://www.redfin.com/MA/Quincy/122-Mayflower-Rd-02171/home/11829521,MLS PIN,72643247,N,Y,42.2958416,-71.0126786
MLS Listing,,Single Family Residential,49 Blake Rd,Brookline,MA,02445,1795000,3,3.5,Brookline,2519,6464,1930,23,713,,Active,,,http://www.redfin.com/MA/Brookline/49-Blake-Rd-02445/home/11471700,MLS PIN,72643236,N,Y,42.3334413,-71.1307636
MLS Listing,,Single Family Residential,7 Shennen St,Quincy,MA,02169,489000,4,2.0,Houghs Neck,1252,2180,1900,24,391,,Active,,,http://www.redfin.com/MA/Quincy/7-Shennen-St-02169/home/8911871,MLS PIN,72643164,N,Y,42.2694223,-70.9549006
MLS Listing,,Townhouse,220 Middle St #10,Weymouth,MA,02189,275000,1,1.0,Weymouth,688,,2019,24,400,200,Active,,,http://www.redfin.com/MA/Weymouth/220-Middle-St-02189/unit-10/home/55107544,MLS PIN,72643078,N,Y,42.2160406,-70.9375798
MLS Listing,,Single Family Residential,29 Pearl St,Millis,MA,02054,729900,4,2.5,Millis,2400,49838,2020,24,304,70,Active,,,http://www.redfin.com/MA/Millis/29-Pearl-St-02054/home/109860824,MLS PIN,72643063,N,Y,42.154307,-71.373004
MLS Listing,,Single Family Residential,1501 liberty St,Braintree,MA,02184,689000,4,2.5,Braintree,2022,20429,1910,25,341,,Active,,,http://www.redfin.com/MA/Braintree/1501-Liberty-St-02184/home/8826776,MLS PIN,72642850,N,Y,42.1765776,-70.9987717
